soc2018,title,eloundou_title,onet_title,dv_rating_alpha,dv_rating_beta,dv_rating_gamma,human_rating_alpha,human_rating_beta,human_rating_gamma,aioe,aioe_source_rows,aioe_source_codes,aioe_crosswalk_changed,fo_prob,fo_source_rows,fo_source_codes,fo_crosswalk_changed,onet_title_rollup_method,job_zone,job_zone_rollup_method,job_zone_had_conflict,job_zone_source_value_count,ability_arm_hand_steadiness__1_a_2_a_1,ability_auditory_attention__1_a_4_b_2,ability_category_flexibility__1_a_1_b_7,ability_control_precision__1_a_2_b_1,ability_deductive_reasoning__1_a_1_b_4,ability_depth_perception__1_a_4_a_6,ability_dynamic_flexibility__1_a_3_c_2,ability_dynamic_strength__1_a_3_a_3,ability_explosive_strength__1_a_3_a_2,ability_extent_flexibility__1_a_3_c_1,ability_far_vision__1_a_4_a_2,ability_finger_dexterity__1_a_2_a_3,ability_flexibility_of_closure__1_a_1_e_2,ability_fluency_of_ideas__1_a_1_b_1,ability_glare_sensitivity__1_a_4_a_7,ability_gross_body_coordination__1_a_3_c_3,ability_gross_body_equilibrium__1_a_3_c_4,ability_hearing_sensitivity__1_a_4_b_1,ability_inductive_reasoning__1_a_1_b_5,ability_information_ordering__1_a_1_b_6,ability_manual_dexterity__1_a_2_a_2,ability_mathematical_reasoning__1_a_1_c_1,ability_memorization__1_a_1_d_1,ability_multilimb_coordination__1_a_2_b_2,ability_near_vision__1_a_4_a_1,ability_night_vision__1_a_4_a_4,ability_number_facility__1_a_1_c_2,ability_oral_comprehension__1_a_1_a_1,ability_oral_expression__1_a_1_a_3,ability_originality__1_a_1_b_2,ability_perceptual_speed__1_a_1_e_3,ability_peripheral_vision__1_a_4_a_5,ability_problem_sensitivity__1_a_1_b_3,ability_rate_control__1_a_2_b_4,ability_reaction_time__1_a_2_c_1,ability_response_orientation__1_a_2_b_3,ability_selective_attention__1_a_1_g_1,ability_sound_localization__1_a_4_b_3,ability_spatial_orientation__1_a_1_f_1,ability_speech_clarity__1_a_4_b_5,ability_speech_recognition__1_a_4_b_4,ability_speed_of_closure__1_a_1_e_1,ability_speed_of_limb_movement__1_a_2_c_3,ability_stamina__1_a_3_b_1,ability_static_strength__1_a_3_a_1,ability_time_sharing__1_a_1_g_2,ability_trunk_strength__1_a_3_a_4,ability_visual_color_discrimination__1_a_4_a_3,ability_visualization__1_a_1_f_2,ability_wrist_finger_speed__1_a_2_c_2,ability_written_comprehension__1_a_1_a_2,ability_written_expression__1_a_1_a_4,skill_active_learning__2_a_2_b,skill_active_listening__2_a_1_b,skill_complex_problem_solving__2_b_2_i,skill_coordination__2_b_1_b,skill_critical_thinking__2_a_2_a,skill_equipment_maintenance__2_b_3_j,skill_equipment_selection__2_b_3_c,skill_installation__2_b_3_d,skill_instructing__2_b_1_e,skill_judgment_and_decision_making__2_b_4_e,skill_learning_strategies__2_a_2_c,skill_management_of_financial_resources__2_b_5_b,skill_management_of_material_resources__2_b_5_c,skill_management_of_personnel_resources__2_b_5_d,skill_mathematics__2_a_1_e,skill_monitoring__2_a_2_d,skill_negotiation__2_b_1_d,skill_operation_and_control__2_b_3_h,skill_operations_analysis__2_b_3_a,skill_operations_monitoring__2_b_3_g,skill_persuasion__2_b_1_c,skill_programming__2_b_3_e,skill_quality_control_analysis__2_b_3_m,skill_reading_comprehension__2_a_1_a,skill_repairing__2_b_3_l,skill_science__2_a_1_f,skill_service_orientation__2_b_1_f,skill_social_perceptiveness__2_b_1_a,skill_speaking__2_a_1_d,skill_systems_analysis__2_b_4_g,skill_systems_evaluation__2_b_4_h,skill_technology_design__2_b_3_b,skill_time_management__2_b_5_a,skill_troubleshooting__2_b_3_k,skill_writing__2_a_1_c,work_activity_analyzing_data_or_information__4_a_2_a_4,work_activity_assisting_and_caring_for_others__4_a_4_a_5,work_activity_coaching_and_developing_others__4_a_4_b_5,work_activity_communicating_with_people_outside_the_organization__4_a_4_a_3,work_activity_communicating_with_supervisors_peers_or_subordinates__4_a_4_a_2,work_activity_controlling_machines_and_processes__4_a_3_a_3,work_activity_coordinating_the_work_and_activities_of_others__4_a_4_b_1,work_activity_developing_and_building_teams__4_a_4_b_2,work_activity_developing_objectives_and_strategies__4_a_2_b_4,work_activity_documenting_recording_information__4_a_3_b_6,work_activity_drafting_laying_out_and_specifying_technical_devices_parts_and_equipment__4_a_3_b_2,work_activity_establishing_and_maintaining_interpersonal_relationships__4_a_4_a_4,work_activity_estimating_the_quantifiable_characteristics_of_products_events_or_information__4_a_1_b_3,work_activity_evaluating_information_to_determine_compliance_with_standards__4_a_2_a_3,work_activity_getting_information__4_a_1_a_1,work_activity_guiding_directing_and_motivating_subordinates__4_a_4_b_4,work_activity_handling_and_moving_objects__4_a_3_a_2,work_activity_identifying_objects_actions_and_events__4_a_1_b_1,work_activity_inspecting_equipment_structures_or_materials__4_a_1_b_2,work_activity_interpreting_the_meaning_of_information_for_others__4_a_4_a_1,work_activity_judging_the_qualities_of_objects_services_or_people__4_a_2_a_1,work_activity_making_decisions_and_solving_problems__4_a_2_b_1,work_activity_monitoring_and_controlling_resources__4_a_4_c_3,work_activity_monitoring_processes_materials_or_surroundings__4_a_1_a_2,work_activity_operating_vehicles_mechanized_devices_or_equipment__4_a_3_a_4,work_activity_organizing_planning_and_prioritizing_work__4_a_2_b_6,work_activity_performing_administrative_activities__4_a_4_c_1,work_activity_performing_for_or_working_directly_with_the_public__4_a_4_a_8,work_activity_performing_general_physical_activities__4_a_3_a_1,work_activity_processing_information__4_a_2_a_2,work_activity_providing_consultation_and_advice_to_others__4_a_4_b_6,work_activity_repairing_and_maintaining_electronic_equipment__4_a_3_b_5,work_activity_repairing_and_maintaining_mechanical_equipment__4_a_3_b_4,work_activity_resolving_conflicts_and_negotiating_with_others__4_a_4_a_7,work_activity_scheduling_work_and_activities__4_a_2_b_5,work_activity_selling_or_influencing_others__4_a_4_a_6,work_activity_staffing_organizational_units__4_a_4_c_2,work_activity_thinking_creatively__4_a_2_b_2,work_activity_training_and_teaching_others__4_a_4_b_3,work_activity_updating_and_using_relevant_knowledge__4_a_2_b_3,work_activity_working_with_computers__4_a_3_b_1,work_context_conflict_situations__4_c_1_d_1,work_context_consequence_of_error__4_c_3_a_1,work_context_contact_with_others__4_c_1_a_4,work_context_coordinate_or_lead_others_in_accomplishing_work_activities__4_c_1_b_1_g,work_context_deal_with_external_customers_or_the_public_in_general__4_c_1_b_1_f,work_context_dealing_with_unpleasant_angry_or_discourteous_people__4_c_1_d_2,work_context_dealing_with_violent_or_physically_aggressive_people__4_c_1_d_3,work_context_degree_of_automation__4_c_3_b_2,work_context_determine_tasks_priorities_and_goals__4_c_3_b_8,work_context_e_mail__4_c_1_a_2_h,work_context_exposed_to_contaminants__4_c_2_b_1_d,work_context_exposed_to_cramped_work_space_awkward_positions__4_c_2_b_1_e,work_context_exposed_to_disease_or_infections__4_c_2_c_1_b,work_context_exposed_to_extremely_bright_or_inadequate_lighting_conditions__4_c_2_b_1_c,work_context_exposed_to_hazardous_conditions__4_c_2_c_1_d,work_context_exposed_to_hazardous_equipment__4_c_2_c_1_e,work_context_exposed_to_high_places__4_c_2_c_1_c,work_context_exposed_to_minor_burns_cuts_bites_or_stings__4_c_2_c_1_f,work_context_exposed_to_radiation__4_c_2_c_1_a,work_context_exposed_to_sounds_noise_levels_that_are_distracting_or_uncomfortable__4_c_2_b_1_a,work_context_exposed_to_very_hot_or_cold_temperatures__4_c_2_b_1_b,work_context_exposed_to_whole_body_vibration__4_c_2_b_1_f,work_context_face_to_face_discussions_with_individuals_and_within_teams__4_c_1_a_2_l,work_context_freedom_to_make_decisions__4_c_3_a_4,work_context_frequency_of_decision_making__4_c_3_a_2_b,work_context_health_and_safety_of_other_workers__4_c_1_c_1,work_context_impact_of_decisions_on_co_workers_or_company_results__4_c_3_a_2_a,work_context_importance_of_being_exact_or_accurate__4_c_3_b_4,work_context_importance_of_repeating_same_tasks__4_c_3_b_7,work_context_in_an_enclosed_vehicle_or_operate_enclosed_equipment__4_c_2_a_1_f,work_context_in_an_open_vehicle_or_operating_equipment__4_c_2_a_1_e,work_context_indoors_environmentally_controlled__4_c_2_a_1_a,work_context_indoors_not_environmentally_controlled__4_c_2_a_1_b,work_context_level_of_competition__4_c_3_c_1,work_context_outdoors_exposed_to_all_weather_conditions__4_c_2_a_1_c,work_context_outdoors_under_cover__4_c_2_a_1_d,work_context_pace_determined_by_speed_of_equipment__4_c_3_d_3,work_context_physical_proximity__4_c_2_a_3,work_context_public_speaking__4_c_1_a_2_c,work_context_spend_time_bending_or_twisting_your_body__4_c_2_d_1_h,work_context_spend_time_climbing_ladders_scaffolds_or_poles__4_c_2_d_1_c,work_context_spend_time_keeping_or_regaining_balance__4_c_2_d_1_f,work_context_spend_time_kneeling_crouching_stooping_or_crawling__4_c_2_d_1_e,work_context_spend_time_making_repetitive_motions__4_c_2_d_1_i,work_context_spend_time_sitting__4_c_2_d_1_a,work_context_spend_time_standing__4_c_2_d_1_b,work_context_spend_time_using_your_hands_to_handle_control_or_feel_objects_tools_or_controls__4_c_2_d_1_g,work_context_spend_time_walking_or_running__4_c_2_d_1_d,work_context_telephone_conversations__4_c_1_a_2_f,work_context_time_pressure__4_c_3_d_1,work_context_wear_common_protective_or_safety_equipment_such_as_safety_shoes_glasses_gloves_hearing_protection_hard_hats_or_life_jackets__4_c_2_e_1_d,work_context_wear_specialized_protective_or_safety_equipment_such_as_breathing_apparatus_safety_harness_full_protection_suits_or_radiation_protection__4_c_2_e_1_e,work_context_work_outcomes_and_results_of_other_workers__4_c_1_c_2,work_context_work_with_or_contribute_to_a_work_group_or_team__4_c_1_b_1_e,work_context_written_letters_and_memos__4_c_1_a_2_j,in_eloundou,in_aioe,in_frey,in_job_zones,in_abilities,in_skills,in_work_activities,in_work_context
11-1011,Chief Executives,Chief Executives,Chief Executives,0.1333333333333333,0.5077777777777778,0.8822222222222222,0.1177777777777777,0.3694444444444443,0.6211111111111112,1.334246,1,11-1011,False,0.015,1,11-1011,False,base_00,5,base_00,False,1,1.19,2.06,3.31,1.625,4.0,1.875,1.0,1.125,1.0,1.0,2.94,1.625,3.065,3.88,1.125,1.0,1.0,2.06,3.94,3.81,1.0,3.0,2.63,1.625,3.37,1.125,3.0,4.3100000000000005,4.25,3.815,2.625,1.125,3.94,1.19,1.19,1.19,3.06,1.19,1.19,4.125,4.0,2.69,1.0,1.0,1.0,2.75,1.38,2.06,2.875,1.25,4.125,4.12,3.75,4.0,4.1899999999999995,4.0,4.25,1.0,1.12,1.0,3.315,4.3149999999999995,3.25,3.565,3.125,3.685,3.065,3.875,3.62,1.94,3.0,2.0,3.94,1.815,1.88,4.0600000000000005,1.0,1.87,3.185,4.0,4.125,4.0,4.0649999999999995,1.815,3.69,1.25,4.12,4.3,3.0250000000000004,4.32,4.515000000000001,4.779999999999999,1.8,4.085,4.41,4.535,3.52,1.81,4.734999999999999,3.4,4.08,4.67,4.26,1.65,4.04,2.3099999999999996,4.295,4.015,4.74,3.995,3.865,2.185,4.45,3.66,3.73,1.885,4.21,3.94,1.465,1.31,3.955,3.73,3.96,3.5199999999999996,4.325,3.82,4.305,4.16,3.45,2.585,4.495,4.255,4.09,2.825,1.325,1.895,4.62,4.984999999999999,1.5,1.285,1.205,1.44,1.35,1.38,1.31,1.355,1.075,2.115,1.61,1.155,4.785,4.66,4.13,3.395,4.355,3.995,2.59,3.03,1.26,4.78,2.17,3.635,2.175,1.92,1.27,2.7249999999999996,3.0,1.4,1.22,1.325,1.215,2.275,4.035,2.22,1.95,1.805,4.83,3.82,1.83,1.29,4.275,4.57,3.79,True,True,True,True,True,True,True,True
11-1021,General and Operations Managers,General and Operations Managers,General and Operations Managers,0.0,0.4807692307692308,0.9615384615384616,0.1153846153846153,0.3846153846153846,0.6538461538461539,0.5748773,1,11-1021,False,0.16,1,11-1021,False,base_00,4,base_00,False,1,1.62,2.12,3.38,1.12,3.88,1.88,1.0,1.12,1.38,1.25,2.62,1.5,2.62,3.25,1.0,1.5,1.38,1.75,3.5,3.5,1.5,2.88,2.25,1.5,3.5,1.12,2.88,4.0,4.0,3.12,2.38,1.25,3.88,1.0,1.62,1.0,2.88,1.25,1.5,3.88,3.62,2.38,1.0,1.62,1.5,2.75,2.12,1.88,2.75,1.75,4.0,4.0,3.62,4.0,3.62,3.88,3.88,1.0,1.0,1.0,3.0,3.62,3.0,3.0,3.12,3.75,2.62,4.0,3.5,1.88,2.5,2.25,3.62,1.5,2.38,4.0,1.0,1.5,3.25,3.75,4.0,3.12,3.12,1.5,3.62,1.75,3.5,4.04,3.02,3.91,3.57,4.34,2.07,3.99,3.81,3.84,3.94,2.12,4.28,3.23,3.59,4.42,4.2,2.0,4.22,2.62,3.72,4.1,4.33,3.86,3.91,1.9,4.2,3.4,2.54,2.11,4.08,3.66,1.89,1.83,3.88,3.81,3.58,3.7,3.7,3.41,3.8,4.46,3.35,2.52,4.63,4.48,4.49,3.24,1.62,2.31,4.7,4.86,1.64,1.19,1.21,1.63,1.34,1.36,1.31,1.56,1.0,1.8,2.33,1.05,4.86,4.81,4.92,4.54,4.53,4.24,3.11,3.48,1.93,4.39,2.12,3.37,2.93,1.79,1.19,3.2,2.46,1.96,1.32,1.17,1.78,2.42,3.09,2.9,2.42,2.53,4.76,4.08,3.06,1.18,4.33,4.62,4.01,True,True,True,True,True,True,True,True
11-1031,Legislators,Legislators,Legislators,0.0333333333333333,0.4,0.7666666666666666,0.2666666666666666,0.5166666666666666,0.7666666666666666,,,,,,,,,base_00,4,base_00,False,1,,,,,,,,,,,,,,,,,,,,,,,,,,,,,,,,,,,,,,,,,,,,,,,,,,,,,,,,,,,,,,,,,,,,,,,,,,,,,,,,,,,,,,,,,,,,,,,,,,,,,,,,,,,,,,,,,,,,,,,,,,,,,,,,,,,,,,,,,,,,,,,,,,,,,,,,,,,,,,,,,,,,,,,,,,,,,,,,,,,,,,,,True,False,False,True,False,False,False,False
11-2011,Advertising and Promotions Managers,Advertising and Promotions Managers,Advertising and Promotions Managers,0.0,0.4767441860465116,0.9534883720930232,0.2558139534883721,0.5465116279069767,0.8372093023255813,1.294387,1,11-2011,False,0.039,1,11-2011,False,base_00,4,base_00,False,1,1.38,1.75,3.38,1.12,3.88,1.75,1.0,1.0,1.0,1.0,2.88,1.62,3.12,3.75,1.0,1.0,1.0,1.75,3.5,3.25,1.38,3.0,2.5,1.0,3.75,1.0,2.88,4.0,4.25,3.75,2.88,1.0,3.62,1.0,1.0,1.0,2.88,1.0,1.0,4.0,3.88,2.62,1.0,1.0,1.0,2.75,1.62,2.88,3.25,1.75,4.0,3.88,3.25,4.12,3.5,3.5,4.0,1.0,1.12,1.0,2.88,3.75,3.0,2.75,2.62,3.12,3.0,3.25,3.12,1.0,2.75,1.62,3.38,1.75,1.62,3.75,1.0,1.62,3.12,4.0,4.0,3.12,3.12,1.75,3.5,1.0,3.75,3.26,2.37,2.62,4.37,4.25,1.85,3.07,2.96,3.42,3.31,1.28,4.01,2.79,2.35,4.32,2.98,2.08,3.6,1.77,3.01,3.37,3.82,2.52,2.78,1.82,4.17,3.11,3.18,1.9,3.51,2.31,1.34,1.21,2.82,3.34,3.64,2.29,4.05,2.74,3.78,4.61,3.15,2.19,4.68,4.11,4.19,2.92,1.14,2.01,4.23,5.0,1.42,1.38,1.03,1.48,1.06,1.2,1.16,1.27,1.0,2.36,1.47,1.03,4.87,4.04,4.31,2.52,4.03,4.3,2.7,2.28,1.13,4.62,1.68,3.34,2.46,2.0,1.0,2.82,2.55,1.31,1.09,1.27,1.37,2.5,4.33,2.11,2.07,1.97,4.8,4.4,1.24,1.0,3.8,4.47,3.78,True,True,True,True,True,True,True,True
11-2021,Marketing Managers,Marketing Managers,Marketing Managers,0.0625,0.5,0.9375,0.21875,0.578125,0.9375,1.315032,1,11-2021,False,0.014,1,11-2021,False,base_00,4,base_00,False,1,1.12,1.88,3.25,1.0,3.88,1.75,1.0,1.25,1.0,1.0,2.88,1.75,3.0,3.75,1.0,1.0,1.0,1.88,3.75,3.25,1.0,3.12,2.62,1.0,3.5,1.0,3.12,4.0,4.0,3.62,2.75,1.0,3.62,1.0,1.0,1.0,2.88,1.0,1.0,3.75,3.62,2.75,1.0,1.0,1.0,2.75,1.75,2.88,3.0,1.62,4.0,3.88,3.88,3.88,3.62,3.5,3.88,1.0,1.0,1.0,3.0,3.75,3.12,2.88,2.62,3.38,2.75,3.75,3.62,1.0,3.38,1.75,3.75,1.88,1.88,3.88,1.0,1.75,3.12,3.88,3.88,3.25,3.5,1.75,3.5,1.0,3.25,3.75,2.44,3.36,4.2,4.75,1.2,3.97,4.08,4.07,3.0,1.29,4.68,3.59,2.61,4.33,3.84,1.37,4.24,1.45,3.39,3.37,4.34,3.18,3.27,1.78,4.35,2.59,2.81,1.71,3.36,3.18,1.15,1.14,3.68,3.4,4.27,2.25,4.28,3.14,3.83,4.4,3.18,2.76,4.61,4.32,4.25,2.74,1.16,2.1,4.63,5.0,1.54,1.2,1.07,1.34,1.06,1.46,1.08,1.09,1.33,2.4,1.5,1.02,4.76,4.42,4.1,2.21,4.15,3.81,2.78,2.26,1.08,4.53,1.86,3.95,1.38,1.25,1.02,2.89,3.35,1.22,1.02,1.19,1.26,2.73,4.36,2.09,2.31,1.95,4.92,4.21,1.3,1.04,4.04,4.67,3.52,True,True,True,True,True,True,True,True
11-2022,Sales Managers,Sales Managers,Sales Managers,0.0,0.45,0.9,0.1,0.4833333333333333,0.8666666666666667,1.26628,1,11-2022,False,0.013,1,11-2022,False,base_00,4,base_00,False,1,1.12,1.88,3.25,1.38,3.88,1.5,1.0,1.0,1.0,1.0,2.75,1.5,2.88,3.75,1.0,1.0,1.0,1.62,3.88,3.12,1.38,2.88,2.88,1.25,3.12,1.0,2.88,4.0,4.0,3.75,2.62,1.0,3.88,1.0,1.0,1.0,2.75,1.0,1.5,3.75,3.75,2.88,1.0,1.0,1.0,2.62,1.88,2.0,2.25,1.62,4.0,4.0,3.75,4.0,3.75,3.75,3.88,1.0,1.0,1.0,3.75,3.88,3.12,3.0,2.75,3.88,3.0,3.88,4.0,1.75,2.62,1.75,3.88,1.62,1.75,3.88,1.0,1.62,3.62,3.88,4.0,3.62,3.62,1.5,3.75,1.0,3.62,3.95,2.95,4.5,4.55,4.7,1.48,4.2,4.6,4.25,3.62,1.33,4.71,3.14,3.43,4.29,4.57,1.2,3.81,1.62,3.6,4.15,4.63,3.1,3.1,1.76,4.1,3.15,3.48,1.35,3.85,4.29,1.14,1.05,4.14,3.48,4.86,3.86,3.86,4.33,3.95,4.29,3.52,2.0,4.86,4.1,4.71,3.35,1.24,2.26,4.38,5.0,1.42,1.14,1.15,1.48,1.15,1.35,1.05,1.05,1.0,2.05,1.53,1.05,4.65,4.24,4.1,2.43,4.15,3.38,2.16,3.67,1.05,4.45,1.71,4.35,1.85,1.62,1.1,3.3,2.71,1.25,1.0,1.05,1.1,1.52,4.1,2.4,1.65,1.85,5.0,3.9,1.45,1.1,3.9,4.65,3.95,True,True,True,True,True,True,True,True
11-2032,Public Relations Managers,Public Relations Managers,Public Relations Managers,0.15,0.55,0.95,0.25,0.5750000000000001,0.9,1.293689,1,11-2031,True,0.015,1,11-2031,True,base_00,4,base_00,False,1,,,,,,,,,,,,,,,,,,,,,,,,,,,,,,,,,,,,,,,,,,,,,,,,,,,,,,,,,,,,,,,,,,,,,,,,,,,,,,,,,,,,,,,,,,,,,,,,,,,,,,,,,,,,,,,,,,,,,,,,,,,,,,,,,,,,,,,,,,,,,,,,,,,,,,,,,,,,,,,,,,,,,,,,,,,,,,,,,,,,,,,,True,True,True,True,False,False,False,False
11-2033,Fundraising Managers,Fundraising Managers,Fundraising Managers,0.125,0.5625,1.0,0.25,0.5,0.75,1.293689,1,11-2031,True,0.015,1,11-2031,True,base_00,4,base_00,False,1,1.0,2.25,3.0,1.12,3.88,1.0,1.0,1.75,1.0,1.0,2.75,1.12,2.5,3.62,1.0,1.0,1.0,1.88,3.38,3.5,1.12,2.88,2.62,1.0,3.38,1.0,3.0,4.12,4.12,3.5,2.12,1.0,3.38,1.0,1.0,1.0,3.0,1.25,1.25,3.88,3.75,2.5,1.0,1.0,1.0,2.88,2.38,2.12,2.12,2.12,3.88,3.88,3.38,4.0,3.62,3.75,4.12,1.0,1.0,1.0,2.62,3.75,2.62,3.25,2.62,3.12,3.0,3.12,3.38,1.12,2.0,1.75,4.0,1.88,1.25,3.88,1.0,1.25,3.38,4.0,4.12,3.12,3.0,1.75,3.5,1.0,3.88,3.4,2.39,2.92,3.94,4.36,1.49,3.11,3.38,3.89,3.76,1.04,4.38,2.25,3.7,4.34,2.67,1.72,3.11,1.87,3.15,3.0,3.57,2.61,3.24,1.77,4.07,3.51,3.4,2.24,4.05,2.74,1.26,1.03,3.14,3.09,3.39,2.25,3.49,3.14,4.17,4.14,2.71,2.79,4.96,4.3,4.5,2.64,1.34,1.69,4.58,5.0,1.13,1.29,1.0,1.25,1.0,1.0,1.04,1.0,1.0,1.44,1.01,1.0,4.84,4.38,4.16,2.67,4.11,4.37,3.0,1.63,1.11,4.84,1.43,4.02,1.53,1.54,1.0,2.63,3.14,1.09,1.0,1.04,1.21,2.67,4.88,1.9,2.08,1.47,4.49,3.97,1.0,1.04,3.63,4.79,3.84,True,True,True,True,True,True,True,True
11-3012,Administrative Services Managers,Administrative Services Managers,Administrative Services Managers,0.0869565217391304,0.3913043478260869,0.6956521739130435,0.2608695652173913,0.5,0.7391304347826086,0.7398278,1,11-3011,True,0.73,1,11-3011,True,base_00,3,base_00,False,1,2.12,2.25,3.12,2.0,3.62,2.0,1.0,1.5,1.5,1.5,2.75,2.5,2.88,3.12,1.5,1.5,1.5,2.12,3.5,3.12,2.0,2.62,2.62,1.62,3.62,1.5,2.75,4.0,4.0,3.0,2.75,1.5,3.5,1.62,1.5,1.5,3.12,1.5,1.5,3.62,3.62,2.12,1.0,1.38,1.62,3.12,1.75,2.0,2.88,1.25,4.0,3.88,3.12,4.0,3.25,3.75,3.75,1.0,1.12,1.0,3.0,3.25,3.0,2.88,2.88,3.38,2.25,3.38,3.62,1.62,2.75,2.25,3.0,1.38,2.25,4.0,1.0,1.0,3.25,3.25,3.88,3.12,2.75,1.5,4.0,1.88,3.75,3.5,3.23,3.64,3.84,4.44,2.92,3.94,3.71,2.96,3.95,2.04,4.16,3.08,3.71,4.62,3.9,3.11,3.89,3.15,3.27,3.44,4.22,3.77,3.81,2.56,4.39,4.03,3.06,3.17,3.77,3.22,2.38,2.49,3.6,4.19,2.49,3.26,3.46,3.34,3.87,4.15,3.2,2.77,4.5,3.9,4.12,3.08,1.75,2.14,4.03,4.96,2.12,1.52,1.93,1.59,1.43,1.49,1.43,1.74,1.0,2.73,1.82,1.03,4.9,4.12,3.9,4.03,3.85,4.15,3.36,2.14,1.51,4.26,1.9,2.48,1.79,1.69,1.48,2.8,2.28,1.71,1.33,1.31,1.67,2.76,3.66,2.49,2.24,2.48,4.78,3.7,1.82,1.14,4.04,4.57,3.55,True,True,True,True,True,True,True,True
11-3013,Facilities Managers,Facilities Managers,Facilities Managers,0.0357142857142857,0.4001623376623376,0.7646103896103895,0.1704545454545454,0.4042207792207792,0.637987012987013,0.7398278,1,11-3011,True,0.73,1,11-3011,True,base_00,3,base_00,True,2,2.37,2.565,3.37,2.13,3.87,2.25,1.125,1.94,1.88,2.185,3.31,2.13,3.25,3.38,1.815,1.94,1.94,2.435,3.87,3.75,2.31,2.685,2.625,2.12,3.625,2.0,2.75,3.935,4.0,3.125,3.0,2.12,4.125,1.815,2.06,2.06,3.315,2.0,2.44,3.69,3.75,2.94,1.56,2.185,2.125,2.81,2.5,2.565,2.75,2.12,3.935,3.81,3.37,3.935,3.69,3.75,4.0,2.065,2.125,1.06,3.315,3.81,3.19,3.06,3.0,3.625,2.625,3.875,3.19,2.125,2.065,2.565,3.25,1.62,2.69,3.935,2.0,1.44,3.19,3.81,3.94,3.125,3.19,1.62,3.44,2.31,3.5,3.985,3.34,3.975,3.995,4.445,2.905,4.035,4.15,3.87,3.995,3.22,4.07,3.5,4.195,4.4350000000000005,3.975,2.915,4.285,3.825,3.72,3.92,4.57,3.79,4.0200000000000005,2.855,4.165,3.495,3.155,3.3049999999999997,3.755,3.55,2.775,2.79,4.11,3.91,3.155,3.575,4.01,3.905,4.125,3.995,3.425,2.995,4.609999999999999,4.074999999999999,3.865,3.34,2.2750000000000004,2.115,4.285,4.98,2.58,1.94,1.615,2.175,2.175,2.335,1.945,1.91,1.13,3.01,2.48,1.245,4.71,4.265000000000001,4.09,4.32,4.055,4.07,3.54,2.78,1.875,4.585,2.8,3.1,2.83,2.3,1.56,3.46,2.59,1.9,1.6800000000000002,1.665,1.835,2.51,3.42,2.7,2.4,2.495,4.805,3.85,2.9749999999999996,1.635,4.105,4.4,3.55,True,True,True,True,True,True,True,True
11-3021,Computer and Information Systems Managers,Computer and Information Systems Managers,Computer and Information Systems Managers,0.1212121212121212,0.5303030303030303,0.9393939393939394,0.303030303030303,0.5606060606060607,0.8181818181818182,1.059853,1,11-3021,False,0.035,1,11-3021,False,base_00,4,base_00,False,1,2.25,2.0,3.25,2.0,4.0,1.75,1.0,1.5,1.0,1.0,2.75,2.12,3.0,3.38,1.12,1.0,1.0,1.75,4.0,3.75,2.12,3.0,2.62,1.38,3.75,1.0,3.12,4.0,4.0,3.25,2.75,1.0,4.0,1.25,1.25,1.25,2.88,1.0,1.12,3.62,3.38,2.75,1.0,1.0,1.0,2.62,1.75,2.38,3.0,2.0,4.0,3.75,3.38,4.0,3.75,3.75,4.12,1.38,1.88,1.0,3.12,3.88,3.25,3.0,2.75,3.62,3.12,3.88,3.0,2.0,3.12,2.88,3.12,2.75,2.75,4.0,1.5,1.75,2.88,3.62,3.88,3.62,3.62,2.5,3.38,2.5,3.75,4.25,2.38,3.76,3.13,4.36,1.98,3.9,4.12,3.99,3.36,1.98,3.9,3.64,3.72,4.43,3.98,1.65,4.31,2.96,3.56,3.86,4.51,3.58,3.79,1.63,4.31,3.15,1.81,2.01,3.94,3.45,1.99,1.48,3.5,3.72,3.11,3.58,3.58,3.2,3.89,4.9,3.3,3.72,4.58,4.55,3.02,2.95,1.09,2.56,4.75,5.0,1.49,1.57,1.05,1.33,1.36,1.15,1.27,1.32,1.02,2.31,1.22,1.0,4.63,4.42,3.93,2.94,4.34,4.04,3.88,1.27,1.09,3.8,1.66,3.65,1.17,1.13,1.28,2.63,2.08,1.26,1.15,1.11,1.32,3.61,4.58,1.57,2.94,1.64,4.48,3.37,1.51,1.06,4.54,4.75,3.01,True,True,True,True,True,True,True,True
11-3031,Financial Managers,Financial Managers,Financial Managers,0.0,0.4850552306692657,0.9701104613385316,0.1221201151025712,0.4541306971131532,0.7861412791237351,1.446232,1,11-3031,False,0.069,1,11-3031,False,base_00,4,base_00,True,2,1.25,1.9566666666666668,3.3333333333333335,1.0833333333333333,4.04,1.58,1.0,1.0833333333333333,1.0,1.0,2.5033333333333334,2.04,3.2099999999999995,3.3366666666666664,1.0,1.0,1.0,1.75,3.959999999999999,3.8366666666666664,1.29,3.7533333333333334,2.7099999999999995,1.0,3.790000000000001,1.04,3.6233333333333335,4.04,4.04,3.17,3.0,1.04,3.8766666666666665,1.0,1.0,1.0,2.83,1.04,1.0,3.790000000000001,3.6233333333333335,2.92,1.0,1.04,1.0,2.46,1.46,1.7933333333333332,2.4166666666666665,1.4166666666666667,4.08,3.8766666666666665,3.6233333333333335,3.959999999999999,3.83,3.3733333333333335,4.04,1.0,1.0833333333333333,1.0,2.92,3.8733333333333335,2.9599999999999995,3.2900000000000005,2.46,3.206666666666667,3.543333333333333,3.709999999999999,3.08,1.08,2.1233333333333335,1.88,3.1666666666666665,1.75,1.7533333333333332,4.04,1.0,1.1666666666666667,3.0833333333333335,3.2466666666666666,3.959999999999999,3.2099999999999995,3.2900000000000005,1.7066666666666668,3.4166666666666665,1.0833333333333333,3.6633333333333336,4.44,2.2433333333333336,3.706666666666667,4.006666666666667,4.39,1.4633333333333336,3.36,3.6,3.803333333333333,3.4933333333333336,1.1666666666666667,4.12,3.1966666666666668,3.8466666666666662,4.61,3.5666666666666664,1.3333333333333333,3.86,1.8233333333333333,3.6533333333333338,3.646666666666667,4.486666666666667,2.8533333333333335,3.0400000000000005,1.35,4.066666666666666,2.8366666666666664,2.443333333333334,1.4866666666666666,4.333333333333333,3.34,1.18,1.0433333333333332,3.0766666666666667,3.286666666666666,2.99,2.7266666666666666,3.473333333333333,3.276666666666667,3.953333333333333,4.403333333333333,3.036666666666666,3.3533333333333335,4.3133333333333335,3.82,3.2099999999999995,2.57,1.2066666666666668,2.6133333333333333,4.433333333333334,4.993333333333333,1.2266666666666668,1.0633333333333337,1.0366666666666668,1.0666666666666669,1.0,1.0,1.0333333333333334,1.04,1.0,2.306666666666666,1.1166666666666667,1.0,4.866666666666666,4.336666666666667,4.21,2.283333333333333,4.3566666666666665,4.523333333333333,3.5733333333333337,1.4400000000000002,1.0033333333333332,4.596666666666667,1.086666666666667,3.8166666666666664,1.1933333333333334,1.1366666666666667,1.106666666666667,2.6300000000000003,2.606666666666667,1.1566666666666665,1.0,1.0533333333333337,1.0833333333333333,2.5066666666666664,4.603333333333333,1.8,2.18,1.4233333333333331,4.793333333333333,4.303333333333334,1.0066666666666666,1.0,4.1066666666666665,4.3999999999999995,3.64,True,True,True,True,True,True,True,True
11-3051,Industrial Production Managers,Industrial Production Managers,Industrial Production Managers,0.0707451026436875,0.4057187015028995,0.7406923003621116,0.1307070026409648,0.3296039063138119,0.5285008099866589,0.5086878,1,11-3051,False,0.03,1,11-3051,False,base_00,4,base_00,True,2,2.5233333333333334,2.6466666666666665,3.206666666666667,2.375,3.938333333333333,2.165,1.04,1.4983333333333333,1.23,1.7516666666666667,3.081666666666667,2.48,3.2283333333333335,3.2283333333333335,1.54,1.5416666666666667,1.6483333333333334,2.415,3.815,3.5400000000000005,2.2716666666666665,3.143333333333333,2.7083333333333335,2.1233333333333335,3.5416666666666665,1.3133333333333332,3.1016666666666666,4.06,4.04,3.02,3.2266666666666666,1.3766666666666667,3.9583333333333335,2.06,2.165,1.7916666666666667,3.125,1.4366666666666668,1.7083333333333333,3.686666666666667,3.58,2.8966666666666665,1.268333333333333,1.625,1.625,2.895,2.21,2.9166666666666665,2.936666666666667,1.8966666666666665,3.956666666666667,3.706666666666667,3.455,3.855,3.6233333333333335,3.7283333333333335,3.8966666666666665,2.1683333333333334,1.9766666666666663,1.0416666666666667,3.25,3.813333333333333,3.3533333333333335,3.0833333333333335,2.9983333333333335,3.688333333333333,3.1666666666666665,3.8783333333333334,3.063333333333333,2.98,2.3316666666666666,3.23,3.145,1.8733333333333333,3.205,3.9,2.061666666666667,2.5,3.043333333333333,3.355,3.9166666666666665,3.395,3.313333333333333,1.8533333333333335,3.645,2.6466666666666665,3.5,3.8816666666666664,2.6283333333333334,3.813333333333333,3.356666666666667,4.385,3.155,3.9616666666666664,3.946666666666667,3.5,3.9483333333333337,2.7216666666666662,3.895,3.546666666666667,3.953333333333333,4.3133333333333335,3.95,2.4783333333333335,4.153333333333333,3.888333333333333,3.486666666666667,3.731666666666667,4.318333333333333,3.58,4.2283333333333335,2.6033333333333335,4.133333333333334,3.2433333333333336,2.0083333333333333,2.51,3.9766666666666666,3.345,2.7933333333333334,2.9499999999999997,3.568333333333334,3.86,2.54,3.2283333333333335,3.57,3.696666666666667,3.72,4.301666666666667,3.283333333333333,3.566666666666667,4.578333333333333,4.1,3.4716666666666662,2.7900000000000005,1.4,2.556666666666666,4.465,4.965,3.435,2.056666666666666,1.3383333333333332,2.5116666666666667,3.1266666666666665,3.0416666666666665,2.6633333333333336,2.3316666666666666,1.0833333333333333,3.7266666666666666,3.233333333333334,1.3816666666666666,4.85,4.463333333333334,4.3933333333333335,4.68,4.3966666666666665,4.29,3.545,2.931666666666666,1.8233333333333333,4.4383333333333335,3.838333333333334,3.203333333333333,3.2466666666666666,2.5433333333333334,2.8533333333333335,3.06,2.8216666666666668,1.83,1.705,1.465,1.705,2.181666666666666,3.3966666666666665,2.6733333333333333,2.265,2.4666666666666663,4.8116666666666665,4.123333333333334,4.486666666666667,2.0033333333333334,4.573333333333333,4.64,3.716666666666667,True,True,True,True,True,True,True,True
11-3061,Purchasing Managers,Purchasing Managers,Purchasing Managers,0.2285714285714285,0.5857142857142857,0.9428571428571428,0.1142857142857142,0.4714285714285714,0.8285714285714285,1.423426,1,11-3061,False,0.03,1,11-3061,False,base_00,4,base_00,False,1,1.0,2.25,3.12,1.0,3.88,2.0,1.0,1.5,1.0,1.0,2.62,1.0,2.75,3.88,1.0,1.0,1.0,2.0,3.62,3.75,1.0,3.12,2.62,1.0,3.25,1.0,3.25,4.0,4.0,3.5,2.75,1.0,3.62,1.0,1.0,1.0,3.25,1.0,1.0,3.88,3.88,2.75,1.0,1.0,1.0,2.62,1.75,2.12,2.25,1.38,3.88,3.75,3.25,4.0,3.5,3.75,3.75,1.0,1.0,1.0,3.38,3.75,3.0,3.25,3.25,4.0,3.12,3.88,3.88,1.0,2.62,2.0,3.62,1.88,2.12,3.88,1.0,1.0,3.5,3.88,4.0,3.5,3.12,1.88,3.88,2.0,3.88,4.05,2.59,4.17,4.44,4.53,1.72,4.05,4.0,3.95,4.0,2.42,4.33,3.26,4.0,4.42,4.11,1.74,3.37,2.82,3.53,3.16,4.63,3.53,3.28,1.63,4.33,3.47,3.11,1.89,4.05,3.63,1.33,1.28,4.05,3.56,2.53,3.32,3.78,4.11,4.26,4.37,3.32,2.16,4.58,4.0,4.16,2.95,1.53,2.79,4.37,5.0,1.68,1.16,1.16,1.53,1.26,1.39,1.32,1.05,1.16,2.22,1.58,1.16,4.61,4.21,3.58,2.79,3.84,4.26,3.5,2.05,1.44,4.42,1.89,3.39,1.74,1.58,1.42,2.37,2.79,1.33,1.06,1.21,1.26,2.58,4.53,1.84,1.63,1.63,4.95,4.16,1.84,1.32,4.16,4.53,4.21,True,True,True,True,True,True,True,True
11-3071,"Transportation, Storage, and Distribution Managers","Transportation, Storage, and Distribution Managers","Transportation, Storage, and Distribution Managers",0.0178571428571428,0.486525974025974,0.9551948051948052,0.1620129870129869,0.4729707792207792,0.7839285714285713,0.8907923,1,11-3071,False,0.59,1,11-3071,False,base_00,4,base_00,False,1,1.31,2.185,3.75,1.435,3.88,2.06,1.0,1.25,1.0,1.0,3.065,1.815,3.125,3.25,1.31,1.0,1.0,2.0,3.88,3.815,1.375,2.935,2.62,1.25,3.685,1.44,2.94,4.0,3.875,3.25,2.88,1.375,3.88,1.31,1.375,1.31,2.935,1.31,1.5,3.625,3.56,2.62,1.0,1.0,1.0,2.62,1.87,2.44,2.62,1.5,4.0,4.0,3.685,3.94,3.75,3.875,3.75,1.06,1.06,1.06,3.37,3.75,3.19,2.88,3.375,3.315,2.875,3.875,3.685,1.44,2.31,2.435,3.56,1.685,2.25,3.94,1.0,1.06,3.185,3.5,3.81,3.685,3.69,1.935,3.81,1.75,3.75,3.975,2.4800000000000004,3.87,3.915,4.365,2.1100000000000003,3.88,4.165,3.77,3.46,2.175,4.17,3.425,3.735,4.185,4.055,2.255,3.725,2.9749999999999996,3.47,3.61,4.375,3.82,3.605,2.385,4.055,3.095,2.51,2.085,3.69,3.47,1.725,1.84,3.89,3.675,3.225,3.505,3.785,3.705,3.785,4.05,3.72,2.6950000000000003,4.595000000000001,4.01,3.715,3.35,1.47,2.5149999999999997,4.1,4.965,2.04,1.415,1.16,1.92,1.51,1.8,1.625,1.335,1.105,3.08,2.24,1.2,4.845000000000001,4.105,4.0,3.945,3.845,4.04,2.975,2.735,1.81,4.2,3.3499999999999996,3.46,2.435,1.905,1.825,2.97,2.69,1.55,1.255,1.29,1.335,2.425,3.775,2.41,2.3200000000000003,2.15,4.93,4.404999999999999,3.085,1.66,4.140000000000001,4.52,3.87,True,True,True,True,True,True,True,True
11-3111,Compensation and Benefits Managers,Compensation and Benefits Managers,Compensation and Benefits Managers,0.131578947368421,0.513157894736842,0.894736842105263,0.1842105263157894,0.4605263157894737,0.7368421052631579,1.298235,1,11-3111,False,0.96,1,11-3111,False,base_00,4,base_00,False,1,1.25,1.88,3.12,1.0,3.5,1.0,1.0,1.25,1.0,1.0,2.12,1.12,2.5,3.25,1.0,1.0,1.0,1.62,3.38,3.12,1.0,3.25,2.12,1.0,3.5,1.0,3.12,4.0,4.0,3.12,2.25,1.0,3.75,1.0,1.0,1.0,2.75,1.0,1.0,3.75,3.62,2.25,1.0,1.0,1.0,2.12,1.75,1.75,2.0,1.5,4.0,4.0,3.75,4.0,3.38,3.12,3.88,1.0,1.0,1.0,3.0,3.88,3.0,3.25,1.88,3.62,3.0,3.38,3.12,1.0,2.75,1.5,3.0,1.75,1.5,4.0,1.0,1.0,3.12,3.5,4.0,3.25,3.25,1.5,3.62,1.0,4.0,3.95,2.71,3.5,4.14,4.48,1.48,3.43,3.4,4.0,3.81,1.0,4.43,2.24,4.15,4.33,3.67,1.48,3.29,1.43,3.71,3.0,4.24,3.58,2.81,1.05,3.9,3.57,1.48,1.48,3.86,3.6,1.05,1.0,3.85,3.5,2.76,2.48,3.55,3.38,4.14,4.33,3.1,2.62,4.43,3.71,3.1,3.29,1.24,2.71,4.48,5.0,1.05,1.19,1.0,1.19,1.0,1.0,1.0,1.0,1.0,2.29,1.05,1.0,4.74,4.33,3.86,2.76,3.86,4.1,3.71,1.33,1.0,4.38,1.05,3.29,1.05,1.05,1.0,2.25,2.48,1.1,1.05,1.05,1.15,2.95,4.9,1.81,2.2,1.55,4.95,3.62,1.0,1.0,3.24,4.19,4.06,True,True,True,True,True,True,True,True
11-3121,Human Resources Managers,Human Resources Managers,Human Resources Managers,0.04,0.48,0.92,0.14,0.45,0.76,1.320417,1,11-3121,False,0.0055,1,11-3121,False,base_00,4,base_00,False,1,1.12,2.12,3.38,1.12,4.0,1.5,1.0,1.38,1.0,1.0,2.88,1.38,2.88,3.75,1.0,1.0,1.0,1.75,4.0,3.62,1.12,3.0,3.0,1.0,4.0,1.0,3.0,4.38,4.5,3.75,2.62,1.0,3.88,1.0,1.0,1.0,3.5,1.0,1.12,4.12,4.0,3.12,1.0,1.0,1.0,2.75,2.0,1.75,2.12,2.0,4.38,4.12,4.0,4.38,4.0,4.12,4.0,1.0,1.0,1.0,3.88,4.0,3.75,3.12,2.38,4.25,3.0,4.0,3.88,1.25,2.38,1.5,3.75,2.0,1.62,4.25,1.0,1.5,3.75,4.0,4.25,3.62,3.88,1.5,4.0,1.0,4.12,3.95,3.41,4.32,3.86,4.73,1.55,3.91,4.45,3.95,3.95,1.14,4.73,2.82,4.59,4.18,4.14,1.68,3.59,2.0,3.91,4.0,4.64,3.59,3.48,1.73,4.45,3.5,3.05,2.09,4.0,4.27,1.5,1.18,4.73,3.55,3.45,4.23,3.73,4.09,4.0,4.23,4.05,2.95,4.68,3.86,3.5,3.64,2.05,2.68,4.27,5.0,1.27,1.32,1.68,1.43,1.32,1.1,1.05,1.27,1.0,2.0,1.41,1.0,4.81,4.27,4.14,3.5,4.05,4.09,3.23,1.91,1.0,4.05,1.73,3.24,1.55,1.41,1.05,2.73,2.77,1.59,1.05,1.14,1.32,2.55,4.23,2.3,1.86,1.91,4.85,3.91,1.73,1.32,3.64,4.5,3.81,True,True,True,True,True,True,True,True
11-3131,Training and Development Managers,Training and Development Managers,Training and Development Managers,0.0909090909090909,0.5,0.9090909090909092,0.0454545454545454,0.4772727272727273,0.9090909090909092,1.284423,1,11-3131,False,0.0063,1,11-3131,False,base_00,4,base_00,False,1,1.5,2.12,3.62,1.25,3.88,1.5,1.0,1.38,1.0,1.0,2.88,1.75,2.75,3.88,1.0,1.0,1.0,1.75,3.75,3.75,1.62,2.62,2.88,1.0,3.75,1.0,2.5,3.88,4.0,3.75,2.75,1.0,3.75,1.0,1.0,1.0,2.75,1.0,1.0,3.88,3.88,2.88,1.0,1.12,1.0,2.62,1.75,2.12,2.62,1.5,3.88,3.88,3.75,4.0,3.62,3.88,3.75,1.0,1.0,1.0,4.0,3.62,4.25,3.62,2.88,3.5,2.88,3.88,3.0,1.0,3.0,1.75,3.62,1.5,2.0,4.0,1.0,1.5,3.62,3.88,4.0,3.12,3.25,1.75,3.5,1.0,3.88,3.89,2.68,4.68,3.25,4.79,1.32,4.07,4.46,4.25,4.04,1.68,4.61,3.38,3.64,4.71,4.29,1.61,3.68,1.93,4.14,3.57,4.46,3.21,3.54,1.21,4.32,3.14,1.5,1.82,4.0,4.11,1.21,1.07,3.57,3.96,3.52,3.14,4.18,4.93,4.32,4.71,2.86,1.68,4.5,4.25,2.21,2.5,1.14,1.96,4.43,4.93,1.25,1.04,1.07,1.32,1.14,1.11,1.0,1.0,1.0,1.75,1.18,1.0,4.78,4.36,3.14,2.32,3.14,3.43,2.71,1.25,1.04,4.39,1.32,2.75,1.25,1.32,1.07,3.11,3.32,1.21,1.04,1.14,1.25,2.54,4.39,2.25,2.0,1.54,4.71,3.64,1.36,1.14,4.04,4.93,3.14,True,True,True,True,True,True,True,True
11-9013,"Farmers, Ranchers, and Other Agricultural Managers","Farmers, Ranchers, and Other Agricultural Managers","Farmers, Ranchers, and Other Agricultural Managers",0.0408163265306122,0.3673469387755101,0.6938775510204082,0.1020408163265306,0.2448979591836734,0.3877551020408163,-0.1443684,1,11-9013,False,0.047,1,11-9013,False,base_00,4,base_00,False,1,3.0,2.5,3.75,2.75,3.88,2.5,1.12,2.25,2.0,2.5,3.38,2.62,3.25,3.38,2.0,2.12,2.12,2.5,3.88,3.62,2.75,3.0,2.62,2.88,3.38,2.0,2.88,3.88,3.88,3.25,3.38,2.38,3.88,2.25,2.5,2.5,3.0,2.12,2.5,3.75,3.62,2.75,1.38,2.25,2.5,2.62,2.62,2.75,3.25,2.12,3.75,3.62,3.38,3.88,3.62,3.5,3.88,2.5,2.38,1.0,2.88,3.5,2.88,3.0,2.88,3.62,2.88,3.38,3.12,2.62,2.12,3.12,3.12,1.88,2.88,3.75,2.38,2.62,2.88,3.38,3.62,3.0,3.0,1.88,3.38,2.5,3.25,3.7,2.7,3.42,3.71,4.09,3.45,3.85,3.24,3.71,3.68,2.19,3.78,3.53,3.54,3.89,3.58,3.47,3.82,3.74,3.36,3.37,4.43,3.85,3.72,3.68,4.24,3.3,2.92,3.35,3.41,2.85,2.78,3.2,3.48,3.93,3.31,3.17,3.9,3.48,3.7,3.09,2.61,3.04,4.27,4.02,3.28,2.22,1.16,2.34,4.53,3.39,3.17,2.25,1.19,2.39,2.71,2.69,1.84,3.31,1.05,3.28,3.78,1.97,4.83,4.55,3.54,4.22,4.09,3.49,3.06,3.88,3.88,3.49,4.18,3.09,4.78,3.98,2.21,3.23,1.93,2.43,1.68,1.79,2.34,2.57,2.36,3.42,3.14,2.87,4.12,3.49,3.43,2.23,3.96,4.45,2.75,True,True,True,True,True,True,True,True
11-9021,Construction Managers,Construction Managers,Construction Managers,0.0444444444444444,0.4444444444444445,0.8444444444444444,0.2,0.4,0.6,1.029139,1,11-9021,False,0.071,1,11-9021,False,base_00,4,base_00,False,1,2.25,2.88,3.75,2.38,4.0,2.38,1.0,1.88,1.62,2.12,3.62,1.88,3.62,3.38,2.0,2.0,2.12,2.12,3.88,4.0,1.75,3.5,2.75,2.0,3.88,1.5,3.25,4.0,4.0,3.12,3.0,1.62,4.12,1.62,2.0,1.5,3.38,1.5,2.12,3.88,3.75,3.12,1.12,2.0,2.12,3.0,2.75,3.0,3.88,1.75,4.0,3.88,3.88,4.0,4.0,4.0,4.0,1.62,1.62,1.0,3.12,4.12,3.12,3.62,3.38,4.12,3.5,3.88,3.88,2.0,3.0,2.75,3.12,1.5,3.25,3.88,1.62,2.12,3.12,3.5,3.88,3.62,3.5,1.75,4.0,2.25,3.75,3.75,3.21,3.95,4.05,4.4,3.0,4.2,4.0,3.6,4.1,3.35,3.9,3.74,4.26,4.15,4.1,3.05,3.89,4.25,3.5,3.68,4.21,3.95,4.25,3.1,4.25,3.6,2.8,3.35,4.0,3.45,2.6,2.45,3.95,4.25,3.35,3.7,3.53,4.0,4.0,3.7,3.2,3.5,4.6,4.15,3.9,2.75,1.79,1.9,3.9,4.9,3.0,2.3,1.3,2.9,2.6,3.45,3.1,2.7,1.1,3.95,3.25,1.9,4.68,4.2,4.1,4.3,4.15,4.05,3.4,3.2,2.42,3.7,3.85,3.58,3.85,3.3,2.2,3.5,3.15,2.5,2.55,1.79,2.3,2.95,2.65,3.6,3.25,2.95,4.89,4.25,4.5,2.8,3.8,4.6,3.68,True,True,True,True,True,True,True,True
11-9031,"Education and Childcare Administrators, Preschool and Daycare","Education and Childcare Administrators, Preschool and Daycare","Education and Childcare Administrators, Preschool and Daycare",0.0625,0.46875,0.875,0.28125,0.515625,0.75,0.838007,1,11-9031,False,0.015,1,11-9031,False,base_00,4,base_00,False,1,2.0,2.25,3.12,1.38,4.0,1.75,1.0,1.88,1.5,1.88,3.12,2.0,2.88,3.38,1.0,1.75,1.75,2.0,3.88,3.75,1.88,2.88,3.0,1.62,3.5,1.0,2.75,4.0,4.0,3.25,2.62,1.0,3.88,1.0,1.0,1.0,3.12,1.0,1.0,3.88,3.88,2.75,1.0,1.88,1.88,2.88,2.12,2.0,2.38,1.62,4.0,4.12,3.5,4.0,3.88,4.0,4.0,1.0,1.0,1.0,3.88,3.88,3.62,3.12,3.12,3.75,2.88,4.0,3.62,1.5,1.88,1.75,3.38,1.5,2.0,4.0,1.0,1.5,3.88,3.88,4.0,3.12,3.12,1.62,3.75,1.88,3.75,2.63,4.28,3.98,4.15,4.3,1.56,3.91,3.95,3.55,3.84,1.42,4.33,3.07,4.23,3.95,4.08,2.65,3.5,3.38,3.13,3.8,4.08,3.72,3.34,1.77,3.84,3.88,4.1,2.84,3.09,3.48,1.45,1.21,4.03,3.78,3.14,3.57,3.76,4.36,3.73,3.57,3.69,3.85,4.98,4.35,3.77,3.22,1.65,2.1,4.44,4.83,1.26,1.15,2.58,1.04,1.0,1.22,1.06,1.42,1.0,2.76,1.38,1.0,4.88,4.38,4.48,4.52,4.14,4.05,3.68,2.62,1.0,4.03,1.11,2.93,2.3,1.39,1.19,4.01,2.2,1.91,1.06,1.44,1.79,2.8,3.6,2.53,2.73,2.24,4.9,3.93,2.1,1.0,4.58,4.54,4.25,True,True,True,True,True,True,True,True
11-9032,"Education Administrators, Kindergarten through Secondary","Education Administrators, Kindergarten through Secondary","Education Administrators, Kindergarten through Secondary",0.0181818181818181,0.4181818181818181,0.8181818181818181,0.2727272727272727,0.4545454545454545,0.6363636363636364,1.048811,1,11-9032,False,0.0046,1,11-9032,False,base_00,5,base_00,False,1,1.12,2.38,3.88,1.0,4.5,1.75,1.0,1.12,1.5,1.38,3.25,1.5,3.12,4.0,1.0,1.75,1.38,2.0,4.12,4.0,1.0,3.12,3.0,1.12,3.88,1.0,2.88,4.75,4.88,3.88,2.88,1.12,4.25,1.0,1.0,1.38,3.12,1.12,1.0,4.62,4.25,3.12,1.0,1.88,1.25,3.0,2.25,2.12,2.5,1.75,4.75,4.38,4.0,4.75,4.12,4.0,4.5,1.0,1.12,1.0,4.0,4.62,4.62,3.62,3.25,4.12,3.0,4.25,4.0,1.38,2.75,2.0,3.75,1.62,3.0,4.5,1.0,1.88,3.88,4.25,4.88,3.75,4.12,1.75,3.88,1.62,4.5,4.03,3.74,4.6,4.53,4.65,2.12,4.38,4.64,3.96,3.98,1.86,4.86,3.2,3.47,4.61,3.96,2.05,3.75,2.98,3.69,3.81,4.69,3.71,3.93,2.01,4.48,4.15,4.06,2.3,4.1,4.2,1.7,1.74,4.44,3.48,3.3,4.06,4.14,4.77,3.94,4.12,3.81,1.92,4.87,4.46,4.14,3.36,2.18,1.04,4.32,4.99,1.54,1.33,2.2,1.25,1.0,1.0,1.05,1.5,1.0,3.15,1.67,1.0,4.76,4.14,3.92,3.85,3.9,3.47,1.89,1.22,1.0,4.03,1.77,2.31,2.41,2.06,1.02,3.9,3.48,1.95,1.0,1.26,1.93,1.89,2.27,3.95,1.44,3.6,4.47,3.46,1.02,1.0,4.66,4.9,4.32,True,True,True,True,True,True,True,True
11-9033,"Education Administrators, Postsecondary","Education Administrators, Postsecondary","Education Administrators, Postsecondary",0.024390243902439,0.4390243902439024,0.8536585365853658,0.3414634146341463,0.475609756097561,0.6097560975609756,1.461149,1,11-9033,False,0.01,1,11-9033,False,base_00,5,base_00,False,1,1.12,2.0,3.62,1.0,3.88,1.12,1.0,1.25,1.0,1.0,2.75,1.62,3.12,3.75,1.0,1.0,1.0,2.0,4.0,3.75,1.0,2.88,2.75,1.0,3.75,1.0,2.88,4.0,4.12,3.88,2.62,1.0,4.12,1.0,1.0,1.0,3.38,1.0,1.0,4.0,4.0,2.88,1.0,1.0,1.0,2.75,1.5,2.0,2.62,1.0,4.12,4.12,3.88,4.0,3.88,3.62,4.12,1.0,1.0,1.0,4.0,3.88,3.75,3.12,2.88,3.75,2.88,4.0,3.62,1.0,1.62,2.0,3.62,1.38,1.38,4.12,1.0,1.5,3.5,3.75,4.0,3.25,3.25,1.62,4.0,1.0,4.0,4.05,2.78,3.8,3.73,4.37,1.24,3.79,3.96,4.1,3.28,1.08,4.41,3.13,4.17,4.39,3.93,1.28,4.11,1.83,3.91,3.83,4.66,3.17,3.55,1.23,4.33,3.73,2.67,1.76,3.89,3.53,1.23,1.17,3.84,3.62,3.15,3.38,4.11,3.38,4.0,4.04,3.18,2.35,4.51,4.19,3.64,2.98,1.28,1.88,4.66,4.93,1.67,1.01,1.85,1.29,1.12,1.12,1.01,1.12,1.01,2.17,1.25,1.06,4.77,4.63,4.47,2.71,4.54,4.13,2.35,2.08,1.13,4.55,1.5,2.88,1.64,1.27,1.01,2.53,3.21,1.37,1.13,1.09,1.15,2.61,3.81,2.4,1.73,1.87,4.73,3.95,1.11,1.01,4.03,4.46,3.65,True,True,True,True,True,True,True,True
11-9041,Architectural and Engineering Managers,Architectural and Engineering Managers,Architectural and Engineering Managers,0.0517241379310344,0.4426108374384236,0.8334975369458129,0.0571428571428571,0.3307881773399014,0.6044334975369459,0.8370105,1,11-9041,False,0.017,1,11-9041,False,base_00,5,base_00,True,2,2.375,2.25,3.375,2.19,3.94,2.125,1.0,1.375,1.0,1.375,3.185,2.5,3.185,3.565,1.0,1.375,1.375,2.25,3.815,3.815,2.19,3.69,2.685,1.81,3.625,1.0,3.315,4.0600000000000005,3.935,3.56,2.88,1.0,3.94,1.375,1.375,1.44,3.31,1.0,1.25,3.69,3.565,2.815,1.0,1.44,1.375,2.69,1.75,2.94,3.315,1.5,4.125,3.88,3.565,3.75,3.81,3.5,3.75,1.435,1.625,1.06,3.125,3.75,3.065,2.44,2.44,3.185,3.5,3.5,3.0,1.875,2.38,2.75,3.06,1.94,3.06,3.87,1.375,2.87,3.065,3.19,3.81,3.37,3.25,2.0,3.565,2.0,3.81,4.1499999999999995,2.45,3.405,4.05,4.465,2.735,4.195,3.81,3.49,3.89,3.56,3.73,4.015,4.095,4.61,3.83,2.055,4.12,3.45,3.7,3.75,4.494999999999999,3.095,3.92,1.865,4.005,2.56,2.24,2.34,4.1850000000000005,3.22,2.355,2.095,3.125,3.475,2.835,2.765,4.135,3.55,4.1899999999999995,4.57,3.02,2.67,4.3100000000000005,4.09,3.45,2.575,1.225,2.06,4.48,4.965,2.68,1.83,1.0550000000000002,1.495,2.395,1.84,1.67,1.245,1.065,2.8899999999999997,2.135,1.06,4.855,4.495,3.985,3.31,3.97,4.0600000000000005,3.17,2.16,1.19,4.449999999999999,2.6,3.495,2.125,1.975,1.515,2.945,2.8,1.265,1.315,1.085,1.34,2.29,3.715,2.335,2.835,1.945,4.65,3.64,3.565,1.58,4.050000000000001,4.699999999999999,3.435,True,True,True,True,True,True,True,True
11-9051,Food Service Managers,Food Service Managers,Food Service Managers,0.0625,0.4166666666666666,0.7708333333333333,0.1875,0.3958333333333333,0.6041666666666666,-0.1213112,1,11-9051,False,0.083,1,11-9051,False,base_00,2,base_00,False,1,2.88,2.62,3.0,2.0,3.88,1.88,1.0,2.0,1.62,2.0,3.0,2.88,2.62,2.88,1.0,2.0,1.75,1.88,3.0,3.0,3.0,2.75,2.75,2.0,3.12,1.0,3.0,3.88,3.88,2.88,2.88,1.0,3.88,1.62,1.88,1.38,3.12,1.0,1.25,3.75,3.12,2.75,1.38,2.12,2.0,2.88,2.38,2.12,2.12,1.88,3.88,3.0,3.12,3.88,3.0,3.88,3.62,1.88,1.75,1.0,3.12,3.12,3.12,3.0,3.0,3.88,2.88,3.88,3.12,2.0,2.5,2.62,3.0,1.5,2.88,3.75,1.75,1.62,3.75,3.62,3.88,3.0,3.0,1.25,3.5,2.0,3.0,3.29,3.0,4.16,3.34,3.96,2.96,4.05,3.63,3.46,3.07,2.21,4.03,3.8,4.01,4.28,3.93,3.63,4.36,3.99,3.21,3.67,4.24,3.65,3.97,1.93,3.65,3.41,3.63,3.85,3.44,3.34,2.36,2.5,3.7,3.68,3.37,3.9,3.52,4.15,3.64,3.26,3.63,2.83,4.84,4.51,4.51,3.69,1.71,1.71,3.9,4.07,1.41,2.04,1.08,1.36,1.28,1.09,1.09,2.84,1.0,2.24,1.87,1.0,4.93,4.19,4.57,4.24,4.55,4.13,3.35,2.17,1.31,4.73,1.4,2.26,2.03,1.58,1.64,4.24,2.59,2.33,1.12,1.28,2.13,3.21,1.96,4.46,2.84,4.16,4.62,4.12,3.56,1.0,4.61,4.96,2.81,True,True,True,True,True,True,True,True
11-9071,Gambling Managers,Gambling Managers,Gambling Managers,0.3235294117647059,0.5735294117647058,0.8235294117647058,0.2647058823529412,0.4852941176470588,0.7058823529411764,0.8299207,1,11-9071,False,0.091,1,11-9071,False,base_00,2,base_00,False,1,1.88,2.75,3.25,1.5,3.75,2.0,1.0,1.88,1.88,1.0,3.38,2.0,3.25,3.0,1.0,2.0,1.88,2.12,3.88,3.5,1.88,3.0,2.88,1.5,3.62,1.0,3.25,3.88,4.0,2.75,3.12,1.12,3.75,1.38,1.75,1.5,3.12,1.0,1.0,3.75,3.75,3.12,1.5,2.0,1.5,3.0,2.12,2.75,2.38,1.25,3.38,3.5,3.5,3.75,3.75,3.75,4.0,1.0,1.0,1.0,3.5,3.75,3.25,2.62,2.75,4.0,3.12,3.88,3.25,1.38,2.0,2.12,3.5,1.75,2.62,3.5,1.0,1.62,3.75,3.75,3.88,3.12,3.12,1.5,3.75,1.75,3.62,3.71,2.5,3.84,3.05,4.35,2.79,3.46,3.51,3.29,3.89,1.79,3.88,2.83,4.16,4.19,3.68,2.3,3.66,2.82,3.33,3.39,4.21,3.32,3.65,1.53,3.62,3.2,4.32,2.17,3.65,3.3,2.05,1.93,4.06,3.66,2.56,3.73,3.29,3.64,3.4,4.05,3.93,3.54,4.78,4.63,4.67,3.94,1.9,2.43,4.21,4.46,2.36,1.3,1.44,1.82,1.0,1.15,1.05,1.39,1.0,2.91,1.32,1.0,4.89,4.27,4.65,4.25,4.38,4.48,3.72,1.52,1.07,4.78,1.46,3.13,1.44,1.32,1.5,3.8,2.72,2.12,1.12,1.46,1.58,3.01,2.97,3.46,2.91,3.18,4.24,3.91,1.51,1.05,4.1,4.77,3.69,True,True,True,True,True,True,True,True
11-9072,"Entertainment and Recreation Managers, Except Gambling","Entertainment and Recreation Managers, Except Gambling","Entertainment and Recreation Managers, Except Gambling",0.1764705882352941,0.3529411764705882,0.5294117647058824,0.2352941176470588,0.3823529411764705,0.5294117647058824,0.9646872,1,11-9199,True,0.25,1,11-9199,True,base_00,4,base_00,False,1,1.88,2.12,3.25,1.5,3.5,1.75,1.0,1.75,1.5,1.88,2.75,1.62,2.75,3.5,1.12,2.12,2.0,1.75,3.5,3.25,1.62,2.62,2.5,2.38,3.5,1.12,2.75,4.0,4.12,3.25,2.38,1.25,3.62,1.25,1.25,1.12,3.0,1.12,1.38,3.75,3.88,2.25,1.12,1.88,1.88,2.62,2.12,2.0,2.5,1.75,3.62,3.75,3.38,3.88,3.25,3.75,3.75,1.0,1.0,1.0,3.5,3.62,3.12,2.88,2.75,3.12,2.38,3.5,3.12,1.62,1.88,2.12,3.12,1.25,2.0,3.75,1.0,1.25,3.75,3.75,3.88,2.75,3.12,1.38,3.5,1.5,3.62,3.16,3.51,3.94,4.39,4.67,1.95,3.66,4.13,3.89,3.74,1.67,4.63,3.33,2.85,4.42,4.31,3.39,3.96,2.88,4.31,3.44,4.58,3.46,3.61,2.44,4.37,3.37,4.25,3.62,3.38,3.5,1.94,1.78,4.25,4.19,2.94,3.9,4.6,4.32,4.09,4.34,2.96,3.21,4.57,4.02,4.81,2.94,1.66,1.65,4.39,5.0,2.06,1.46,1.94,1.37,3.08,1.92,1.62,2.05,1.0,2.74,2.49,1.01,4.63,4.37,3.83,4.16,3.95,3.46,2.6,3.01,1.42,4.6,3.07,2.67,3.07,2.59,1.78,2.92,3.81,1.71,1.32,1.53,1.66,1.68,3.43,2.59,2.59,2.82,4.1,3.44,2.82,1.17,3.8,4.78,2.64,True,True,True,True,True,True,True,True
11-9081,Lodging Managers,Lodging Managers,Lodging Managers,0.0434782608695652,0.4565217391304347,0.8695652173913043,0.2608695652173913,0.3804347826086956,0.5,0.4021726,1,11-9081,False,0.0039,1,11-9081,False,base_00,4,base_00,False,1,2.62,2.12,3.25,2.0,3.62,2.38,1.0,2.0,1.5,2.0,2.88,2.5,3.0,3.62,1.62,2.0,2.0,2.25,3.62,3.75,2.0,3.38,2.62,2.12,3.12,1.5,2.75,4.0,4.12,3.38,2.88,1.62,4.0,2.0,2.0,2.0,3.0,1.62,2.12,4.0,4.0,2.88,1.0,2.0,1.88,2.88,2.12,2.38,2.5,2.0,4.0,4.0,3.75,4.12,3.75,3.88,3.75,1.38,1.38,1.0,3.75,3.75,3.38,2.88,3.0,4.0,2.62,3.75,3.88,2.12,1.75,2.38,3.75,1.62,2.62,3.88,1.38,1.0,4.12,4.0,4.0,3.12,3.38,1.88,3.75,1.88,3.88,3.48,3.72,4.02,4.16,4.47,2.53,4.19,3.73,3.86,3.38,1.62,4.14,2.28,3.5,4.28,3.85,2.66,4.27,3.12,3.07,3.19,4.38,3.16,3.34,2.53,3.95,4.07,4.16,2.61,3.56,3.47,1.88,2.09,4.11,3.96,3.58,3.92,3.98,4.29,3.59,4.27,3.72,2.6,4.89,4.51,4.49,3.57,1.6,2.86,4.66,4.92,1.54,1.19,1.14,1.19,1.13,1.0,1.08,1.22,1.0,2.19,1.6,1.02,4.83,4.52,4.55,4.2,4.52,4.14,4.14,1.9,1.0,4.11,1.24,3.51,1.45,1.07,1.8,2.97,3.67,1.67,1.0,1.42,1.2,2.52,3.4,3.12,1.76,2.51,4.92,4.35,1.09,1.01,4.55,4.8,4.32,True,True,True,True,True,True,True,True
11-9111,Medical and Health Services Managers,Medical and Health Services Managers,Medical and Health Services Managers,0.0,0.4285714285714285,0.8571428571428571,0.1142857142857142,0.3714285714285714,0.6285714285714286,1.260259,1,11-9111,False,0.0073,1,11-9111,False,base_00,4,base_00,False,1,1.5,2.25,3.5,1.25,4.0,2.0,1.0,1.75,1.0,1.0,2.88,1.5,2.88,3.25,1.0,1.0,1.0,2.0,4.0,3.62,1.5,2.88,2.75,1.0,3.75,1.0,2.88,4.25,4.0,3.12,2.75,1.0,4.0,1.0,1.0,1.0,2.88,1.0,1.0,4.0,3.88,2.38,1.0,1.0,1.0,2.5,2.0,2.0,2.12,1.75,4.12,4.0,3.88,4.0,4.0,3.88,4.12,1.0,1.0,1.0,3.88,4.0,3.25,3.25,3.25,4.0,2.75,4.0,3.88,1.0,3.62,2.0,3.88,2.0,2.12,4.0,1.0,2.5,3.75,4.0,4.12,3.62,3.75,2.0,4.0,1.62,4.0,4.36,3.54,4.5,3.85,4.63,2.37,4.32,4.25,3.96,4.07,1.86,4.44,3.25,4.54,4.48,4.29,1.96,3.89,2.54,3.89,3.74,4.43,4.15,4.11,1.68,4.29,4.04,3.25,2.25,4.29,3.96,1.71,1.64,4.14,4.18,3.07,4.14,3.78,4.19,4.32,4.56,3.71,2.41,4.82,3.96,4.07,3.39,2.11,2.86,4.11,5.0,1.54,1.22,2.54,1.26,1.39,1.11,1.0,1.33,1.04,2.54,1.11,1.0,4.61,3.89,3.74,3.54,3.52,4.36,3.79,1.56,1.04,4.93,1.29,3.43,1.0,1.04,1.29,3.0,2.96,1.89,1.07,1.36,1.44,3.37,4.25,2.25,2.36,1.96,4.93,3.93,1.37,1.27,4.11,4.86,3.71,True,True,True,True,True,True,True,True
11-9121,Natural Sciences Managers,Natural Sciences Managers,Natural Sciences Managers,0.111552064673189,0.5306967984934087,0.9498415323136284,0.244449037710716,0.4865325432915346,0.7286160488723531,1.327906,1,11-9121,False,0.018,1,11-9121,False,base_00,5,base_00,True,2,1.2466666666666668,2.1666666666666665,3.5033333333333334,1.4566666666666668,3.959999999999999,1.9166666666666667,1.0,1.1666666666666667,1.04,1.1666666666666667,2.9599999999999995,1.9166666666666667,3.1233333333333335,3.1666666666666665,1.1266666666666667,1.1666666666666667,1.1666666666666667,2.0,3.92,3.8766666666666665,1.2066666666666668,3.1666666666666665,2.54,1.4566666666666668,3.706666666666667,1.1266666666666667,3.1233333333333335,4.0,4.0,3.17,2.75,1.1666666666666667,3.92,1.1666666666666667,1.2066666666666668,1.2066666666666668,2.9599999999999995,1.1666666666666667,1.2866666666666668,3.75,3.5833333333333335,2.67,1.0,1.1266666666666667,1.1666666666666667,2.6266666666666665,1.6666666666666667,2.3766666666666665,2.6266666666666665,1.3333333333333333,4.04,3.959999999999999,3.3766666666666665,4.0,3.75,3.5033333333333334,3.9166666666666665,1.0,1.08,1.0,3.1233333333333335,3.75,3.2466666666666666,2.3733333333333335,2.54,3.2900000000000005,3.0833333333333335,3.6233333333333335,3.0,1.7466666666666668,2.5833333333333335,2.25,3.1233333333333335,1.7933333333333332,2.29,4.0,1.0,3.3733333333333335,3.0,3.3333333333333335,3.92,3.25,3.206666666666667,2.04,3.5,1.7533333333333332,3.959999999999999,4.156666666666666,2.66,3.3533333333333335,3.686666666666667,4.2299999999999995,2.263333333333333,3.7,3.49,3.7000000000000006,4.253333333333333,2.35,4.023333333333333,3.3366666666666664,4.086666666666667,4.46,3.1966666666666668,2.11,4.006666666666667,3.026666666666667,3.703333333333333,3.36,4.260000000000001,3.1300000000000003,4.12,1.96,4.273333333333333,3.206666666666667,2.8333333333333335,2.376666666666667,3.91,3.1300000000000003,1.99,1.856666666666667,2.8666666666666667,3.946666666666667,2.44,2.556666666666666,3.5766666666666667,3.4166666666666665,4.093333333333334,4.31,2.57,2.6633333333333336,4.243333333333333,3.92,3.4966666666666666,2.33,1.2133333333333334,1.8166666666666664,4.18,4.9366666666666665,2.02,1.59,2.096666666666667,1.35,1.8933333333333335,1.39,1.143333333333333,1.4466666666666663,1.16,2.296666666666667,1.6666666666666667,1.0266666666666666,4.783333333333334,4.16,3.4299999999999997,3.426666666666667,3.776666666666667,4.316666666666666,3.0500000000000003,1.91,1.1933333333333334,4.576666666666667,1.7433333333333332,3.19,1.7866666666666668,1.5466666666666669,1.2733333333333334,2.8433333333333333,2.5833333333333335,1.5633333333333332,1.1,1.4333333333333331,1.4766666666666666,2.3233333333333333,3.953333333333333,2.3633333333333333,2.263333333333333,1.9166666666666667,4.53,3.3800000000000003,2.866666666666667,1.3266666666666669,3.7266666666666666,4.523333333333333,3.6666666666666665,True,True,True,True,True,True,True,True
11-9131,Postmasters and Mail Superintendents,Postmasters and Mail Superintendents,Postmasters and Mail Superintendents,0.1428571428571428,0.5238095238095237,0.9047619047619048,0.238095238095238,0.4523809523809523,0.6666666666666666,0.8233757,1,11-9131,False,0.75,1,11-9131,False,base_00,2,base_00,False,1,1.38,2.75,3.5,1.5,3.88,2.0,1.0,1.38,1.5,1.5,2.75,2.25,3.0,3.0,1.0,2.0,1.5,2.38,3.75,3.62,1.0,2.88,2.5,1.62,3.62,1.0,2.75,4.0,4.0,3.0,2.88,1.0,3.75,1.62,1.62,1.0,3.0,1.0,1.0,3.88,3.88,2.75,1.5,2.12,1.62,2.88,2.12,2.5,2.5,1.38,4.0,3.5,3.25,4.0,3.12,4.0,3.75,1.0,1.0,1.0,3.25,3.25,3.38,2.75,2.75,3.88,2.75,3.75,3.62,1.62,2.5,2.5,3.25,1.75,2.25,4.0,1.0,1.5,3.38,4.0,4.0,3.0,2.88,1.88,4.0,2.0,3.25,3.67,2.95,3.97,3.64,4.49,2.59,4.12,3.75,3.78,3.93,1.92,3.99,3.24,3.86,4.53,4.14,2.43,3.99,3.2,3.76,3.68,4.4,3.41,3.83,2.3,4.15,4.14,3.39,2.58,3.82,3.43,1.67,1.78,4.41,4.16,3.19,3.78,3.27,3.64,3.54,4.29,4.15,2.42,4.96,4.59,4.54,4.28,2.04,2.62,3.89,4.88,2.95,1.25,1.67,1.8,1.48,1.2,1.04,1.62,1.0,3.06,2.5,1.03,4.92,3.97,4.5,4.68,4.16,4.17,3.73,3.0,1.22,4.66,2.24,3.39,2.84,1.22,2.59,3.23,3.79,1.67,1.05,1.22,1.46,2.41,3.09,3.14,1.8,2.95,4.83,4.92,1.38,1.01,4.69,4.66,4.5,True,True,True,True,True,True,True,True
11-9141,"Property, Real Estate, and Community Association Managers","Property, Real Estate, and Community Association Managers","Property, Real Estate, and Community Association Managers",0.0,0.4431818181818182,0.8863636363636364,0.2045454545454545,0.4318181818181818,0.6590909090909091,1.215396,1,11-9141,False,0.81,1,11-9141,False,base_00,4,base_00,False,1,1.0,1.62,3.0,1.38,3.5,1.62,1.0,1.0,1.0,1.12,2.88,1.5,2.5,3.0,1.0,1.12,1.0,1.62,3.62,3.12,1.0,3.0,2.12,1.38,3.0,1.12,3.0,4.0,4.0,2.75,2.12,1.0,3.62,1.0,1.0,1.0,3.0,1.0,1.25,3.62,3.62,2.12,1.0,1.0,1.0,2.62,1.62,1.88,2.25,1.38,4.0,3.75,3.0,3.75,3.12,3.62,3.5,1.0,1.12,1.0,2.75,3.12,2.75,3.0,2.88,3.12,3.0,3.12,3.5,1.5,2.12,1.75,3.25,1.5,2.0,3.88,1.0,1.38,3.0,3.25,4.0,2.12,2.12,1.25,3.0,1.62,3.62,3.5,2.7,3.53,4.1,4.35,1.55,4.15,4.0,3.37,3.37,1.4,4.15,2.6,3.6,4.4,3.95,1.4,3.0,3.1,3.16,3.25,4.47,3.6,3.05,2.1,4.05,3.63,3.35,2.05,3.65,3.35,1.9,1.65,4.11,3.65,3.1,3.45,3.35,3.8,4.0,4.2,3.6,2.6,4.7,3.8,4.1,3.7,1.9,2.2,4.25,4.95,1.89,1.4,1.15,1.21,1.45,1.47,1.44,1.35,1.0,2.35,1.9,1.0,4.84,4.25,3.95,3.3,4.05,3.9,2.9,3.37,1.1,3.9,2.63,3.65,3.05,2.05,1.15,2.75,2.5,1.56,1.45,1.2,1.45,1.84,3.79,2.35,1.75,2.15,4.95,3.95,1.75,1.2,3.85,4.15,4.55,True,True,True,True,True,True,True,True
11-9151,Social and Community Service Managers,Social and Community Service Managers,Social and Community Service Managers,0.0714285714285714,0.3928571428571428,0.7142857142857142,0.25,0.4464285714285714,0.6428571428571428,1.156153,1,11-9151,False,0.0067,1,11-9151,False,base_00,4,base_00,False,1,2.0,2.12,3.0,2.0,3.88,1.75,1.0,1.25,1.0,1.38,2.88,2.25,3.0,3.62,1.0,1.12,1.25,2.0,3.75,3.5,1.5,2.88,2.75,1.38,3.12,1.0,2.88,4.12,4.38,3.75,2.75,1.0,4.0,1.0,1.0,1.0,2.88,1.0,1.0,3.88,3.88,2.62,1.0,1.38,1.12,2.88,1.75,2.38,2.5,1.5,4.0,3.88,3.88,3.88,3.88,3.88,3.88,1.0,1.0,1.0,3.5,3.88,3.62,2.62,2.38,3.88,2.62,3.88,3.25,2.0,2.62,2.12,3.25,1.75,2.0,3.75,1.0,2.25,4.0,4.0,3.75,3.75,3.75,1.88,3.88,1.5,3.75,3.48,4.01,3.32,4.11,4.65,1.64,3.99,3.76,3.98,3.84,1.43,4.13,2.23,4.04,4.48,3.74,1.92,3.98,2.51,3.46,3.51,4.05,2.4,3.8,2.18,4.28,4.15,3.64,2.46,3.62,3.35,1.3,1.19,3.78,3.86,2.27,2.83,3.87,3.63,4.15,4.23,3.51,2.92,4.67,4.23,4.11,3.77,2.11,2.23,4.37,5.0,1.61,1.09,2.02,1.24,1.17,1.12,1.0,1.46,1.0,2.89,1.54,1.0,4.88,4.35,4.26,3.73,4.41,4.2,3.43,3.28,1.0,4.59,1.3,2.21,1.68,1.28,1.18,2.66,2.98,1.35,1.08,1.02,1.33,2.05,4.03,2.46,2.54,1.87,4.98,3.91,1.0,1.0,4.19,4.71,4.1,True,True,True,True,True,True,True,True
11-9161,Emergency Management Directors,Emergency Management Directors,Emergency Management Directors,0.0,0.4222222222222222,0.8444444444444444,0.4,0.6,0.8,1.030768,1,11-9161,False,0.003,1,11-9161,False,base_00,4,base_00,False,1,2.0,2.12,3.62,1.5,4.12,2.0,1.0,1.38,1.25,1.62,3.0,1.75,3.0,3.88,1.75,1.25,1.25,1.88,4.0,3.88,1.88,2.88,2.88,1.75,3.62,1.75,2.88,4.12,4.12,3.75,3.0,1.75,4.0,1.62,1.62,1.75,3.0,1.62,2.0,4.12,3.88,3.0,1.0,1.62,1.5,3.0,2.12,1.88,3.12,1.75,4.0,4.0,3.75,4.0,4.12,4.0,4.0,1.0,1.0,1.0,3.75,4.0,3.88,2.62,2.75,3.5,3.0,4.0,3.38,1.75,3.12,2.12,3.62,1.5,2.25,4.0,1.0,1.88,4.25,4.0,4.12,3.62,3.5,1.5,3.75,1.5,4.0,3.77,3.9,3.73,4.27,4.5,2.33,4.14,4.43,4.14,4.24,2.14,4.5,3.14,3.81,4.45,4.14,2.5,4.0,3.27,3.86,3.5,4.48,4.05,3.73,3.1,4.32,3.71,4.23,2.71,3.81,3.73,2.29,2.18,3.89,3.55,3.14,3.59,3.65,4.25,3.95,4.35,3.09,2.68,4.41,4.05,4.14,2.64,1.77,1.86,4.32,4.91,1.95,1.68,1.82,2.2,1.86,1.95,1.36,1.73,1.0,2.45,2.24,1.14,4.52,4.36,3.33,4.14,3.55,3.73,2.45,3.55,1.65,4.23,2.55,3.14,2.86,2.36,1.38,2.95,2.91,1.55,1.41,1.5,1.59,2.32,3.68,2.73,2.27,2.14,4.76,3.45,2.45,1.64,3.64,4.41,3.71,True,True,True,True,True,True,True,True
11-9171,Funeral Home Managers,Funeral Home Managers,Funeral Home Managers,0.1428571428571428,0.4285714285714285,0.7142857142857142,0.2857142857142857,0.5357142857142857,0.7857142857142857,0.3719018,1,11-9061,False,,,,,base_00,3,base_00,False,1,2.12,2.25,3.12,2.12,3.38,2.25,1.0,1.75,1.38,1.75,2.88,2.25,2.5,3.0,1.62,1.75,1.62,2.12,3.0,3.38,2.0,2.75,2.62,2.25,3.62,1.75,2.62,4.0,3.88,2.88,2.5,1.88,3.62,1.38,1.62,1.75,2.75,1.62,2.0,3.62,3.5,2.12,1.0,1.75,2.0,2.75,2.25,2.5,2.5,1.38,3.88,3.75,2.88,3.88,3.25,3.38,3.5,1.0,1.12,1.0,3.0,3.5,2.88,2.62,2.62,3.5,2.62,3.38,3.12,2.0,1.38,2.12,3.12,1.5,2.12,3.62,1.0,1.5,4.0,3.88,3.5,2.5,2.5,1.62,3.62,1.75,3.12,3.2,4.58,3.89,4.17,4.34,3.03,4.42,3.57,3.65,4.13,1.7,4.52,2.87,4.2,4.58,4.17,3.95,4.28,3.56,3.87,3.99,4.66,3.32,4.19,3.54,4.43,4.32,4.79,3.89,4.32,4.29,1.92,1.99,3.85,4.22,3.48,2.6,4.4,3.95,4.29,4.29,3.28,3.72,4.85,4.27,4.72,3.2,2.1,2.15,4.03,4.86,3.59,2.29,4.0,2.33,3.18,1.67,1.24,1.82,1.2,2.59,3.41,1.17,4.75,4.53,4.64,3.65,4.29,4.56,3.68,4.75,1.28,4.39,2.58,3.09,3.68,2.89,1.37,4.44,3.62,2.05,1.12,1.9,1.86,2.69,3.24,3.26,2.85,2.66,5.0,4.39,3.24,2.07,3.99,4.79,3.82,True,True,False,True,True,True,True,True
11-9179,"Personal Service Managers, All Other",,Fitness and Wellness Coordinators,0.1625258799171842,0.4521221532091096,0.7417184265010353,0.1149068322981366,0.3253105590062111,0.5357142857142857,0.9646872,1,11-9199,True,0.25,1,11-9199,True,first_detail,3,detail_mode_tie_lower,True,2,2.06,2.25,3.185,1.75,3.94,1.94,1.56,2.0,1.69,2.125,2.875,2.25,2.75,3.5,1.0,2.13,1.935,1.935,3.62,3.5,2.0,2.75,2.75,2.31,3.375,1.0,2.69,4.0,4.0,3.12,2.56,1.125,3.875,1.56,1.5,1.63,2.875,1.0,1.5,3.815,3.815,2.315,1.875,2.13,2.315,2.88,2.625,2.25,2.69,1.81,3.75,3.565,3.44,3.75,3.25,3.875,3.75,1.25,1.63,1.0,3.44,3.5,3.38,2.935,2.94,3.69,2.435,3.69,3.125,1.81,1.81,2.185,3.375,1.44,2.375,3.5,1.06,1.435,3.815,3.815,3.94,3.25,3.185,1.94,3.435,1.875,3.31,3.365,4.05,4.234999999999999,3.5549999999999997,4.46,2.435,4.03,4.0600000000000005,3.65,3.535,1.74,4.355,3.1100000000000003,3.705,4.05,4.12,3.0149999999999997,3.62,3.64,3.29,3.54,4.025,3.3899999999999997,3.89,1.645,3.825,3.98,3.815,3.5700000000000003,3.3499999999999996,3.675,1.71,1.995,3.965,4.22,3.55,3.665,3.97,3.95,4.04,3.93,3.28,2.085,4.8,4.154999999999999,4.235,3.135,1.325,2.01,4.255,4.555,1.44,1.255,1.505,1.8,1.31,1.095,1.04,1.415,1.0,2.56,1.245,1.0,4.904999999999999,4.415,3.965,3.895,3.835,3.505,3.105,1.535,1.12,4.47,1.45,2.99,1.5550000000000002,1.38,1.065,3.865,2.5549999999999997,2.125,1.125,1.635,1.755,2.72,3.255,3.0650000000000004,2.3899999999999997,2.625,4.79,3.335,1.57,1.065,3.69,4.695,3.08,True,True,True,True,True,True,True,True
11-9199,"Managers, All Other",,Regulatory Affairs Managers,0.0712777805905273,0.4912673640410586,0.91125694749159,0.2181640386209276,0.4654910240471341,0.7128180094733407,0.9646872,1,11-9199,True,0.25,1,11-9199,True,first_detail,4,detail_mode,True,2,1.5,2.1683333333333334,3.206666666666667,1.625,3.918333333333333,1.9166666666666667,1.0,1.4366666666666668,1.3733333333333333,1.3966666666666665,2.9783333333333335,1.8333333333333333,3.02,3.1650000000000005,1.2083333333333333,1.3733333333333333,1.375,2.0816666666666666,3.918333333333333,3.5833333333333335,1.5816666666666668,2.8333333333333335,2.563333333333333,1.5633333333333332,3.7283333333333335,1.2083333333333333,2.7083333333333335,4.0200000000000005,4.06,3.043333333333333,2.7283333333333335,1.268333333333333,3.9983333333333335,1.2283333333333333,1.4366666666666668,1.4566666666666668,2.98,1.2283333333333333,1.3733333333333333,3.7916666666666665,3.7716666666666665,2.5833333333333335,1.25,1.3733333333333333,1.3950000000000002,2.518333333333333,1.9583333333333333,2.2716666666666665,2.645,1.6266666666666667,4.0,4.0216666666666665,3.438333333333333,3.918333333333333,3.605,3.685,3.94,1.2066666666666668,1.3333333333333333,1.0,3.2516666666666665,3.688333333333333,3.0416666666666665,2.561666666666667,2.481666666666667,3.2083333333333335,2.811666666666667,3.7716666666666665,3.27,1.8133333333333332,2.3333333333333335,2.415,3.393333333333333,1.75,2.3333333333333335,3.98,1.1866666666666668,1.9183333333333332,3.0233333333333334,3.4783333333333335,3.94,3.355,3.3733333333333335,1.7700000000000002,3.438333333333333,1.75,3.8983333333333334,4.058333333333334,2.73,3.4933333333333336,4.281666666666667,4.498333333333334,2.165,3.8433333333333337,3.84,3.715,4.148333333333333,2.18,4.21,3.373333333333333,4.453333333333333,4.475,3.525,2.1233333333333335,4.101666666666667,3.1633333333333336,3.935,3.6566666666666663,4.546666666666667,3.195,3.7533333333333334,2.455,4.156666666666667,3.2816666666666663,3.1016666666666666,2.4483333333333337,3.928333333333333,3.5416666666666665,1.955,2.0433333333333334,3.7816666666666663,3.7916666666666665,3.2216666666666662,2.7183333333333333,3.608333333333333,3.561666666666667,4.095,4.283333333333333,3.193333333333334,2.9616666666666664,4.415,3.895,3.516666666666667,2.651666666666667,1.6116666666666666,1.9583333333333333,4.298333333333333,4.796666666666667,2.1,1.663333333333333,1.275,1.8083333333333331,1.85,1.8483333333333336,1.785,1.7066666666666668,1.0716666666666663,2.388333333333333,2.036666666666666,1.16,4.596666666666667,4.2283333333333335,3.848333333333333,3.5500000000000003,4.073333333333333,4.016666666666667,2.98,2.82,1.41,4.405,2.4,3.331666666666667,2.4,2.005,1.3216666666666663,3.013333333333333,2.77,1.5566666666666666,1.39,1.3016666666666663,1.4683333333333335,2.3366666666666664,3.875,2.2333333333333334,2.193333333333334,2.018333333333333,4.755,3.798333333333334,2.5666666666666664,1.6849999999999998,3.6216666666666666,4.47,3.635,True,True,True,True,True,True,True,True
13-1011,"Agents and Business Managers of Artists, Performers, and Athletes","Agents and Business Managers of Artists, Performers, and Athletes","Agents and Business Managers of Artists, Performers, and Athletes",0.1739130434782608,0.5434782608695652,0.9130434782608696,0.3043478260869565,0.3695652173913043,0.4347826086956521,1.068559,1,13-1011,False,0.24,1,13-1011,False,base_00,4,base_00,False,1,1.25,1.75,3.0,1.25,3.75,1.25,1.0,1.0,1.0,1.0,2.88,1.62,2.12,3.25,1.0,1.0,1.0,1.62,3.62,3.25,1.25,2.62,2.0,1.25,3.5,1.0,2.38,4.0,4.12,3.12,1.88,1.0,3.88,1.0,1.0,1.0,2.88,1.0,1.0,3.88,3.88,2.12,1.0,1.0,1.0,2.5,1.62,1.88,2.0,1.25,4.0,3.62,3.5,4.0,3.38,3.75,3.75,1.0,1.0,1.0,2.88,3.12,2.62,1.88,1.5,2.88,2.12,2.88,4.0,1.25,1.75,1.25,4.0,1.5,1.0,4.0,1.0,1.62,3.0,3.88,4.0,2.5,2.5,1.38,3.75,1.0,3.62,2.66,2.28,2.56,3.95,3.51,1.15,3.23,2.84,3.37,2.92,1.27,4.13,2.28,2.42,4.51,2.14,1.62,3.48,1.34,2.89,3.09,3.59,2.31,2.31,1.13,3.81,2.99,2.56,1.49,2.33,3.21,1.07,1.1,3.36,3.73,3.68,1.79,4.01,1.87,3.85,3.7,3.33,2.78,4.88,3.59,2.91,3.03,1.22,1.66,4.42,5.0,1.24,1.11,1.11,1.27,1.0,1.0,1.07,1.0,1.0,2.03,1.3,1.06,4.55,4.22,4.59,1.5,4.13,4.43,2.86,1.32,1.0,3.69,1.16,3.96,1.18,1.18,1.0,2.69,2.0,1.03,1.01,1.01,1.02,2.05,4.6,1.75,1.75,1.59,5.0,4.65,1.0,1.0,3.11,4.17,3.38,True,True,True,True,True,True,True,True
13-1021,"Buyers and Purchasing Agents, Farm Products","Buyers and Purchasing Agents, Farm Products","Buyers and Purchasing Agents, Farm Products",0.0555555555555555,0.5277777777777778,1.0,0.0555555555555555,0.25,0.4444444444444444,0.7687054,1,13-1021,False,,,,,base_00,4,base_00,False,1,1.88,2.0,3.0,1.75,3.62,1.88,1.0,1.5,1.0,1.5,3.0,2.12,2.5,3.0,1.0,1.5,1.5,2.0,3.38,3.12,1.75,3.12,2.38,1.75,3.38,1.0,3.12,3.62,4.0,3.0,2.5,1.0,3.38,1.0,1.0,1.12,2.88,1.0,1.12,3.62,3.38,2.25,1.0,1.88,1.75,2.88,1.88,2.62,2.12,1.0,3.62,3.25,3.12,3.75,3.25,3.12,3.88,1.0,1.0,1.0,2.5,3.38,2.5,2.75,2.88,3.0,3.0,3.12,3.38,1.88,1.88,2.25,3.38,1.5,2.25,3.38,1.12,1.62,3.0,3.12,3.88,3.0,2.62,1.75,3.12,1.62,3.12,3.74,2.29,2.93,4.02,4.06,2.28,3.41,3.46,3.49,3.59,1.53,4.22,3.34,3.54,4.4,3.12,1.66,4.01,2.12,3.03,3.7,4.16,3.4,3.28,1.74,3.89,3.29,3.17,2.17,3.68,3.29,1.58,1.3,3.49,2.99,3.52,2.5,3.45,3.31,3.74,3.61,3.2,3.68,4.79,3.83,4.17,2.71,1.22,2.95,4.68,4.95,2.24,1.25,1.06,2.13,1.45,1.46,1.63,1.54,1.0,3.3,1.56,1.06,4.98,4.6,4.63,2.99,4.46,4.39,4.2,2.45,1.51,4.15,2.79,3.64,2.2,2.02,1.23,3.04,2.01,1.53,1.41,1.14,1.31,2.21,4.32,2.09,2.11,1.7,5.0,3.81,2.14,1.12,3.18,4.63,3.19,True,True,False,True,True,True,True,True
13-1022,"Wholesale and Retail Buyers, Except Farm Products","Wholesale and Retail Buyers, Except Farm Products","Wholesale and Retail Buyers, Except Farm Products",0.0333333333333333,0.4666666666666667,0.9,0.1,0.4,0.7,0.8188258,1,13-1022,False,,,,,base_00,3,base_00,False,1,2.0,1.75,3.25,1.0,3.75,1.62,1.0,1.75,1.25,1.75,2.75,2.0,2.88,3.0,1.0,1.25,1.12,1.75,3.25,3.12,2.0,3.5,2.12,1.88,3.12,1.0,3.25,4.0,4.0,3.0,2.62,1.0,3.62,1.0,1.0,1.0,3.0,1.0,1.0,3.62,3.5,2.75,1.38,1.5,2.0,2.0,2.12,2.62,2.5,1.5,3.75,3.0,3.38,3.75,3.25,3.12,3.75,1.0,1.0,1.0,3.0,3.38,2.88,3.25,2.88,2.75,3.12,3.12,4.0,1.38,2.12,1.75,3.75,1.75,2.25,3.25,1.0,1.75,3.12,3.25,3.75,2.62,3.0,1.62,3.0,1.0,3.0,3.49,2.56,2.71,3.77,4.04,2.31,2.67,2.81,2.98,3.21,1.66,3.64,3.29,2.87,4.22,2.67,2.56,3.8,2.49,2.47,3.21,3.74,3.63,3.43,1.61,3.58,3.26,2.37,2.4,3.92,2.45,1.07,1.22,3.57,2.89,2.98,2.22,3.3,2.54,3.67,4.02,3.4,3.15,4.83,3.7,3.83,3.2,1.3,1.81,4.5,5.0,1.91,1.6,1.41,1.38,1.06,1.57,1.26,1.34,1.0,2.0,1.85,1.0,4.76,4.4,4.45,2.38,4.24,4.02,4.13,2.07,1.31,5.0,2.21,3.4,1.35,1.2,1.06,3.3,2.4,1.57,1.06,1.08,1.3,3.57,4.0,2.47,2.42,1.93,5.0,4.03,1.49,1.14,3.73,4.27,3.84,True,True,False,True,True,True,True,True
13-1023,"Purchasing Agents, Except Wholesale, Retail, and Farm Products","Purchasing Agents, Except Wholesale, Retail, and Farm Products","Purchasing Agents, Except Wholesale, Retail, and Farm Products",0.0526315789473684,0.4736842105263157,0.894736842105263,0.1578947368421052,0.3684210526315789,0.5789473684210527,1.509181,1,13-1023,False,,,,,base_00,4,base_00,False,1,1.12,1.75,3.38,1.0,3.88,1.38,1.0,1.25,1.0,1.0,2.25,1.38,2.62,3.12,1.0,1.0,1.0,1.75,4.0,3.62,1.0,3.0,2.62,1.0,3.88,1.0,3.25,4.0,4.0,3.0,2.25,1.0,3.5,1.0,1.0,1.0,2.88,1.0,1.0,3.62,3.75,2.5,1.0,1.0,1.0,2.62,1.88,2.12,2.12,1.5,4.12,4.0,3.88,4.0,4.0,3.0,3.88,1.0,1.0,1.0,3.25,3.88,3.0,3.75,3.25,3.12,3.0,3.75,4.25,1.0,2.5,2.0,3.75,1.5,2.38,4.12,1.0,1.12,3.12,3.25,4.0,2.88,3.0,1.75,3.25,1.62,4.0,4.06,2.16,3.83,4.47,4.42,1.58,3.28,3.58,3.58,4.11,2.11,4.21,3.21,4.05,4.58,3.68,1.79,3.89,2.68,3.67,3.81,4.11,3.11,3.44,1.53,4.16,3.42,3.0,1.74,4.05,3.5,1.42,1.37,3.89,3.39,2.26,2.95,3.32,3.63,3.68,4.32,2.9,2.74,4.53,3.89,4.15,3.0,1.5,2.89,4.3,5.0,1.74,1.41,1.21,1.45,1.05,1.15,1.05,1.21,1.0,2.0,1.37,1.0,4.53,4.05,4.05,2.55,4.05,4.4,4.05,2.05,1.05,4.79,1.85,3.21,1.79,1.65,1.18,2.42,3.0,1.32,1.1,1.21,1.4,2.68,4.45,2.11,2.21,1.63,4.95,4.3,1.79,1.05,3.28,4.32,4.11,True,True,False,True,True,True,True,True
13-1031,"Claims Adjusters, Examiners, and Investigators","Claims Adjusters, Examiners, and Investigators","Claims Adjusters, Examiners, and Investigators",0.08,0.52,0.96,0.18,0.49,0.8,1.274024,1,13-1031,False,0.98,1,13-1031,False,base_00,4,base_00,False,1,1.75,2.38,3.38,1.5,4.0,1.5,1.0,1.5,1.0,1.0,2.88,1.75,3.25,2.75,1.0,1.0,1.0,1.88,4.0,3.5,1.75,3.0,2.62,1.0,3.88,1.0,3.0,4.12,4.12,2.62,3.0,1.0,3.62,1.0,1.0,1.0,3.0,1.0,1.38,3.62,3.5,3.0,1.12,1.0,1.0,2.62,2.38,2.12,2.5,2.0,4.38,3.88,3.25,4.0,3.5,3.25,4.0,1.0,1.12,1.0,2.5,3.75,2.5,2.12,1.75,2.75,2.88,3.38,3.12,1.12,1.5,1.88,2.88,2.12,2.62,4.12,1.0,1.38,3.12,3.38,3.88,3.0,2.88,1.75,3.0,1.62,3.62,4.06,2.92,2.33,4.58,4.38,1.52,2.51,3.02,2.89,4.34,1.35,4.01,3.33,3.85,4.56,2.14,1.55,4.48,2.7,3.74,3.55,4.48,2.74,3.56,2.01,4.23,3.18,3.55,1.72,4.04,2.46,1.14,1.14,4.29,3.02,2.4,2.02,2.9,2.75,3.98,4.68,4.03,2.71,4.67,3.18,4.43,4.13,1.39,2.98,4.3,5.0,1.52,1.2,1.1,1.48,1.1,1.15,1.43,1.2,1.03,3.23,1.52,1.02,4.29,4.51,4.86,1.92,4.52,4.61,4.51,2.07,1.03,4.31,1.27,3.16,1.67,1.29,1.83,2.79,1.76,1.45,1.25,1.29,1.19,3.3,4.62,1.71,3.2,1.58,5.0,4.39,1.11,1.07,2.34,3.87,4.93,True,True,True,True,True,True,True,True
13-1032,"Insurance Appraisers, Auto Damage","Insurance Appraisers, Auto Damage","Insurance Appraisers, Auto Damage",0.0,0.5,1.0,0.1428571428571428,0.5,0.8571428571428571,0.6634955,1,13-1032,False,0.98,1,13-1032,False,base_00,3,base_00,False,1,2.5,2.12,3.12,2.12,3.25,2.38,1.0,1.5,1.38,1.75,2.38,2.12,2.88,2.38,2.0,1.62,1.25,2.25,3.25,3.12,2.12,2.62,2.0,2.0,3.25,1.75,2.75,4.0,4.0,2.38,2.38,1.88,3.75,1.5,1.5,1.5,3.12,1.62,2.12,3.5,3.5,2.25,1.0,1.38,1.62,2.25,1.88,2.25,2.38,1.25,3.75,3.62,2.88,3.5,2.88,2.88,3.38,1.5,1.5,1.0,2.25,3.12,2.12,2.0,1.5,2.38,2.62,2.5,2.88,2.0,1.88,2.38,2.88,1.25,2.38,3.5,1.62,1.12,3.0,3.0,3.75,2.38,2.38,1.38,3.25,2.12,3.75,3.77,3.35,2.27,4.26,4.32,2.3,2.25,2.69,3.12,4.52,2.12,3.54,3.77,3.43,4.24,2.43,1.67,3.99,3.75,3.26,3.66,4.52,3.09,3.2,3.81,4.09,3.17,4.39,2.75,3.77,3.27,2.53,1.34,4.41,3.6,2.81,1.83,3.09,3.14,4.04,4.68,3.87,2.65,4.96,2.97,4.92,3.6,1.78,3.25,4.43,5.0,3.3,2.62,1.48,2.53,1.92,2.37,1.5,2.29,1.0,2.86,3.18,1.0,4.29,4.45,4.8,1.39,4.48,4.41,3.79,4.39,1.64,3.8,3.0,3.31,4.13,2.57,1.28,2.63,1.77,2.46,1.25,1.68,2.27,3.54,3.93,2.26,3.47,1.93,5.0,4.55,2.27,1.17,2.43,3.77,3.91,True,True,True,True,True,True,True,True
13-1041,Compliance Officers,Compliance Officers,Compliance Officers,0.2342960489763113,0.5263042749310427,0.8183125008857741,0.3373490296220364,0.5265367802901109,0.7157245309581854,0.6981205,1,13-1041,False,0.08,1,13-1041,False,base_00,4,base_00,True,2,1.7485714285714289,2.392857142857143,3.392857142857143,1.6771428571428573,3.948571428571429,2.018571428571428,1.0,1.554285714285714,1.2842857142857145,1.5728571428571427,3.018571428571428,2.2671428571428573,3.3414285714285716,3.105714285714286,1.5371428571428571,1.4642857142857142,1.447142857142857,2.197142857142857,3.838571428571429,3.75,1.7142857142857142,2.6957142857142857,2.7114285714285713,1.7328571428571429,3.7514285714285713,1.41,2.66,4.017142857142857,3.981428571428572,2.914285714285714,3.0714285714285716,1.4828571428571429,3.857142857142857,1.4657142857142855,1.552857142857143,1.5185714285714285,3.0542857142857143,1.4642857142857142,1.66,3.697142857142857,3.661428571428571,2.855714285714286,1.2328571428571429,1.552857142857143,1.5885714285714287,2.712857142857143,1.9985714285714289,2.4642857142857144,2.6785714285714284,1.6071428571428572,4.09,3.981428571428572,3.4114285714285715,3.982857142857142,3.59,3.212857142857143,3.892857142857143,1.0171428571428571,1.1242857142857143,1.0,2.9828571428571427,3.607142857142857,3.0171428571428573,1.8385714285714287,1.9114285714285713,2.6785714285714284,2.66,3.3771428571428572,2.962857142857143,1.7142857142857142,1.8914285714285717,2.3042857142857143,2.9642857142857144,1.7328571428571429,2.2471428571428573,3.982857142857142,1.0,1.947142857142857,3.087142857142857,3.447142857142857,3.947142857142857,3.1242857142857146,3.0014285714285713,1.6614285714285713,3.16,1.41,3.84,3.91,2.52,2.991428571428571,4.315714285714286,4.41,1.852857142857143,3.1314285714285717,3.162857142857143,3.287142857142858,4.1971428571428575,1.6457142857142857,3.992857142857143,2.924285714285714,4.458571428571429,4.542857142857143,2.962857142857142,2.1871428571428573,3.9957142857142856,2.8000000000000003,3.8242857142857143,3.261428571428571,4.180000000000001,2.4614285714285713,3.5042857142857144,2.4642857142857144,3.98,3.5914285714285716,3.518571428571428,2.4714285714285715,4.018571428571429,3.3971428571428572,1.587142857142857,1.4728571428571429,3.697142857142857,3.391428571428571,2.3757142857142854,2.392857142857143,3.1028571428571428,3.217142857142857,3.9371428571428577,4.272857142857143,3.4114285714285715,2.8957142857142855,4.581428571428572,3.544285714285714,4.087142857142857,3.4,1.9342857142857144,2.19,3.8957142857142855,4.7700000000000005,2.5942857142857143,1.88,2.0914285714285716,2.12,1.6814285714285713,1.8114285714285712,1.45,1.7157142857142855,1.207142857142857,2.8885714285714283,2.26,1.1214285714285714,4.607142857142857,3.9785714285714286,3.828571428571428,2.59,3.798571428571429,4.36,3.5042857142857144,2.99,1.2757142857142856,4.211428571428572,2.5357142857142856,2.922857142857143,2.7328571428571427,2.144285714285714,1.4628571428571429,3.3328571428571427,2.4285714285714284,1.7228571428571429,1.2385714285714289,1.3085714285714285,1.5271428571428571,2.674285714285714,4.067142857142857,2.3214285714285716,2.3485714285714288,2.07,4.791428571428571,3.9442857142857144,2.38,1.4242857142857144,2.9771428571428573,4.192857142857143,3.9457142857142857,True,True,True,True,True,True,True,True
13-1051,Cost Estimators,Cost Estimators,Cost Estimators,0.0,0.5,1.0,0.1538461538461538,0.4807692307692308,0.8076923076923077,1.367669,1,13-1051,False,0.57,1,13-1051,False,base_00,4,base_00,False,1,1.0,1.62,3.12,1.0,3.75,1.5,1.0,1.0,1.0,1.0,2.75,1.5,3.0,3.0,1.0,1.0,1.0,1.5,4.12,3.62,1.12,4.0,2.0,1.0,3.75,1.0,3.88,4.0,4.0,2.88,2.88,1.0,3.12,1.0,1.0,1.0,3.0,1.0,1.25,3.5,3.25,2.75,1.0,1.0,1.0,2.12,1.75,1.88,3.0,1.62,3.88,3.75,3.25,3.75,3.38,3.12,3.75,1.0,1.12,1.0,2.75,3.62,2.88,3.12,2.75,2.5,4.0,3.0,3.0,1.0,2.5,1.5,3.0,1.5,1.38,4.0,1.0,1.38,2.75,3.12,3.88,3.0,3.0,1.5,3.0,1.0,3.5,4.57,1.95,3.36,3.77,4.27,1.1,3.05,3.36,3.36,3.81,2.0,3.82,4.48,3.64,4.64,3.27,1.5,3.82,2.32,3.76,3.36,4.32,2.75,3.45,1.14,3.81,2.59,1.64,1.55,4.09,3.43,1.27,1.18,2.95,3.81,2.59,2.0,3.55,3.09,4.23,4.57,2.45,2.36,3.68,3.43,2.77,2.14,1.18,2.14,3.86,5.0,1.24,1.18,1.1,1.29,1.19,1.23,1.25,1.14,1.14,1.77,1.29,1.05,4.45,3.91,3.36,2.1,3.82,3.95,3.1,1.32,1.1,4.3,1.68,3.23,1.52,1.41,1.32,2.76,2.73,1.09,1.18,1.09,1.14,2.36,4.59,1.81,1.32,1.5,4.8,3.77,1.68,1.23,2.81,4.14,2.95,True,True,True,True,True,True,True,True
13-1071,Human Resources Specialists,Human Resources Specialists,Human Resources Specialists,0.3333333333333333,0.6444444444444445,0.9555555555555556,0.3777777777777777,0.5888888888888889,0.8,1.36005,1,13-1071,False,,,,,base_00,4,base_00,False,1,1.5,1.88,3.12,1.38,3.88,1.25,1.0,1.25,1.0,1.0,2.12,1.88,2.75,2.75,1.0,1.0,1.0,1.75,3.25,3.25,1.5,2.25,2.25,1.0,3.62,1.0,2.25,4.0,4.0,2.75,2.0,1.0,3.88,1.0,1.0,1.0,2.88,1.0,1.0,3.88,3.88,2.0,1.0,1.0,1.0,2.12,1.75,1.75,2.0,1.38,4.0,3.88,3.25,4.0,3.12,3.0,3.88,1.0,1.0,1.0,3.12,3.25,3.0,1.88,1.88,2.88,2.0,3.0,3.0,1.12,1.25,1.5,2.88,1.62,1.75,4.0,1.0,1.12,3.38,3.38,4.12,2.88,2.38,1.75,3.0,1.0,3.88,3.31,3.54,3.43,3.67,4.66,1.7,3.01,3.44,3.09,4.38,1.04,4.28,2.51,4.15,4.26,3.14,1.96,3.38,1.56,3.3,3.2,4.19,2.65,3.34,1.05,4.21,4.38,3.02,2.16,3.72,3.68,1.06,1.03,4.11,3.67,2.41,3.23,3.31,3.64,3.94,4.55,3.93,2.93,4.77,4.06,3.71,3.39,2.19,2.97,4.48,5.0,1.64,1.14,1.2,1.82,1.0,1.01,1.01,1.02,1.02,1.83,1.16,1.0,4.92,4.36,4.01,3.43,4.19,4.34,3.87,2.41,1.02,4.87,1.14,2.97,1.46,1.42,1.0,2.65,3.33,1.83,1.0,1.62,1.58,3.5,4.18,1.94,3.41,1.74,5.0,3.76,1.15,1.0,3.7,4.72,4.52,True,True,False,True,True,True,True,True
13-1074,Farm Labor Contractors,Farm Labor Contractors,Farm Labor Contractors,0.0,0.1428571428571428,0.2857142857142857,0.0,0.0,0.0,-0.4354025,1,13-1074,False,0.97,1,13-1074,False,base_00,2,base_00,False,1,2.38,2.12,2.62,2.88,2.88,2.5,1.0,1.88,1.0,1.88,2.5,2.0,2.25,2.12,2.0,2.0,1.75,2.12,2.75,2.88,2.38,2.12,2.12,2.88,3.0,1.88,2.12,3.62,3.5,2.0,2.12,2.12,3.12,2.38,2.38,2.25,2.75,1.62,2.0,3.38,3.25,2.0,2.12,2.0,2.12,2.5,2.38,2.25,1.88,1.12,2.88,2.88,2.38,3.38,2.75,3.0,3.0,1.0,1.12,1.0,2.62,3.0,2.25,1.88,1.88,3.25,2.12,2.75,2.75,2.5,1.25,2.38,2.62,1.38,1.75,2.75,1.0,1.25,2.62,3.0,3.5,2.12,1.88,1.0,3.12,1.75,2.75,2.38,2.77,2.76,1.73,2.65,1.75,2.8,2.27,2.2,2.45,1.03,3.17,2.54,3.67,2.69,2.38,2.13,2.87,3.41,1.82,3.27,3.02,2.81,2.89,3.52,2.88,3.22,2.28,2.67,2.8,1.78,1.3,1.89,2.56,2.76,2.55,2.29,1.72,3.41,2.26,2.54,2.93,2.5,4.49,4.42,2.59,2.76,1.38,2.2,4.97,3.09,3.52,1.2,1.02,2.49,1.63,2.53,1.2,2.43,1.0,3.28,3.45,1.02,4.55,4.81,3.87,4.58,4.21,4.26,4.49,4.09,2.54,2.79,2.94,3.8,4.17,2.93,2.51,3.62,2.04,1.81,1.22,1.22,1.23,1.88,3.9,2.9,2.44,2.8,4.55,4.45,1.83,1.01,4.63,3.68,3.68,True,True,True,True,True,True,True,True
13-1075,Labor Relations Specialists,Labor Relations Specialists,Labor Relations Specialists,0.1698113207547169,0.5471698113207547,0.9245283018867924,0.1132075471698113,0.4433962264150943,0.7735849056603773,1.334834,1,13-1075,False,,,,,base_00,4,base_00,False,1,1.0,1.88,3.12,1.0,3.75,1.12,1.0,1.0,1.0,1.0,2.62,1.0,2.75,3.5,1.0,1.0,1.0,1.75,3.75,3.38,1.0,2.5,2.75,1.0,3.5,1.0,2.75,4.12,4.25,3.5,2.5,1.0,4.0,1.0,1.0,1.0,2.88,1.0,1.0,3.75,3.62,2.75,1.0,1.0,1.0,2.62,1.88,1.75,2.38,1.62,4.0,4.0,3.5,4.38,3.62,3.38,4.0,1.0,1.0,1.0,3.0,3.62,3.0,2.0,1.75,2.88,2.38,3.38,4.12,1.12,1.75,1.5,3.88,1.25,1.12,4.0,1.0,1.0,3.38,3.75,4.25,3.12,3.12,1.38,3.38,1.0,4.0,3.57,2.71,3.05,3.38,4.1,1.38,3.2,3.47,3.15,3.2,1.1,4.25,2.11,4.0,4.45,3.0,1.38,3.25,1.62,3.62,3.29,4.3,2.6,2.57,1.67,3.8,3.15,2.7,1.48,3.85,3.19,1.15,1.1,4.48,3.48,2.5,2.62,3.35,3.21,3.71,3.52,4.0,2.84,4.48,3.11,2.9,3.58,1.9,1.9,4.1,4.95,1.53,1.38,1.32,1.48,1.33,1.19,1.1,1.21,1.05,1.8,1.28,1.05,4.53,4.19,3.74,2.86,3.86,3.67,2.25,2.33,1.0,4.16,1.81,3.1,1.42,1.43,1.15,2.95,2.57,1.42,1.05,1.21,1.24,1.76,4.1,2.32,1.52,1.84,4.74,3.71,1.47,1.19,3.0,4.05,3.74,True,True,False,True,True,True,True,True
13-1081,Logisticians,Logisticians,Logisticians,0.0860240939684832,0.5278605318327264,0.9696969696969696,0.350576269146279,0.5965664590292197,0.8425566489121602,1.297303,1,13-1081,False,0.012,1,13-1081,False,base_00,4,base_00,False,1,1.1666666666666667,2.0833333333333335,3.33,1.2066666666666668,3.9166666666666665,1.7533333333333332,1.0,1.1666666666666667,1.04,1.0,2.9599999999999995,1.8733333333333333,3.1666666666666665,3.5,1.0,1.0,1.0,1.8766666666666667,3.9166666666666665,3.9166666666666665,1.1666666666666667,3.58,2.75,1.0,3.793333333333333,1.0,3.3733333333333335,4.0,4.0,3.5,2.9166666666666665,1.0,3.8733333333333335,1.0,1.0,1.0,3.043333333333333,1.0,1.1233333333333333,3.7533333333333334,3.75,2.793333333333333,1.0,1.0,1.0,2.706666666666667,1.75,2.2066666666666666,3.0400000000000005,1.4166666666666667,4.0,3.6233333333333335,3.5400000000000005,3.92,3.9166666666666665,3.3766666666666665,3.959999999999999,1.04,1.2933333333333332,1.0,3.0,3.7466666666666666,2.956666666666667,2.706666666666667,2.75,3.0833333333333335,3.3333333333333335,3.67,3.0033333333333334,1.29,2.9966666666666666,2.2066666666666666,3.043333333333333,2.21,2.4166666666666665,3.959999999999999,1.04,2.04,3.0833333333333335,3.206666666666667,3.8366666666666664,3.956666666666667,3.706666666666667,2.0833333333333335,3.5033333333333334,1.54,3.6266666666666665,4.196666666666666,2.283333333333333,3.4,4.06,4.346666666666667,2.0466666666666664,3.3699999999999997,3.5733333333333337,3.723333333333333,3.723333333333333,2.066666666666667,4.043333333333333,3.3266666666666667,3.696666666666667,4.36,3.34,1.8999999999999997,3.7,2.38,3.8,3.3699999999999997,4.243333333333333,3.2466666666666666,3.856666666666667,1.91,4.17,3.0400000000000005,2.186666666666667,1.9433333333333336,4.103333333333333,3.3666666666666667,1.7366666666666666,1.65,3.34,3.6,2.89,2.823333333333333,3.6533333333333338,3.42,3.8833333333333337,4.453333333333333,3.193333333333334,2.6533333333333338,4.506666666666667,3.7266666666666666,3.63,2.956666666666667,1.653333333333333,2.7100000000000004,3.9766666666666666,4.916666666666667,2.1,1.6233333333333333,1.24,2.0066666666666664,1.71,1.9166666666666667,1.403333333333333,1.2866666666666666,1.1,3.233333333333333,2.1166666666666667,1.2033333333333334,4.4366666666666665,4.086666666666667,3.6033333333333335,3.01,3.6333333333333337,3.99,3.356666666666667,2.2666666666666666,1.7466666666666668,4.456666666666667,2.6366666666666667,3.1999999999999997,2.1533333333333333,2.0433333333333334,1.7366666666666666,3.08,2.54,1.5033333333333332,1.3333333333333333,1.2166666666666666,1.4333333333333331,2.6533333333333333,4.123333333333334,2.26,2.243333333333333,1.913333333333333,4.78,4.17,2.33,1.61,3.4,4.3999999999999995,3.5833333333333335,True,True,True,True,True,True,True,True
13-1082,Project Management Specialists,Project Management Specialists,Project Management Specialists,0.1,0.55,1.0,0.05,0.4,0.75,1.0816930666666666,3,11-9199;13-1199;15-1199,True,0.24,2,11-9199;13-1199,True,base_00,4,base_00,False,1,,,,,,,,,,,,,,,,,,,,,,,,,,,,,,,,,,,,,,,,,,,,,,,,,,,,,,,,,,,,,,,,,,,,,,,,,,,,,,,,,,,,,,,,,,,,,,,,,,,,,,,,,,,,,,,,,,,,,,,,,,,,,,,,,,,,,,,,,,,,,,,,,,,,,,,,,,,,,,,,,,,,,,,,,,,,,,,,,,,,,,,,True,True,True,True,False,False,False,False
13-1111,Management Analysts,Management Analysts,Management Analysts,0.0952380952380952,0.4047619047619047,0.7142857142857142,0.1904761904761904,0.5,0.8095238095238095,1.432417,1,13-1111,False,0.13,1,13-1111,False,base_00,4,base_00,False,1,1.0,2.0,3.25,1.0,4.0,1.38,1.0,1.0,1.0,1.0,2.88,1.62,3.0,3.75,1.0,1.0,1.0,2.0,4.0,3.62,1.0,3.0,2.88,1.0,3.38,1.0,2.88,4.12,4.12,3.25,2.62,1.0,4.12,1.0,1.0,1.0,3.0,1.0,1.0,3.88,3.88,2.62,1.0,1.0,1.0,2.75,2.0,2.0,2.12,1.75,4.12,4.0,3.25,4.12,4.0,3.88,4.12,1.0,1.12,1.0,3.25,4.0,3.0,2.25,2.25,3.0,3.0,3.88,3.12,1.38,3.0,1.75,3.5,1.88,1.75,4.12,1.0,1.88,3.25,3.88,4.0,3.75,3.88,2.12,3.25,1.25,4.0,4.4,2.48,3.76,4.33,4.65,1.57,3.6,3.9,4.38,4.05,1.52,4.65,3.52,3.9,4.7,3.14,1.71,4.0,2.0,4.38,3.6,4.62,3.2,3.86,1.67,4.29,3.19,2.9,1.71,4.15,4.45,1.33,1.24,3.95,3.4,3.95,2.38,4.14,3.76,4.24,4.29,2.95,2.79,4.25,4.11,3.62,2.79,1.5,2.55,4.35,5.0,1.37,1.35,1.26,1.48,1.32,1.3,1.2,1.15,1.0,2.33,1.65,1.11,4.74,4.14,3.75,2.45,4.1,4.1,2.7,2.81,1.2,4.26,1.8,3.55,1.75,1.52,1.15,2.85,2.76,1.25,1.1,1.05,1.24,2.05,4.19,1.95,1.62,1.9,4.89,4.0,1.55,1.19,3.61,4.35,3.83,True,True,True,True,True,True,True,True
13-1121,"Meeting, Convention, and Event Planners","Meeting, Convention, and Event Planners","Meeting, Convention, and Event Planners",0.1081081081081081,0.4864864864864865,0.8648648648648649,0.081081081081081,0.3648648648648649,0.6486486486486487,0.3740207,1,13-1121,False,0.037,1,13-1121,False,base_00,4,base_00,False,1,2.38,2.38,3.12,2.0,3.88,1.88,1.0,1.88,1.25,1.88,3.12,2.38,2.88,3.75,1.88,1.88,1.88,1.88,3.62,3.5,2.25,3.0,2.38,1.75,3.62,1.12,2.88,4.0,4.0,3.62,2.62,1.12,3.88,1.5,1.62,1.12,3.12,1.12,1.62,3.75,4.0,2.5,1.12,2.0,1.88,3.0,2.25,2.38,3.0,1.62,4.0,4.0,3.38,4.0,3.62,3.88,3.88,1.62,1.75,1.0,3.0,3.62,2.38,3.0,2.88,3.25,2.5,3.5,3.38,2.0,2.75,2.0,3.5,1.38,2.25,4.0,1.75,1.25,3.88,3.88,4.0,3.25,3.12,1.75,3.75,1.75,3.5,3.39,3.13,3.86,4.47,4.51,2.72,3.93,4.08,3.52,3.7,2.28,4.13,3.27,3.29,4.12,3.83,3.22,4.05,3.32,3.86,4.18,4.56,3.76,3.41,2.35,4.63,4.05,4.34,3.34,4.01,3.58,2.62,1.91,4.18,4.34,3.59,2.85,3.99,3.36,3.82,4.43,3.53,1.87,4.91,4.63,4.7,3.1,1.11,1.66,4.73,4.88,1.44,1.52,1.0,2.52,1.07,1.26,1.25,1.84,1.0,3.58,2.11,1.01,4.91,4.52,4.51,3.23,4.31,3.96,3.24,2.99,1.11,4.41,1.38,3.9,2.32,1.93,1.27,3.87,1.81,2.69,1.12,1.4,1.65,3.76,3.67,3.08,2.7,2.64,4.94,4.57,2.38,1.11,3.91,4.81,4.03,True,True,True,True,True,True,True,True
13-1131,Fundraisers,Fundraisers,Fundraisers,0.1538461538461538,0.5192307692307693,0.8846153846153847,0.25,0.4903846153846154,0.7307692307692308,1.242567,1,13-1131,False,,,,,base_00,4,base_00,False,1,1.0,1.62,3.12,1.5,3.75,1.62,1.0,1.0,1.0,1.0,2.75,1.88,2.62,3.75,1.0,1.0,1.0,1.62,3.88,3.25,1.0,3.0,2.38,1.25,3.62,1.0,3.0,4.0,4.12,3.25,2.0,1.0,3.5,1.0,1.0,1.0,2.75,1.0,1.12,4.12,4.0,2.12,1.0,1.0,1.0,2.75,1.38,1.88,2.25,1.38,4.0,4.0,3.25,4.0,3.25,3.75,3.88,1.0,1.12,1.0,3.0,3.38,2.88,3.0,2.12,2.75,3.0,3.12,3.88,1.62,2.0,1.62,4.0,1.5,1.5,4.0,1.0,1.38,3.5,3.62,4.12,3.12,3.12,1.75,3.0,1.0,4.0,4.1,2.76,3.9,4.71,4.19,1.57,3.33,4.05,4.4,3.71,1.1,4.81,3.0,3.1,4.48,3.24,1.38,3.19,1.55,3.6,3.43,4.4,2.95,2.43,2.4,4.24,3.1,3.79,1.76,3.71,3.9,1.35,1.1,3.65,3.68,4.1,2.62,4.38,3.38,4.0,4.38,2.71,2.52,4.62,3.81,4.67,2.52,1.1,1.9,4.38,5.0,1.25,1.24,1.24,1.29,1.0,1.0,1.05,1.1,1.0,1.86,1.4,1.0,5.0,4.19,3.67,2.24,4.0,3.62,2.81,3.43,1.15,3.71,1.81,3.57,1.76,1.62,1.24,3.25,3.14,1.19,1.05,1.15,1.19,2.3,4.05,2.24,1.67,2.1,4.95,3.67,1.14,1.0,3.24,4.4,4.38,True,True,False,True,True,True,True,True
13-1141,"Compensation, Benefits, and Job Analysis Specialists","Compensation, Benefits, and Job Analysis Specialists","Compensation, Benefits, and Job Analysis Specialists",0.0789473684210526,0.4736842105263157,0.8684210526315789,0.3157894736842105,0.4736842105263157,0.631578947368421,1.440985,1,13-1141,False,0.47,1,13-1141,False,base_00,4,base_00,False,1,1.5,2.0,3.0,1.25,3.62,1.25,1.0,1.25,1.0,1.0,2.62,1.62,3.0,3.0,1.0,1.0,1.0,1.62,3.62,3.38,1.38,3.12,2.0,1.0,3.25,1.0,2.88,3.88,4.0,3.0,2.62,1.0,3.62,1.0,1.0,1.0,3.0,1.0,1.0,3.5,3.25,2.62,1.0,1.0,1.0,2.0,1.75,1.75,2.0,1.62,3.88,3.38,3.38,3.88,3.12,3.0,3.75,1.0,1.0,1.0,2.88,3.12,2.88,2.0,1.75,2.88,3.12,3.12,3.0,1.0,2.5,1.5,3.0,1.62,1.38,3.88,1.0,1.88,3.0,3.0,3.88,3.12,3.12,1.5,3.0,1.0,3.38,4.14,2.52,2.81,3.9,4.19,1.52,2.71,3.14,3.3,3.62,1.48,3.95,2.52,4.29,4.24,2.8,1.67,2.86,1.67,3.43,3.1,4.05,2.67,2.86,1.29,3.95,3.48,2.1,1.62,4.05,3.48,1.48,1.33,3.29,2.57,2.6,2.43,3.2,2.9,3.86,4.19,2.71,2.86,4.38,3.14,3.05,2.81,1.1,2.43,4.0,4.95,1.24,1.0,1.05,1.14,1.14,1.14,1.05,1.0,1.14,2.24,1.1,1.05,4.57,3.81,4.0,2.05,4.05,4.48,3.76,1.33,1.1,4.43,1.25,2.76,1.24,1.24,1.1,2.81,2.29,1.29,1.05,1.1,1.15,3.05,4.71,2.0,2.9,1.45,4.81,3.86,1.25,1.2,2.38,4.14,3.62,True,True,True,True,True,True,True,True
13-1151,Training and Development Specialists,Training and Development Specialists,Training and Development Specialists,0.1052631578947368,0.5526315789473684,1.0,0.4210526315789473,0.5921052631578947,0.763157894736842,1.198409,1,13-1151,False,0.014,1,13-1151,False,base_00,4,base_00,False,1,1.0,2.12,3.25,1.0,3.75,1.75,1.0,1.0,1.0,1.0,3.12,1.62,2.62,3.75,1.0,1.0,1.0,2.0,3.62,3.25,1.0,2.5,3.0,1.0,3.75,1.0,2.5,4.0,4.12,3.62,2.62,1.0,3.75,1.0,1.0,1.0,3.0,1.0,1.12,4.0,4.0,2.62,1.0,1.0,1.0,2.75,2.12,2.0,2.38,1.38,4.0,4.0,3.88,4.0,3.25,3.75,3.88,1.0,1.12,1.0,4.38,3.88,4.12,2.25,2.25,3.12,2.38,3.88,3.12,1.12,3.12,2.0,3.12,1.5,1.88,3.88,1.0,1.62,3.62,4.0,4.38,3.12,3.38,1.88,3.62,1.0,3.88,3.7,2.78,4.3,3.57,4.61,1.68,3.43,3.57,4.09,3.59,1.74,4.32,2.91,3.52,4.26,3.0,1.83,3.65,2.09,4.17,3.22,4.13,2.83,3.3,1.57,3.96,2.96,2.74,2.0,3.78,4.19,1.61,1.43,3.27,3.57,3.27,2.68,3.91,4.57,4.3,4.04,3.22,2.04,4.57,3.65,3.13,2.65,1.52,1.96,4.26,5.0,1.43,1.13,1.35,1.35,1.26,1.36,1.17,1.13,1.09,2.0,1.26,1.09,4.43,4.35,3.05,2.82,3.17,3.0,2.52,1.52,1.17,4.17,1.7,2.7,1.48,1.52,1.09,3.35,3.83,1.55,1.13,1.26,1.39,2.23,3.9,2.65,2.18,1.78,4.52,3.7,1.35,1.17,3.35,4.27,3.57,True,True,True,True,True,True,True,True
13-1161,Market Research Analysts and Marketing Specialists,Market Research Analysts and Marketing Specialists,Market Research Analysts and Marketing Specialists,0.0491803278688524,0.5245901639344263,1.0,0.1235813366960907,0.5425598991172762,0.9615384615384616,1.426757,1,13-1161,False,0.61,1,13-1161,False,base_00,4,base_00,False,1,1.25,1.815,3.625,1.19,3.94,1.435,1.0,1.0,1.0,1.0,2.685,1.75,3.06,3.94,1.0,1.0,1.0,1.88,3.935,3.815,1.25,3.065,2.625,1.0,3.37,1.0,2.935,4.0,4.0,3.315,2.565,1.0,3.75,1.0,1.0,1.0,2.94,1.0,1.0,3.75,3.5,2.625,1.0,1.0,1.0,2.5,1.5,2.0,2.25,1.25,4.0,3.94,3.625,3.815,3.88,3.125,3.875,1.0,1.0,1.0,2.935,3.685,2.94,1.935,1.875,2.685,3.0,3.315,2.81,1.0,2.5,2.0,3.185,2.435,1.75,3.94,1.0,1.75,2.94,3.06,3.75,3.25,3.25,2.0,3.06,1.06,3.75,4.715,1.65,3.0,4.0,4.195,1.545,3.175,3.175,4.279999999999999,3.65,1.305,4.0649999999999995,3.3099999999999996,3.085,4.67,3.0,1.215,4.0,1.85,4.465,3.145,4.58,3.1950000000000003,3.26,1.1749999999999998,4.140000000000001,3.025,2.1950000000000003,1.23,4.5600000000000005,3.955,1.345,1.09,2.8049999999999997,3.29,3.555,2.09,4.25,3.065,4.39,4.720000000000001,2.5250000000000004,2.245,3.895,3.26,2.83,2.285,1.065,2.26,4.24,4.955,1.065,1.11,1.0,1.215,1.025,1.02,1.02,1.0,1.0,2.045,1.115,1.0,4.109999999999999,4.39,3.375,1.435,3.675,4.085,2.895,1.395,1.0,4.15,1.195,3.41,1.235,1.085,1.13,2.475,2.3899999999999997,1.085,1.02,1.0,1.065,2.22,4.76,1.76,1.89,1.26,4.415,3.89,1.04,1.0,3.0650000000000004,3.825,3.175,True,True,True,True,True,True,True,True
13-1199,"Business Operations Specialists, All Other",,Business Continuity Planners,0.2241522966739626,0.5828407660281357,0.9415292353823088,0.2661182474964608,0.5379899336046262,0.8098616197127917,1.047687,1,13-1199,True,0.23,1,13-1199,True,first_detail,4,detail_mode,False,1,1.31,2.03,3.2825,1.25,3.8125,1.7475,1.06,1.22,1.25,1.28,2.7825,1.9375,3.065,3.47,1.03,1.25,1.22,2.0325,3.78,3.625,1.345,2.845,2.5,1.25,3.5,1.125,2.785,3.845,3.9075,3.3125,2.72,1.095,3.9375,1.0,1.25,1.25,2.935,1.125,1.215,3.5925,3.5025,2.5325,1.1875,1.25,1.3425,2.4675,1.815,2.215,2.6875,1.6575,3.9375,3.875,3.345,3.905,3.6225,3.4375,3.875,1.095,1.3425,1.215,2.97,3.7175,2.9375,2.5,2.4075,2.905,2.815,3.465,3.09,1.405,2.5625,2.155,3.25,2.0325,2.2475,3.875,1.1575,1.5,3.19,3.28,3.875,3.34,3.3725,1.875,3.1275,1.56,3.75,3.94,2.53,3.155,3.825,4.245,1.6425,3.275,3.3925,3.795,3.95,2.1275,4.154999999999999,3.2075,3.805,4.4475,3.245,1.755,3.97,2.67,3.6075,3.28,4.1575,3.0175,3.4725,1.6475,3.87,3.2875,2.7675,1.925,3.9825,3.545,1.4925000000000002,1.3375,3.3275,3.4325,3.4425,2.4075,3.6025,3.5,3.9375,4.415,2.9225,2.365,4.32,3.8675,3.5275,2.6825,1.51,2.14,4.1425,4.9775,1.68,1.375,1.2275,1.49,1.3,1.545,1.3175,1.2825,1.0575,2.1725000000000003,1.62,1.05,4.3875,4.155,3.4125,3.05,3.785,3.79,2.6825,2.4075,1.265,4.1875,2.1,3.22,1.94,1.7525,1.1825,2.8600000000000003,2.4450000000000003,1.405,1.2725,1.2525,1.295,2.1875,4.145,2.1625,1.8575,1.845,4.6975,3.67,1.7325,1.2425,3.3225,4.195,3.62,True,True,True,True,True,True,True,True
13-2011,Accountants and Auditors,Accountants and Auditors,Accountants and Auditors,0.12,0.56,1.0,0.2,0.52,0.84,1.481956,1,13-2011,False,0.94,1,13-2011,False,base_00,4,base_00,False,1,1.0,2.12,3.25,1.0,3.75,1.5,1.0,1.62,1.0,1.0,2.25,1.12,3.0,2.88,1.0,1.0,1.0,1.75,3.75,3.62,1.12,3.38,2.38,1.0,3.75,1.0,3.25,4.0,3.88,2.75,3.0,1.0,3.75,1.0,1.0,1.0,2.88,1.12,1.12,3.38,3.38,2.88,1.0,1.0,1.0,2.38,2.0,1.88,2.12,1.88,3.88,3.75,3.12,3.75,3.38,3.25,3.75,1.0,1.25,1.12,2.75,3.5,2.75,2.25,1.88,2.75,3.25,3.38,2.88,1.38,1.62,1.75,3.0,2.0,1.88,3.88,1.0,1.25,3.12,3.12,3.75,2.88,2.88,1.75,3.12,1.0,3.5,4.13,2.44,3.44,3.8,4.42,1.56,3.63,3.6,3.31,4.27,1.23,4.14,2.91,4.36,4.46,3.37,1.61,3.74,2.14,3.72,3.04,4.17,3.19,3.62,1.33,4.17,3.74,2.42,1.56,4.19,3.31,1.28,1.16,3.2,3.49,2.75,2.95,3.33,3.68,4.06,4.45,2.75,2.75,4.55,3.47,3.77,2.44,1.04,3.05,4.17,4.98,1.21,1.21,1.02,1.29,1.08,1.08,1.12,1.07,1.0,2.59,1.27,1.0,4.7,4.04,3.97,2.33,4.33,4.71,3.85,1.8,1.04,4.63,1.38,3.41,1.27,1.25,1.08,2.83,2.0,1.19,1.05,1.0,1.08,2.58,4.5,1.8,1.91,1.56,4.85,4.19,1.19,1.02,3.59,4.21,3.88,True,True,True,True,True,True,True,True
13-2022,Appraisers of Personal and Business Property,Appraisers of Personal and Business Property,Appraisers of Personal and Business Property,0.1428571428571428,0.5714285714285714,1.0,0.3571428571428571,0.5714285714285714,0.7857142857142857,0.8413203,1,13-2021,True,0.9,1,13-2021,True,base_00,4,base_00,False,1,1.75,2.12,3.5,1.62,3.75,2.0,1.0,1.62,1.38,1.62,3.25,2.0,2.88,2.62,1.12,1.5,1.62,2.25,3.75,3.62,1.75,3.25,2.38,1.38,4.0,1.12,3.25,4.0,3.88,2.62,2.62,1.38,3.5,1.12,1.25,1.12,3.0,1.25,1.75,3.75,3.88,2.75,1.12,1.62,1.62,2.12,2.0,3.0,2.5,1.62,3.88,3.62,3.12,3.38,3.0,2.75,3.62,1.12,1.0,1.0,2.25,3.0,2.5,1.88,2.0,2.12,2.88,2.88,2.88,1.25,1.5,1.88,2.88,1.62,2.12,3.88,1.12,1.38,2.88,2.88,3.38,2.5,2.5,1.25,3.0,1.62,3.5,4.65,2.04,2.74,3.96,3.48,1.57,3.13,2.87,3.3,4.48,1.52,4.0,3.96,4.13,4.83,2.82,2.87,4.65,3.96,3.91,4.39,4.39,2.83,3.04,1.83,3.96,3.74,3.04,2.96,4.61,3.26,1.59,1.39,2.65,3.48,2.59,2.0,3.26,2.96,4.61,4.39,2.35,3.17,4.09,2.91,3.59,2.35,1.3,1.73,4.35,4.73,1.95,2.17,1.09,2.04,1.35,1.7,1.59,1.32,1.09,2.09,2.09,1.26,3.86,4.17,3.61,2.43,4.05,4.43,3.39,2.13,1.22,3.52,2.43,3.39,2.39,2.39,1.22,2.91,1.91,1.83,1.52,1.55,1.83,2.22,3.83,2.43,2.78,1.87,4.48,3.87,2.04,1.26,2.96,2.95,3.64,True,True,True,True,True,True,True,True
13-2023,Appraisers and Assessors of Real Estate,Appraisers and Assessors of Real Estate,Appraisers and Assessors of Real Estate,0.0178571428571428,0.4910714285714285,0.9642857142857142,0.1964285714285714,0.4642857142857142,0.7321428571428571,0.8413203,1,13-2021,True,0.9,1,13-2021,True,base_00,4,base_00,False,1,2.0,2.12,3.25,1.88,3.5,2.25,1.0,1.12,1.0,1.25,3.12,1.38,3.0,2.5,1.5,1.12,1.12,1.88,3.5,3.12,1.25,3.0,2.38,1.62,3.88,1.62,3.12,3.75,3.62,2.25,2.62,1.75,3.12,1.62,1.75,1.62,3.0,1.5,2.25,3.62,3.75,2.38,1.12,1.12,1.12,2.25,2.0,2.5,2.62,1.75,3.62,3.5,2.75,3.5,3.12,2.88,3.5,1.12,1.12,1.0,2.5,3.0,2.38,1.62,1.62,2.0,2.62,2.88,2.62,1.88,1.75,1.88,2.75,1.62,2.12,3.62,1.12,1.12,2.75,2.75,3.38,2.5,2.5,1.38,2.75,1.62,3.38,4.38,1.71,2.62,3.67,3.29,1.88,2.43,2.17,2.71,4.25,1.88,3.04,3.12,3.71,4.62,2.71,1.61,3.71,3.71,4.0,3.43,3.92,2.21,2.71,2.92,3.43,3.33,2.67,2.43,4.33,3.17,1.57,1.38,2.67,3.12,2.17,1.96,2.83,2.88,3.91,4.52,2.5,2.26,3.96,2.04,3.17,2.35,1.25,2.39,4.43,5.0,1.78,1.92,1.39,1.92,1.39,1.33,1.58,1.87,1.0,1.62,2.83,1.0,4.19,4.46,3.52,1.59,3.12,4.62,3.22,4.3,1.13,3.65,2.67,3.26,4.09,2.62,1.09,2.78,1.46,1.39,1.54,1.26,1.71,2.21,3.71,2.39,2.0,2.22,4.65,4.54,1.48,1.08,2.39,2.61,4.22,True,True,True,True,True,True,True,True
13-2031,Budget Analysts,Budget Analysts,Budget Analysts,0.08,0.52,0.96,0.32,0.64,0.96,1.502988,1,13-2031,False,0.94,1,13-2031,False,base_00,4,base_00,False,1,1.5,2.0,3.12,1.5,3.75,1.5,1.0,1.12,1.0,1.0,2.62,1.88,2.88,3.0,1.0,1.0,1.0,2.0,3.62,3.75,1.5,3.88,2.25,1.0,3.38,1.0,3.88,3.88,3.88,2.88,3.0,1.0,3.75,1.0,1.0,1.0,3.0,1.0,1.0,3.62,3.25,2.12,1.0,1.0,1.0,2.62,1.75,2.0,2.0,1.38,3.88,3.62,3.25,3.75,3.75,2.88,3.88,1.0,1.0,1.0,2.62,3.75,2.5,3.38,2.0,2.38,3.88,3.12,2.62,1.0,2.25,1.88,2.62,1.75,1.12,3.75,1.0,1.25,2.5,3.0,3.75,3.12,3.0,1.75,3.0,1.0,3.12,4.01,2.4,2.12,2.86,4.23,1.56,2.39,2.38,3.35,3.82,1.44,3.43,2.81,3.83,4.47,2.11,1.68,3.78,1.62,3.15,2.51,3.81,2.9,3.37,1.35,3.99,2.94,2.01,1.69,4.44,2.53,1.45,1.32,2.43,2.68,1.94,1.89,3.22,2.28,3.71,4.48,3.01,2.8,4.42,4.45,4.08,2.26,1.0,1.57,4.49,5.0,1.02,1.0,1.37,1.02,1.0,1.01,1.14,1.0,1.0,2.6,1.01,1.0,4.33,4.25,4.6,3.33,4.13,4.6,4.6,1.0,1.0,3.66,1.14,2.87,1.15,1.0,1.02,2.19,1.86,1.78,1.0,1.12,1.14,4.05,4.82,1.8,3.64,1.76,4.63,4.26,1.85,1.0,3.87,4.68,3.59,True,True,True,True,True,True,True,True
13-2041,Credit Analysts,Credit Analysts,Credit Analysts,0.1111111111111111,0.5555555555555556,1.0,0.2222222222222222,0.5555555555555556,0.8888888888888888,1.345268,1,13-2041,False,0.98,1,13-2041,False,base_00,4,base_00,False,1,1.62,1.75,3.12,1.38,3.75,1.38,1.0,1.0,1.0,1.0,2.0,2.0,3.0,2.88,1.0,1.0,1.0,1.62,3.88,3.62,1.62,3.75,2.38,1.0,3.62,1.0,3.75,3.88,4.0,2.62,3.0,1.0,3.75,1.0,1.0,1.0,2.88,1.0,1.0,3.12,3.25,2.75,1.0,1.0,1.0,2.0,1.5,1.75,1.88,1.25,3.88,3.38,3.62,3.5,3.0,2.62,3.88,1.0,1.0,1.0,2.12,3.12,2.38,2.0,1.75,2.0,3.38,3.0,2.38,1.25,2.5,1.75,2.38,1.62,1.62,3.62,1.0,1.38,3.0,3.0,3.62,2.75,2.75,1.0,3.0,1.0,3.12,4.65,1.65,2.95,2.95,4.25,1.45,2.3,2.6,2.5,3.53,1.15,3.75,2.5,3.75,4.58,2.65,1.25,3.55,1.65,3.8,2.95,4.05,1.75,2.85,1.05,3.65,2.65,1.85,1.25,4.4,2.6,1.05,1.0,2.58,2.5,2.2,1.95,2.6,3.0,3.85,4.45,2.5,2.6,3.7,2.4,2.4,2.0,1.0,2.4,4.2,5.0,1.05,1.11,1.0,1.2,1.0,1.0,1.05,1.0,1.0,2.45,1.05,1.0,4.68,3.75,3.7,1.4,3.35,4.5,4.1,1.35,1.0,5.0,1.05,3.15,1.16,1.05,1.05,2.8,2.35,1.2,1.0,1.0,1.05,3.05,4.85,1.63,1.85,1.3,4.68,4.2,1.0,1.0,2.05,3.39,4.05,True,True,True,True,True,True,True,True
13-2051,Financial and Investment Analysts,Financial and Investment Analysts,Financial and Investment Analysts,0.0,0.4615384615384615,0.9230769230769232,0.1538461538461538,0.5,0.8461538461538463,1.380615,1,13-2051,True,0.23,1,13-2051,True,base_00,4,base_00,False,1,,,,,,,,,,,,,,,,,,,,,,,,,,,,,,,,,,,,,,,,,,,,,,,,,,,,,,,,,,,,,,,,,,,,,,,,,,,,,,,,,,,,,,,,,,,,,,,,,,,,,,,,,,,,,,,,,,,,,,,,,,,,,,,,,,,,,,,,,,,,,,,,,,,,,,,,,,,,,,,,,,,,,,,,,,,,,,,,,,,,,,,,True,True,True,True,False,False,False,False
13-2052,Personal Financial Advisors,Personal Financial Advisors,Personal Financial Advisors,0.0526315789473684,0.5,0.9473684210526316,0.3947368421052631,0.6710526315789473,0.9473684210526316,1.400749,1,13-2052,False,0.58,1,13-2052,False,base_00,4,base_00,False,1,1.0,1.75,3.0,1.0,3.75,1.38,1.0,1.0,1.0,1.0,2.5,1.38,2.75,3.12,1.0,1.0,1.0,1.62,3.88,3.38,1.0,3.62,2.62,1.0,3.75,1.0,3.75,4.0,4.0,3.0,2.88,1.0,3.62,1.0,1.0,1.0,2.88,1.0,1.0,4.0,3.62,2.62,1.0,1.0,1.0,2.62,1.75,1.75,2.0,1.5,4.0,3.75,3.25,4.12,3.62,3.0,3.75,1.0,1.0,1.0,3.0,3.62,3.0,2.88,1.88,2.12,3.62,3.12,3.0,1.0,2.5,1.62,3.38,1.62,1.75,4.12,1.0,1.38,3.62,3.62,4.0,3.38,3.38,1.5,3.0,1.0,3.88,4.68,3.27,3.12,4.21,3.77,1.04,2.76,2.96,3.92,4.04,1.04,4.56,3.08,4.0,4.77,3.0,1.08,3.38,1.12,4.23,3.08,4.56,2.44,2.88,1.08,4.04,3.23,3.48,1.08,4.46,4.0,1.19,1.04,3.0,3.48,3.42,2.12,3.39,3.24,4.46,4.62,2.32,3.08,3.92,2.92,3.85,2.0,1.04,2.44,4.32,4.85,1.08,1.04,1.04,1.04,1.0,1.0,1.0,1.04,1.0,1.31,1.08,1.0,4.12,4.0,4.12,1.65,4.19,4.62,3.08,1.23,1.0,4.64,1.12,3.52,1.08,1.08,1.08,2.44,2.0,1.0,1.0,1.0,1.0,1.92,4.42,1.56,1.54,1.2,4.6,3.69,1.0,1.0,2.74,3.25,3.44,True,True,True,True,True,True,True,True
13-2053,Insurance Underwriters,Insurance Underwriters,Insurance Underwriters,0.1428571428571428,0.5714285714285714,1.0,0.1428571428571428,0.5,0.8571428571428571,1.326652,1,13-2053,False,0.99,1,13-2053,False,base_00,4,base_00,False,1,1.75,1.75,3.25,1.75,3.5,1.75,1.0,1.25,1.0,1.0,2.38,1.88,3.0,2.88,1.0,1.0,1.0,1.75,3.75,3.12,1.75,2.88,2.12,1.0,3.25,1.0,2.75,3.5,3.62,2.88,2.5,1.0,3.38,1.0,1.0,1.0,2.88,1.0,1.0,3.38,3.25,2.25,1.0,1.0,1.0,2.38,1.38,2.0,2.0,1.25,3.88,3.75,3.12,3.75,3.12,3.0,3.75,1.0,1.0,1.0,2.75,3.5,2.75,2.0,2.0,2.38,2.88,3.0,2.75,1.0,1.88,1.88,2.88,1.5,1.12,3.75,1.0,1.38,3.0,3.0,3.62,2.75,2.75,1.62,2.88,1.0,3.75,4.43,1.77,2.59,4.07,4.0,1.3,2.47,2.93,2.6,3.83,1.03,4.31,2.73,3.9,4.8,2.43,1.53,3.77,1.45,3.45,3.34,4.63,2.0,3.0,1.37,4.03,3.29,2.33,1.43,4.13,2.8,1.1,1.0,3.73,2.37,3.34,1.8,2.97,2.79,3.83,4.41,3.52,2.9,4.5,2.8,3.57,3.27,1.07,2.87,4.07,5.0,1.07,1.0,1.03,1.03,1.03,1.03,1.03,1.07,1.0,2.3,1.07,1.0,4.38,4.3,4.33,1.5,3.9,4.3,3.53,1.53,1.0,4.57,1.23,3.33,1.2,1.13,1.17,3.07,1.9,1.1,1.0,1.0,1.07,3.2,4.93,1.73,2.87,1.4,4.79,4.57,1.07,1.03,2.33,3.8,4.03,True,True,True,True,True,True,True,True
13-2054,Financial Risk Specialists,Financial Risk Specialists,Financial Risk Specialists,0.0666666666666666,0.5333333333333333,1.0,0.2333333333333333,0.5833333333333334,0.9333333333333332,1.3709885,2,13-2051;13-2099,True,0.28,2,13-2051;13-2099,True,base_00,4,base_00,False,1,,,,,,,,,,,,,,,,,,,,,,,,,,,,,,,,,,,,,,,,,,,,,,,,,,,,,,,,,,,,,,,,,,,,,,,,,,,,,,,,,,,,,,,,,,,,,,,,,,,,,,,,,,,,,,,,,,,,,,,,,,,,,,,,,,,,,,,,,,,,,,,,,,,,,,,,,,,,,,,,,,,,,,,,,,,,,,,,,,,,,,,,True,True,True,True,False,False,False,False
13-2061,Financial Examiners,Financial Examiners,Financial Examiners,0.0606060606060606,0.5,0.9393939393939394,0.303030303030303,0.5757575757575758,0.8484848484848485,1.526064,1,13-2061,False,0.17,1,13-2061,False,base_00,4,base_00,False,1,1.12,1.88,3.88,1.0,4.12,1.25,1.0,1.0,1.0,1.0,2.62,1.75,3.12,3.0,1.0,1.0,1.0,1.75,4.12,3.75,1.12,3.5,2.75,1.0,4.0,1.0,3.12,4.0,4.12,3.0,3.0,1.0,4.0,1.0,1.0,1.0,3.12,1.0,1.0,3.88,3.88,3.0,1.0,1.0,1.0,2.38,1.62,2.0,2.38,1.38,4.25,4.0,3.62,4.0,3.88,3.62,4.12,1.0,1.0,1.0,3.38,3.88,3.38,1.75,1.62,3.5,3.62,3.88,2.88,1.25,2.88,1.75,2.88,1.62,2.0,4.12,1.0,1.25,3.0,3.62,4.0,3.62,3.62,1.38,3.5,1.0,4.0,4.52,1.83,3.39,4.14,4.48,1.39,3.61,3.73,3.26,4.04,1.09,4.09,2.57,4.65,4.7,3.22,1.22,4.04,1.65,3.68,3.65,4.23,2.04,3.57,1.61,4.09,2.87,1.74,1.17,3.96,3.17,1.09,1.0,3.17,2.91,2.26,2.52,2.43,3.17,4.0,4.09,2.74,2.35,4.61,4.04,3.22,2.35,1.04,2.3,3.59,4.96,1.09,1.13,1.0,1.17,1.0,1.0,1.0,1.0,1.0,2.83,1.09,1.0,4.78,3.52,3.39,1.7,4.13,4.0,2.7,1.96,1.0,4.48,1.04,3.09,1.0,1.0,1.22,3.43,2.35,1.17,1.0,1.04,1.09,2.09,4.78,1.83,1.23,1.61,4.35,3.61,1.0,1.0,3.74,4.7,3.59,True,True,True,True,True,True,True,True
13-2071,Credit Counselors,Credit Counselors,Credit Counselors,0.2727272727272727,0.625,0.9772727272727272,0.4545454545454546,0.6931818181818182,0.931818181818182,1.385381,1,13-2071,False,0.04,1,13-2071,False,base_00,4,base_00,False,1,1.5,1.62,2.88,1.5,3.75,1.0,1.0,1.38,1.0,1.0,1.88,2.0,2.62,3.12,1.0,1.0,1.0,2.0,3.75,3.25,1.5,3.12,2.12,1.0,3.25,1.0,3.12,4.0,4.12,2.88,2.62,1.0,3.75,1.0,1.0,1.0,3.0,1.0,1.0,3.25,3.25,2.5,1.0,1.0,1.0,2.75,1.38,1.88,2.12,1.38,3.88,3.75,3.62,3.88,3.5,3.12,3.75,1.0,1.0,1.0,2.88,3.5,3.12,1.62,1.12,2.12,3.12,3.0,3.25,1.0,1.88,1.0,3.38,1.5,1.25,3.88,1.0,1.0,3.62,3.12,4.0,2.88,3.0,1.75,3.12,1.0,3.75,3.68,3.2,3.17,4.0,3.74,1.46,2.39,2.72,3.04,4.39,1.0,3.75,1.88,3.46,4.56,2.38,1.5,3.8,1.4,3.12,2.32,4.12,1.96,2.4,1.21,3.62,3.84,3.84,1.42,3.92,3.17,1.29,1.09,3.42,3.08,2.54,1.48,3.22,3.09,4.0,4.39,2.71,2.44,4.48,2.88,3.58,3.52,1.36,3.0,4.04,4.84,1.2,1.04,1.25,1.04,1.0,1.0,1.0,1.04,1.0,2.0,1.08,1.0,3.96,4.24,4.44,1.46,4.08,4.32,4.08,1.36,1.0,4.33,1.21,2.88,1.36,1.24,1.29,2.48,2.6,1.44,1.0,1.0,1.12,3.43,4.64,1.8,3.64,1.46,4.76,3.84,1.0,1.0,1.96,3.76,4.17,True,True,True,True,True,True,True,True
13-2072,Loan Officers,Loan Officers,Loan Officers,0.2045454545454545,0.5909090909090909,0.9772727272727272,0.3409090909090909,0.6477272727272727,0.9545454545454546,1.385739,1,13-2072,False,0.98,1,13-2072,False,base_00,4,base_00,False,1,2.0,2.12,3.0,1.88,3.75,1.5,1.0,1.25,1.0,1.0,2.12,2.0,2.75,3.0,1.0,1.0,1.0,1.88,3.75,3.12,2.0,3.25,2.0,1.0,3.88,1.0,3.25,4.0,4.0,2.12,2.25,1.0,3.75,1.0,1.0,1.0,3.0,1.0,1.0,3.75,3.75,2.12,1.0,1.0,1.0,2.25,1.38,2.0,1.88,1.12,4.0,3.88,3.12,4.0,3.25,2.88,3.75,1.0,1.0,1.0,2.88,3.88,2.75,2.12,2.0,2.62,3.25,2.88,2.88,1.25,1.75,1.88,2.88,1.62,1.5,3.88,1.0,1.0,3.0,3.25,4.0,2.62,2.25,1.88,3.12,1.0,3.38,4.26,2.08,2.37,4.11,4.06,1.69,3.06,3.4,2.83,3.79,1.2,4.34,2.75,4.49,4.5,2.47,1.51,3.66,2.23,3.58,3.68,4.08,2.1,3.14,1.33,3.94,3.34,3.63,1.6,4.28,2.99,1.38,1.21,3.3,3.01,3.35,2.11,3.26,2.32,3.94,4.24,3.19,3.01,4.83,3.9,4.55,3.32,1.45,3.2,4.39,5.0,1.17,1.0,1.37,1.45,1.0,1.0,1.0,1.19,1.0,2.92,1.3,1.0,4.89,4.43,4.8,2.63,4.49,4.5,3.45,2.03,1.0,5.0,2.15,4.06,1.92,1.41,1.36,3.14,2.34,1.53,1.0,1.14,1.03,2.58,4.61,2.16,3.39,1.74,5.0,4.12,1.1,1.0,3.6,4.53,4.23,True,True,True,True,True,True,True,True
13-2081,"Tax Examiners and Collectors, and Revenue Agents","Tax Examiners and Collectors, and Revenue Agents","Tax Examiners and Collectors, and Revenue Agents",0.1935483870967742,0.5806451612903225,0.967741935483871,0.4516129032258064,0.6774193548387096,0.9032258064516128,1.36682,1,13-2081,False,0.93,1,13-2081,False,base_00,3,base_00,False,1,1.88,2.25,3.12,1.62,4.0,1.25,1.0,1.25,1.0,1.0,2.75,2.25,3.0,2.75,1.0,1.0,1.0,1.62,4.0,4.0,1.88,3.12,2.88,1.0,3.75,1.0,3.12,4.0,4.0,2.25,2.88,1.0,3.88,1.0,1.0,1.0,2.88,1.0,1.0,3.75,3.75,2.62,1.0,1.0,1.0,2.5,1.88,1.75,2.12,1.88,4.0,3.62,3.25,4.0,3.0,3.0,3.88,1.0,1.0,1.12,2.88,3.12,2.88,1.88,1.62,2.25,3.25,3.25,3.0,1.38,1.75,1.75,2.88,1.62,2.0,4.0,1.0,1.0,2.88,3.0,4.0,2.5,2.5,1.5,3.0,1.0,3.25,3.72,3.01,2.63,4.88,4.34,1.75,2.93,3.44,2.94,4.0,1.17,3.76,3.21,4.46,4.57,2.53,1.86,4.25,2.38,3.79,2.76,4.04,1.52,3.57,1.45,4.15,3.28,4.74,1.84,4.32,3.01,1.48,1.16,3.36,3.27,2.25,1.87,2.89,3.42,3.63,4.77,2.77,2.91,4.52,3.06,4.53,3.61,1.64,3.03,4.12,4.9,1.45,1.02,1.02,1.96,1.0,1.0,1.0,1.01,1.0,2.6,1.13,1.0,4.11,4.12,4.07,2.12,4.18,4.96,4.19,1.69,1.0,4.88,1.49,2.0,1.12,1.05,1.24,3.07,1.56,1.31,1.0,1.0,1.13,3.3,4.72,1.59,2.63,1.43,4.56,3.74,1.01,1.01,2.58,4.23,4.05,True,True,True,True,True,True,True,True
13-2082,Tax Preparers,Tax Preparers,Tax Preparers,0.25,0.625,1.0,0.25,0.625,1.0,1.29371,1,13-2082,False,0.99,1,13-2082,False,base_00,3,base_00,False,1,1.5,1.62,3.12,1.12,3.75,1.0,1.0,1.0,1.0,1.0,2.0,1.75,3.0,3.0,1.0,1.0,1.0,1.62,3.25,3.25,1.38,3.0,2.0,1.0,3.88,1.0,3.25,4.0,3.88,2.62,3.0,1.0,3.0,1.0,1.0,1.0,3.0,1.0,1.0,3.12,3.0,2.25,1.0,1.0,1.0,2.0,1.38,1.88,2.0,2.0,3.88,3.0,3.12,3.88,2.88,2.75,3.5,1.0,1.0,1.0,2.75,3.0,2.75,1.75,1.5,2.0,3.0,3.0,2.5,1.0,1.75,1.12,2.62,1.5,1.62,4.0,1.0,1.0,3.0,2.88,3.12,2.38,2.0,1.38,3.12,1.0,3.0,3.89,2.79,2.57,3.38,3.48,2.14,2.52,2.62,2.62,4.24,1.0,3.76,2.7,3.95,4.57,2.55,1.62,3.62,2.19,3.81,2.29,3.86,2.33,2.9,1.29,3.86,3.24,3.48,1.43,4.24,3.33,1.75,1.0,3.05,3.43,2.0,1.81,2.7,3.14,4.48,4.67,2.48,2.74,4.0,2.19,3.67,2.55,1.3,2.81,3.57,4.43,1.48,1.2,1.62,1.05,1.0,1.0,1.0,1.14,1.0,1.9,1.05,1.0,4.1,3.85,3.6,1.6,3.74,4.9,4.24,1.16,1.0,3.4,1.3,3.4,1.05,1.05,1.0,2.6,1.62,1.25,1.0,1.29,1.2,3.21,4.45,1.95,2.4,1.43,4.4,4.05,1.0,1.0,2.43,2.86,3.1,True,True,True,True,True,True,True,True
13-2099,"Financial Specialists, All Other",,Financial Quantitative Analysts,0.2346437346437346,0.5832309582309583,0.931818181818182,0.253071253071253,0.5924447174447174,0.931818181818182,1.361362,1,13-2099,True,0.33,1,13-2099,True,first_detail,4,detail_mode_tie_lower,True,2,1.44,2.06,3.125,1.56,3.94,1.62,1.0,1.25,1.0,1.0,2.5,1.62,3.13,3.31,1.0,1.0,1.0,2.0,3.875,3.625,1.44,3.69,2.5,1.125,3.5,1.0,3.38,4.0,3.875,3.06,2.625,1.0,3.935,1.0,1.0,1.0,3.12,1.0,1.0,3.625,3.69,2.685,1.0,1.0,1.0,2.435,1.875,2.0,2.0,1.69,4.0,4.0649999999999995,3.75,3.935,3.94,3.31,4.0600000000000005,1.0,1.0,1.0,3.0,3.815,2.94,2.44,2.0,2.81,3.69,3.06,3.0,1.31,1.625,1.94,3.185,2.185,1.375,4.0,1.0,1.44,2.94,3.19,3.875,3.0,2.935,1.63,3.06,1.06,3.81,4.57,2.155,3.105,3.74,4.225,1.625,2.955,3.21,3.395,3.74,1.4300000000000002,3.735,3.385,3.69,4.58,3.1799999999999997,1.55,3.79,2.135,3.985,3.08,4.34,2.64,3.01,1.565,3.785,2.495,2.035,1.7200000000000002,4.43,3.425,1.295,1.125,2.92,3.22,2.875,2.375,3.59,3.2750000000000004,4.135,4.58,2.725,3.165,3.885,3.485,3.065,2.58,1.465,2.615,4.0600000000000005,4.855,1.36,1.425,1.2,1.345,1.16,1.14,1.14,1.22,1.02,2.31,1.31,1.06,4.305,3.965,3.89,2.145,4.03,4.4,3.25,1.645,1.145,4.13,1.58,3.92,1.48,1.42,1.375,2.78,2.605,1.33,1.105,1.16,1.27,2.78,4.609999999999999,2.045,2.125,1.46,4.52,3.895,1.42,1.24,3.375,4.235,3.55,True,True,True,True,True,True,True,True
15-1211,Computer Systems Analysts,Computer Systems Analysts,Computer Systems Analysts,0.2941176470588235,0.6174242424242424,0.9407308377896612,0.2406417112299465,0.553475935828877,0.8663101604278075,1.19815,1,15-1121,False,0.0065,1,15-1121,False,base_00,4,base_00,True,2,2.0,2.0,3.5,2.0,4.0600000000000005,1.75,1.0,1.25,1.0,1.19,2.875,2.31,3.06,3.69,1.0,1.0,1.0,2.0,3.94,3.875,2.0,3.06,2.5,1.06,3.815,1.0,2.94,3.94,4.0,3.44,3.0,1.0,3.94,1.06,1.125,1.0,2.94,1.0,1.0,3.625,3.62,2.81,1.0,1.0,1.0,2.56,1.815,2.25,3.0,1.685,4.0600000000000005,3.69,3.685,3.875,3.75,3.31,3.875,1.44,2.0,1.5,3.13,3.75,3.435,2.12,2.0,3.0,3.0,3.5,2.75,2.06,2.875,2.75,2.875,3.065,2.875,4.13,1.44,2.185,3.06,3.12,4.0,3.75,3.75,2.815,3.25,2.62,3.69,4.315,3.025,3.0700000000000003,3.4450000000000003,4.345,2.79,3.21,3.735,3.68,3.865,2.215,4.0,3.175,3.96,4.63,3.125,2.075,3.915,2.98,4.095,3.465,4.58,2.755,3.915,1.51,4.01,2.875,1.87,1.95,4.335,3.125,2.23,1.595,3.28,3.275,2.1799999999999997,2.02,3.96,3.37,4.41,4.859999999999999,2.63,2.9450000000000003,4.4350000000000005,3.985,3.11,2.59,1.345,2.455,4.415,5.0,1.3199999999999998,1.37,1.645,1.19,1.1349999999999998,1.08,1.06,1.12,1.0,2.135,1.1749999999999998,1.0,4.255,4.075,3.41,2.44,3.58,4.435,3.755,1.365,1.04,4.72,1.215,3.42,1.16,1.2000000000000002,1.33,3.08,2.54,1.265,1.13,1.0950000000000002,1.3450000000000002,3.1500000000000004,4.21,2.26,2.92,1.94,4.8,3.895,1.585,1.095,3.775,4.6,3.19,True,True,True,True,True,True,True,True
15-1212,Information Security Analysts,Information Security Analysts,Information Security Analysts,0.3478260869565217,0.6521739130434783,0.9565217391304348,0.0869565217391304,0.5434782608695652,1.0,1.250146,1,15-1122,False,,,,,base_00,4,base_00,False,1,2.0,1.75,3.5,1.88,4.0,1.75,1.0,1.38,1.0,1.62,2.75,2.38,3.38,3.0,1.0,1.0,1.0,1.88,4.0,3.88,1.88,2.75,2.25,1.0,3.75,1.0,2.25,4.0,3.75,3.0,3.0,1.0,4.0,1.0,1.0,1.12,3.12,1.0,1.0,3.38,3.38,2.88,1.0,1.12,1.0,2.75,1.62,2.12,2.75,1.38,4.0,3.88,3.25,3.75,3.75,3.0,3.88,1.62,1.75,1.5,2.88,3.38,2.88,1.75,1.75,2.88,2.25,3.38,2.62,1.75,2.5,3.0,2.62,2.62,3.0,4.0,1.62,1.88,2.88,2.75,3.62,3.38,3.0,2.12,3.12,2.12,3.5,4.08,1.65,2.67,3.13,4.0,1.91,2.85,2.83,3.27,4.03,1.95,3.45,3.18,4.12,4.5,2.42,1.68,4.29,2.45,3.74,3.07,3.94,2.56,3.92,1.34,3.67,3.27,1.75,1.62,4.09,3.01,2.53,1.36,2.59,2.63,2.32,2.27,3.56,2.73,4.05,4.7,2.92,3.45,4.32,3.43,2.87,2.62,1.1,2.03,4.08,4.96,1.55,1.63,1.03,1.88,1.3,1.24,1.34,1.36,1.07,2.47,1.78,1.0,4.47,4.0,3.19,2.14,3.63,4.07,3.33,1.8,1.08,4.82,1.68,3.19,1.52,1.62,1.25,3.06,2.08,1.4,1.45,1.27,1.64,2.81,4.23,2.3,3.09,1.99,4.48,3.6,1.39,1.15,3.02,4.18,2.99,True,True,False,True,True,True,True,True
15-1221,Computer and Information Research Scientists,Computer and Information Research Scientists,Computer and Information Research Scientists,0.3846153846153846,0.6346153846153847,0.8846153846153847,0.2307692307692307,0.5,0.7692307692307693,1.154269,1,15-1111,False,0.015,1,15-1111,False,base_00,5,base_00,False,1,2.0,2.0,3.75,2.0,4.12,1.75,1.0,1.0,1.0,1.0,2.62,2.62,3.0,3.88,1.0,1.0,1.0,2.12,4.12,3.75,2.0,3.38,2.88,1.0,3.75,1.0,3.25,4.0,4.0,3.62,3.0,1.0,3.88,1.0,1.0,1.12,2.88,1.0,1.0,3.25,3.25,2.88,1.0,1.0,1.0,2.5,1.88,2.0,3.25,1.88,3.88,3.75,3.5,3.75,4.0,3.0,4.0,1.12,1.88,1.0,3.0,4.0,3.0,2.5,2.25,2.88,3.38,3.12,2.5,2.0,3.12,2.62,2.75,3.62,2.38,3.75,1.12,3.12,2.75,3.0,3.5,3.75,3.62,3.12,3.38,2.38,3.38,4.56,2.18,2.32,4.22,4.3,2.43,2.83,2.88,3.71,4.37,2.17,3.75,4.2,3.54,4.62,2.65,1.66,4.31,2.67,4.27,3.54,4.65,2.73,3.05,1.66,3.67,2.51,1.97,1.81,4.32,3.28,2.24,1.75,2.84,3.38,2.24,2.22,4.53,3.18,4.57,4.97,2.59,2.61,4.44,3.56,3.66,2.12,1.0,2.32,3.98,5.0,1.18,1.57,1.01,1.23,1.27,1.17,1.09,1.08,1.05,2.14,1.14,1.0,4.69,4.17,3.03,2.18,3.42,3.96,2.22,1.09,1.04,4.78,1.4,3.31,1.06,1.04,1.63,2.3,3.13,1.2,1.0,1.03,1.27,2.45,4.53,1.77,2.75,1.34,4.38,3.71,1.43,1.04,3.32,4.44,2.81,True,True,True,True,True,True,True,True
15-1231,Computer Network Support Specialists,Computer Network Support Specialists,Computer Network Support Specialists,0.4615384615384615,0.6346153846153847,0.8076923076923077,0.2307692307692307,0.5384615384615385,0.8461538461538463,0.7860606,1,15-1152,False,,,,,base_00,4,base_00,False,1,2.62,2.25,3.0,2.25,3.88,2.12,1.0,1.0,1.0,2.0,2.75,3.0,3.0,3.0,1.0,1.0,1.0,2.0,3.75,3.5,2.38,2.38,2.5,2.38,3.38,1.0,2.25,3.88,3.75,2.62,2.62,1.0,3.88,1.0,1.0,1.0,3.12,1.12,1.12,3.38,3.38,2.62,1.0,1.0,1.88,2.25,1.12,2.5,2.88,1.38,3.62,3.38,3.25,3.5,3.25,2.75,3.75,2.62,2.5,2.75,2.62,3.38,2.62,1.5,2.0,2.25,2.12,3.25,2.25,2.0,1.88,3.0,2.25,2.25,2.88,3.38,2.88,1.88,2.5,2.88,3.25,3.12,3.0,2.12,3.0,3.12,3.0,3.83,2.68,2.47,3.09,4.17,2.36,2.44,2.57,2.97,3.27,2.79,3.96,2.73,3.56,4.4,2.25,2.6,3.34,3.03,3.34,3.09,3.9,2.48,3.5,1.53,3.76,2.59,1.45,2.36,3.79,3.1,2.79,2.23,3.16,3.35,1.88,2.15,3.38,2.91,4.45,4.95,2.58,3.29,4.72,3.46,3.51,2.77,1.05,2.28,4.3,4.92,2.4,2.92,1.53,2.0,1.12,1.31,1.25,1.8,1.04,2.61,1.44,1.0,4.8,4.26,3.52,2.39,3.77,4.45,3.71,2.67,1.04,4.83,2.02,2.96,1.51,1.45,1.75,3.2,1.93,1.86,1.26,1.32,1.91,3.33,3.72,2.45,3.1,2.39,4.92,3.9,1.34,1.01,3.33,4.61,3.66,True,True,False,True,True,True,True,True
15-1232,Computer User Support Specialists,Computer User Support Specialists,Computer User Support Specialists,0.4444444444444444,0.611111111111111,0.7777777777777777,0.4814814814814814,0.6666666666666666,0.8518518518518519,0.299343,1,15-1151,False,,,,,base_00,3,base_00,False,1,2.75,1.88,3.0,2.12,3.62,1.62,1.0,1.62,1.25,1.88,2.75,3.0,2.88,3.12,1.0,1.38,1.12,1.62,3.38,3.62,2.62,2.62,2.62,1.88,3.88,1.0,2.25,4.0,4.0,2.88,3.0,1.0,3.62,1.62,1.62,1.62,3.0,1.0,1.12,3.62,3.62,2.38,1.0,1.38,2.0,2.75,1.88,2.25,2.88,2.12,4.0,3.88,3.12,4.0,3.62,2.88,3.75,2.12,1.88,2.25,3.0,3.25,3.12,1.62,1.88,2.38,2.25,3.12,2.38,2.88,2.38,3.0,2.62,2.25,2.88,4.0,2.12,1.75,3.12,3.12,4.0,3.0,2.88,2.0,3.0,3.0,3.5,3.57,2.31,2.94,3.61,4.36,2.95,2.42,3.24,3.24,3.91,2.14,3.78,3.01,3.62,4.45,2.35,2.64,3.58,3.43,3.78,3.17,4.3,2.72,3.7,1.98,3.46,3.14,1.94,2.32,4.07,3.36,2.88,2.47,2.74,3.0,2.53,1.92,3.51,3.38,4.26,4.78,2.33,3.46,4.38,4.25,2.01,2.93,1.33,2.06,4.41,5.0,1.45,1.7,1.26,1.21,1.15,1.15,1.3,1.08,1.02,1.45,1.74,1.03,4.83,4.57,4.1,3.41,3.22,4.04,3.5,2.04,1.03,4.86,1.5,2.75,1.63,1.38,1.32,2.7,2.03,2.07,1.36,1.48,1.78,4.05,3.93,2.18,4.41,2.17,4.61,3.65,1.25,1.11,4.2,4.07,2.79,True,True,False,True,True,True,True,True
15-1241,Computer Network Architects,Computer Network Architects,Computer Network Architects,0.3548869680851064,0.6352227393617021,0.915558510638298,0.2292220744680851,0.5433011968085106,0.8573803191489362,0.5803306,1,15-1143,False,,,,,base_00,4,base_00,True,2,2.31,2.25,3.56,2.185,3.625,1.875,1.0,1.375,1.0,1.94,2.875,2.5,3.06,3.12,1.0,1.25,1.25,2.375,3.625,3.69,2.25,3.06,2.37,1.375,3.625,1.06,3.0,3.875,3.75,3.06,3.0,1.0,3.81,1.125,1.185,1.06,3.0,1.19,1.37,3.31,3.185,2.375,1.0,1.375,1.25,2.56,2.125,2.75,2.815,1.69,3.75,3.625,3.315,3.685,3.5,3.25,3.87,2.5,2.56,1.935,2.875,3.435,2.94,2.375,2.38,2.685,3.0,3.12,2.875,2.37,2.565,3.06,3.0,3.13,3.125,3.81,2.31,2.0,3.0,3.06,3.375,3.435,3.5,2.87,3.06,2.88,3.435,3.95,2.12,2.8499999999999996,3.625,4.1899999999999995,2.25,3.325,3.0700000000000003,3.425,3.76,2.975,3.51,3.335,4.0,4.365,2.975,2.3,3.905,3.275,3.605,3.34,4.285,3.075,3.83,2.045,3.765,3.0999999999999996,2.34,2.22,4.025,3.605,2.88,1.975,3.125,3.735,2.455,1.95,3.535,3.2,4.3149999999999995,4.615,2.63,3.2,4.335,3.655,3.3049999999999997,2.61,1.29,2.345,3.925,5.0,1.605,1.85,1.34,1.79,1.56,1.53,1.65,1.46,1.1,2.635,1.75,1.0699999999999998,4.5649999999999995,3.925,3.34,2.87,3.66,4.1,3.0549999999999997,2.415,1.315,4.335,2.175,3.465,1.99,1.85,1.515,3.075,2.395,1.6800000000000002,1.7,1.365,1.78,2.325,3.89,2.7,2.54,2.045,4.675000000000001,3.825,2.06,1.43,3.27,4.1899999999999995,3.355,True,True,False,True,True,True,True,True
15-1242,Database Administrators,Database Administrators,Database Administrators,0.8709677419354839,0.935483870967742,1.0,0.2903225806451612,0.5967741935483871,0.9032258064516128,1.284863,1,15-1141,True,0.03,1,15-1141,True,base_00,4,base_00,False,1,2.0,1.88,3.38,1.88,4.0,1.38,1.0,1.25,1.0,1.0,2.62,1.75,3.25,3.12,1.0,1.0,1.0,1.62,3.88,3.88,1.75,3.12,2.5,1.0,3.62,1.0,3.0,3.88,3.5,3.0,3.0,1.0,3.88,1.0,1.12,1.38,3.0,1.0,1.0,3.12,3.25,2.88,1.0,1.12,1.0,2.25,1.75,1.88,3.0,1.5,3.88,3.38,3.5,3.75,3.88,3.0,3.88,1.0,1.5,1.38,3.0,3.75,3.0,1.75,1.88,2.75,3.0,3.25,2.0,1.5,3.12,2.75,2.62,3.38,2.5,3.75,1.12,2.0,2.88,2.88,3.38,3.12,3.12,2.38,2.88,2.5,3.25,4.0,2.85,2.19,2.58,3.84,1.88,3.08,2.9,3.3,3.61,1.46,3.86,3.04,3.75,4.12,2.12,1.39,4.11,2.15,3.47,2.68,4.18,2.78,3.42,1.51,3.62,2.21,1.13,1.43,3.92,2.9,1.99,1.53,3.42,3.35,1.81,1.93,3.73,3.0,3.68,4.83,2.44,3.88,4.13,3.58,2.13,2.24,1.23,2.63,4.24,4.92,1.11,1.07,1.05,1.08,1.05,1.07,1.14,1.0,1.01,2.1,1.09,1.0,3.19,4.49,3.91,2.07,3.29,4.34,3.39,1.66,1.02,4.77,1.35,2.77,1.12,1.12,1.2,2.39,1.6,1.89,1.07,1.05,1.56,3.89,4.33,3.0,2.66,1.46,4.58,2.99,1.59,1.07,3.46,4.58,2.98,True,True,True,True,True,True,True,True
15-1243,Database Architects,Database Architects,Database Architects,0.8224932249322493,0.9112466124661248,1.0,0.3163956639566395,0.6460027100271002,0.975609756097561,1.258784,2,15-1141;15-1199,True,0.03,1,15-1141,True,base_00,4,base_00,False,1,1.565,1.875,3.44,1.44,3.815,1.81,1.0,1.435,1.0,1.0,2.38,1.565,3.125,3.185,1.0,1.0,1.0,1.94,3.75,3.815,1.44,3.12,2.375,1.0,3.62,1.0,3.06,3.815,3.625,3.0,2.87,1.0,3.565,1.0,1.0,1.0,3.125,1.0,1.0,3.5,3.25,2.625,1.06,1.0,1.0,1.94,2.0,2.06,2.75,1.88,3.88,3.375,3.125,3.5,3.75,3.06,3.88,1.12,1.56,1.31,2.75,3.63,2.75,1.875,1.94,2.31,3.0,3.0,2.62,1.815,2.935,2.31,2.815,3.565,2.19,3.88,1.12,1.88,2.81,3.0,3.44,3.625,3.25,2.81,2.94,1.75,3.185,4.585,1.98,2.905,2.83,4.03,1.5,2.96,3.135,3.53,3.4299999999999997,1.93,3.5,3.405,3.625,4.404999999999999,2.74,1.14,4.074999999999999,1.985,3.645,3.08,4.12,2.205,3.21,1.045,3.705,2.475,1.4,1.145,4.43,3.5,1.435,1.025,2.76,3.025,2.295,2.185,3.93,3.0549999999999997,4.23,4.859999999999999,2.755,2.7300000000000004,3.62,3.355,2.145,2.14,1.0699999999999998,2.53,4.005,4.975,1.255,1.05,1.025,1.1349999999999998,1.045,1.025,1.0,1.025,1.085,1.835,1.045,1.0,4.37,4.140000000000001,3.005,1.71,3.535,4.3100000000000005,3.435,1.07,1.0,4.49,1.14,3.405,1.05,1.025,1.165,2.65,2.17,1.115,1.0,1.085,1.025,2.71,4.835,1.82,2.44,1.38,4.375,3.46,1.025,1.0,2.895,4.245,3.05,True,True,True,True,True,True,True,True
15-1244,Network and Computer Systems Administrators,Network and Computer Systems Administrators,Network and Computer Systems Administrators,0.5405405405405406,0.7297297297297298,0.918918918918919,0.1621621621621621,0.5135135135135136,0.8648648648648649,0.7895315,1,15-1142,False,0.03,1,15-1142,False,base_00,4,base_00,False,1,2.62,2.25,3.25,2.75,3.75,2.0,1.0,1.25,1.0,2.0,2.88,2.75,3.12,3.25,1.0,1.0,1.0,2.12,3.75,3.88,2.5,3.0,2.75,1.75,3.62,1.0,3.0,3.5,3.75,3.12,3.0,1.0,4.0,2.0,2.0,1.75,3.12,1.0,1.0,3.12,3.38,2.62,1.0,1.0,1.0,2.62,1.62,2.88,2.88,2.25,3.88,3.25,3.12,3.75,3.75,3.0,3.88,3.0,2.88,2.38,2.88,3.88,2.75,2.0,2.75,3.0,3.0,3.75,2.5,3.0,3.12,3.38,2.75,3.62,3.25,3.88,3.0,2.25,3.0,3.0,3.38,3.88,3.75,2.75,3.12,3.75,3.12,3.59,2.77,2.55,2.92,3.71,3.13,2.52,2.4,3.22,3.62,2.5,2.95,2.7,2.99,4.17,1.99,2.41,4.02,2.68,3.68,2.82,4.3,2.99,3.35,1.5,4.08,2.24,1.47,2.24,3.8,2.77,3.72,2.28,2.39,3.24,2.18,1.29,3.53,3.07,4.24,4.86,2.41,2.72,4.46,2.71,1.8,3.08,1.21,2.58,4.14,4.89,1.55,2.04,1.1,1.58,1.16,1.14,1.26,1.29,1.06,3.17,1.65,1.0,4.51,4.09,3.07,1.9,3.3,4.0,3.3,2.15,1.03,4.96,1.68,3.1,1.43,1.12,1.32,3.15,1.53,1.71,1.16,1.17,1.72,3.13,4.27,2.02,2.44,1.67,4.61,3.79,1.36,1.02,2.75,4.2,3.15,True,True,True,True,True,True,True,True
15-1251,Computer Programmers,Computer Programmers,Computer Programmers,0.9,0.95,1.0,0.4333333333333333,0.6833333333333333,0.9333333333333332,1.271506,1,15-1131,False,0.48,1,15-1131,False,base_00,4,base_00,False,1,2.0,2.0,2.88,1.88,3.75,1.5,1.0,1.25,1.0,1.0,2.5,2.25,3.0,3.0,1.0,1.0,1.0,1.75,3.75,3.75,2.0,3.12,2.25,1.0,3.88,1.0,3.12,3.88,3.5,3.0,2.88,1.0,3.75,1.0,1.0,1.0,3.12,1.0,1.0,3.12,3.25,2.0,1.0,1.0,1.0,2.25,1.62,2.0,2.88,1.38,4.0,3.25,3.12,3.75,3.75,3.0,3.75,1.0,1.0,1.25,2.5,3.25,2.38,2.0,2.0,2.62,3.12,3.0,2.12,1.12,3.12,2.25,2.62,4.75,3.5,3.38,1.0,2.75,2.25,3.12,3.12,3.38,3.12,2.75,3.12,2.25,3.25,4.52,2.17,2.75,2.8,4.13,1.69,3.06,3.55,3.6,3.82,1.8,3.45,3.88,3.55,4.51,2.55,1.52,4.22,2.59,3.51,2.79,4.45,2.39,3.45,1.3,3.59,2.08,1.59,1.65,4.59,3.43,2.05,1.5,2.17,2.37,2.15,1.87,4.35,2.79,4.16,4.95,2.48,2.54,4.15,2.9,2.28,2.21,1.0,2.29,3.4,5.0,1.07,1.05,1.0,1.13,1.0,1.0,1.0,1.1,1.0,2.67,1.02,1.0,4.58,3.43,2.33,1.28,3.14,4.22,3.15,1.37,1.0,4.26,1.03,3.55,1.19,1.18,1.13,2.56,2.48,1.26,1.0,1.03,1.2,3.28,4.84,1.62,3.14,1.59,3.41,4.04,1.0,1.0,2.69,4.21,1.67,True,True,True,True,True,True,True,True
15-1252,Software Developers,Software Developers,Software Developers,0.7894736842105263,0.8684210526315789,0.9473684210526316,0.0526315789473684,0.4473684210526315,0.8421052631578947,1.2421155,2,15-1132;15-1133,True,0.08600000000000001,2,15-1132;15-1133,True,base_00,4,base_00,False,1,1.75,1.75,3.5,1.5,3.75,1.5,1.0,1.38,1.0,1.0,2.38,1.75,2.62,3.25,1.0,1.0,1.0,1.75,3.5,3.62,1.62,2.88,2.25,1.0,3.75,1.0,2.5,3.75,3.75,3.12,2.62,1.0,3.75,1.0,1.0,1.12,3.12,1.0,1.0,3.0,3.38,2.5,1.0,1.0,1.0,2.0,1.88,2.0,2.38,1.75,3.75,3.5,3.5,3.38,3.38,3.0,3.88,1.25,2.12,1.88,2.88,3.62,2.62,1.75,1.62,2.25,2.75,3.0,2.62,2.0,3.25,2.75,2.75,4.0,2.75,3.5,1.12,2.12,2.88,2.88,3.12,3.5,3.38,3.38,3.12,2.62,3.25,4.2,2.28,2.71,2.52,4.23,2.28,2.34,2.22,3.76,3.78,1.69,3.54,2.67,3.94,4.04,1.69,1.2,3.66,2.06,3.61,2.61,4.34,2.1,3.7,1.12,4.06,2.32,1.12,1.67,4.38,3.27,1.65,1.06,2.39,3.32,1.61,1.53,4.33,2.83,4.1,4.61,1.72,2.76,3.88,3.74,1.93,1.46,1.0,2.24,4.19,4.5,1.04,1.26,1.02,1.17,1.01,1.01,1.23,1.0,1.02,1.07,1.05,1.0,3.0,4.27,2.42,2.05,2.55,4.26,3.23,1.02,1.0,3.2,1.06,3.05,1.01,1.02,1.33,1.71,1.62,1.04,1.01,1.02,1.02,2.79,4.95,1.47,3.16,1.29,3.43,3.5,1.28,1.03,3.44,4.56,1.18,True,True,True,True,True,True,True,True
15-1253,Software Quality Assurance Analysts and Testers,Software Quality Assurance Analysts and Testers,Software Quality Assurance Analysts and Testers,0.8070175438596491,0.8771929824561403,0.9473684210526316,0.3157894736842105,0.6140350877192982,0.912280701754386,1.2389786666666665,3,15-1132;15-1133;15-1199,True,0.08600000000000001,2,15-1132;15-1133,True,base_00,4,base_00,False,1,1.88,2.0,3.12,1.88,4.0,1.5,1.0,1.38,1.0,1.0,2.38,2.0,3.12,3.0,1.0,1.0,1.0,1.88,4.0,3.75,2.0,2.88,2.25,1.0,3.62,1.0,2.38,4.0,4.0,3.0,3.12,1.0,4.0,1.0,1.0,1.0,3.0,1.0,1.0,3.0,3.25,2.25,1.0,1.0,1.0,2.75,1.75,1.88,2.62,1.88,4.0,3.88,3.12,3.88,3.38,3.0,3.88,1.0,1.75,2.0,2.62,3.12,2.88,1.5,1.5,2.12,2.75,3.62,2.12,1.88,3.12,3.0,2.5,3.62,3.38,4.0,1.12,2.75,2.5,2.88,3.88,3.12,3.25,2.62,3.0,2.88,3.75,4.26,2.12,3.22,2.56,4.44,1.65,3.48,3.45,3.21,4.06,1.44,4.0,2.94,4.24,4.65,2.88,1.24,4.22,2.36,3.32,3.45,3.85,2.29,3.5,1.15,4.09,2.48,1.32,1.42,4.38,3.09,1.47,1.21,2.91,3.27,1.97,2.0,3.85,3.03,4.36,4.94,3.03,2.79,4.0,2.97,2.12,2.39,1.24,2.88,3.97,5.0,1.18,1.32,1.09,1.15,1.12,1.15,1.0,1.06,1.06,2.74,1.06,1.0,4.69,4.12,3.0,2.12,3.56,4.44,3.66,1.15,1.12,4.12,1.29,3.55,1.12,1.12,1.61,3.09,2.44,1.09,1.0,1.09,1.03,3.26,4.68,1.94,2.68,1.42,4.09,3.88,1.21,1.09,2.88,4.42,2.76,True,True,True,True,True,True,True,True
15-1254,Web Developers,Web Developers,Web Developers,0.8653846153846154,0.9326923076923076,1.0,0.3076923076923077,0.6346153846153847,0.9615384615384616,1.089463,1,15-1134,True,,,,,base_00,3,base_00,False,1,2.0,1.88,3.25,1.88,3.88,1.75,1.0,1.25,1.0,1.0,2.38,2.75,3.12,3.25,1.0,1.0,1.0,1.75,3.5,3.5,2.0,3.12,2.5,1.0,3.62,1.0,2.75,3.75,3.25,3.12,3.0,1.0,3.62,1.0,1.0,1.12,3.12,1.0,1.0,3.38,3.38,2.88,1.0,1.0,1.0,1.88,1.88,2.62,3.12,2.0,3.62,3.12,3.5,3.5,3.62,3.0,3.75,1.0,2.0,1.25,2.75,3.38,2.88,1.75,1.75,2.38,2.75,3.0,2.75,1.62,3.62,2.25,2.88,4.12,2.75,3.62,1.0,2.0,2.88,2.88,3.25,3.12,3.0,2.5,3.0,2.12,3.12,3.54,1.92,2.5,3.04,3.88,2.0,2.79,3.25,3.33,3.46,1.58,3.54,3.33,3.33,4.48,2.67,1.25,3.67,2.46,3.33,3.04,4.25,2.42,2.96,1.21,3.91,2.58,1.79,1.42,4.13,3.29,1.67,1.08,2.88,3.46,2.29,2.0,4.38,2.83,4.29,4.88,2.88,2.88,3.88,3.04,2.46,2.5,1.17,2.0,4.08,4.79,1.17,1.17,1.04,1.21,1.0,1.04,1.0,1.04,1.0,2.75,1.08,1.0,4.33,4.42,3.25,1.83,3.5,4.25,4.17,1.04,1.0,4.38,1.08,3.83,1.04,1.08,1.04,2.75,1.96,1.17,1.04,1.08,1.17,4.04,4.79,1.67,3.21,1.46,4.17,4.0,1.04,1.04,3.12,4.0,2.54,True,True,False,True,True,True,True,True
15-1255,Web and Digital Interface Designers,Web and Digital Interface Designers,Web and Digital Interface Designers,0.5,0.75,1.0,0.2666666666666666,0.6333333333333333,1.0,1.161084,2,15-1134;15-1199,True,,,,,base_00,4,base_00,False,1,2.12,2.0,3.0,2.0,3.75,1.62,1.0,1.12,1.0,1.0,2.88,2.62,3.0,4.12,1.0,1.0,1.0,2.12,3.75,3.88,2.0,2.88,2.62,1.0,4.0,1.0,2.88,3.88,3.75,4.0,3.0,1.0,3.75,1.0,1.0,1.0,3.38,1.0,1.0,3.12,3.25,2.75,1.0,1.0,1.0,2.62,1.62,2.88,3.25,1.5,4.0,3.88,3.5,3.88,3.62,3.12,3.75,1.0,1.12,1.12,2.88,3.62,2.88,1.88,1.88,2.75,2.88,3.12,3.0,1.0,3.0,2.25,3.0,4.0,2.0,3.75,1.0,1.38,2.75,3.0,3.12,3.38,3.25,3.0,3.38,1.12,3.25,3.75,2.1,2.55,2.85,4.3,1.68,2.9,3.3,3.6,3.6,2.15,3.8,3.1,2.61,4.05,2.9,1.25,3.65,1.9,3.16,3.35,4.7,2.05,3.0,1.0,3.6,2.1,1.7,1.3,3.95,2.89,1.45,1.0,3.32,2.75,2.84,2.05,4.9,2.65,3.7,4.85,2.8,2.1,4.05,3.85,2.05,2.05,1.05,1.79,4.05,5.0,1.0,1.1,1.0,1.3,1.0,1.0,1.05,1.0,1.0,2.1,1.0,1.0,4.7,3.95,3.1,1.45,3.5,3.16,3.4,1.15,1.05,4.75,1.1,4.35,1.15,1.1,1.1,2.95,2.35,1.0,1.0,1.0,1.05,4.05,4.84,1.5,3.85,1.2,3.3,4.05,1.05,1.0,3.15,4.75,2.2,True,True,False,True,True,True,True,True
15-1299,"Computer Occupations, All Other",,Web Administrators,0.4766228777169385,0.7357861863332168,0.994949494949495,0.277384400302843,0.5969636725035986,0.9165429447043542,0.9683784499999999,2,15-1199;43-9011,True,0.78,1,43-9011,True,first_detail,4,detail_mode,True,2,1.7299999999999998,1.9383333333333332,3.2483333333333335,1.6900000000000002,3.813333333333333,1.6883333333333332,1.0,1.2483333333333333,1.02,1.105,2.561666666666667,2.0833333333333335,3.081666666666667,3.1666666666666665,1.0,1.0416666666666667,1.0416666666666667,1.875,3.77,3.709999999999999,1.7299999999999998,2.893333333333333,2.605,1.0416666666666667,3.6233333333333335,1.0,2.7883333333333336,3.9583333333333335,3.8966666666666665,3.1266666666666665,2.875,1.0,3.7716666666666665,1.105,1.105,1.0616666666666668,3.043333333333333,1.04,1.1233333333333333,3.3333333333333335,3.3733333333333335,2.6266666666666665,1.0,1.0416666666666667,1.0416666666666667,2.3516666666666666,1.6683333333333332,2.25,2.8366666666666664,1.5599999999999998,3.938333333333333,3.686666666666667,3.27,3.813333333333333,3.5,3.1666666666666665,3.915000000000001,1.25,1.5200000000000002,1.3533333333333335,2.936666666666667,3.3333333333333335,2.9166666666666665,2.143333333333333,2.1033333333333335,2.9150000000000005,2.605,3.456666666666667,2.7083333333333335,1.5816666666666668,2.5016666666666665,2.4783333333333335,2.813333333333333,2.895,2.5416666666666665,3.959999999999999,1.2916666666666667,2.06,2.9166666666666665,3.043333333333333,3.5216666666666665,3.438333333333333,3.295,2.23,3.1466666666666665,1.8533333333333335,3.6033333333333335,4.125,2.2083333333333335,3.338333333333334,3.48,4.316666666666666,2.0283333333333333,3.4933333333333336,3.4516666666666667,3.6366666666666663,3.943333333333334,2.3533333333333335,3.736666666666667,3.236666666666667,3.966666666666667,4.485,3.185,1.8766666666666667,4.001666666666667,2.5616666666666665,3.8733333333333335,3.1300000000000003,4.256666666666667,3.1300000000000003,3.47,1.5666666666666669,3.9766666666666666,3.11,2.2066666666666666,1.8483333333333336,4.158333333333333,3.5966666666666662,2.2483333333333335,1.5583333333333331,2.931666666666666,3.353333333333333,2.611666666666667,2.47,3.6766666666666663,3.5933333333333333,4.211666666666667,4.745,2.686666666666667,2.943333333333334,3.975,3.67,3.08,2.5833333333333335,1.2716666666666667,2.76,4.133333333333334,4.94,1.4233333333333331,1.5233333333333334,1.1133333333333333,1.635,1.13,1.1883333333333332,1.31,1.2533333333333332,1.03,2.2416666666666667,1.2616666666666667,1.028333333333333,4.3116666666666665,4.028333333333333,3.3866666666666667,2.3316666666666666,3.625,4.213333333333334,3.52,1.7166666666666668,1.1133333333333333,4.4816666666666665,1.596666666666667,3.4416666666666664,1.4566666666666668,1.37,1.6216666666666668,2.768333333333333,2.5,1.385,1.2533333333333332,1.26,1.3950000000000002,2.9033333333333338,4.463333333333334,1.9983333333333333,2.7433333333333336,1.625,4.586666666666667,3.834999999999999,1.37,1.105,3.223333333333333,4.296666666666667,3.2383333333333333,True,True,True,True,True,True,True,True
15-2011,Actuaries,Actuaries,Actuaries,0.0,0.5,1.0,0.2222222222222222,0.537037037037037,0.8518518518518519,1.516474,1,15-2011,False,0.21,1,15-2011,False,base_00,4,base_00,False,1,1.0,2.0,4.0,1.0,4.0,1.88,1.0,1.0,1.0,1.0,2.62,1.5,3.25,3.12,1.0,1.0,1.0,1.88,4.12,3.88,1.0,4.62,2.5,1.0,3.75,1.0,4.12,4.0,4.0,2.88,2.75,1.0,3.88,1.0,1.0,1.0,3.25,1.0,1.0,3.62,3.38,2.62,1.0,1.0,1.0,2.5,1.75,2.0,2.38,1.5,4.0,4.0,3.25,4.0,4.0,3.0,4.25,1.0,1.0,1.0,2.75,4.25,2.88,2.62,2.0,2.88,4.25,3.12,2.75,1.0,3.0,2.0,2.88,2.12,1.88,4.25,1.0,2.0,3.0,3.0,3.88,3.88,4.0,1.88,3.0,1.0,3.5,4.79,1.86,3.26,3.59,4.41,1.46,2.89,3.14,3.32,3.25,1.29,3.5,3.46,4.18,4.54,3.33,1.21,3.93,1.5,4.04,2.68,4.46,2.19,3.22,1.07,3.57,2.11,1.57,1.18,4.71,3.61,1.21,1.04,2.59,2.82,2.43,2.36,3.43,3.04,4.39,4.68,2.21,2.37,3.79,2.81,2.43,1.67,1.11,2.26,3.86,5.0,1.04,1.0,1.0,1.04,1.0,1.0,1.0,1.04,1.0,1.64,1.04,1.0,4.6,3.86,3.08,1.57,3.96,4.43,3.22,1.0,1.0,5.0,1.0,3.62,1.0,1.0,1.11,2.7,2.21,1.04,1.0,1.04,1.0,2.15,4.93,1.59,1.79,1.33,4.48,3.46,1.0,1.0,3.04,4.19,3.85,True,True,True,True,True,True,True,True
15-2021,Mathematicians,Mathematicians,Mathematicians,1.0,1.0,1.0,0.3809523809523809,0.6904761904761905,1.0,1.472319,1,15-2021,False,0.047,1,15-2021,False,base_00,5,base_00,False,1,1.0,1.62,3.88,1.0,4.0,1.38,1.0,1.0,1.0,1.0,2.0,1.5,3.25,3.75,1.0,1.0,1.0,1.62,3.88,3.88,1.0,5.0,2.88,1.0,3.62,1.0,4.62,4.12,4.12,3.75,2.88,1.0,3.75,1.0,1.0,1.0,3.12,1.0,1.12,3.12,3.0,2.88,1.0,1.0,1.0,1.88,1.75,1.88,2.75,1.25,4.12,4.12,4.0,3.38,4.0,2.88,4.12,1.0,1.0,1.0,3.0,3.75,3.25,1.62,1.62,2.0,5.0,3.0,2.0,1.0,2.5,1.38,2.75,2.5,1.5,4.0,1.0,3.62,2.0,2.88,3.25,3.0,3.0,1.62,2.75,1.0,3.62,4.55,1.8,3.42,3.21,3.5,1.3,2.7,2.7,3.25,3.35,1.3,2.95,3.25,2.65,4.15,2.84,1.3,2.65,1.7,3.95,2.55,4.2,1.95,2.05,1.1,3.45,2.3,1.7,1.2,4.3,3.2,1.45,1.25,2.1,2.85,2.1,2.0,4.7,4.25,4.35,4.25,1.9,2.26,3.35,2.35,2.0,2.05,1.25,1.74,4.35,4.55,1.3,1.1,1.32,1.05,1.1,1.05,1.05,1.05,1.0,1.9,1.05,1.0,4.26,4.5,2.25,1.75,2.7,4.3,2.1,1.15,1.0,3.65,1.2,3.8,1.1,1.2,1.3,2.5,2.95,1.3,1.05,1.15,1.1,2.0,3.89,2.1,1.65,1.6,2.89,3.15,1.0,1.0,2.47,3.39,2.95,True,True,True,True,True,True,True,True
15-2031,Operations Research Analysts,Operations Research Analysts,Operations Research Analysts,0.2580645161290322,0.6290322580645161,1.0,0.2580645161290322,0.6290322580645161,1.0,1.40002,1,15-2031,False,0.035,1,15-2031,False,base_00,5,base_00,False,1,1.0,1.75,3.62,1.0,4.12,1.25,1.0,1.0,1.0,1.0,2.75,1.38,3.12,3.62,1.0,1.0,1.0,1.62,4.12,3.88,1.0,4.5,2.88,1.0,3.75,1.0,4.0,4.0,4.0,3.62,2.75,1.0,4.0,1.0,1.0,1.0,3.0,1.0,1.0,3.25,3.12,2.5,1.0,1.0,1.0,2.0,1.75,1.75,2.12,1.38,4.0,4.0,3.88,4.0,4.12,3.12,4.0,1.0,1.0,1.0,3.0,3.88,3.0,1.88,1.88,2.62,4.5,2.88,2.12,1.12,3.75,1.88,2.88,2.62,1.88,4.0,1.0,3.25,2.75,2.88,4.0,3.88,3.88,1.75,3.12,1.25,4.0,4.67,2.45,2.81,3.35,4.05,1.52,2.85,3.33,3.9,3.43,1.81,3.48,3.76,2.95,4.8,2.86,1.43,4.33,2.1,4.24,3.33,4.67,2.62,3.52,1.52,3.81,2.29,1.9,1.38,4.48,3.86,1.45,1.38,2.81,3.71,2.86,2.05,4.1,3.1,4.24,4.67,2.29,2.35,3.62,3.43,2.38,1.81,1.24,2.29,4.05,4.81,1.14,1.2,1.1,1.19,1.1,1.14,1.1,1.05,1.1,1.62,1.19,1.0,4.29,3.76,2.9,2.14,3.57,4.24,2.1,1.33,1.14,4.86,1.67,3.65,1.38,1.38,1.33,2.33,2.52,1.05,1.05,1.05,1.15,1.65,4.43,1.9,1.6,1.38,4.1,3.57,1.43,1.3,2.95,4.33,3.1,True,True,True,True,True,True,True,True
15-2041,Statisticians,Statisticians,Statisticians,0.4494736842105263,0.7247368421052631,1.0,0.5368421052631578,0.7252631578947368,0.913684210526316,1.382724,1,15-2041,False,0.22,1,15-2041,False,base_00,5,base_00,False,1,1.25,1.75,3.62,1.19,4.0,1.62,1.0,1.0,1.0,1.0,2.685,1.685,3.0,3.5,1.0,1.0,1.0,1.75,4.125,3.815,1.25,4.5,2.815,1.0,3.81,1.0,4.0649999999999995,4.0,4.0600000000000005,3.125,2.88,1.0,3.565,1.0,1.0,1.0,2.88,1.0,1.0,3.75,3.435,2.94,1.0,1.0,1.06,1.94,1.75,1.81,2.81,1.5,4.12,3.94,3.875,3.88,3.94,2.94,4.0,1.0,1.25,1.0,3.0,3.69,3.25,1.815,1.75,2.5,4.75,3.0,2.0,1.06,2.94,1.75,2.625,3.19,1.875,4.0,1.0,3.75,2.5,2.815,3.94,3.06,3.06,1.62,3.0,1.0,3.815,4.8100000000000005,1.955,2.97,3.52,4.380000000000001,1.485,2.955,3.13,3.3150000000000004,3.775,1.25,3.5700000000000003,3.3,3.58,4.27,2.985,1.22,3.735,1.47,4.42,2.875,4.43,2.075,2.52,1.1800000000000002,3.905,2.34,1.78,1.3450000000000002,4.48,3.89,1.39,1.155,2.575,2.82,2.215,2.25,3.785,3.2649999999999997,4.215,4.800000000000001,2.47,2.425,3.545,3.2649999999999997,2.495,2.16,1.115,2.01,4.13,4.855,1.07,1.025,1.0950000000000002,1.045,1.02,1.02,1.02,1.02,1.02,2.215,1.09,1.0,4.29,4.225,3.03,1.87,3.3,4.425,2.8049999999999997,1.13,1.025,4.26,1.24,3.225,1.0950000000000002,1.09,1.165,2.635,2.655,1.13,1.04,1.04,1.045,2.49,4.585,1.91,2.23,1.4,4.18,3.335,1.135,1.09,3.1,4.4,3.21,True,True,True,True,True,True,True,True
15-2051,Data Scientists,Data Scientists,Data Scientists,0.3896464646464646,0.6948232323232323,1.0,0.2873737373737373,0.5815025252525253,0.8756313131313131,,,,,,,,,base_00,4,base_00,False,1,1.19,1.75,3.435,1.125,3.935,1.38,1.0,1.315,1.0,1.0,2.5,1.69,3.185,3.25,1.0,1.0,1.0,1.685,3.94,3.87,1.19,3.44,2.31,1.0,3.5,1.0,3.12,4.0,4.0,3.06,2.69,1.0,3.565,1.0,1.0,1.0,2.875,1.0,1.0,3.625,3.565,2.685,1.0,1.0,1.0,2.185,1.685,1.685,2.25,1.685,4.0,3.94,3.75,3.88,3.44,3.19,3.94,1.0,1.44,1.0,3.0,3.435,2.94,1.88,1.815,2.56,3.5,3.37,2.5,1.565,2.315,1.935,2.815,2.875,2.25,3.94,1.0,2.0,2.815,3.0,3.88,3.185,3.12,1.685,3.25,1.31,3.75,4.365,1.955,2.95,3.42,4.215,1.2000000000000002,3.165,3.04,3.125,3.975,1.42,3.72,3.185,3.72,4.5,2.865,1.195,3.98,1.59,4.025,3.08,3.99,2.22,2.9299999999999997,1.2000000000000002,4.050000000000001,2.65,1.5950000000000002,1.245,4.585,3.23,1.15,1.125,2.8,3.2,2.38,1.925,3.535,3.1,3.975,4.6899999999999995,2.5599999999999996,2.44,3.785,3.72,2.4,2.165,1.0550000000000002,2.5,4.185,4.975,1.05,1.125,1.125,1.095,1.0,1.025,1.0,1.0,1.0,1.775,1.025,1.0,4.154999999999999,3.965,3.1399999999999997,1.525,3.3499999999999996,4.43,3.355,1.17,1.0,4.27,1.115,3.335,1.05,1.0,1.075,2.8049999999999997,2.42,1.1,1.0,1.05,1.05,2.86,4.81,1.725,2.2750000000000004,1.24,4.355,3.84,1.0,1.0,3.2249999999999996,4.244999999999999,3.0700000000000003,True,False,False,True,True,True,True,True
15-2099,"Mathematical Science Occupations, All Other",,Bioinformatics Technicians,0.7666666666666666,0.8666666666666667,0.9666666666666668,0.3333333333333333,0.65,0.9666666666666668,0.7559803,1,15-2091,True,,,,,first_detail,4,detail_mode,False,1,1.0,1.88,3.38,1.12,3.75,1.62,1.0,1.0,1.0,1.0,2.88,2.5,3.38,3.25,1.0,1.0,1.0,1.88,3.75,3.62,1.0,3.62,2.88,1.0,3.38,1.0,3.12,3.75,3.5,3.0,3.0,1.0,3.38,1.0,1.0,1.0,3.5,1.0,1.0,3.38,3.38,2.75,1.0,1.0,1.0,2.75,1.0,2.5,3.0,1.25,4.0,3.62,3.5,3.5,3.5,2.88,3.5,1.12,1.12,1.0,2.88,3.5,2.75,1.62,1.62,2.62,3.38,3.25,2.5,1.12,2.12,2.62,2.75,3.12,2.25,3.75,1.12,3.12,2.5,2.88,3.38,3.25,3.0,2.12,3.0,1.12,3.5,4.76,1.93,2.6,2.46,4.13,1.62,2.42,2.52,3.16,3.86,2.64,3.11,3.3,3.18,4.61,2.2,1.6,4.15,2.08,4.04,3.48,4.29,1.94,3.95,1.16,3.72,2.2,2.04,1.5,4.76,2.96,2.33,1.33,1.98,2.82,2.04,1.71,4.13,2.81,4.33,4.91,2.0,2.67,3.88,2.91,2.85,1.85,1.62,2.94,3.9,4.87,1.86,1.26,1.42,1.15,1.48,1.2,1.19,1.22,1.19,2.43,1.11,1.07,4.21,4.06,2.66,2.27,2.89,4.26,3.13,1.3,1.02,4.29,1.34,3.35,1.15,1.24,1.11,3.36,2.2,1.26,1.09,1.1,1.28,2.92,4.71,1.72,2.19,1.41,2.63,3.39,1.83,1.02,3.62,4.33,2.19,True,True,False,True,True,True,True,True
17-1011,"Architects, Except Landscape and Naval","Architects, Except Landscape and Naval","Architects, Except Landscape and Naval",0.0697674418604651,0.4883720930232558,0.9069767441860463,0.1627906976744186,0.4302325581395348,0.6976744186046512,1.047142,1,17-1011,False,0.018,1,17-1011,False,base_00,5,base_00,False,1,2.0,2.12,4.0,2.0,4.0,2.5,1.0,1.12,1.0,1.0,3.62,2.25,3.62,4.0,1.0,1.0,1.0,1.75,4.0,4.0,2.0,3.25,2.88,1.75,3.88,1.0,3.38,4.0,4.0,4.0,3.25,1.12,4.0,1.0,1.0,1.0,3.12,1.0,2.25,3.5,3.5,3.0,1.0,1.0,1.0,2.75,1.5,2.88,4.12,1.5,4.0,4.0,3.62,3.88,3.75,3.5,4.0,1.0,1.25,1.0,3.0,3.75,3.25,2.75,2.75,3.0,3.5,3.75,3.12,1.88,4.0,2.25,3.12,1.88,3.12,4.0,1.0,2.88,2.88,3.25,4.0,3.5,3.38,2.0,3.0,1.88,3.88,3.81,2.95,3.57,4.24,4.24,1.7,3.9,3.86,3.6,4.29,4.48,4.1,3.29,4.05,4.38,3.7,1.9,3.43,3.25,3.75,3.33,4.4,3.2,3.19,1.81,4.1,3.14,2.9,2.29,3.76,3.43,1.65,1.24,3.57,4.05,3.0,3.0,4.48,3.76,4.25,4.67,2.95,3.2,4.57,4.1,3.62,2.75,1.35,2.05,3.86,4.95,1.85,1.57,1.05,1.76,1.35,1.57,2.29,1.3,1.0,2.86,2.21,1.2,4.6,3.86,3.4,2.67,3.48,3.95,3.1,2.6,1.0,4.3,2.43,4.1,2.65,2.48,1.16,3.15,2.71,1.4,1.86,1.22,1.62,3.1,4.4,2.05,2.75,1.95,4.9,3.62,2.45,1.33,3.75,4.58,3.65,True,True,True,True,True,True,True,True
17-1012,Landscape Architects,Landscape Architects,Landscape Architects,0.0,0.4210526315789473,0.8421052631578947,0.0526315789473684,0.3684210526315789,0.6842105263157894,1.034388,1,17-1012,False,0.045,1,17-1012,False,base_00,4,base_00,False,1,2.12,2.0,3.88,2.0,4.0,2.0,1.0,1.0,1.0,1.0,3.12,2.12,2.88,4.0,1.0,1.0,1.0,1.88,4.0,3.5,2.0,3.0,2.38,1.62,3.88,1.0,3.0,4.25,4.25,4.12,2.38,1.0,3.88,1.0,1.0,1.0,2.88,1.0,1.75,3.88,3.88,2.12,1.0,1.0,1.0,2.75,1.88,3.12,4.12,1.62,4.12,4.0,3.5,4.12,3.88,3.75,3.88,1.0,1.0,1.0,3.0,3.75,2.88,2.88,2.88,3.0,3.12,3.12,3.12,2.0,3.75,2.0,3.12,1.5,2.5,4.12,1.0,2.75,3.25,3.62,4.12,3.12,3.12,1.75,3.5,1.75,3.62,3.55,2.6,3.35,4.16,4.15,1.65,3.63,3.6,3.4,3.2,4.55,3.9,3.63,3.8,4.5,3.3,1.75,3.4,3.15,2.9,3.26,4.3,2.58,3.55,1.95,3.85,2.85,3.2,2.1,3.37,2.89,1.5,1.35,2.84,3.45,2.9,2.7,4.5,3.37,3.95,4.1,2.65,2.4,4.05,3.89,3.65,2.6,1.21,2.05,3.75,5.0,1.5,1.2,1.05,1.6,1.2,1.3,1.25,1.5,1.05,1.75,2.15,1.05,4.47,3.7,3.3,2.6,3.45,3.95,2.3,2.5,1.15,4.7,2.47,3.4,2.9,2.1,1.1,2.95,2.45,1.15,1.05,1.15,1.25,2.1,4.25,2.2,2.55,1.95,4.6,3.85,2.15,1.05,3.6,4.42,3.8,True,True,True,True,True,True,True,True
17-1021,Cartographers and Photogrammetrists,Cartographers and Photogrammetrists,Cartographers and Photogrammetrists,0.04,0.52,1.0,0.08,0.46,0.84,0.8169979,1,17-1021,False,0.88,1,17-1021,False,base_00,4,base_00,False,1,2.88,2.25,3.12,2.75,3.5,2.25,1.0,1.5,1.0,1.5,3.25,2.88,3.38,3.0,1.0,1.0,1.0,1.75,3.62,3.25,2.25,3.0,2.5,1.25,3.88,1.0,2.88,3.88,3.5,3.0,3.0,1.0,3.12,1.0,1.12,1.12,3.0,1.0,1.38,3.12,3.12,2.75,1.0,1.0,1.0,2.62,2.0,2.88,3.25,1.38,4.0,3.5,3.25,3.38,3.12,3.0,3.5,1.38,1.5,1.0,2.75,3.12,2.88,1.62,1.62,2.25,2.88,3.12,2.38,1.38,1.62,1.88,2.38,1.88,2.12,4.0,1.25,1.88,2.75,3.0,3.12,2.88,2.75,1.62,3.0,1.75,3.5,4.08,2.13,2.21,4.11,4.07,2.46,3.4,3.21,3.39,4.14,3.3,3.82,3.78,4.22,4.86,2.34,1.76,4.19,2.7,3.51,3.05,4.22,2.03,3.72,2.01,3.74,2.87,3.52,1.73,4.12,2.72,2.63,1.91,3.23,3.79,1.51,1.28,3.86,3.23,4.21,4.69,2.58,2.5,4.2,4.06,4.24,2.12,1.18,2.68,3.97,4.87,2.11,1.45,1.0,1.97,1.16,1.16,1.15,1.35,1.0,3.07,1.81,1.02,4.58,4.09,3.37,1.78,3.74,4.87,3.51,2.22,1.12,4.96,1.52,2.73,2.02,1.21,1.0,3.15,2.26,1.75,1.19,1.06,1.56,3.5,4.83,1.83,4.12,1.4,4.67,3.97,1.33,1.04,3.14,4.43,3.18,True,True,True,True,True,True,True,True
17-1022,Surveyors,Surveyors,Surveyors,0.1493055555555555,0.5100694444444445,0.8708333333333333,0.1604166666666666,0.4197916666666667,0.6791666666666667,0.1460606,1,17-1022,False,0.38,1,17-1022,False,base_00,4,base_00,False,1,2.875,1.94,3.435,2.875,3.94,2.625,1.0,1.81,1.435,2.13,3.31,2.81,3.56,3.06,2.06,1.875,1.75,1.88,3.94,3.81,2.63,4.0,2.81,2.625,3.88,1.56,3.815,3.875,3.875,2.88,3.06,1.88,3.56,1.75,2.06,1.75,3.0,1.62,2.56,3.37,3.31,3.0,1.435,2.0,2.06,2.75,2.31,2.75,3.185,1.875,4.0,3.94,3.315,3.69,3.435,3.25,3.815,1.88,2.06,1.0,3.0,3.435,3.06,1.75,1.815,2.815,4.0600000000000005,3.19,2.25,2.75,1.88,2.75,2.375,1.88,2.69,3.94,1.88,2.87,2.75,2.875,3.5,3.06,2.935,1.685,3.0,1.88,3.685,4.44,2.28,3.25,3.765,3.925,2.88,3.3200000000000003,2.99,3.325,4.43,3.22,3.5149999999999997,3.41,4.135,4.415,3.205,2.8150000000000004,3.9,3.135,3.695,3.12,4.2,3.05,3.51,3.075,3.795,3.185,3.05,3.46,4.4399999999999995,3.375,2.735,2.405,2.865,3.835,2.3,2.875,3.47,3.4850000000000003,4.165,4.58,2.545,2.875,4.08,3.485,3.535,2.54,1.51,2.575,3.75,4.965,2.405,1.965,1.135,2.6950000000000003,1.74,2.865,1.89,2.895,1.1800000000000002,3.03,3.165,1.44,4.4399999999999995,4.0600000000000005,3.64,3.485,3.685,4.82,3.475,3.605,1.81,3.87,3.125,2.87,4.105,2.155,1.735,3.155,2.41,2.175,1.46,1.805,1.97,2.5549999999999997,3.0700000000000003,3.01,3.61,2.775,4.605,3.765,3.3600000000000003,1.665,3.41,4.13,3.765,True,True,True,True,True,True,True,True
17-2011,Aerospace Engineers,Aerospace Engineers,Aerospace Engineers,0.2142857142857142,0.5714285714285714,0.9285714285714284,0.1428571428571428,0.5178571428571428,0.8928571428571428,1.338738,1,17-2011,False,0.017,1,17-2011,False,base_00,4,base_00,False,1,1.0,2.75,3.5,1.0,4.0,2.0,1.0,1.0,1.0,1.0,3.12,2.25,3.12,3.5,1.0,1.0,1.0,2.62,4.0,4.0,1.0,3.88,2.62,1.0,3.75,1.0,3.38,3.88,3.88,3.38,3.0,1.0,4.0,1.0,1.0,1.0,3.0,1.0,1.0,3.62,3.38,2.75,1.0,1.0,1.0,2.75,1.5,3.0,3.25,1.25,4.12,3.88,3.62,3.88,3.88,3.25,4.12,1.0,1.25,1.0,3.0,3.75,3.38,1.88,1.75,2.75,3.88,3.75,3.0,1.25,3.88,2.88,3.12,2.12,3.25,4.0,1.0,4.0,2.88,3.0,3.88,3.38,3.5,3.25,3.25,2.0,3.88,4.53,1.81,2.88,3.39,4.26,2.43,3.11,2.98,3.04,4.32,3.45,3.6,3.25,3.63,4.37,2.68,1.79,4.37,3.36,4.02,3.78,4.49,2.47,4.03,1.99,3.99,2.49,1.1,1.89,4.54,3.5,2.13,1.95,2.45,3.21,2.36,2.11,4.3,3.47,4.35,4.88,2.97,2.76,4.24,3.9,3.43,2.41,1.07,1.55,4.07,5.0,2.12,1.41,1.0,1.4,1.82,2.28,1.36,1.31,1.0,3.1,1.53,1.03,4.92,4.35,2.98,2.41,3.42,4.0,2.34,1.82,1.01,4.79,2.69,2.82,1.56,1.76,1.31,2.99,2.41,1.27,1.25,1.0,1.36,2.06,4.25,1.95,1.89,1.72,4.4,3.56,3.36,1.18,3.31,4.47,2.85,True,True,True,True,True,True,True,True
17-2021,Agricultural Engineers,Agricultural Engineers,Agricultural Engineers,0.074074074074074,0.4259259259259259,0.7777777777777777,0.0,0.3333333333333333,0.6666666666666666,0.9409636,1,17-2021,False,0.49,1,17-2021,False,base_00,4,base_00,False,1,2.0,2.62,3.75,2.25,4.0,2.12,1.0,1.5,1.38,1.75,3.0,2.0,3.0,3.5,1.62,1.5,1.5,2.62,4.0,3.75,1.88,3.38,2.25,2.0,3.62,1.5,3.25,4.0,4.0,3.38,2.88,1.88,3.88,1.88,2.0,1.88,3.0,1.75,2.0,3.62,3.5,2.25,1.0,1.5,1.88,2.88,1.88,2.75,3.62,1.5,4.0,4.0,3.25,4.0,3.88,3.12,3.88,1.88,1.88,1.0,3.0,3.88,2.88,2.25,2.0,3.0,3.75,3.25,2.75,2.62,3.0,3.12,2.88,2.0,2.5,4.0,1.88,3.38,2.75,3.12,4.0,3.75,3.88,2.75,3.0,2.12,4.0,4.55,2.2,2.84,3.75,4.2,2.95,3.15,3.35,3.95,4.32,3.95,3.7,4.0,4.3,4.45,3.05,2.35,4.0,4.1,3.84,3.85,4.5,3.2,3.85,2.85,4.2,2.75,2.65,2.58,4.35,3.32,2.65,2.65,2.85,4.05,2.3,2.35,4.3,3.15,4.45,4.7,2.6,3.05,3.75,3.5,3.25,2.3,1.25,1.95,3.95,5.0,2.65,2.25,1.45,2.4,2.25,2.7,1.95,2.15,1.3,3.05,2.9,1.65,4.3,4.0,2.95,3.5,3.5,4.15,2.75,3.55,2.75,4.5,3.35,3.05,3.5,3.4,2.05,2.85,2.3,1.8,1.75,1.53,1.65,2.0,3.68,2.5,2.35,1.9,4.2,3.4,3.1,2.05,3.3,4.15,3.55,True,True,True,True,True,True,True,True
17-2031,Bioengineers and Biomedical Engineers,Bioengineers and Biomedical Engineers,Bioengineers and Biomedical Engineers,0.2307692307692307,0.5897435897435898,0.9487179487179488,0.2564102564102564,0.5384615384615384,0.8205128205128205,0.9874239,1,17-2031,False,0.037,1,17-2031,False,base_00,4,base_00,False,1,2.62,2.12,3.62,2.12,4.0,2.12,1.0,1.0,1.0,1.62,2.88,2.12,3.38,3.75,1.0,1.0,1.0,1.88,4.12,3.88,2.12,3.75,2.75,1.38,3.88,1.0,3.38,4.0,4.0,3.62,3.0,1.12,4.0,1.25,1.25,1.12,3.12,1.0,1.12,3.38,3.5,2.75,1.0,1.0,1.12,2.62,1.62,2.75,3.5,1.75,4.0,4.0,3.75,4.0,3.88,3.0,3.88,2.12,2.75,2.25,3.12,3.88,3.25,2.12,2.25,3.0,3.88,3.75,2.88,2.0,3.75,2.88,2.75,3.12,3.12,4.0,2.5,3.88,2.88,3.0,4.0,3.62,3.5,3.38,3.12,2.88,4.0,4.61,2.65,3.05,3.61,4.22,2.74,3.22,3.43,3.48,4.0,3.13,3.39,3.52,4.13,4.39,3.39,2.14,4.09,3.48,3.78,3.57,4.45,3.09,3.7,1.74,3.91,2.82,1.78,2.09,4.35,3.3,3.09,2.09,2.52,3.39,2.17,2.57,4.26,3.52,4.35,4.7,2.35,2.61,3.78,3.39,2.83,2.22,1.22,2.35,4.0,4.87,1.61,1.35,2.09,1.26,1.74,1.65,1.3,1.48,1.7,2.39,1.3,1.17,4.3,4.0,2.78,3.3,3.48,4.35,2.43,1.48,1.17,4.57,1.57,3.61,1.35,1.39,1.74,2.83,2.52,1.43,1.22,1.22,1.26,2.26,4.0,2.17,3.0,1.7,3.91,3.48,2.57,2.0,3.22,4.39,3.39,True,True,True,True,True,True,True,True
17-2041,Chemical Engineers,Chemical Engineers,Chemical Engineers,0.0769230769230769,0.4615384615384615,0.8461538461538463,0.0769230769230769,0.3461538461538461,0.6153846153846154,1.341336,1,17-2041,False,0.017,1,17-2041,False,base_00,4,base_00,False,1,1.88,2.62,4.0,1.75,4.0,2.0,1.0,1.0,1.0,1.0,3.0,1.62,3.5,3.5,1.0,1.0,1.0,2.0,4.0,4.0,1.12,3.88,2.62,1.0,3.75,1.0,3.62,4.0,4.0,3.5,3.12,1.0,4.0,1.5,1.75,1.0,3.0,1.0,1.0,3.12,3.12,3.0,1.0,1.0,1.0,2.5,1.88,2.88,3.12,1.75,4.0,3.25,3.88,3.25,4.0,3.0,4.12,1.0,1.88,1.0,3.0,3.88,2.88,2.38,2.5,2.75,3.75,3.12,2.88,2.0,3.62,3.0,2.88,2.25,3.0,4.0,1.0,4.12,2.75,3.0,3.5,3.88,3.88,2.88,3.0,2.88,3.12,4.36,2.04,3.17,2.83,4.33,2.57,3.04,3.43,3.22,3.7,3.65,3.52,3.45,4.1,4.39,2.91,1.83,3.83,3.59,3.81,3.26,4.7,2.39,4.18,1.65,3.7,2.13,1.41,1.82,4.17,3.7,1.83,2.05,3.0,3.36,2.3,2.3,3.48,3.14,3.74,4.52,2.48,3.96,3.96,3.22,2.43,2.04,1.17,2.35,4.0,5.0,2.7,1.65,1.0,1.61,2.78,2.39,1.87,1.39,1.17,2.74,2.3,1.13,4.83,4.04,3.3,4.13,3.87,4.04,2.48,2.0,1.26,4.78,2.96,3.39,2.87,2.59,1.3,2.74,2.22,1.57,1.64,1.35,1.52,1.86,4.0,2.05,1.91,2.0,4.52,3.57,3.65,2.3,2.91,4.35,3.39,True,True,True,True,True,True,True,True
17-2051,Civil Engineers,Civil Engineers,Civil Engineers,0.0556277056277056,0.4821428571428571,0.9086580086580086,0.1718614718614718,0.4545454545454545,0.7372294372294372,1.282867,1,17-2051,False,0.019,1,17-2051,False,base_00,4,base_00,False,1,1.1266666666666667,2.286666666666666,3.8333333333333335,1.58,4.0,2.1666666666666665,1.0,1.0,1.0,1.0,3.33,1.83,3.33,3.793333333333333,1.0833333333333333,1.0,1.0,2.1666666666666665,4.0,3.92,1.1666666666666667,3.88,2.5833333333333335,1.42,3.75,1.0,3.793333333333333,4.0,4.0,3.3733333333333335,3.1666666666666665,1.0,3.959999999999999,1.0,1.0,1.0,3.0400000000000005,1.0,1.6666666666666667,3.5400000000000005,3.5400000000000005,2.793333333333333,1.0,1.0,1.0,2.6666666666666665,1.586666666666667,2.4533333333333336,3.75,1.4166666666666667,4.0,4.0,3.25,3.8766666666666665,3.88,3.286666666666666,3.959999999999999,1.1666666666666667,1.3333333333333333,1.0,3.0400000000000005,3.7533333333333334,3.0400000000000005,2.6266666666666665,2.6266666666666665,3.1666666666666665,3.88,3.3733333333333335,3.0400000000000005,1.8333333333333333,3.4166666666666665,2.3333333333333335,3.0400000000000005,1.96,2.4966666666666666,3.959999999999999,1.2066666666666668,3.4166666666666665,3.0,2.9599999999999995,3.8766666666666665,3.793333333333333,3.5833333333333335,2.6266666666666665,3.793333333333333,1.8733333333333333,3.75,4.113333333333333,2.026666666666667,3.6533333333333338,4.133333333333333,4.406666666666666,1.6333333333333335,3.826666666666666,3.796666666666667,3.1566666666666663,3.8433333333333337,3.9566666666666666,3.86,3.6666666666666665,4.213333333333334,4.433333333333334,3.686666666666667,1.606666666666667,3.696666666666667,3.5666666666666664,3.5399999999999996,3.2566666666666664,4.59,3.1733333333333333,3.2899999999999996,1.99,4.073333333333333,2.8033333333333332,3.2466666666666666,1.9866666666666664,4.03,3.7566666666666664,1.7533333333333332,1.4966666666666668,3.3333333333333335,3.956666666666667,2.6166666666666667,2.9766666666666666,3.6333333333333337,3.4933333333333336,4.093333333333333,4.32,2.9233333333333333,3.0233333333333334,4.21,3.6666666666666665,3.65,2.3000000000000003,1.23,2.143333333333333,3.8966666666666665,4.986666666666667,2.01,1.5166666666666666,1.3099999999999998,1.8666666666666665,1.5766666666666669,2.09,1.903333333333333,1.5633333333333332,1.11,2.563333333333333,2.3033333333333332,1.1833333333333331,4.723333333333334,3.9066666666666663,3.6,3.1300000000000003,3.8,4.17,2.783333333333333,2.966666666666667,1.3266666666666669,4.3999999999999995,2.473333333333333,3.3733333333333335,2.8433333333333333,2.03,1.2666666666666666,2.86,2.49,1.4366666666666668,1.4733333333333334,1.2166666666666666,1.4166666666666667,2.313333333333333,4.1933333333333325,2.106666666666667,1.9933333333333336,1.913333333333333,4.833333333333333,3.81,2.83,1.653333333333333,3.563333333333333,4.41,3.7733333333333334,True,True,True,True,True,True,True,True
17-2061,Computer Hardware Engineers,Computer Hardware Engineers,Computer Hardware Engineers,0.5454545454545454,0.7272727272727273,0.9090909090909092,0.1818181818181818,0.3181818181818182,0.4545454545454546,1.141812,1,17-2061,False,0.22,1,17-2061,False,base_00,4,base_00,False,1,2.12,2.0,3.5,2.12,4.0,1.88,1.0,1.0,1.0,1.38,2.5,2.62,3.12,3.25,1.0,1.0,1.0,1.88,4.0,4.0,2.25,3.12,2.75,1.0,3.62,1.0,3.12,4.0,4.0,3.5,2.88,1.0,3.88,1.0,1.0,1.0,2.88,1.12,1.0,3.38,3.25,2.12,1.0,1.0,1.0,2.12,1.5,2.5,3.25,1.5,4.0,3.75,3.75,3.88,3.88,3.12,4.0,2.12,2.5,1.88,3.0,3.62,2.88,1.75,1.88,2.62,3.25,3.12,2.25,1.75,3.38,3.0,2.62,2.5,2.88,4.0,2.12,2.88,2.62,2.75,3.88,3.38,3.38,2.62,3.12,2.62,3.88,4.45,2.1,2.93,3.04,4.25,2.38,3.31,3.5,3.64,3.97,3.82,3.31,4.03,4.14,4.41,3.1,1.69,3.97,3.11,3.64,3.29,4.66,2.83,3.38,1.48,3.9,2.54,1.69,1.66,4.31,3.64,3.41,1.46,2.86,3.37,2.28,2.43,4.38,3.17,4.48,4.86,2.55,2.64,3.97,3.52,2.62,1.93,1.03,2.71,4.03,4.9,1.44,1.26,1.04,1.25,1.43,1.21,1.07,1.3,1.1,2.25,1.3,1.04,4.46,4.24,2.57,2.69,3.31,4.41,3.11,1.56,1.15,4.43,1.52,3.93,1.37,1.3,1.32,2.78,2.34,1.32,1.07,1.25,1.28,2.38,4.5,2.07,2.48,1.59,4.14,3.66,1.75,1.14,3.11,4.36,3.14,True,True,True,True,True,True,True,True
17-2071,Electrical Engineers,Electrical Engineers,Electrical Engineers,0.28125,0.5625,0.84375,0.15625,0.40625,0.65625,1.126725,1,17-2071,False,0.1,1,17-2071,False,base_00,4,base_00,False,1,2.0,2.12,3.88,2.12,4.0,2.0,1.0,1.5,1.0,1.38,3.0,2.12,3.0,3.25,1.0,1.0,1.0,2.12,4.0,3.88,2.12,3.5,2.75,1.0,3.75,1.0,3.38,4.0,4.0,3.25,3.12,1.12,4.0,1.0,1.12,1.0,3.12,1.12,1.12,3.25,3.62,2.12,1.0,1.0,1.0,2.88,1.75,2.75,3.12,1.62,4.12,4.12,3.88,3.88,3.88,3.25,4.0,2.0,2.12,1.0,3.0,3.25,3.0,2.38,2.25,3.0,3.38,3.5,2.75,1.38,3.12,2.88,2.88,2.12,3.0,4.0,2.0,3.0,2.75,3.0,3.88,3.25,3.25,2.25,3.0,2.75,4.12,4.32,2.2,3.27,3.74,4.17,2.2,3.73,3.31,3.51,4.54,4.37,3.57,3.28,4.24,4.32,2.67,1.98,3.99,2.89,3.65,3.63,4.87,3.39,3.85,2.29,4.34,2.64,1.8,2.3,3.93,3.52,2.86,1.72,2.92,4.58,1.76,2.32,4.21,3.34,4.51,4.92,3.23,3.03,4.34,3.68,3.1,2.59,1.29,2.18,4.59,4.87,1.82,2.01,1.0,2.01,2.24,2.18,1.81,1.83,1.09,2.94,2.39,1.16,4.7,4.47,4.14,3.11,4.0,4.54,3.78,2.31,1.6,4.7,2.43,3.33,2.21,1.86,2.33,3.21,2.26,1.88,1.72,1.39,1.77,2.71,4.06,2.38,2.96,2.2,4.8,3.92,3.2,1.57,3.74,4.3,2.98,True,True,True,True,True,True,True,True
17-2072,"Electronics Engineers, Except Computer","Electronics Engineers, Except Computer","Electronics Engineers, Except Computer",0.361344537815126,0.6200980392156863,0.8788515406162465,0.2240896358543417,0.447829131652661,0.6715686274509804,0.6654578,1,17-2072,False,0.025,1,17-2072,False,base_00,4,base_00,False,1,2.56,2.0,3.375,2.375,4.0,1.88,1.0,1.125,1.0,1.815,2.685,2.625,2.935,3.375,1.0,1.0,1.06,2.37,3.94,3.875,2.5,3.315,2.435,1.435,3.875,1.0,3.065,4.0,3.875,3.19,2.69,1.0,3.94,1.685,1.75,1.31,2.88,1.0,1.06,3.37,3.435,2.56,1.06,1.125,1.31,2.5,2.0,2.63,3.13,2.0,3.94,3.63,3.12,3.75,3.69,3.06,3.94,2.44,2.69,1.81,3.0,3.565,2.81,1.94,2.315,2.75,3.06,3.25,2.625,2.565,2.935,2.875,2.88,2.625,2.935,3.81,2.375,2.5,2.815,2.94,3.815,3.5,3.13,2.75,2.875,2.69,3.375,4.025,2.145,2.705,3.71,3.99,3.0700000000000003,2.88,3.1100000000000003,3.545,3.79,3.72,3.83,3.22,3.705,4.09,2.495,2.2,3.94,3.065,3.5700000000000003,3.09,4.4,2.83,3.71,1.92,3.665,2.63,1.82,2.0700000000000003,3.915,3.3899999999999997,3.155,2.175,2.69,3.25,2.78,2.04,4.08,2.925,3.87,4.76,2.605,2.7,4.03,3.53,2.94,2.175,1.045,1.65,4.2,4.795,1.7200000000000002,1.68,1.12,1.225,1.73,1.635,1.4,1.4500000000000002,1.37,2.33,1.175,1.01,4.58,4.4399999999999995,3.1399999999999997,2.27,3.665,4.235,2.825,1.815,1.015,4.46,2.2249999999999996,2.86,1.33,1.28,1.51,2.92,2.29,1.38,1.28,1.1749999999999998,1.5550000000000002,2.0,4.075,2.175,2.46,1.655,4.09,3.5250000000000004,2.35,1.185,3.1,4.35,2.84,True,True,True,True,True,True,True,True
17-2081,Environmental Engineers,Environmental Engineers,Environmental Engineers,0.1296296296296296,0.5555555555555556,0.9814814814814814,0.2407407407407407,0.5,0.7592592592592592,1.343561,1,17-2081,False,0.018,1,17-2081,False,base_00,4,base_00,False,1,1.0,1.75,3.12,1.0,4.0,1.75,1.0,1.0,1.0,1.0,2.88,1.38,3.12,3.75,1.0,1.0,1.0,1.62,4.0,3.62,1.0,3.12,3.0,1.0,3.62,1.0,3.25,4.0,4.0,3.62,3.0,1.0,4.0,1.0,1.0,1.0,3.0,1.0,1.12,3.62,3.62,2.88,1.0,1.0,1.0,2.75,1.88,2.5,3.0,1.75,4.0,4.0,3.75,4.0,3.88,3.75,4.0,1.0,1.0,1.0,3.0,3.88,3.0,2.25,2.25,2.75,3.38,4.0,3.0,2.0,2.5,2.62,3.0,1.62,2.62,4.0,1.0,3.38,2.88,3.0,4.0,3.25,3.25,1.62,3.25,1.62,4.0,4.24,2.65,3.43,3.76,4.1,2.14,3.86,3.67,3.95,3.71,3.9,3.76,3.67,4.14,4.38,3.71,1.95,3.95,3.81,3.9,3.57,4.33,3.57,4.15,2.2,4.05,2.76,3.52,2.38,3.95,3.9,1.86,1.9,3.33,3.76,2.75,3.19,3.71,3.48,3.86,4.38,2.62,3.2,4.05,3.65,4.0,2.45,1.29,2.11,4.05,4.95,2.7,1.75,1.65,2.05,2.0,2.14,1.71,1.8,1.24,2.86,2.7,1.2,4.42,3.81,3.16,4.05,3.86,4.05,2.75,2.86,2.0,4.3,3.14,3.5,3.2,2.81,1.47,2.95,2.57,1.47,1.62,1.6,1.57,1.95,3.95,2.4,2.2,2.15,4.89,3.81,3.15,2.14,3.63,4.4,3.79,True,True,True,True,True,True,True,True
17-2111,"Health and Safety Engineers, Except Mining Safety Engineers and Inspectors","Health and Safety Engineers, Except Mining Safety Engineers and Inspectors","Health and Safety Engineers, Except Mining Safety Engineers and Inspectors",0.0984615384615384,0.5042307692307693,0.91,0.4692307692307693,0.5676923076923077,0.6661538461538461,0.9948935,1,17-2111,False,0.028,1,17-2111,False,base_00,4,base_00,False,1,1.31,2.44,3.69,1.625,4.0600000000000005,2.12,1.06,1.25,1.31,1.435,3.44,1.5,3.565,3.5,1.44,1.37,1.5,2.435,4.12,3.63,1.0,2.935,2.5,1.565,3.75,1.44,2.81,4.0,3.94,3.315,3.06,1.44,4.13,1.31,1.44,1.44,3.13,1.44,1.875,3.75,3.56,2.875,1.06,1.37,1.375,2.625,1.88,3.0,3.13,1.88,3.94,3.81,3.565,3.815,3.81,3.06,4.0,1.0,1.5,1.0,3.25,3.81,3.185,2.25,2.315,2.87,3.0,3.25,3.0,2.0,2.75,2.75,3.06,1.75,3.0,4.0,1.0,3.06,3.06,3.12,3.81,3.75,3.69,2.44,3.25,2.375,3.815,3.92,2.53,3.59,3.97,4.115,1.985,3.2699999999999996,3.3899999999999997,3.45,3.945,3.43,3.87,3.63,4.574999999999999,4.369999999999999,3.51,2.115,4.0,4.01,3.945,3.41,4.385,2.815,3.615,2.27,3.97,3.105,2.455,2.4749999999999996,3.97,3.94,1.9,1.8,3.4,3.5650000000000004,3.105,2.62,3.635,3.78,4.195,4.03,2.845,3.12,4.245,3.595,3.595,2.55,1.25,1.87,4.02,4.925,2.415,1.99,1.365,2.195,2.355,2.3200000000000003,2.28,1.905,1.275,2.6950000000000003,2.44,1.4,4.515000000000001,4.145,3.655,3.73,3.98,4.06,2.6,2.915,1.64,4.12,3.17,3.2,2.84,2.525,1.4249999999999998,2.855,2.75,1.88,1.875,1.5950000000000002,1.845,1.865,3.57,2.5549999999999997,2.125,2.22,4.68,3.725,3.37,2.12,3.27,4.18,3.885,True,True,True,True,True,True,True,True
17-2112,Industrial Engineers,Industrial Engineers,Industrial Engineers,0.1837961926091825,0.554355036527489,0.9249138804457954,0.2942057270836666,0.520044259585133,0.7458827920865995,1.13787,1,17-2112,False,0.029,1,17-2112,False,base_00,4,base_00,True,2,2.0,2.4675,3.72,1.905,4.03,2.095,1.03,1.345,1.22,1.4075,3.0625,1.9075,3.155,3.4675,1.0,1.345,1.3125,2.3125,4.0,3.7825,1.4375,3.405,2.435,1.8125,3.75,1.06,3.31,4.0,3.97,3.3725,2.9675,1.03,3.94,1.6575,1.7175,1.53,3.095,1.0625,1.47,3.4675,3.4375,2.5925,1.03,1.44,1.47,2.5625,1.935,2.595,3.28,1.8725,4.0,3.935,3.4675,3.94,3.9075,3.03,3.9375,1.5,1.75,1.375,2.9975,3.435,3.0625,2.1875,2.345,2.8475,3.4675,3.66,2.7525,2.1525,3.0,2.9075,2.875,1.9725,2.78,4.03,1.435,3.06,2.875,3.125,3.94,3.3425,3.435,2.685,3.155,2.4375,3.875,4.1875,2.13,2.9725,3.2525,4.2425,2.8975,3.0825,3.2825,3.3925,3.965,3.1725000000000003,3.8025,3.6925,3.99,4.415,2.88,2.245,4.215,3.655,3.735,3.595,4.45,2.735,3.9625,1.935,3.7425,2.98,1.67,2.4575,4.115,3.4850000000000003,2.1225,2.1625,2.9825,3.0625,2.725,2.06,3.6525,3.385,3.91,4.2725,3.0175,3.02,4.202500000000001,3.7175,3.2425,2.6725,1.28,2.0875,4.265,4.9425,2.465,1.8825,1.26,1.92,1.88,2.3925,1.5475,1.6,1.225,2.9975,2.01,1.27,4.755,4.26,3.335,3.4975,3.63,4.21,3.0025,1.94,1.3125,4.4675,2.725,3.145,1.875,1.8025,1.745,3.265,2.7975,1.6575,1.3375,1.2775,1.6075,2.0525,3.5825,2.5325,2.3475,2.17,4.595,3.74,3.59,1.7275,3.3049999999999997,4.3575,3.4,True,True,True,True,True,True,True,True
17-2121,Marine Engineers and Naval Architects,Marine Engineers and Naval Architects,Marine Engineers and Naval Architects,0.1052631578947368,0.4210526315789473,0.7368421052631579,0.2631578947368421,0.4035087719298245,0.5438596491228069,0.5472173,1,17-2121,False,0.01,1,17-2121,False,base_00,4,base_00,False,1,2.5,2.62,3.75,2.62,4.25,2.5,1.12,2.0,1.88,2.38,3.38,2.5,3.5,3.5,2.0,2.12,2.38,2.5,4.0,4.0,2.38,3.75,2.75,2.12,3.62,1.75,3.25,4.0,4.0,3.62,3.0,1.88,4.0,1.88,2.38,2.12,3.25,2.0,2.38,3.62,3.38,3.12,1.12,2.12,2.12,2.75,2.5,3.0,3.75,2.38,4.0,4.0,3.5,3.75,4.12,3.38,4.12,2.62,2.25,1.62,2.88,3.75,2.88,2.5,2.62,3.0,3.62,3.38,2.62,3.0,3.0,3.5,2.75,2.25,3.38,3.88,2.5,3.5,2.88,3.0,3.75,3.38,3.38,2.5,3.5,2.88,3.75,4.06,2.37,2.74,3.68,3.58,2.94,2.95,2.89,3.22,4.0,3.5,3.53,3.17,4.22,4.22,2.89,2.22,3.83,3.76,3.47,3.17,4.11,2.68,3.12,2.67,3.61,2.68,2.79,2.89,3.83,3.78,2.22,2.56,2.84,3.61,2.42,2.05,3.71,3.05,3.94,4.0,2.35,3.71,3.95,3.5,3.28,2.12,1.24,1.89,4.11,4.74,2.89,3.28,1.28,2.89,2.67,3.0,2.71,1.94,1.56,3.28,2.89,1.5,4.67,3.78,3.11,3.22,4.06,4.33,3.33,2.59,1.94,3.89,3.33,2.94,3.42,3.32,1.72,3.22,2.21,2.5,2.33,2.06,2.39,2.61,3.44,2.83,3.11,2.17,4.47,3.67,3.61,2.33,2.94,3.71,3.22,True,True,True,True,True,True,True,True
17-2131,Materials Engineers,Materials Engineers,Materials Engineers,0.1463414634146341,0.4878048780487805,0.8292682926829269,0.1463414634146341,0.3170731707317073,0.4878048780487805,1.037278,1,17-2131,False,0.021,1,17-2131,False,base_00,4,base_00,False,1,2.38,2.12,4.0,2.38,4.0,2.12,1.0,1.0,1.0,1.5,2.88,2.75,3.25,3.5,1.0,1.0,1.0,2.12,4.0,3.75,2.38,3.75,2.12,1.75,3.75,1.0,3.12,4.0,4.0,3.38,3.25,1.0,3.88,2.0,2.0,1.5,3.12,1.0,1.12,3.25,3.25,2.62,1.0,1.0,1.0,2.25,1.38,3.0,3.25,2.0,4.0,3.88,3.25,4.0,4.0,3.0,3.88,1.5,2.0,1.0,3.12,3.25,3.0,2.12,2.62,3.0,3.75,3.12,3.0,2.25,3.12,3.0,3.0,1.88,3.12,4.0,1.5,4.0,3.12,3.0,3.75,3.12,3.0,2.62,3.0,2.25,3.75,4.43,2.38,3.52,3.7,3.8,2.9,3.6,3.57,3.67,4.05,3.19,3.57,3.86,3.57,4.38,3.76,2.33,4.29,4.19,3.76,3.62,4.43,3.14,4.24,1.81,3.9,3.0,2.38,2.24,3.95,3.48,2.71,2.57,2.9,3.48,3.05,2.9,4.19,3.76,4.38,4.1,2.71,2.76,3.86,3.52,3.05,2.14,1.1,2.28,4.14,5.0,2.75,1.76,1.1,1.76,2.9,2.86,1.19,1.9,1.67,2.71,1.71,1.05,4.67,4.19,2.9,3.71,3.45,4.1,2.19,1.57,1.24,4.52,2.48,3.48,1.67,1.76,1.86,2.86,2.81,1.62,1.38,1.29,1.52,1.86,3.6,2.57,2.52,1.9,4.19,3.52,4.25,2.1,3.67,4.43,3.33,True,True,True,True,True,True,True,True
17-2141,Mechanical Engineers,Mechanical Engineers,Mechanical Engineers,0.2061833105335156,0.5312935096519228,0.8564037087703298,0.3067213862289101,0.5007630338957288,0.6948046815625476,1.004709,1,17-2141,False,0.011,1,17-2141,False,base_00,4,base_00,False,1,2.25,2.2466666666666666,3.6233333333333335,2.21,4.0,2.0833333333333335,1.0,1.0,1.0,1.2533333333333332,2.9599999999999995,2.4166666666666665,3.17,3.6666666666666665,1.3333333333333333,1.0,1.0,2.25,4.0,3.793333333333333,1.83,3.88,2.8333333333333335,1.54,3.793333333333333,1.3333333333333333,3.5400000000000005,4.0,4.0,3.5866666666666664,2.9599999999999995,1.413333333333333,4.0,1.6666666666666667,1.7933333333333332,1.5833333333333333,3.1266666666666665,1.4166666666666667,1.5833333333333333,3.3333333333333335,3.4166666666666665,2.8766666666666665,1.1666666666666667,1.0,1.0,2.54,1.6233333333333333,2.793333333333333,3.5,1.71,4.0,3.8333333333333335,3.5,3.75,3.706666666666667,3.1666666666666665,4.0,1.7466666666666668,2.25,1.54,2.9599999999999995,3.75,2.9599999999999995,2.0833333333333335,2.2933333333333334,2.793333333333333,3.709999999999999,3.33,2.7466666666666666,2.54,3.4166666666666665,3.0400000000000005,2.8733333333333335,2.5433333333333334,3.08,3.959999999999999,1.7533333333333332,3.5833333333333335,2.793333333333333,2.92,3.67,3.5833333333333335,3.5833333333333335,3.0400000000000005,3.0833333333333335,2.6266666666666665,3.67,4.18,2.32,3.0866666666666664,3.2833333333333337,4.083333333333333,2.8333333333333335,3.1833333333333336,3.3033333333333332,3.39,3.95,3.8233333333333337,3.3433333333333337,3.6166666666666663,3.983333333333333,4.319999999999999,2.966666666666667,2.1366666666666667,3.933333333333333,3.7,3.86,3.3533333333333335,4.5,2.6133333333333333,3.66,2.4566666666666666,3.9766666666666666,2.63,1.6466666666666667,2.24,3.963333333333334,3.2733333333333334,2.5433333333333334,2.526666666666667,2.8699999999999997,3.323333333333333,2.49,2.066666666666667,4.026666666666666,3.3166666666666664,4.12,4.476666666666667,2.6166666666666667,2.9466666666666668,4.1499999999999995,3.436666666666667,2.9499999999999997,2.0399999999999996,1.1666666666666667,2.1733333333333333,4.086666666666667,4.983333333333333,2.123333333333333,1.7300000000000002,1.1466666666666667,1.4733333333333334,2.38,2.28,1.3633333333333333,1.4400000000000002,1.0,2.466666666666667,1.7633333333333334,1.2533333333333332,4.583333333333333,4.006666666666667,2.9966666666666666,3.4266666666666663,3.3166666666666664,4.226666666666667,2.59,2.1233333333333335,1.336666666666667,4.596666666666667,2.193333333333334,3.483333333333333,1.9,1.9466666666666663,1.7833333333333332,3.033333333333333,2.7733333333333334,1.6266666666666667,1.35,1.3066666666666666,1.6466666666666667,1.9366666666666668,3.693333333333334,2.466666666666667,2.34,2.0900000000000003,4.45,3.606666666666667,3.64,1.62,3.443333333333334,4.533333333333334,2.8200000000000003,True,True,True,True,True,True,True,True
17-2151,"Mining and Geological Engineers, Including Mining Safety Engineers","Mining and Geological Engineers, Including Mining Safety Engineers","Mining and Geological Engineers, Including Mining Safety Engineers",0.1111111111111111,0.4814814814814814,0.8518518518518519,0.4074074074074074,0.5,0.5925925925925926,1.34695,1,17-2151,False,0.14,1,17-2151,False,base_00,4,base_00,False,1,1.12,2.12,4.0,1.38,4.0,2.12,1.0,1.0,1.0,1.0,3.12,1.75,3.62,3.75,1.5,1.0,1.0,2.25,4.0,4.0,1.0,3.88,2.75,1.38,3.75,1.12,3.38,4.0,4.0,3.5,3.12,1.0,4.0,1.0,2.0,1.12,3.38,1.12,1.88,3.88,3.88,3.0,1.0,1.0,1.0,2.5,1.88,2.75,3.38,1.75,4.0,4.0,3.5,3.88,4.12,3.5,4.0,1.0,2.25,1.0,3.12,4.0,3.12,2.88,3.0,3.0,3.75,3.75,2.88,2.0,3.12,3.0,2.88,2.62,2.88,4.0,1.0,3.5,2.62,2.88,4.0,3.75,3.75,2.5,3.38,1.88,4.0,4.29,2.07,3.17,3.57,4.48,2.12,3.87,3.67,3.55,4.15,3.14,4.04,3.67,4.26,4.4,3.23,1.88,4.17,2.82,4.09,3.4,4.71,3.01,3.99,2.11,4.05,3.26,2.02,2.23,4.3,3.97,1.6,1.39,3.52,3.46,2.79,1.93,3.54,3.76,3.85,4.75,2.7,2.92,3.95,3.67,2.63,2.51,1.18,1.79,4.16,4.93,3.22,2.24,1.26,2.84,2.19,3.06,2.15,2.13,1.29,3.34,2.73,1.45,4.79,4.17,3.65,3.2,3.86,4.08,3.47,3.26,1.71,4.2,3.21,3.15,2.87,2.13,1.69,2.91,2.12,1.66,1.43,1.47,1.51,2.29,3.71,2.45,2.22,2.21,4.3,3.57,3.5,1.7,3.4,4.22,4.0,True,True,True,True,True,True,True,True
17-2161,Nuclear Engineers,Nuclear Engineers,Nuclear Engineers,0.25,0.55,0.8500000000000001,0.25,0.475,0.7000000000000001,1.303009,1,17-2161,False,0.07,1,17-2161,False,base_00,4,base_00,False,1,2.0,2.5,4.0,1.88,4.0,2.0,1.0,1.0,1.0,1.0,3.0,1.62,3.5,3.75,1.0,1.0,1.0,2.5,4.0,4.0,1.5,4.0,2.62,1.0,3.88,1.0,3.75,3.75,4.0,3.38,3.25,1.0,4.62,1.12,1.75,1.0,3.12,1.0,1.0,3.62,3.5,2.88,1.0,1.0,1.0,2.75,1.75,2.62,3.12,1.38,4.0,4.12,3.88,4.0,4.0,3.62,4.12,1.62,1.75,1.0,3.0,4.0,3.0,2.12,2.12,2.75,4.0,4.0,3.0,2.25,3.75,3.62,3.12,1.88,3.25,4.0,1.62,4.12,2.88,2.88,3.75,3.75,3.75,2.88,3.5,3.12,4.0,4.43,2.29,3.3,3.43,4.3,2.62,3.3,3.24,3.35,3.85,3.2,3.45,3.71,4.85,4.38,3.38,1.7,4.2,3.6,4.0,3.43,4.38,2.86,4.0,1.81,3.43,2.43,1.86,1.8,4.25,3.76,2.19,2.0,3.14,3.24,2.65,2.43,3.71,3.67,4.0,4.5,2.6,3.65,3.67,3.37,2.43,2.21,1.33,1.7,3.67,4.9,2.4,1.81,1.17,2.35,2.1,1.81,1.81,1.47,3.57,2.76,2.25,1.21,4.4,3.48,3.11,3.9,3.71,4.67,3.21,1.76,1.4,4.25,2.52,3.25,2.1,1.95,1.25,2.75,2.14,1.45,1.48,1.25,1.57,2.24,3.86,2.0,2.1,1.9,4.6,3.57,3.7,2.71,3.15,3.89,3.55,True,True,True,True,True,True,True,True
17-2171,Petroleum Engineers,Petroleum Engineers,Petroleum Engineers,0.1666666666666666,0.5277777777777778,0.8888888888888888,0.0833333333333333,0.4305555555555555,0.7777777777777777,1.247779,1,17-2171,False,0.16,1,17-2171,False,base_00,4,base_00,False,1,1.0,2.0,3.88,1.75,4.0,2.0,1.0,1.0,1.0,1.0,2.88,2.12,3.0,3.75,1.0,1.0,1.0,2.38,4.0,3.75,1.0,3.25,2.62,1.5,3.62,1.0,3.12,4.0,4.0,3.38,3.0,1.0,4.0,1.0,1.12,1.0,3.12,1.0,1.12,3.5,3.5,2.75,1.0,1.0,1.0,2.88,1.38,2.62,3.25,1.12,4.0,4.0,3.75,3.88,3.88,3.62,4.0,1.12,1.88,1.75,3.0,3.88,3.0,2.5,2.75,2.88,3.25,3.75,2.88,2.12,2.25,2.88,3.0,1.88,2.62,4.0,1.0,3.38,3.0,3.62,3.88,3.88,3.88,2.25,3.62,2.25,3.88,4.58,2.1,2.63,4.1,4.1,1.56,3.74,3.37,4.1,3.72,2.82,4.01,3.77,3.41,4.4,3.22,1.36,4.37,2.72,3.74,3.69,4.49,3.39,3.33,1.36,4.18,2.78,1.39,1.54,4.2,3.67,1.53,1.41,3.56,3.77,2.83,2.42,4.11,2.51,3.95,4.43,2.83,2.76,4.54,4.27,3.21,2.01,1.21,1.94,4.53,4.98,2.46,1.39,1.01,1.73,1.95,2.13,1.34,1.25,1.14,2.2,2.12,1.02,4.99,3.92,3.91,3.59,4.0,3.82,2.87,2.94,1.43,4.28,2.11,3.5,2.21,1.7,1.53,2.15,2.52,1.26,1.22,1.26,1.21,2.01,4.22,2.16,2.27,1.97,4.79,3.67,2.72,1.18,3.81,4.89,3.18,True,True,True,True,True,True,True,True
17-2199,"Engineers, All Other",,"Energy Engineers, Except Wind and Solar",0.1974527590509618,0.5226496200276688,0.8478464810043758,0.2062260578531438,0.4461732967325073,0.6861205356118707,0.787566,1,17-2199,False,0.014,1,17-2199,False,first_detail,4,detail_mode,True,2,2.32625,2.25125,3.48625,2.39,3.97,2.23375,1.0,1.09375,1.31125,1.54625,2.9225,2.54625,3.235,3.5775,1.25125,1.09375,1.125,2.295,3.92375,3.74875,2.0775,3.6575,2.73625,1.89,3.64125,1.11,3.2825,3.90625,3.81625,3.51625,2.97125,1.11,3.84375,1.79875,1.76375,1.42125,3.0925,1.14,1.2825,3.43875,3.40625,2.7675,1.0625,1.125,1.46875,2.60875,1.825,2.78125,3.29625,1.765,3.98375,3.8,3.48375,3.7675,3.755,3.0475,3.96875,1.89,2.20375,1.34375,2.98375,3.6275,3.0325,2.14,2.1725,2.79625,3.58,3.45375,2.7975,2.5475,3.15625,2.9825,2.9225,2.38875,2.96625,3.9225,1.875,3.435,2.7675,2.99875,3.625,3.45375,3.31375,2.75,3.125,2.45375,3.76875,4.11125,2.23625,3.04125,3.6075,3.9775,2.91875,3.13625,3.23125,3.31125,3.9275,3.77125,3.59125,3.5775,3.68,4.4075,3.045,2.26625,3.8625,3.605,3.5825,3.09125,4.4037500000000005,2.73625,3.675,2.00375,3.73375,2.615,1.88,2.33125,4.00875,3.4275,2.75875,2.36875,2.7025,3.38,2.49,2.3125,3.97125,3.245,4.0325,4.515,2.64625,3.1174999999999997,4.00625,3.59625,3.165,2.2625,1.18375,2.1125,4.1175,4.905,2.06625,1.81375,1.1325,2.0825,2.33625,2.2475,1.68625,1.5225,1.27,2.7375,1.82375,1.12375,4.61875,4.1575,3.36625,3.28,3.64,4.26875,2.7062500000000003,2.08125,1.24125,4.53625,2.3675,3.3,2.025,1.77125,1.63625,2.9025,2.55625,1.61375,1.48,1.315,1.565,1.99875,3.73875,2.34125,2.50375,1.845,4.42375,3.54375,3.19875,1.9325,3.33125,4.34375,3.20625,True,True,True,True,True,True,True,True
17-3011,Architectural and Civil Drafters,Architectural and Civil Drafters,Architectural and Civil Drafters,0.12,0.54,0.96,0.18,0.52,0.86,0.9233925,1,17-3011,False,0.52,1,17-3011,False,base_00,3,base_00,False,1,2.5,2.25,3.38,2.38,3.5,1.88,1.25,1.75,1.25,1.25,2.88,2.38,3.12,3.38,1.0,1.25,1.25,2.12,3.38,3.38,2.38,3.38,2.5,1.25,3.62,1.12,3.0,3.62,3.38,3.38,2.62,1.25,3.12,1.25,1.25,1.25,3.12,1.0,1.5,3.0,3.0,2.75,1.25,1.25,1.25,2.38,2.5,2.88,3.62,2.12,3.62,3.62,3.38,3.25,3.5,3.12,3.38,1.25,1.62,1.25,3.12,3.12,3.0,1.88,1.88,2.62,3.25,3.25,2.75,1.5,2.25,2.38,2.75,2.38,2.5,3.62,1.25,2.5,2.88,3.0,3.12,3.5,2.75,2.25,3.25,2.0,3.38,3.48,1.93,2.42,3.37,3.89,1.46,2.92,2.67,2.83,3.67,4.58,3.28,3.31,4.32,4.36,2.67,1.44,3.54,2.62,3.0,2.73,3.97,1.74,3.13,1.59,3.69,2.34,2.13,1.72,3.63,2.99,1.6,1.16,2.6,3.21,2.1,1.74,3.83,2.58,3.84,4.77,2.47,2.74,4.0,3.7,3.08,2.19,1.0,2.48,3.57,4.93,1.5,1.33,1.15,1.68,1.41,1.46,1.57,1.31,1.0,2.25,1.79,1.0,4.86,3.69,3.28,2.15,3.3,4.63,3.59,2.29,1.17,4.67,1.79,3.42,2.36,1.73,1.28,2.91,2.53,1.52,1.31,1.19,1.24,3.41,4.52,2.14,3.25,1.67,4.44,4.38,1.85,1.24,3.28,4.45,3.25,True,True,True,True,True,True,True,True
17-3012,Electrical and Electronics Drafters,Electrical and Electronics Drafters,Electrical and Electronics Drafters,0.1914893617021276,0.5744680851063829,0.9574468085106382,0.2553191489361702,0.4893617021276595,0.7234042553191489,0.910166,1,17-3012,False,0.81,1,17-3012,False,base_00,3,base_00,False,1,2.25,2.25,3.12,2.12,3.25,2.12,1.12,1.62,1.12,1.12,2.5,2.5,3.0,2.88,1.25,1.0,1.0,2.0,3.25,3.38,2.38,3.0,2.62,1.25,3.88,1.12,2.88,3.88,3.62,2.88,2.88,1.12,3.38,1.25,1.12,1.25,2.88,1.12,1.38,3.25,3.5,2.88,1.12,1.12,1.12,2.38,2.0,2.62,3.62,2.25,4.0,3.62,3.25,3.62,3.38,3.0,3.5,1.25,1.62,1.25,2.75,3.5,2.62,1.88,1.88,2.5,2.75,3.0,2.5,1.5,2.62,2.25,2.62,2.12,2.88,3.38,1.12,1.88,2.75,2.88,3.25,2.88,2.88,2.25,3.12,2.38,3.5,3.37,2.25,2.36,3.27,4.37,2.08,2.75,2.56,2.89,3.78,4.66,3.47,3.42,4.0,4.55,1.83,1.68,3.7,2.53,3.23,2.7,3.79,1.72,2.57,1.68,4.2,2.61,1.77,1.76,3.79,2.22,2.49,1.8,2.45,3.4,1.48,1.4,3.13,2.75,3.99,4.76,2.92,3.0,4.15,3.15,2.98,2.69,1.31,2.49,3.7,4.89,1.99,1.26,1.06,1.4,2.0,1.62,1.21,1.56,1.07,3.15,1.76,1.07,4.62,3.69,3.43,2.33,3.5,4.44,3.33,2.15,1.12,4.59,1.96,2.92,2.11,1.47,1.69,2.97,1.98,1.49,1.09,1.15,1.25,3.17,4.3,1.97,2.54,1.9,4.23,4.18,2.57,1.26,2.95,4.35,2.87,True,True,True,True,True,True,True,True
17-3013,Mechanical Drafters,Mechanical Drafters,Mechanical Drafters,0.0689655172413793,0.5,0.9310344827586208,0.0689655172413793,0.4655172413793103,0.8620689655172413,0.8410071,1,17-3013,False,0.68,1,17-3013,False,base_00,3,base_00,False,1,2.5,2.12,3.0,2.38,3.12,2.12,1.0,1.25,1.0,1.0,2.88,3.0,3.0,3.25,1.0,1.0,1.0,2.0,3.12,3.0,2.0,3.5,2.25,1.12,3.75,1.0,3.0,3.25,3.25,3.25,2.88,1.0,3.12,1.0,1.0,1.0,3.25,1.0,1.12,3.25,3.25,2.5,1.0,1.0,1.0,2.12,1.5,3.0,3.5,1.5,3.12,3.25,3.25,3.25,3.12,3.0,3.25,1.0,1.25,1.0,3.0,3.0,2.88,2.0,2.0,2.25,3.25,3.0,2.25,1.5,3.0,2.12,2.38,2.25,2.75,3.25,1.0,1.88,2.38,3.0,3.12,2.88,2.88,2.38,2.88,2.0,3.0,3.27,2.07,2.34,3.06,3.92,2.38,2.62,2.05,2.83,3.66,4.71,3.06,3.14,3.45,4.23,2.39,1.97,3.5,3.27,3.16,2.95,3.78,1.82,3.71,1.97,3.42,2.9,1.59,2.02,3.41,2.65,1.76,2.11,2.09,2.84,1.8,1.25,4.02,2.39,3.71,4.72,2.4,2.66,3.7,3.39,2.68,2.19,1.02,1.88,4.32,4.93,1.9,1.43,1.0,1.73,1.67,1.99,1.29,1.33,1.0,2.75,1.52,1.0,4.63,4.45,3.14,2.21,3.49,4.7,3.54,1.32,1.07,5.0,1.66,2.92,1.13,1.11,1.33,2.98,1.95,1.96,1.19,1.05,1.29,3.57,4.4,1.96,3.07,1.78,4.11,3.75,3.4,1.14,2.68,3.89,2.95,True,True,True,True,True,True,True,True
17-3021,Aerospace Engineering and Operations Technologists and Technicians,Aerospace Engineering and Operations Technologists and Technicians,Aerospace Engineering and Operations Technologists and Technicians,0.1,0.325,0.55,0.0,0.225,0.45,0.3909402,1,17-3021,False,0.48,1,17-3021,False,base_00,3,base_00,False,1,3.0,2.88,3.12,3.12,3.88,2.62,1.0,2.0,1.38,2.38,2.88,3.0,3.38,3.0,1.75,1.38,1.75,2.88,3.88,3.88,3.0,3.0,2.75,2.62,3.88,1.0,3.0,4.0,4.0,2.88,3.25,1.0,3.88,2.0,2.12,1.75,3.12,1.12,1.12,3.12,3.12,2.62,1.0,1.25,2.0,2.88,2.0,2.75,3.25,2.0,4.0,3.75,3.0,3.62,3.5,2.88,3.88,2.88,2.62,2.12,2.75,3.25,2.88,2.12,2.12,2.38,3.0,3.12,2.5,3.0,2.75,3.75,2.62,2.12,3.75,3.75,3.0,3.12,2.62,2.88,3.62,3.0,3.0,2.12,3.12,3.25,3.12,3.86,2.16,2.41,3.59,4.28,3.05,3.06,2.94,2.86,4.41,3.06,3.94,3.89,4.21,4.64,2.18,2.65,4.53,3.61,3.12,3.78,4.28,2.9,4.54,2.3,3.49,2.38,1.04,2.38,3.93,2.72,3.24,2.6,2.34,3.7,2.39,1.63,3.21,2.75,3.98,4.42,2.8,3.78,4.02,3.88,3.69,2.35,1.05,1.79,3.69,4.67,3.13,3.35,1.0,2.63,3.84,2.89,2.05,2.57,1.16,3.64,1.95,1.25,4.69,4.06,4.29,3.53,4.35,4.96,3.35,2.01,1.26,4.91,1.97,3.42,1.72,1.49,1.66,3.09,1.72,2.9,1.72,1.92,2.41,2.61,3.12,2.94,4.11,2.05,4.51,4.47,4.41,2.17,3.2,4.48,2.34,True,True,True,True,True,True,True,True
17-3022,Civil Engineering Technologists and Technicians,Civil Engineering Technologists and Technicians,Civil Engineering Technologists and Technicians,0.1818181818181818,0.5909090909090909,1.0,0.2727272727272727,0.4772727272727273,0.6818181818181819,0.9323219,1,17-3022,False,0.75,1,17-3022,False,base_00,3,base_00,False,1,2.12,2.5,3.25,2.0,3.88,2.12,1.0,1.38,1.0,1.0,3.38,2.5,3.12,3.0,1.38,1.0,1.0,2.25,3.38,3.38,2.0,3.88,2.25,1.88,3.88,1.5,3.5,3.88,3.75,3.0,2.88,1.38,3.75,1.5,1.62,1.5,3.0,1.38,2.0,3.38,3.38,3.0,1.0,1.0,1.0,2.62,1.75,2.62,3.62,1.62,3.88,3.62,2.88,3.75,3.12,3.0,3.88,1.0,1.12,1.0,2.38,3.12,2.25,2.12,2.12,2.25,3.62,3.25,2.5,2.12,2.62,2.38,2.5,1.88,2.12,3.75,1.0,2.75,2.75,2.88,3.38,2.88,2.75,1.75,2.88,1.75,3.25,3.71,2.11,2.43,3.68,4.11,1.71,2.72,2.48,2.48,3.66,3.66,3.7,3.63,4.2,4.48,2.44,1.78,4.12,2.97,3.62,2.76,3.84,2.01,3.8,2.78,3.99,2.93,2.7,2.02,4.3,3.28,1.68,1.6,3.1,3.39,1.96,1.65,3.33,2.34,3.78,4.45,2.83,2.42,4.54,3.79,4.01,2.71,1.25,2.77,3.64,4.79,2.8,1.78,1.87,1.91,1.78,2.92,1.67,2.42,1.42,2.76,2.64,1.57,4.95,3.92,4.06,2.86,3.36,3.99,3.06,3.48,1.35,4.52,2.51,2.59,3.52,1.62,1.44,3.26,2.15,2.05,1.48,1.65,1.72,3.7,3.71,2.43,2.62,2.27,4.28,3.39,3.11,1.28,3.63,4.45,3.03,True,True,True,True,True,True,True,True
17-3023,Electrical and Electronic Engineering Technologists and Technicians,Electrical and Electronic Engineering Technologists and Technicians,Electrical and Electronic Engineering Technologists and Technicians,0.1886792452830188,0.4056603773584905,0.6226415094339622,0.0943396226415094,0.330188679245283,0.5660377358490566,0.3515252,1,17-3023,False,0.84,1,17-3023,False,base_00,3,base_00,False,1,2.75,2.5,3.25,2.75,3.88,2.5,1.25,1.88,1.62,2.5,2.75,2.75,3.0,3.0,1.25,1.75,1.75,2.38,3.88,3.5,2.75,2.75,2.5,2.12,3.75,1.0,2.62,3.75,3.5,3.0,3.25,1.38,3.62,1.75,2.0,1.25,3.12,1.75,1.62,3.38,3.25,2.75,1.0,1.75,1.62,2.5,2.25,3.25,3.38,2.0,3.88,3.38,3.12,3.62,3.38,3.0,3.75,3.0,2.62,2.0,2.62,3.12,2.62,2.12,2.12,2.62,2.75,3.12,2.25,2.5,2.0,3.0,2.5,1.88,2.88,3.88,3.5,1.75,2.88,2.88,3.25,3.12,2.88,2.0,2.88,3.5,3.25,3.72,2.5,2.84,3.3,4.02,3.29,3.02,2.92,2.79,3.91,3.57,3.49,3.33,3.99,4.19,2.77,2.93,3.82,3.88,3.26,3.2,4.24,2.7,3.67,2.41,3.71,2.84,2.08,2.89,3.83,3.02,3.81,2.74,2.6,3.34,2.25,1.83,3.58,3.27,3.91,4.42,2.62,3.15,4.03,3.56,2.94,2.58,1.28,2.03,4.27,4.83,2.72,2.34,1.19,2.19,2.83,2.61,1.91,2.5,1.38,3.21,2.34,1.31,4.71,4.43,3.52,3.43,3.88,4.39,3.2,2.27,1.58,4.58,2.69,2.87,2.45,2.21,1.68,3.13,2.03,1.94,1.68,1.5,1.95,2.53,3.6,2.61,3.41,2.12,4.25,3.56,3.68,1.95,3.34,4.24,3.26,True,True,True,True,True,True,True,True
17-3024,Electro-Mechanical and Mechatronics Technologists and Technicians,Electro-Mechanical and Mechatronics Technologists and Technicians,Electro-Mechanical and Mechatronics Technologists and Technicians,0.2564184852374839,0.3873555840821566,0.5182926829268293,0.048780487804878,0.2211168164313221,0.3934531450577663,-0.3040507,1,17-3024,False,0.81,1,17-3024,False,base_00,3,base_00,False,1,3.625,2.81,3.12,3.81,3.935,2.685,1.06,2.0,1.685,2.185,3.25,3.815,3.185,3.06,1.94,2.06,1.88,2.75,3.875,3.815,3.625,3.0,2.875,2.875,3.94,1.685,2.875,3.69,3.5,3.0,3.375,1.88,3.815,2.62,3.0,2.44,3.37,2.0,2.06,3.31,3.06,3.06,1.815,2.065,2.5,2.875,2.435,3.44,3.435,2.25,3.625,3.185,3.12,3.435,3.5,3.0,3.75,3.5,3.12,3.12,2.88,3.25,2.94,1.75,1.875,2.625,2.94,3.435,2.19,3.44,2.25,3.875,2.25,2.69,3.62,3.565,3.875,2.75,2.565,2.88,3.185,3.12,3.12,2.435,3.06,3.94,3.185,3.65,2.255,2.91,2.915,4.115,4.045,2.96,2.8049999999999997,2.78,3.97,3.495,3.52,3.06,3.89,4.0,2.625,3.18,3.915,3.905,3.2350000000000003,3.37,4.029999999999999,2.375,4.109999999999999,2.79,3.78,2.715,1.565,3.255,3.575,3.2249999999999996,4.305,3.59,2.275,3.095,2.0,1.83,3.5,3.24,3.725,4.4399999999999995,2.935,3.89,4.109999999999999,3.455,2.775,2.75,1.42,2.825,3.77,4.545,3.5,2.955,1.48,2.605,3.395,3.345,2.165,2.72,1.465,3.83,2.48,1.24,4.735,3.89,3.59,3.76,3.65,4.605,3.29,2.52,1.815,4.275,3.395,3.52,2.495,2.22,2.27,3.27,2.0700000000000003,2.345,1.755,1.755,2.3,2.57,3.03,3.035,4.05,2.51,4.195,4.015,4.38,2.27,3.4,4.22,3.13,True,True,True,True,True,True,True,True
17-3025,Environmental Engineering Technologists and Technicians,Environmental Engineering Technologists and Technicians,Environmental Engineering Technologists and Technicians,0.1052631578947368,0.4078947368421052,0.7105263157894737,0.2368421052631578,0.4342105263157894,0.631578947368421,0.0438054,1,17-3025,False,0.25,1,17-3025,False,base_00,4,base_00,False,1,3.0,2.25,3.62,3.0,4.0,2.75,1.0,2.0,1.38,2.0,3.0,3.0,3.0,3.0,2.0,2.0,2.0,2.25,4.0,3.88,2.88,3.0,2.75,2.75,3.75,2.0,3.0,3.88,3.88,3.0,3.0,2.12,3.88,2.0,2.25,2.0,3.12,2.0,2.0,3.75,3.12,2.75,2.0,2.12,2.25,2.88,2.25,2.88,2.88,2.0,4.0,3.12,3.75,3.88,3.12,3.0,3.88,2.38,2.5,1.0,2.88,3.25,3.0,2.12,2.38,3.0,3.0,3.38,2.88,2.88,2.75,3.0,2.88,2.12,3.12,3.88,2.38,3.38,2.75,3.0,3.38,3.0,2.88,2.0,3.12,2.75,3.12,3.52,2.36,2.35,3.0,4.11,2.71,2.93,2.36,2.69,3.91,2.61,3.29,2.66,3.87,4.03,2.27,2.54,3.4,3.75,3.03,3.12,3.59,2.31,3.41,3.13,3.29,2.37,2.73,2.77,3.47,2.71,2.39,2.54,2.86,2.97,1.89,1.58,2.89,2.64,3.4,3.75,2.76,2.95,4.42,3.5,3.57,2.56,1.2,1.97,3.77,4.75,3.47,2.06,1.67,2.53,2.91,2.85,1.83,2.85,1.43,3.21,2.75,1.5,4.72,3.57,3.68,3.8,3.98,3.93,3.43,3.54,1.7,3.72,2.93,2.87,3.73,2.5,1.73,2.86,1.87,2.11,1.78,1.45,1.96,2.97,3.26,2.55,2.82,2.33,4.47,3.5,3.55,2.01,3.33,3.95,3.91,True,True,True,True,True,True,True,True
17-3026,Industrial Engineering Technologists and Technicians,Industrial Engineering Technologists and Technicians,Industrial Engineering Technologists and Technicians,0.1725768321513002,0.41903073286052,0.66548463356974,0.1684397163120567,0.3683510638297872,0.5682624113475176,0.6106679,1,17-3026,False,0.03,1,17-3026,False,base_00,3,base_00,True,2,2.815,2.56,3.565,2.75,4.0,2.25,1.125,1.565,1.5,1.815,3.06,2.935,3.125,3.25,1.63,1.75,1.565,2.44,3.94,3.63,2.5,3.25,2.685,2.315,3.815,1.5,3.25,4.0600000000000005,3.69,3.185,3.25,1.685,4.0,2.125,2.25,2.125,3.435,1.63,1.63,3.31,3.315,2.815,1.5,1.94,1.75,2.75,2.25,2.875,3.25,2.125,4.0,3.565,3.19,3.75,3.685,3.065,3.94,2.625,2.31,1.0,2.94,3.25,2.875,1.815,2.185,2.5,3.25,3.38,2.435,2.435,2.56,3.0,2.63,2.13,3.125,4.0600000000000005,3.0,3.25,2.56,2.815,3.315,3.375,3.125,2.625,3.065,2.625,3.435,3.905,2.55,3.13,3.16,3.935,3.5999999999999996,3.0650000000000004,2.785,3.175,3.885,3.55,3.51,3.45,3.415,4.14,3.11,3.01,3.79,3.875,3.375,3.145,4.1850000000000005,2.8200000000000003,3.9,2.625,3.835,2.58,1.965,2.885,3.745,3.255,3.2,3.55,2.435,3.385,2.175,2.0549999999999997,3.82,3.79,3.92,4.1850000000000005,2.585,3.095,4.404999999999999,3.835,2.915,2.365,1.0950000000000002,2.4450000000000003,4.16,4.965,3.065,2.1100000000000003,1.1,1.96,2.965,2.41,1.2799999999999998,1.88,1.26,3.605,1.875,1.05,4.69,4.21,3.725,3.64,3.83,4.404999999999999,3.1950000000000003,1.25,1.13,4.68,2.065,3.12,1.42,1.37,2.355,3.3049999999999997,2.42,1.91,1.34,1.44,1.66,2.545,3.32,2.855,3.09,2.505,4.14,3.63,4.385,1.715,3.4299999999999997,4.404999999999999,2.9800000000000004,True,True,True,True,True,True,True,True
17-3027,Mechanical Engineering Technologists and Technicians,Mechanical Engineering Technologists and Technicians,Mechanical Engineering Technologists and Technicians,0.1094104308390022,0.3786848072562357,0.6479591836734693,0.1678004535147392,0.3151927437641723,0.4625850340136054,-0.1192367,1,17-3027,False,0.38,1,17-3027,False,base_00,3,base_00,False,1,3.185,2.69,3.44,3.06,3.815,2.375,1.0,1.94,2.06,2.44,3.12,3.25,3.25,3.06,2.0,2.0,1.94,2.56,3.75,3.69,3.06,3.19,2.625,2.815,3.815,1.94,3.125,3.81,3.625,3.06,3.185,2.06,3.75,2.315,2.685,2.31,3.375,2.125,2.125,3.315,3.565,2.62,1.31,2.06,2.25,2.62,2.38,2.81,3.25,2.315,3.94,3.38,3.06,3.5,3.435,3.0,3.625,2.81,2.815,1.88,2.565,3.25,2.565,1.815,2.06,2.5,3.185,3.12,2.565,2.94,2.435,3.375,2.69,2.06,3.25,3.685,2.87,2.81,2.69,3.0,3.56,2.935,3.0,2.19,3.0,2.94,3.375,3.8,2.1799999999999997,2.84,3.3049999999999997,4.155,3.405,3.08,2.98,2.955,4.21,3.5999999999999996,3.5,3.35,3.9,4.2,2.865,3.27,3.89,4.0649999999999995,3.595,3.075,4.1,2.4349999999999996,3.78,3.55,3.725,2.615,2.0149999999999997,3.155,3.88,2.915,3.2249999999999996,3.5700000000000003,2.63,3.32,2.17,1.97,3.54,3.345,3.89,4.15,2.83,3.575,4.375,3.415,2.995,2.715,1.42,2.26,3.605,4.75,3.215,2.755,1.125,2.5599999999999996,3.2,3.605,1.845,2.39,1.195,3.85,2.77,1.58,4.8,3.8,3.54,3.77,3.735,4.29,3.3,2.67,2.105,4.525,3.05,3.02,2.485,2.28,2.445,3.625,2.26,2.3150000000000004,1.635,1.815,2.095,2.525,2.92,3.2,3.47,2.54,4.345000000000001,3.945,4.505,2.1799999999999997,3.295,4.16,3.255,True,True,True,True,True,True,True,True
17-3028,Calibration Technologists and Technicians,Calibration Technologists and Technicians,Calibration Technologists and Technicians,0.2,0.4,0.6,0.0666666666666666,0.2666666666666666,0.4666666666666667,0.1941278,1,17-3029,True,0.24,1,17-3029,True,base_00,3,base_00,False,1,,,,,,,,,,,,,,,,,,,,,,,,,,,,,,,,,,,,,,,,,,,,,,,,,,,,,,,,,,,,,,,,,,,,,,,,,,,,,,,,,,,,,,,,,,,,,,,,,,,,,,,,,,,,,,,,,,,,,,,,,,,,,,,,,,,,,,,,,,,,,,,,,,,,,,,,,,,,,,,,,,,,,,,,,,,,,,,,,,,,,,,,True,True,True,True,False,False,False,False
17-3029,"Engineering Technologists and Technicians, Except Drafters, All Other",,Non-Destructive Testing Specialists,0.0555555555555555,0.2687739463601531,0.4819923371647509,0.0444444444444444,0.2601532567049808,0.4758620689655172,0.1941278,1,17-3029,True,0.24,1,17-3029,True,first_detail,2,detail_mode_tie_lower,True,2,3.06,2.63,3.12,3.12,3.625,2.69,1.0,1.75,1.565,2.0,3.25,3.13,2.935,2.75,1.625,1.69,1.75,2.38,3.435,3.565,3.06,2.94,2.435,2.815,3.875,1.31,2.88,3.685,3.435,2.56,3.185,1.375,3.87,2.19,2.5,2.0,3.06,1.44,1.685,3.125,3.125,2.875,1.31,1.75,2.12,2.625,2.435,3.0,3.12,2.06,3.75,3.375,3.25,3.5,3.12,3.0,3.44,2.935,2.685,1.94,2.81,3.06,2.935,1.75,2.0,2.5,2.935,3.315,2.25,3.0,1.815,3.315,2.31,1.81,3.63,3.69,2.5,2.75,2.5,2.875,3.12,3.0,3.0,2.0,3.0,3.06,3.185,3.84,2.34,3.29,3.34,3.905,3.975,3.135,3.0,3.08,4.25,3.045,3.4749999999999996,3.48,4.27,4.35,2.91,3.515,4.025,4.48,3.285,3.545,4.145,2.955,4.155,2.825,3.56,3.045,2.31,3.185,4.025,3.0700000000000003,3.1399999999999997,2.955,2.9850000000000003,3.3,2.275,2.41,3.34,3.455,3.815,4.07,2.6100000000000003,3.56,3.925,3.425,3.225,2.515,1.455,2.615,3.66,4.66,3.23,2.93,1.25,3.045,3.23,3.375,2.55,2.5650000000000004,2.545,3.725,2.725,1.4300000000000002,4.585,3.925,3.595,3.595,3.815,4.390000000000001,3.5250000000000004,2.615,1.905,4.275,3.18,3.135,3.02,2.91,2.73,3.35,2.11,2.4,2.02,1.77,2.155,3.115,2.75,3.205,4.025,2.36,4.245,4.045,4.41,2.94,3.145,3.955,3.125,True,True,True,True,True,True,True,True
17-3031,Surveying and Mapping Technicians,Surveying and Mapping Technicians,Surveying and Mapping Technicians,0.0851063829787234,0.5,0.9148936170212766,0.1063829787234042,0.5106382978723404,0.9148936170212766,0.0852324,1,17-3031,False,0.96,1,17-3031,False,base_00,3,base_00,False,1,2.75,2.25,3.12,2.62,3.25,2.25,1.25,2.25,2.0,2.0,3.12,2.5,3.12,3.0,1.75,2.12,2.0,2.12,3.38,3.25,2.5,2.88,2.38,2.5,3.5,1.62,2.62,3.38,3.38,2.75,2.88,1.62,3.25,1.88,2.38,2.0,2.88,1.62,2.25,3.12,3.12,2.5,1.38,2.12,2.12,2.5,2.62,2.88,2.75,2.25,3.75,3.25,3.0,3.12,3.12,3.0,3.38,1.0,1.25,1.0,2.62,2.88,2.5,1.62,1.88,2.62,3.25,3.12,2.38,2.5,2.0,2.38,2.88,2.25,2.25,3.88,1.12,1.62,2.88,2.88,3.12,2.62,2.62,1.75,2.88,1.75,3.25,3.73,1.93,2.52,3.08,3.79,2.87,2.89,2.52,2.63,4.16,3.31,2.96,2.88,3.52,4.14,2.47,2.33,3.45,2.52,3.24,2.68,3.62,2.12,2.67,2.5,3.44,2.65,2.04,2.88,3.72,2.65,2.42,2.02,2.31,3.07,1.75,1.62,2.83,2.92,3.66,4.53,2.38,2.74,4.02,3.05,2.97,2.29,1.42,2.59,3.89,4.75,2.05,1.82,1.25,2.58,1.44,2.5,1.64,2.38,1.09,2.96,2.81,1.31,4.57,4.3,3.77,2.75,3.6,4.61,3.83,2.87,1.46,3.85,2.32,3.0,3.31,1.76,1.82,3.13,1.82,2.06,1.27,1.59,1.87,3.67,3.29,2.92,3.71,2.69,4.32,3.7,2.88,1.36,3.19,3.82,3.41,True,True,True,True,True,True,True,True
19-1011,Animal Scientists,Animal Scientists,Animal Scientists,0.125,0.53125,0.9375,0.75,0.84375,0.9375,1.041358,1,19-1011,False,0.061,1,19-1011,False,base_00,5,base_00,False,1,2.0,2.62,3.88,2.0,4.0,2.0,1.0,1.25,1.38,1.38,3.0,1.62,3.0,3.75,1.75,1.62,1.38,2.12,4.0,3.88,1.12,3.25,2.75,2.0,3.88,1.5,3.25,4.0,4.0,3.25,3.0,1.5,4.0,1.5,1.88,2.0,3.12,1.38,2.0,4.0,3.75,2.25,1.0,1.5,2.0,2.62,2.12,2.62,2.75,1.88,4.0,4.0,3.88,3.88,4.0,3.12,4.0,1.12,1.12,1.0,3.0,4.0,3.25,2.0,2.25,3.0,3.38,3.75,3.0,1.88,2.75,2.5,3.0,2.0,2.75,4.12,1.0,4.0,3.0,3.12,3.88,3.75,3.25,1.88,3.25,1.88,4.0,4.55,2.7,3.41,4.09,4.0,2.48,3.3,3.7,3.91,4.0,1.78,4.04,3.65,3.61,4.43,3.43,2.09,4.04,2.78,4.26,3.7,4.43,3.13,3.91,2.77,3.91,2.7,2.82,2.59,4.35,4.09,1.87,1.78,3.22,3.45,3.45,2.43,4.24,4.09,4.26,4.48,2.65,2.96,4.22,3.61,3.57,2.39,1.26,2.26,4.43,5.0,2.91,1.61,1.74,2.27,1.91,1.78,1.39,1.91,1.04,3.04,2.91,1.17,4.45,4.39,3.73,3.3,3.96,4.26,2.96,3.83,2.04,3.96,3.43,3.57,3.26,3.39,1.43,2.91,3.04,1.61,1.3,1.43,1.52,2.09,3.43,2.73,2.13,2.09,4.74,3.65,2.48,1.57,3.39,4.17,3.91,True,True,True,True,True,True,True,True
19-1012,Food Scientists and Technologists,Food Scientists and Technologists,Food Scientists and Technologists,0.0,0.3461538461538461,0.6923076923076923,0.2307692307692307,0.5,0.7692307692307693,0.7943575,1,19-1012,False,0.077,1,19-1012,False,base_00,4,base_00,False,1,2.12,2.12,4.0,2.12,4.0,2.0,1.0,1.88,1.62,2.0,3.12,2.25,3.38,3.75,1.0,1.75,1.62,2.25,4.0,4.0,2.12,3.25,2.75,2.0,4.0,1.0,3.38,4.0,4.0,3.62,3.12,1.0,4.12,1.88,2.12,1.62,3.0,1.12,1.0,3.5,3.5,3.0,1.0,2.0,1.88,2.62,2.12,3.12,2.62,2.0,4.0,4.0,4.0,3.88,3.88,3.12,4.0,1.0,1.88,1.0,3.0,3.88,3.0,1.88,2.0,2.62,3.12,3.62,3.12,2.25,2.62,2.88,3.12,1.5,3.38,4.0,1.0,3.88,3.0,3.25,3.88,3.62,3.62,1.88,3.12,2.0,3.88,4.09,2.41,3.59,3.41,4.33,3.27,3.43,3.59,3.18,4.55,2.32,3.91,3.57,4.36,4.41,3.36,3.05,4.23,3.36,3.81,3.27,4.27,3.14,3.95,2.32,4.09,3.09,1.95,2.95,4.05,3.9,2.32,2.05,3.18,3.27,2.64,2.59,4.18,3.5,4.0,3.86,2.86,3.19,3.91,3.33,3.14,2.5,1.45,2.24,3.91,4.91,2.95,1.55,1.43,2.05,2.1,2.41,1.95,2.15,1.18,3.18,3.14,1.14,4.9,3.95,3.43,3.45,3.73,4.36,2.9,2.24,1.48,4.86,2.64,3.14,1.71,1.73,2.52,3.35,2.45,1.71,1.64,1.33,1.55,2.36,3.05,3.38,2.91,2.24,4.6,3.86,4.14,2.14,3.0,4.33,3.4,True,True,True,True,True,True,True,True
19-1013,Soil and Plant Scientists,Soil and Plant Scientists,Soil and Plant Scientists,0.0,0.4891304347826087,0.9782608695652174,0.4347826086956521,0.6304347826086957,0.8260869565217391,0.6320696,1,19-1013,False,0.021,1,19-1013,False,base_00,5,base_00,False,1,2.12,2.12,4.0,2.12,4.0,2.62,1.12,2.0,1.25,2.12,3.0,2.62,3.38,3.5,1.75,1.75,1.62,2.0,4.0,4.0,2.0,3.12,2.88,2.0,3.75,1.75,3.12,4.0,4.0,3.88,3.0,1.75,3.88,1.62,1.62,1.75,3.0,1.62,1.75,3.75,3.38,2.88,1.5,2.12,2.12,2.75,2.38,2.88,2.88,1.75,4.0,4.0,4.0,3.88,3.88,3.0,4.0,1.0,1.0,1.0,3.12,3.75,3.25,2.0,2.0,2.75,3.25,3.25,2.75,2.25,3.0,2.75,2.88,2.12,3.0,4.0,1.0,4.0,2.88,3.0,4.0,3.5,3.5,1.75,2.88,1.75,3.88,4.48,2.62,3.33,3.9,4.19,2.48,3.38,3.24,3.86,4.2,2.05,3.43,3.95,3.75,4.2,3.57,2.57,4.0,3.1,4.05,3.38,4.29,3.14,3.76,3.0,4.0,2.9,3.19,3.1,4.29,3.67,2.24,2.48,2.86,3.81,2.76,2.57,4.05,3.67,4.33,4.62,2.5,2.67,3.95,3.65,3.38,2.4,1.29,2.19,4.33,4.76,2.75,1.7,1.14,2.33,2.43,2.29,1.57,2.67,1.24,2.71,3.1,1.3,4.48,4.38,2.86,3.81,3.29,3.9,2.95,3.35,2.81,4.24,3.7,3.33,3.9,3.05,1.48,2.43,2.76,1.86,1.33,1.38,1.9,2.14,2.9,2.9,2.52,2.33,4.24,3.33,3.33,1.57,3.57,4.05,3.57,True,True,True,True,True,True,True,True
19-1021,Biochemists and Biophysicists,Biochemists and Biophysicists,Biochemists and Biophysicists,0.1363636363636363,0.4545454545454546,0.7727272727272727,0.2045454545454545,0.4431818181818182,0.6818181818181819,0.9060509,1,19-1021,False,0.027,1,19-1021,False,base_00,5,base_00,False,1,2.75,2.0,4.0,2.12,4.0,1.88,1.0,1.12,1.0,1.38,2.88,2.62,3.62,3.75,1.0,1.0,1.0,1.88,4.25,4.0,2.25,4.0,3.0,1.75,4.0,1.0,3.5,4.12,4.12,3.75,3.12,1.0,3.88,1.62,1.75,1.5,3.0,1.0,1.0,3.75,3.12,3.0,1.0,1.0,1.75,2.25,2.12,2.88,3.25,2.12,4.25,4.25,4.12,4.12,4.12,3.0,4.25,1.88,2.25,1.12,3.62,4.0,4.0,1.88,2.0,3.0,3.88,3.88,2.5,2.12,3.12,2.75,3.0,2.25,3.0,4.38,1.75,4.75,2.5,3.0,4.12,3.38,3.12,2.12,2.88,1.88,4.25,4.95,2.6,3.75,3.47,4.35,3.45,3.26,3.32,4.32,4.75,3.1,3.6,4.3,3.53,4.7,3.85,2.75,4.55,4.0,4.5,3.95,4.7,3.32,4.35,2.15,4.1,3.25,1.95,2.35,4.7,3.35,3.42,2.55,2.65,3.55,2.58,2.65,4.75,4.15,4.75,4.67,2.55,3.37,3.75,3.16,1.8,2.16,1.35,2.63,4.35,4.85,2.53,1.95,2.11,1.9,3.11,2.15,1.25,1.33,1.65,2.4,1.61,1.11,4.44,4.3,3.68,3.8,3.7,4.75,3.53,1.11,1.0,4.67,1.45,4.11,1.05,1.16,2.17,3.16,2.65,1.42,1.25,1.37,1.45,2.7,3.58,2.68,3.45,1.95,3.67,3.3,4.16,2.3,3.32,4.21,3.44,True,True,True,True,True,True,True,True
19-1022,Microbiologists,Microbiologists,Microbiologists,0.0833333333333333,0.3958333333333333,0.7083333333333333,0.0833333333333333,0.3125,0.5416666666666666,0.6955647,1,19-1022,False,0.012,1,19-1022,False,base_00,4,base_00,False,1,2.75,2.0,4.0,2.75,4.0,2.12,1.0,1.5,1.38,1.5,2.88,3.0,3.75,3.75,1.0,1.38,1.38,2.0,4.12,3.88,2.62,2.88,2.75,2.12,3.75,1.0,2.88,4.0,4.0,3.12,3.0,1.0,4.0,2.0,2.12,1.75,3.5,1.0,1.0,3.12,3.62,2.62,1.0,1.5,2.0,2.62,2.0,3.0,3.0,1.88,4.25,4.12,3.88,3.88,3.62,3.0,4.0,1.0,1.75,1.0,3.0,3.75,3.62,2.25,2.12,3.0,3.12,3.62,2.62,2.5,2.88,2.75,2.62,1.88,2.88,4.12,1.0,4.62,3.0,3.0,3.88,3.0,2.88,1.88,3.0,2.0,4.0,4.32,2.45,3.09,3.55,4.18,3.73,3.14,3.09,3.48,4.27,2.59,3.59,3.71,4.23,4.27,3.27,3.05,4.0,3.41,3.95,3.43,4.0,3.77,4.09,2.23,4.23,3.23,2.18,2.59,4.14,3.0,2.45,2.45,2.59,3.77,2.05,2.95,3.76,3.55,3.95,4.36,2.68,3.86,3.77,3.29,2.95,2.45,1.23,2.5,3.91,5.0,3.86,1.71,4.05,1.77,3.5,2.59,1.23,1.86,1.45,2.82,1.68,1.05,4.74,4.0,3.5,3.91,3.64,4.59,3.68,1.64,1.18,4.82,2.0,2.86,1.82,1.73,2.05,3.18,2.64,1.68,1.27,1.18,1.41,3.32,3.48,2.77,3.45,1.86,4.21,4.14,4.73,2.59,3.32,4.1,3.26,True,True,True,True,True,True,True,True
19-1023,Zoologists and Wildlife Biologists,Zoologists and Wildlife Biologists,Zoologists and Wildlife Biologists,0.0952380952380952,0.4523809523809523,0.8095238095238095,0.2857142857142857,0.5238095238095237,0.7619047619047619,0.3175953,1,19-1023,False,0.3,1,19-1023,False,base_00,4,base_00,False,1,2.38,2.38,3.5,2.0,4.0,2.0,1.0,2.0,2.0,2.0,3.0,2.25,3.12,3.38,2.0,2.0,2.0,2.5,4.0,3.75,2.0,3.0,2.25,2.0,3.5,2.0,3.0,4.0,4.0,3.25,3.0,2.0,3.75,2.0,2.0,2.0,3.25,2.0,2.12,3.75,3.62,2.25,1.25,2.0,2.0,3.0,2.0,2.75,2.88,2.0,4.0,4.0,3.62,4.0,4.0,3.75,4.0,1.0,1.0,1.0,3.0,4.0,3.0,2.25,2.25,3.0,3.0,3.38,3.12,2.0,2.0,2.75,3.12,1.88,2.12,4.0,1.0,3.88,3.0,3.25,4.0,3.25,3.0,2.0,3.38,1.62,3.88,3.96,2.61,3.07,4.46,4.38,2.71,3.53,3.64,3.91,3.86,2.25,4.32,3.54,3.85,4.39,3.15,2.59,4.18,3.07,3.76,3.46,4.34,3.3,3.9,3.8,4.21,3.45,4.12,2.97,3.99,3.88,1.62,2.45,3.51,3.85,2.61,2.7,3.88,3.24,4.02,4.45,2.47,2.87,4.36,4.17,3.89,2.4,1.25,1.26,4.23,4.92,2.29,1.79,1.68,2.15,1.86,2.3,1.49,2.77,1.02,2.74,2.93,1.52,4.52,4.12,3.73,3.7,3.82,4.14,3.46,3.58,2.58,4.3,3.02,3.11,3.39,2.67,1.56,3.25,2.36,2.11,1.5,1.99,1.99,2.62,3.62,2.63,2.91,2.26,4.59,3.3,3.01,1.53,3.91,4.34,2.93,True,True,True,True,True,True,True,True
19-1029,"Biological Scientists, All Other",,Bioinformatics Scientists,0.2525397025205173,0.5492120286984489,0.8458843548763805,0.2140532565318191,0.4608940157303575,0.7077347749288959,1.010193,1,19-1029,False,0.015,1,19-1029,False,first_detail,5,detail_mode,False,1,2.3125,2.0625,3.9375,2.095,3.97,2.09,1.0,1.28,1.125,1.47,3.09,2.5925,3.345,3.815,1.125,1.22,1.22,2.095,4.1225000000000005,3.94,1.9375,3.88,2.7775,1.655,3.8775,1.0625,3.4975,4.1850000000000005,4.0925,3.5925,3.0,1.155,3.97,1.375,1.56,1.2475,3.1575,1.155,1.125,3.755,3.5325,2.91,1.0,1.2175,1.5,2.655,1.8425,2.81,2.91,1.69,4.4350000000000005,4.2175,3.845,4.0,3.9375,3.06,4.0600000000000005,1.0,1.375,1.0,3.375,3.8425,3.47,2.155,2.25,3.0,3.7525,3.47,2.8125,1.875,2.31,2.44,2.9675,2.28,2.53,4.2175,1.0,4.3100000000000005,2.78,3.25,4.0,3.2175,3.0625,1.9375,3.125,1.905,4.0625,4.585,2.575,3.3425,3.7325,4.195,2.58,3.365,3.37,3.965,4.2475000000000005,2.1225,3.745,3.8425,3.09,4.5649999999999995,3.58,2.4925,4.205,3.0325,4.0625,3.41,4.5325,3.28,3.6725,1.7275,4.1625,2.9975,2.09,2.1925,4.55,3.1225,2.1475,1.855,2.875,3.535,2.2925,2.4725,4.2825,3.87,4.51,4.58,2.3075,2.595,3.77,3.535,2.4575,2.0325,1.1375000000000002,1.7925,4.405,4.945,2.0975,1.5074999999999998,1.9275,1.3675,2.345,1.4975,1.1425,1.585,1.41,2.47,1.7275,1.085,4.615,4.4475,2.935,3.1875,3.1675,4.2425,3.0975,1.785,1.3425,4.4325,1.6949999999999998,4.077500000000001,1.7475,1.465,1.5175,2.86,2.905,1.4325,1.1175,1.275,1.23,2.8275,3.88,2.4125,2.9450000000000003,1.8225,3.68,3.24,3.3,1.73,3.4675,4.33,2.9625,True,True,True,True,True,True,True,True
19-1031,Conservation Scientists,Conservation Scientists,Conservation Scientists,0.0606060606060606,0.4394408823058358,0.818275704005611,0.2060683378343301,0.4796405829757388,0.7532128281171474,0.0690313,1,19-1031,False,0.016,1,19-1031,False,base_00,4,base_00,False,1,2.4966666666666666,2.3733333333333335,3.25,2.1633333333333336,3.706666666666667,2.3766666666666665,1.0833333333333333,2.0833333333333335,1.6666666666666667,2.04,3.2099999999999995,2.21,3.1266666666666665,3.25,1.92,1.92,1.79,2.2533333333333334,3.543333333333333,3.5033333333333334,2.2066666666666666,2.7900000000000005,2.54,2.2933333333333334,3.4599999999999995,1.8733333333333333,2.793333333333333,4.0,4.0,3.206666666666667,2.8733333333333335,2.0,3.709999999999999,1.8766666666666667,1.8333333333333333,1.96,2.9599999999999995,1.8333333333333333,2.2933333333333334,3.706666666666667,3.5033333333333334,2.4533333333333336,1.2933333333333332,2.0833333333333335,2.2933333333333334,2.6266666666666665,2.42,2.793333333333333,2.8800000000000003,2.0033333333333334,3.9166666666666665,3.75,3.25,3.92,3.453333333333333,3.2466666666666666,3.6233333333333335,1.2933333333333332,1.336666666666667,1.04,3.043333333333333,3.3733333333333335,2.9599999999999995,2.0433333333333334,2.25,2.92,2.6266666666666665,3.33,2.956666666666667,2.29,2.6266666666666665,2.5033333333333334,3.0,1.6266666666666667,2.1233333333333335,3.88,1.2066666666666668,2.92,3.206666666666667,3.3733333333333335,3.83,3.0400000000000005,2.9966666666666666,1.71,3.0833333333333335,1.8766666666666667,3.5,3.936666666666667,2.7100000000000004,3.3699999999999997,4.11,4.41,2.6366666666666667,3.65,3.486666666666667,3.5833333333333335,4.003333333333333,2.32,4.206666666666667,3.3833333333333333,3.796666666666667,4.233333333333333,3.3433333333333333,2.9966666666666666,3.7533333333333334,3.206666666666667,3.943333333333334,3.2933333333333334,4.1,3.35,3.7533333333333334,3.4066666666666663,3.946666666666667,3.4933333333333336,4.21,3.59,3.790000000000001,3.2066666666666666,1.9466666666666663,2.25,3.65,3.813333333333334,2.786666666666666,2.813333333333333,3.953333333333333,3.56,4.13,4.18,2.6333333333333333,2.4099999999999997,4.3133333333333335,3.953333333333333,4.32,2.56,1.2633333333333334,1.79,4.116666666666666,4.95,2.44,1.653333333333333,1.25,2.5,1.58,1.856666666666667,1.4066666666666665,2.6466666666666665,1.153333333333333,2.8733333333333335,3.106666666666667,1.29,4.62,4.0200000000000005,3.1566666666666667,3.3166666666666664,3.466666666666667,3.286666666666666,2.85,3.77,2.273333333333333,4.16,3.2566666666666664,2.7566666666666664,3.89,2.99,1.3266666666666669,3.08,3.1366666666666667,2.08,1.38,1.66,1.9566666666666668,2.3466666666666667,3.313333333333333,2.6633333333333336,2.6366666666666667,2.3333333333333335,4.6499999999999995,3.17,2.8699999999999997,1.4566666666666668,3.1633333333333336,4.273333333333333,3.42,True,True,True,True,True,True,True,True
19-1032,Foresters,Foresters,Foresters,0.0,0.3676470588235294,0.7352941176470588,0.1764705882352941,0.3676470588235294,0.5588235294117647,-0.184381,1,19-1032,False,0.0081,1,19-1032,False,base_00,4,base_00,False,1,2.88,2.38,3.88,2.75,3.88,2.62,1.0,2.25,2.0,2.0,3.25,2.38,3.38,3.0,2.0,2.0,2.0,2.5,3.88,3.88,2.0,2.88,2.5,2.5,3.62,2.0,2.88,4.0,3.88,3.25,2.88,2.0,3.75,2.0,2.25,2.0,3.0,2.0,2.62,3.62,3.62,2.62,1.75,2.12,2.62,2.88,3.12,2.75,3.12,2.0,3.88,3.75,3.12,4.0,3.88,3.5,3.88,1.62,2.12,1.0,3.0,3.75,2.88,2.88,3.12,3.12,2.88,3.75,3.25,2.88,2.88,3.0,3.12,1.5,2.5,3.88,1.62,2.75,3.0,3.25,3.88,3.62,3.62,2.12,3.5,2.0,3.75,3.92,2.36,2.96,4.34,4.36,3.11,3.74,3.48,3.66,4.33,2.83,4.14,3.71,4.23,4.04,2.97,3.07,3.88,4.04,3.85,3.76,4.48,3.58,4.24,3.83,4.14,4.11,3.72,3.77,3.84,3.46,2.12,2.57,3.48,4.11,2.64,2.59,3.28,3.04,3.46,3.95,2.54,3.26,4.44,3.86,3.9,2.2,1.07,1.77,4.48,4.79,2.49,1.48,1.19,2.85,1.7,2.81,1.25,3.12,1.04,2.74,3.36,1.38,4.4,4.64,4.06,3.08,4.13,3.94,2.77,4.37,1.85,3.57,3.21,2.81,4.05,2.42,1.48,2.98,2.11,1.87,1.3,1.81,1.55,2.22,2.95,2.92,1.9,2.97,4.79,3.11,3.41,1.26,3.35,3.69,3.45,True,True,True,True,True,True,True,True
19-1041,Epidemiologists,Epidemiologists,Epidemiologists,0.0,0.4423076923076923,0.8846153846153847,0.3461538461538461,0.5576923076923077,0.7692307692307693,1.436287,1,19-1041,False,0.2,1,19-1041,False,base_00,5,base_00,False,1,1.0,1.75,4.0,1.0,4.12,1.38,1.0,1.0,1.0,1.0,2.88,1.75,3.62,4.0,1.0,1.12,1.0,1.62,4.38,3.75,1.12,3.62,2.88,1.0,3.75,1.0,3.38,4.38,4.25,3.88,3.0,1.0,4.25,1.0,1.0,1.0,3.12,1.0,1.0,4.0,3.75,3.0,1.0,1.0,1.0,2.75,1.62,2.5,3.0,1.5,4.38,4.25,4.0,4.12,4.25,3.75,4.25,1.0,1.12,1.0,3.25,4.25,3.5,2.12,2.0,3.12,3.75,3.62,2.88,1.0,3.0,1.5,3.12,1.62,1.5,4.25,1.0,4.12,3.25,3.88,4.12,4.0,4.0,1.38,3.25,1.0,4.12,4.95,2.42,3.47,4.42,4.28,1.37,3.56,3.89,3.78,4.11,1.32,4.0,3.72,3.44,4.53,3.33,1.32,4.06,1.84,4.58,2.67,4.63,2.94,3.26,1.32,4.0,2.94,3.22,1.33,4.58,3.68,1.21,1.11,2.78,3.5,2.63,2.68,4.11,3.78,4.53,4.58,2.68,2.28,4.21,3.89,3.42,2.22,1.21,2.21,4.53,4.95,1.63,1.16,2.39,1.21,1.16,1.06,1.0,1.17,1.11,1.68,1.32,1.0,4.67,4.58,3.22,2.89,3.56,4.68,2.61,2.05,1.11,4.74,2.0,3.42,1.63,1.42,1.16,2.74,2.95,1.17,1.05,1.05,1.11,2.21,4.21,2.33,1.89,1.84,4.67,3.58,1.78,1.56,3.21,4.5,3.76,True,True,True,True,True,True,True,True
19-1042,"Medical Scientists, Except Epidemiologists","Medical Scientists, Except Epidemiologists","Medical Scientists, Except Epidemiologists",0.1818181818181818,0.5227272727272727,0.8636363636363636,0.3636363636363636,0.5681818181818182,0.7727272727272727,1.279928,1,19-1042,False,0.0045,1,19-1042,False,base_00,5,base_00,False,1,2.5,1.88,4.0,2.12,4.0,1.75,1.0,1.25,1.0,1.12,2.88,2.75,3.25,3.25,1.0,1.0,1.0,1.88,4.12,4.0,2.25,3.38,3.0,1.12,3.75,1.0,3.12,4.0,4.12,3.25,3.0,1.0,3.88,1.0,1.0,1.0,3.12,1.0,1.0,4.0,3.75,3.0,1.0,1.0,1.0,2.88,1.5,2.88,2.5,1.5,4.0,4.12,4.12,4.0,3.88,3.0,4.0,1.0,1.62,1.0,3.25,4.0,3.38,1.75,1.88,2.88,3.62,3.62,2.88,1.88,2.88,2.75,2.88,2.0,2.25,4.0,1.0,4.12,3.12,3.0,4.12,3.75,3.25,1.75,3.12,1.75,4.25,4.14,2.66,3.13,2.36,4.47,2.23,2.93,3.48,3.27,4.07,1.8,3.82,4.03,3.14,4.27,2.8,1.75,4.07,3.34,3.63,2.91,4.26,2.21,3.26,2.35,4.1,2.5,1.36,2.08,4.06,3.31,1.87,2.13,1.86,3.69,1.79,1.87,4.32,3.55,4.58,4.25,2.79,3.43,4.67,3.83,2.44,2.38,1.05,2.2,4.15,4.94,2.53,1.31,2.94,1.24,3.52,1.31,1.0,2.13,1.09,2.28,1.32,1.07,4.84,4.41,3.27,3.7,3.88,4.57,3.96,1.18,1.0,4.81,1.16,3.99,1.14,1.07,2.3,3.1,2.45,1.57,1.02,1.45,1.21,3.0,3.28,2.83,3.71,1.94,3.91,3.69,4.14,2.04,3.29,4.81,3.07,True,True,True,True,True,True,True,True
19-2011,Astronomers,Astronomers,Astronomers,0.0625,0.4375,0.8125,0.25,0.421875,0.59375,1.373737,1,19-2011,False,0.041,1,19-2011,False,base_00,5,base_00,False,1,1.38,1.88,3.62,1.25,4.12,2.0,1.0,1.0,1.0,1.0,3.75,1.62,3.88,3.75,1.0,1.0,1.0,1.88,4.12,3.88,1.25,4.0,2.88,1.0,3.88,1.62,4.0,4.12,4.12,3.75,3.12,1.0,3.62,1.0,1.0,1.0,3.5,1.0,1.5,3.88,3.38,2.62,1.0,1.0,1.0,2.62,1.75,3.0,2.88,1.5,4.12,4.12,4.0,4.0,3.5,3.12,4.12,1.38,1.62,1.0,3.0,3.62,3.75,2.5,2.0,3.0,4.12,3.38,2.62,1.75,2.62,2.0,3.0,2.25,1.75,4.25,1.12,4.25,2.88,3.12,4.0,3.0,3.0,2.0,2.88,1.38,4.12,4.87,2.52,3.0,3.64,3.91,2.09,3.0,3.0,3.52,4.0,2.0,3.48,4.0,2.65,4.83,3.0,1.91,4.17,2.48,3.78,2.74,4.41,2.26,2.57,1.43,3.78,2.39,2.33,1.83,4.65,2.74,2.04,1.87,2.14,3.13,2.09,1.87,4.17,3.57,4.57,4.91,2.04,2.04,3.57,3.3,2.04,1.74,1.04,1.87,4.74,4.91,1.17,1.35,1.0,1.35,1.13,1.09,1.41,1.17,1.04,1.52,1.52,1.0,4.14,4.83,2.17,2.3,2.78,4.26,2.3,1.57,1.22,4.13,1.78,4.13,1.7,1.65,1.39,2.7,2.83,1.17,1.17,1.13,1.17,1.52,4.35,2.09,1.83,1.61,3.13,2.91,1.3,1.13,2.78,4.0,2.48,True,True,True,True,True,True,True,True
19-2012,Physicists,Physicists,Physicists,0.5454545454545454,0.75,0.9545454545454546,0.5,0.6363636363636364,0.7727272727272727,1.345736,1,19-2012,False,0.1,1,19-2012,False,base_00,5,base_00,False,1,1.0,2.25,3.88,1.0,4.12,2.38,1.0,1.0,1.0,1.0,3.0,2.38,3.38,4.12,1.0,1.0,1.0,2.0,4.12,4.0,1.0,4.75,2.88,1.0,3.88,1.0,4.25,4.12,4.12,4.12,3.0,1.0,4.0,1.0,1.0,1.0,3.25,1.0,1.12,3.88,3.88,3.38,1.0,1.0,1.0,2.62,1.62,2.75,3.62,1.12,4.25,4.0,4.0,4.0,3.88,3.0,4.12,1.0,1.88,1.12,3.62,3.75,3.88,2.25,2.12,3.0,4.25,3.25,2.75,1.62,3.12,2.38,3.12,3.38,2.62,4.25,1.0,4.62,3.0,3.25,4.12,3.38,3.38,2.75,3.12,2.0,4.0,4.59,2.38,3.09,3.75,4.05,2.33,2.98,2.87,3.67,4.15,2.61,3.33,3.82,3.56,4.53,2.69,1.92,4.29,2.8,3.78,3.57,4.34,2.88,3.62,1.36,3.71,2.33,2.08,1.66,4.39,3.34,1.93,1.58,2.32,3.2,2.43,1.72,4.14,3.35,4.34,4.57,2.13,2.13,3.39,3.6,2.16,2.04,1.12,1.57,4.5,4.92,1.21,1.1,1.38,1.11,1.38,1.2,1.09,1.2,1.52,1.8,1.1,1.0,4.36,4.42,2.48,2.87,3.26,3.78,2.07,1.13,1.09,3.73,1.2,3.31,1.11,1.14,1.0,2.53,3.13,1.14,1.06,1.04,1.07,2.0,4.62,1.76,1.75,1.42,3.53,3.05,1.34,1.13,2.6,4.13,2.92,True,True,True,True,True,True,True,True
19-2021,Atmospheric and Space Scientists,Atmospheric and Space Scientists,Atmospheric and Space Scientists,0.1739130434782608,0.5652173913043478,0.9565217391304348,0.3478260869565217,0.6086956521739131,0.8695652173913043,1.373917,1,19-2021,False,0.67,1,19-2021,False,base_00,4,base_00,False,1,1.38,1.88,3.38,1.0,4.0,1.62,1.0,1.38,1.0,1.0,3.0,1.38,3.38,3.25,1.0,1.0,1.0,1.88,4.12,3.75,1.25,3.5,2.88,1.0,3.75,1.0,3.0,4.12,4.25,3.0,2.88,1.0,3.88,1.0,1.0,1.0,2.88,1.0,1.0,3.88,3.75,2.88,1.0,1.0,1.0,2.62,1.75,2.75,2.62,1.62,4.12,3.88,4.0,4.0,3.88,3.0,4.0,1.0,1.0,1.0,3.0,3.75,3.12,1.75,1.75,2.88,3.38,3.12,2.5,1.12,2.62,2.0,2.88,2.0,1.62,4.12,1.0,4.0,2.88,3.12,4.0,3.12,2.88,1.75,3.0,1.0,3.88,4.75,2.0,3.05,4.0,3.85,1.9,3.16,3.3,3.2,3.45,1.79,3.55,3.11,3.05,4.6,3.1,1.4,3.7,2.3,4.21,3.4,4.1,2.16,3.1,1.3,3.8,2.55,2.8,1.5,4.25,3.2,1.95,1.63,2.45,3.26,1.8,2.3,3.84,3.45,4.25,4.79,2.4,2.25,3.9,3.5,3.5,2.45,1.25,2.6,3.85,4.9,1.25,1.15,1.05,1.4,1.25,1.15,1.15,1.1,1.15,2.21,1.85,1.05,4.6,3.95,3.35,2.45,3.53,3.95,2.63,1.5,1.15,4.37,1.8,3.6,2.2,1.85,1.47,2.6,3.05,1.26,1.3,1.2,1.15,2.8,4.4,1.95,2.1,1.6,4.3,3.95,1.42,1.1,3.2,3.95,2.8,True,True,True,True,True,True,True,True
19-2031,Chemists,Chemists,Chemists,0.08,0.38,0.68,0.28,0.4,0.52,0.5011251,1,19-2031,False,0.1,1,19-2031,False,base_00,4,base_00,False,1,3.0,2.0,3.88,2.62,4.0,2.0,1.0,1.38,1.25,1.75,2.62,3.0,3.38,3.12,1.0,1.38,1.62,2.12,4.0,3.88,2.75,3.75,2.75,2.25,3.88,1.0,3.62,4.0,4.0,3.0,3.12,1.0,3.88,1.62,1.88,1.75,3.0,1.0,1.12,3.12,3.25,2.62,1.0,1.62,1.75,2.75,2.25,3.12,3.0,1.88,4.0,4.0,3.62,3.75,3.62,3.0,4.0,2.75,2.5,1.0,3.0,3.25,3.0,1.88,2.25,2.75,3.75,3.5,2.12,2.25,2.5,3.0,2.5,2.12,3.25,4.0,2.12,4.12,2.5,3.0,3.88,3.12,3.12,1.62,3.0,2.88,3.75,4.19,2.51,3.07,2.89,3.91,3.26,3.2,3.35,3.21,4.39,2.55,3.15,3.56,3.95,4.1,2.86,3.06,4.08,3.72,3.76,3.38,4.09,3.03,3.75,2.04,3.78,2.5,1.52,3.02,3.88,3.0,2.36,2.7,2.94,3.51,2.65,2.51,3.34,3.47,4.04,3.82,2.45,3.42,3.82,3.55,2.98,2.43,1.25,2.02,4.14,4.92,3.11,1.2,1.15,1.21,3.65,1.44,1.08,1.41,1.0,2.89,1.14,1.0,4.74,4.44,3.63,3.78,3.55,4.67,3.48,1.41,1.06,4.8,1.61,3.51,1.13,1.13,2.12,3.09,1.82,1.62,1.24,1.21,1.39,2.34,3.09,2.9,2.58,2.16,3.82,3.79,4.76,1.7,3.47,3.96,2.7,True,True,True,True,True,True,True,True
19-2032,Materials Scientists,Materials Scientists,Materials Scientists,0.1379310344827586,0.4827586206896551,0.8275862068965517,0.4482758620689655,0.5172413793103449,0.5862068965517241,1.032757,1,19-2032,False,0.021,1,19-2032,False,base_00,4,base_00,False,1,2.0,2.12,3.88,1.88,4.0,2.0,1.0,1.0,1.0,1.0,3.0,1.75,3.25,3.38,1.0,1.0,1.0,2.0,4.0,3.88,1.62,3.25,2.5,1.25,3.75,1.0,3.12,4.0,4.0,3.25,3.0,1.0,4.0,1.75,1.75,1.25,2.88,1.0,1.0,3.12,3.12,2.5,1.0,1.0,1.0,2.62,1.62,2.75,3.0,2.0,4.0,4.0,3.75,4.0,4.0,3.0,4.0,1.38,1.38,1.0,2.88,3.62,3.0,2.12,2.12,2.5,3.5,3.12,2.62,2.0,3.12,2.75,3.12,1.88,2.88,4.0,1.38,4.0,2.75,3.0,3.75,3.0,3.12,1.88,3.0,2.0,3.88,4.38,2.14,3.19,3.67,4.0,2.81,3.05,3.29,3.1,4.05,2.62,3.43,3.65,3.86,4.38,3.24,2.19,4.0,3.86,3.95,3.19,4.33,2.81,4.32,1.33,3.57,2.43,2.0,1.95,4.38,3.05,2.1,2.25,2.33,3.24,2.43,2.43,4.05,3.48,4.19,4.19,2.24,3.05,3.81,3.48,3.05,2.05,1.33,2.3,3.71,4.86,2.55,1.45,1.1,1.71,3.05,2.24,1.19,1.48,1.62,2.95,1.86,1.19,4.48,3.76,2.9,3.71,3.33,4.1,1.95,1.48,1.19,4.71,2.33,3.48,1.71,1.5,1.9,3.0,2.67,1.48,1.33,1.14,1.14,1.65,3.8,2.24,2.45,1.76,4.29,3.38,4.29,2.19,3.19,4.05,3.0,True,True,True,True,True,True,True,True
19-2041,"Environmental Scientists and Specialists, Including Health","Environmental Scientists and Specialists, Including Health","Environmental Scientists and Specialists, Including Health",0.0623666717738988,0.5217162952137376,0.9810659186535764,0.4647519947670512,0.7103039146935072,0.9558558346199628,1.014113,1,19-2041,False,0.033,1,19-2041,False,base_00,4,base_00,True,2,1.4075,1.97,3.47,1.4075,4.03,1.9375,1.0,1.22,1.06,1.345,3.0625,1.6875,3.1875,3.25,1.4075,1.28,1.28,2.0,4.03,3.72,1.4075,3.28,2.5325,1.47,3.625,1.31,3.0625,3.9675,3.97,3.185,2.6575,1.3425,3.875,1.345,1.345,1.345,2.91,1.28,1.47,3.6575,3.625,2.7175,1.22,1.25,1.315,2.4975,1.78,2.375,2.7475,1.3725,4.03,4.0,3.655,3.97,3.845,3.2175,3.94,1.0,1.095,1.03,3.03,3.5,3.0625,2.185,2.185,2.9375,3.22,3.4025,2.935,1.53,2.5,2.22,3.03,2.0325,2.06,4.0625,1.0,3.435,2.9675,3.185,3.94,3.4675,3.375,1.91,3.1575,1.405,3.94,4.41,1.895,2.9175,4.155,4.1625,1.645,3.17,3.255,3.62,3.76,1.9075,3.75,3.67,3.885,4.6375,2.985,1.6175,3.8625,2.55,4.1025,3.0175,4.15,2.6775,3.5725,1.9275,3.835,2.7025,2.85,2.1575,4.0875,3.605,1.55,1.455,3.0250000000000004,3.3600000000000003,2.6125,2.365,3.61,3.1100000000000003,4.1975,4.41,2.6025,2.22,3.9825,3.47,3.3775,2.21,1.1675,1.475,4.199999999999999,4.8725000000000005,1.815,1.21,1.1475,1.61,1.5,1.5025,1.1625,1.66,1.0275,2.0625,1.805,1.125,4.5575,4.115,2.9325,2.3775,3.275,3.7275,2.4375,2.52,1.4075,3.75,2.045,3.3625,2.3525,1.8525,1.1325,2.6625,2.66,1.3,1.115,1.1875,1.275,2.145,4.0725,2.1375,1.735,1.84,4.5275,3.4575,1.9125,1.2175,3.155,4.3525,3.54,True,True,True,True,True,True,True,True
19-2042,"Geoscientists, Except Hydrologists and Geographers","Geoscientists, Except Hydrologists and Geographers","Geoscientists, Except Hydrologists and Geographers",0.1111111111111111,0.4666666666666667,0.8222222222222223,0.2888888888888889,0.4777777777777778,0.6666666666666667,0.7143481,1,19-2042,False,0.63,1,19-2042,False,base_00,5,base_00,False,1,2.0,2.0,4.0,2.0,4.0,1.88,1.0,1.75,1.12,1.62,3.25,1.75,3.25,3.38,1.75,1.88,1.75,1.75,4.12,3.88,1.75,3.75,2.38,2.0,3.62,1.62,3.25,4.0,4.0,3.12,3.0,1.75,4.0,1.88,1.88,1.88,3.0,1.62,2.0,3.75,3.62,2.88,1.38,1.75,1.75,2.25,2.25,2.62,3.0,2.0,4.12,4.0,3.25,3.88,3.88,3.12,4.0,1.0,1.75,1.0,3.0,3.88,3.12,1.75,1.62,2.62,3.38,3.12,2.62,2.0,2.62,2.0,2.88,2.0,2.0,4.12,1.0,4.0,2.62,3.0,4.0,3.25,3.25,1.62,2.88,1.5,3.88,4.68,2.03,3.26,4.0,4.39,2.31,3.44,3.19,3.62,4.03,2.41,3.88,3.39,3.31,4.69,3.32,2.47,4.38,2.42,4.03,3.23,4.19,2.94,3.69,2.67,4.03,2.84,2.84,2.73,4.32,3.58,1.97,2.0,2.81,3.27,2.52,2.41,4.25,3.88,4.34,4.44,2.38,2.38,3.75,3.22,2.91,2.25,1.28,1.65,4.12,4.84,2.39,1.73,1.16,1.84,2.0,2.09,1.53,2.1,1.45,2.47,2.23,1.44,4.53,4.22,2.97,3.03,3.41,3.77,2.91,3.0,1.74,3.94,2.41,3.34,3.03,2.41,1.34,2.56,2.91,1.53,1.44,1.48,1.59,2.13,3.56,2.56,2.39,2.09,4.12,3.44,2.66,1.69,2.94,4.0,3.26,True,True,True,True,True,True,True,True
19-2043,Hydrologists,Hydrologists,Hydrologists,0.125,0.5,0.875,0.2916666666666666,0.53125,0.7708333333333333,0.6405071,1,19-2043,False,0.014,1,19-2043,False,base_00,5,base_00,False,1,2.0,2.12,3.75,2.12,3.88,2.12,1.0,1.88,1.5,2.0,3.12,2.25,3.62,3.5,1.25,1.88,1.88,2.25,3.88,3.62,2.12,3.88,2.88,2.0,3.75,1.25,3.25,4.0,4.0,3.25,3.25,1.38,3.88,1.25,1.25,1.38,2.88,1.38,1.75,3.5,3.62,2.75,1.12,2.12,2.12,2.25,2.12,2.62,3.0,1.88,4.0,4.0,3.62,3.88,3.75,3.12,4.0,2.12,1.88,2.0,3.0,3.5,3.0,1.75,2.0,2.75,3.75,3.5,2.88,1.88,2.38,2.62,3.0,2.12,2.75,3.88,1.88,3.88,2.88,3.0,3.75,3.38,3.0,1.62,2.88,2.0,3.62,4.82,1.91,3.09,3.86,4.0,2.14,3.36,3.23,3.68,4.27,2.14,3.59,3.68,3.32,4.64,3.41,2.27,4.18,2.77,4.18,3.09,4.45,2.86,4.0,2.36,3.81,2.32,2.68,2.55,4.18,3.5,2.59,2.05,2.77,3.36,2.55,2.55,3.95,3.27,4.14,4.64,2.22,2.48,3.91,3.22,3.04,1.83,1.27,1.82,4.05,4.96,2.26,1.7,1.22,1.78,1.61,1.87,1.3,1.91,1.39,2.09,2.35,1.3,4.55,4.14,2.65,2.91,3.09,4.18,2.7,3.0,1.65,4.0,2.57,3.55,3.09,2.3,1.61,2.57,2.39,1.61,1.26,1.43,1.7,2.04,3.86,2.26,2.3,2.04,4.39,3.35,2.17,1.65,3.04,4.22,3.22,True,True,True,True,True,True,True,True
19-2099,"Physical Scientists, All Other",,Remote Sensing Scientists and Technologists,0.0,0.4565217391304347,0.9130434782608696,0.1521739130434782,0.4456521739130434,0.7391304347826086,1.140157,1,19-2099,False,0.43,1,19-2099,False,first_detail,4,detail_mode,False,1,2.0,2.0,3.75,2.12,4.25,2.0,1.0,1.12,1.0,1.12,3.0,2.38,3.5,3.62,1.0,1.12,1.0,2.0,4.25,3.88,1.88,3.88,2.62,1.0,4.0,1.0,3.62,4.0,4.0,3.38,3.0,1.0,4.0,1.25,1.38,1.0,3.0,1.0,1.38,3.62,3.38,2.5,1.0,1.0,1.12,2.5,1.75,2.5,3.12,1.38,4.0,4.0,3.38,3.88,3.75,3.0,4.0,1.0,1.5,1.0,3.0,3.75,3.12,1.75,1.88,2.88,3.75,3.38,2.5,2.0,3.25,2.5,2.62,2.88,2.38,4.0,1.0,3.88,2.88,2.88,3.88,3.62,3.62,2.38,2.88,1.5,3.88,4.56,1.68,3.16,3.72,4.17,2.56,3.2,3.48,3.72,4.21,2.44,3.52,4.0,3.88,4.46,3.26,1.76,4.08,2.79,4.28,3.4,4.33,2.92,3.67,2.04,4.08,3.0,2.42,2.04,4.58,3.42,2.44,1.56,2.52,3.64,2.24,2.56,4.12,3.76,4.16,4.8,2.04,2.52,3.64,3.21,2.84,1.92,1.04,2.64,4.08,4.96,1.21,1.33,1.04,1.4,1.08,1.2,1.04,1.54,1.04,1.64,1.75,1.0,4.21,4.12,2.84,2.36,3.28,4.76,3.28,2.28,1.26,4.54,1.56,3.24,2.26,1.68,1.72,2.79,2.56,1.33,1.08,1.17,1.24,2.72,4.48,1.92,3.09,1.4,4.38,3.44,1.8,1.16,3.09,4.25,3.38,True,True,True,True,True,True,True,True
19-3011,Economists,Economists,Economists,0.1052631578947368,0.5526315789473684,1.0,0.4429824561403508,0.6173245614035088,0.7916666666666666,1.403764,1,19-3011,False,0.43,1,19-3011,False,base_00,5,base_00,False,1,1.0,1.435,3.185,1.0,3.94,1.375,1.0,1.0,1.0,1.0,2.565,1.5,2.94,3.565,1.0,1.0,1.0,1.815,4.0,3.25,1.0,4.12,2.94,1.0,3.625,1.0,3.69,4.0,4.0,3.185,2.63,1.0,3.75,1.0,1.0,1.0,2.935,1.06,1.0,3.94,3.62,2.44,1.0,1.0,1.0,2.19,1.5,1.875,2.565,1.25,4.1850000000000005,4.0,3.815,4.0,3.685,3.0,4.0600000000000005,1.0,1.0,1.0,3.25,3.81,3.185,2.37,1.87,2.56,4.0600000000000005,3.31,2.375,1.0,2.31,1.25,3.0,2.0,1.565,4.0600000000000005,1.0,2.13,2.875,3.0,3.75,3.25,3.185,1.565,3.0,1.0,4.0600000000000005,4.885,1.68,2.985,3.95,4.015,1.175,2.475,2.575,3.33,3.4,1.08,3.18,3.73,2.84,4.725,2.725,1.0950000000000002,3.78,1.22,4.325,3.33,4.085,2.025,2.385,1.02,3.5549999999999997,2.335,2.2649999999999997,1.135,4.545,3.34,1.14,1.02,2.235,2.66,2.1950000000000003,1.855,4.005,3.75,4.345,4.6899999999999995,2.145,2.13,3.175,2.895,2.615,1.785,1.0950000000000002,1.885,4.49,4.865,1.1,1.0,1.065,1.08,1.0,1.0,1.0,1.0550000000000002,1.0,1.785,1.0750000000000002,1.0,4.255,4.675000000000001,2.905,1.56,3.23,4.04,2.2,1.34,1.04,4.475,1.15,3.865,1.225,1.155,1.04,2.38,2.9850000000000003,1.04,1.0,1.0,1.02,1.805,4.635,1.925,1.845,1.33,3.99,3.1950000000000003,1.02,1.02,2.95,3.5,3.285,True,True,True,True,True,True,True,True
19-3022,Survey Researchers,Survey Researchers,Survey Researchers,0.25,0.625,1.0,0.75,0.84375,0.9375,1.42653,1,19-3022,False,0.23,1,19-3022,False,base_00,5,base_00,False,1,1.12,1.75,3.5,1.12,4.12,1.38,1.0,1.0,1.0,1.0,2.88,1.38,3.25,3.38,1.0,1.0,1.0,1.75,4.5,4.12,1.25,4.0,2.62,1.0,4.0,1.0,3.88,4.12,4.12,3.12,2.62,1.0,3.5,1.0,1.0,1.0,3.0,1.0,1.12,4.0,3.88,2.88,1.0,1.0,1.0,2.12,1.75,1.75,2.0,1.62,4.25,4.38,3.88,4.25,3.88,3.38,4.25,1.0,1.0,1.0,3.0,3.75,3.25,1.88,2.0,3.0,4.0,3.12,2.88,1.0,2.62,1.75,3.0,2.75,2.25,4.25,1.0,2.88,3.12,3.12,4.25,3.25,3.25,1.88,3.12,1.0,4.25,4.68,2.15,3.31,4.23,4.12,1.6,3.62,3.58,3.81,4.0,1.28,3.96,3.84,3.36,4.31,3.38,1.46,3.48,1.96,4.31,2.92,4.4,3.27,3.16,1.12,4.19,3.08,2.68,1.38,4.68,3.62,1.46,1.19,2.81,3.72,2.31,2.85,3.96,3.58,4.08,4.76,2.32,2.84,3.92,3.81,4.0,2.44,1.08,2.23,4.0,5.0,1.0,1.04,1.08,1.12,1.0,1.0,1.0,1.0,1.0,1.65,1.15,1.0,4.38,4.08,3.19,2.12,3.62,4.58,2.92,1.38,1.08,4.77,1.44,3.08,1.54,1.36,1.08,2.46,2.35,1.08,1.0,1.04,1.04,2.19,4.54,1.84,2.27,1.54,4.35,4.0,1.19,1.15,3.69,4.46,3.04,True,True,True,True,True,True,True,True
19-3032,Industrial-Organizational Psychologists,Industrial-Organizational Psychologists,Industrial-Organizational Psychologists,0.0888888888888888,0.4888888888888889,0.888888888888889,0.3555555555555555,0.5888888888888889,0.8222222222222223,1.402475,1,19-3032,False,0.012,1,19-3032,False,base_00,5,base_00,False,1,1.0,1.75,3.75,1.0,4.12,1.5,1.0,1.0,1.0,1.0,3.0,1.5,2.88,3.88,1.0,1.0,1.0,1.88,4.12,4.0,1.0,3.88,2.62,1.0,3.75,1.0,3.12,4.25,4.38,3.88,2.75,1.0,4.0,1.0,1.0,1.0,3.12,1.0,1.0,4.0,4.0,2.75,1.0,1.0,1.0,2.25,1.38,2.12,2.62,1.0,4.38,4.25,3.88,4.38,4.0,3.75,4.12,1.0,1.0,1.0,3.62,4.12,3.62,2.12,2.12,3.38,3.5,3.88,3.25,1.0,3.5,2.0,3.75,2.75,2.0,4.38,1.0,3.75,3.38,3.88,4.12,3.88,4.0,1.88,3.62,1.0,4.25,4.6,2.42,4.32,4.04,4.54,1.24,3.6,3.92,4.12,3.88,1.0,4.64,2.88,3.96,4.73,3.6,1.2,3.65,1.27,4.62,3.85,4.68,2.8,2.81,1.0,4.36,3.0,2.04,1.4,4.48,4.76,1.08,1.0,3.4,3.26,3.4,3.71,3.64,4.16,4.36,4.56,2.73,2.88,4.23,4.12,3.23,2.35,1.12,1.77,4.58,4.96,1.16,1.08,1.0,1.23,1.08,1.19,1.04,1.08,1.0,1.62,1.19,1.04,4.76,4.42,3.62,2.35,4.23,4.23,2.5,1.54,1.04,4.38,1.5,3.27,1.2,1.31,1.04,2.77,3.08,1.04,1.0,1.0,1.04,2.3,4.42,2.04,1.65,1.42,4.56,3.73,1.19,1.04,3.6,4.5,3.08,True,True,True,True,True,True,True,True
19-3033,Clinical and Counseling Psychologists,Clinical and Counseling Psychologists,Clinical and Counseling Psychologists,0.0925925925925925,0.3703703703703703,0.6481481481481481,0.3333333333333333,0.5092592592592592,0.6851851851851851,1.456361,1,19-3031,True,0.0047,1,19-3031,True,base_00,5,base_00,False,1,1.0,2.5,3.38,1.0,4.0,1.25,1.0,1.0,1.0,1.0,2.62,1.0,3.0,3.75,1.0,1.0,1.0,1.88,4.0,3.38,1.0,2.25,2.75,1.0,3.25,1.0,2.12,4.38,4.62,3.38,2.5,1.0,4.38,1.0,1.0,1.0,3.25,1.0,1.12,4.0,4.0,2.62,1.0,1.0,1.0,2.38,1.88,2.0,2.0,1.5,4.5,4.25,3.88,4.25,3.75,3.5,4.25,1.0,1.0,1.0,3.25,3.75,3.62,1.5,1.5,2.75,2.25,3.75,3.12,1.0,1.62,1.75,3.5,1.62,1.0,4.75,1.0,2.38,3.75,4.38,4.12,3.0,3.0,1.62,3.25,1.0,4.25,4.04,4.6,3.57,3.16,3.75,1.3,2.36,3.0,3.67,4.4,1.2,4.68,1.72,4.04,4.36,2.88,1.44,3.48,1.6,4.0,3.92,4.62,1.8,3.24,1.28,3.76,3.32,3.36,1.33,3.92,3.96,1.12,1.08,3.92,3.64,2.17,1.88,3.88,3.52,4.33,3.28,3.28,3.64,4.52,2.56,3.44,3.48,2.28,1.48,4.68,4.64,1.24,1.16,2.32,1.28,1.08,1.0,1.08,1.04,1.08,1.92,1.24,1.08,4.8,4.64,4.12,2.88,4.04,3.56,1.84,1.52,1.08,4.46,1.52,3.32,1.33,1.38,1.0,3.44,2.44,1.2,1.0,1.12,1.21,1.68,4.78,1.78,1.67,1.67,4.4,3.56,1.08,1.08,2.56,3.08,4.0,True,True,True,True,True,True,True,True
19-3034,School Psychologists,School Psychologists,School Psychologists,0.0,0.3918918918918919,0.7837837837837838,0.3243243243243243,0.5810810810810811,0.8378378378378379,1.456361,1,19-3031,True,0.0047,1,19-3031,True,base_00,5,base_00,False,1,1.0,1.88,3.25,1.0,4.12,1.0,1.0,1.0,1.0,1.0,2.75,1.88,3.0,3.12,1.0,1.0,1.0,1.88,4.0,3.38,1.0,2.88,2.75,1.0,3.62,1.0,2.75,4.38,4.38,3.0,2.88,1.0,4.0,1.0,1.0,1.0,3.0,1.0,1.25,4.0,3.88,2.25,1.0,1.0,1.0,2.88,1.88,1.75,2.5,1.38,4.12,4.0,3.62,4.38,3.75,3.62,4.0,1.0,1.0,1.0,3.25,3.88,3.5,1.0,1.0,2.75,2.75,4.0,3.38,1.0,1.75,1.75,3.5,1.75,1.38,4.25,1.0,2.0,3.75,4.0,4.25,3.12,3.12,1.62,3.38,1.0,4.0,3.68,3.48,3.02,3.6,4.21,1.24,2.89,3.29,2.67,3.04,1.12,4.19,1.57,2.83,4.53,2.53,1.27,3.95,1.54,3.76,2.21,3.83,1.93,4.15,1.38,3.73,3.05,2.06,1.13,2.73,3.38,1.12,1.12,3.18,2.66,1.8,1.75,3.28,3.26,3.49,3.13,2.87,2.18,4.38,3.46,3.65,2.88,2.38,1.66,4.48,4.91,1.07,1.23,1.66,1.12,1.1,1.07,1.1,1.48,1.07,2.44,1.23,1.1,4.84,4.62,3.59,2.02,3.58,4.1,2.4,1.35,1.09,4.97,1.16,2.16,1.38,1.19,1.03,3.23,2.22,1.28,1.06,1.06,1.54,1.67,3.68,2.0,1.99,2.06,4.25,4.1,1.03,1.03,1.99,4.57,3.05,True,True,True,True,True,True,True,True
19-3039,"Psychologists, All Other",,Neuropsychologists,0.0634920634920634,0.4543650793650793,0.8452380952380951,0.2182539682539682,0.2817460317460317,0.3452380952380952,1.389854,1,19-3039,False,0.0043,1,19-3039,False,first_detail,5,detail_mode,False,1,2.06,2.315,3.815,1.88,4.3149999999999995,1.625,1.06,1.06,1.06,1.06,2.94,1.94,3.31,3.25,1.0,1.06,1.06,2.19,4.38,3.685,1.94,3.0,2.94,1.06,3.62,1.0,2.685,4.625,4.5,3.12,2.94,1.0,4.1850000000000005,1.06,1.06,1.12,3.25,1.0,1.185,3.875,3.94,2.875,1.06,1.06,1.125,2.815,2.25,2.185,2.5,2.06,4.62,4.375,3.815,4.4399999999999995,4.0600000000000005,3.375,4.25,1.0,1.0,1.0,3.38,4.1850000000000005,3.5,1.875,1.815,2.815,2.81,3.62,3.0,1.06,1.69,1.94,3.315,1.815,1.815,4.3100000000000005,1.0,3.12,3.685,4.12,4.125,3.185,3.0,1.685,3.25,1.375,4.13,4.734999999999999,4.41,3.27,4.105,4.005,1.83,2.915,2.85,3.29,4.675,1.43,4.2,3.085,3.55,4.8149999999999995,3.15,2.145,4.27,2.375,4.675,3.94,4.57,2.46,3.82,1.145,3.9,3.185,3.495,1.6749999999999998,4.795,4.04,1.425,1.2000000000000002,2.94,3.2,1.92,2.23,3.31,3.965,4.529999999999999,4.125,2.65,2.66,4.105,2.675,3.825,2.88,2.04,1.82,4.470000000000001,4.82,1.08,1.165,2.94,1.06,1.06,1.04,1.0,1.06,1.04,1.75,1.0,1.0,4.695,4.775,4.08,2.72,3.92,4.63,3.0,1.08,1.0,4.92,1.225,3.755,1.02,1.0,1.12,3.665,2.3049999999999997,1.315,1.02,1.205,1.12,2.235,4.615,1.86,3.58,1.71,4.225,4.125,1.71,1.3849999999999998,2.8200000000000003,3.425,4.109999999999999,True,True,True,True,True,True,True,True
19-3041,Sociologists,Sociologists,Sociologists,0.1538461538461538,0.5384615384615385,0.9230769230769232,0.3846153846153846,0.6153846153846154,0.8461538461538463,1.411125,1,19-3041,False,0.059,1,19-3041,False,base_00,5,base_00,False,1,1.0,1.62,3.5,1.0,4.0,1.38,1.0,1.0,1.0,1.0,2.5,1.12,2.75,3.25,1.0,1.0,1.0,1.62,4.12,3.12,1.0,3.0,2.5,1.0,3.62,1.0,2.38,4.25,4.25,3.12,2.12,1.0,3.5,1.0,1.0,1.0,2.75,1.0,1.0,3.88,3.62,2.12,1.0,1.0,1.0,2.12,1.75,1.75,2.0,1.38,4.12,4.12,4.0,4.12,3.62,3.12,4.0,1.0,1.0,1.0,3.62,3.62,3.88,1.62,1.75,2.88,2.88,3.5,2.75,1.0,2.38,1.38,2.88,1.75,1.12,4.0,1.0,3.12,3.0,3.88,4.12,3.12,3.12,1.62,3.0,1.0,4.0,4.79,2.35,3.25,3.9,3.95,1.45,3.35,2.85,3.65,4.05,1.05,3.9,3.55,3.0,4.85,3.05,1.25,4.0,1.85,4.65,3.79,3.95,2.55,3.21,1.2,4.0,2.95,3.11,1.5,4.63,3.26,1.25,1.0,2.74,3.26,2.21,2.3,4.35,4.3,4.5,4.37,2.89,1.89,3.65,3.16,2.65,2.74,1.65,1.84,4.65,5.0,1.32,1.3,1.53,1.2,1.0,1.0,1.0,1.0,1.0,2.0,1.21,1.05,4.5,4.7,2.74,2.1,2.85,4.0,2.21,1.25,1.05,3.89,1.1,3.89,1.21,1.2,1.0,2.95,3.75,1.11,1.0,1.0,1.0,2.21,4.3,2.32,1.9,1.58,3.74,3.3,1.05,1.05,3.0,3.42,3.68,True,True,True,True,True,True,True,True
19-3051,Urban and Regional Planners,Urban and Regional Planners,Urban and Regional Planners,0.0,0.4772727272727273,0.9545454545454546,0.2727272727272727,0.5795454545454546,0.8863636363636364,1.227516,1,19-3051,False,0.13,1,19-3051,False,base_00,5,base_00,False,1,1.0,2.0,3.5,1.62,3.88,1.88,1.0,1.0,1.0,1.0,3.0,1.88,3.0,3.62,1.0,1.0,1.0,1.75,3.88,3.62,1.0,3.0,2.25,1.62,3.88,1.0,3.0,4.12,4.12,3.25,2.62,1.0,4.0,1.0,1.0,1.0,2.88,1.0,1.75,4.0,3.88,2.25,1.0,1.0,1.0,2.75,1.5,2.75,3.12,1.62,4.0,4.0,3.25,4.12,3.75,3.25,4.0,1.0,1.0,1.0,3.0,4.12,3.0,2.5,2.25,3.0,3.0,3.0,3.38,1.38,3.12,1.75,3.12,1.75,1.62,4.0,1.0,2.62,3.25,3.62,4.12,4.0,3.75,1.62,3.25,1.0,3.88,4.32,2.12,3.08,4.6,4.48,1.12,4.08,4.17,4.52,3.36,1.6,4.28,3.32,4.44,4.64,3.4,1.28,3.68,1.44,4.28,3.32,4.6,3.24,3.04,1.6,4.25,3.08,4.24,1.44,4.21,3.56,1.08,1.04,4.24,3.72,3.04,2.96,4.2,2.96,4.36,4.08,3.17,1.92,4.04,3.83,4.28,3.0,1.46,1.4,4.12,5.0,1.24,1.08,1.08,1.2,1.08,1.24,1.16,1.12,1.0,2.0,1.46,1.0,4.88,3.79,2.96,2.12,3.32,3.28,1.64,2.72,1.0,4.46,1.92,2.84,2.24,1.44,1.0,2.8,3.28,1.04,1.0,1.0,1.0,1.6,4.08,2.0,1.36,1.62,4.76,3.52,1.32,1.0,3.12,4.44,4.16,True,True,True,True,True,True,True,True
19-3091,Anthropologists and Archeologists,Anthropologists and Archeologists,Anthropologists and Archeologists,0.0517241379310344,0.4396551724137931,0.8275862068965517,0.293103448275862,0.5172413793103449,0.7413793103448276,0.6965665,1,19-3091,False,0.0077,1,19-3091,False,base_00,5,base_00,False,1,1.75,2.0,3.88,1.62,4.12,1.5,1.12,1.38,1.25,1.75,3.12,1.88,3.75,3.75,1.25,1.62,1.38,1.75,4.0,3.88,1.75,2.88,2.88,1.62,3.62,1.0,2.88,4.25,4.38,3.12,2.88,1.12,3.38,1.0,1.0,1.12,3.12,1.0,1.75,4.0,3.75,2.88,1.0,1.5,1.62,2.75,2.0,2.88,3.0,1.75,4.38,4.38,3.88,4.12,3.75,3.12,4.12,1.0,1.12,1.0,3.25,3.25,3.38,1.88,2.0,3.0,2.75,3.5,2.62,1.5,1.5,1.75,2.88,1.5,1.62,4.12,1.0,3.0,2.75,3.12,4.25,3.0,2.88,1.5,3.0,1.0,4.25,4.45,2.2,3.35,3.95,4.05,1.75,3.15,2.9,3.6,4.47,1.26,4.35,2.89,2.6,4.8,3.15,2.2,4.37,1.8,4.5,3.78,3.9,2.85,3.37,1.7,3.75,2.85,3.0,2.25,4.3,3.25,1.56,1.26,2.9,3.35,2.25,2.42,4.15,4.25,4.4,4.35,2.55,2.17,4.0,3.05,3.15,2.53,1.5,1.53,4.5,4.7,2.05,1.65,1.42,2.1,1.32,1.35,1.15,1.74,1.05,2.4,2.11,1.11,4.29,4.45,2.26,2.47,3.0,4.05,2.74,2.1,1.37,3.74,2.5,3.79,2.42,2.15,1.05,3.05,3.5,1.53,1.15,1.21,1.75,2.45,3.8,2.58,2.2,1.84,3.76,3.7,1.79,1.25,2.53,3.44,3.35,True,True,True,True,True,True,True,True
19-3092,Geographers,Geographers,Geographers,0.1666666666666666,0.4999999999999999,0.8333333333333333,0.0833333333333333,0.375,0.6666666666666666,1.436298,1,19-3092,False,0.25,1,19-3092,False,base_00,4,base_00,False,1,1.12,1.75,3.62,1.12,4.0,1.5,1.0,1.5,1.0,1.12,3.0,1.38,3.12,3.25,1.12,1.0,1.0,1.75,4.12,3.75,1.25,3.0,2.75,1.0,3.88,1.0,3.0,4.0,4.0,3.12,3.12,1.0,3.62,1.0,1.0,1.0,2.88,1.0,1.25,3.75,3.75,2.5,1.0,1.0,1.0,2.5,1.88,2.75,3.0,1.38,4.12,4.12,3.62,3.75,3.5,3.0,4.0,1.12,1.0,1.0,3.12,3.62,3.12,1.62,1.75,2.5,3.0,3.0,2.75,1.12,2.5,1.62,2.62,1.88,1.38,4.12,1.0,3.38,3.0,3.0,4.0,3.38,3.12,1.75,3.0,1.0,4.12,4.58,2.2,2.8,3.42,4.0,2.0,3.0,2.89,3.63,4.1,2.15,3.75,3.05,3.25,4.45,2.5,2.05,3.95,1.9,4.2,3.35,3.95,2.3,3.1,1.53,3.84,2.58,3.47,2.25,4.5,3.15,1.8,1.4,2.7,3.05,1.95,2.05,4.0,3.74,4.25,4.55,2.4,1.8,3.4,3.05,3.1,2.2,1.15,2.0,4.45,4.9,1.3,1.2,1.15,1.2,1.21,1.26,1.1,1.35,1.05,1.9,1.4,1.0,4.3,4.4,2.65,2.05,2.9,3.75,2.45,1.85,1.1,4.55,2.15,3.55,2.2,1.9,1.3,2.7,3.0,1.11,1.05,1.15,1.15,2.9,3.85,2.35,2.1,1.65,3.9,3.5,1.25,1.05,2.8,3.75,3.25,True,True,True,True,True,True,True,True
19-3093,Historians,Historians,Historians,0.1052631578947368,0.4736842105263157,0.8421052631578947,0.3157894736842105,0.5,0.6842105263157894,1.098921,1,19-3093,False,0.44,1,19-3093,False,base_00,5,base_00,False,1,1.12,2.12,3.25,1.25,3.75,1.88,1.0,1.0,1.0,1.12,2.75,1.25,2.75,3.25,1.0,1.0,1.0,1.5,3.88,3.38,1.25,2.0,2.5,1.0,4.0,1.0,2.0,4.0,4.0,2.88,2.12,1.0,3.12,1.0,1.0,1.0,3.0,1.0,1.0,3.75,3.5,2.12,1.0,1.12,1.0,2.12,2.25,2.0,2.0,1.75,4.88,4.25,4.0,4.0,3.38,3.0,4.12,1.0,1.0,1.0,3.12,3.12,3.25,1.62,1.75,2.5,2.0,3.0,2.5,1.0,2.0,1.38,2.75,1.38,1.62,4.75,1.0,2.62,2.38,3.12,4.0,2.25,2.25,1.5,2.88,1.0,4.12,3.5,1.77,2.16,4.06,3.85,1.46,2.91,2.98,3.2,4.04,1.55,3.97,2.84,3.28,4.61,2.03,2.44,4.5,2.2,3.99,3.76,3.63,2.96,3.26,1.51,3.19,3.1,2.96,1.86,4.14,2.61,1.25,1.22,2.69,2.95,2.32,1.74,3.07,2.61,3.45,4.31,2.95,1.91,4.04,3.77,4.2,2.63,1.16,1.16,4.27,4.66,2.3,1.91,1.16,1.46,1.05,1.34,1.12,1.68,1.0,1.63,1.49,1.0,4.39,4.0,3.67,3.07,3.62,4.06,2.68,2.16,1.06,4.49,2.17,2.46,2.0,1.81,1.18,2.48,2.64,1.49,1.36,1.08,1.56,1.97,3.65,2.59,2.49,2.23,3.46,3.21,1.97,1.19,3.31,4.4,2.91,True,True,True,True,True,True,True,True
19-3094,Political Scientists,Political Scientists,Political Scientists,0.0416666666666666,0.4791666666666666,0.9166666666666666,0.25,0.5416666666666666,0.8333333333333333,1.418863,1,19-3094,False,0.039,1,19-3094,False,base_00,5,base_00,False,1,1.0,1.88,3.12,1.0,3.75,1.38,1.0,1.0,1.0,1.0,2.5,1.5,2.88,3.12,1.0,1.0,1.0,1.62,4.0,3.25,1.0,3.0,2.88,1.0,3.62,1.0,2.12,4.12,4.12,3.12,2.12,1.0,3.62,1.0,1.0,1.0,2.88,1.0,1.0,4.0,3.88,2.25,1.0,1.0,1.0,2.38,1.75,1.62,2.12,1.25,4.62,4.0,4.12,4.12,3.62,3.0,4.0,1.0,1.0,1.0,3.5,3.62,3.5,1.62,1.62,2.12,3.0,2.88,2.75,1.0,2.5,1.38,2.88,1.5,1.38,4.25,1.0,2.62,3.0,3.75,4.12,3.0,3.12,1.5,2.88,1.0,4.0,4.8,2.35,3.32,3.85,4.12,1.46,2.76,2.54,3.46,3.76,1.04,3.52,3.54,3.23,4.79,2.84,1.27,4.52,1.48,4.54,4.04,3.88,2.31,3.56,1.15,3.85,2.76,2.5,1.15,4.6,3.46,1.31,1.15,2.5,3.24,2.12,2.35,4.23,4.48,4.69,4.2,2.5,2.08,3.92,2.83,2.62,2.72,1.19,1.64,4.81,5.0,1.0,1.0,1.2,1.04,1.0,1.0,1.0,1.0,1.0,2.04,1.16,1.0,4.5,4.85,2.92,1.65,3.04,3.8,2.16,1.27,1.0,4.68,1.38,4.32,1.16,1.15,1.08,2.32,4.19,1.0,1.08,1.0,1.0,1.85,4.04,2.4,1.19,1.4,3.72,3.27,1.0,1.0,2.24,3.08,3.6,True,True,True,True,True,True,True,True
19-3099,"Social Scientists and Related Workers, All Other",,Transportation Planners,0.0930232558139534,0.5232558139534884,0.9534883720930232,0.3720930232558139,0.6627906976744186,0.9534883720930232,1.328048,1,19-3099,False,0.04,1,19-3099,False,first_detail,4,detail_mode,False,1,1.12,2.0,3.25,1.38,4.0,1.75,1.0,1.0,1.0,1.0,3.12,1.62,3.12,4.0,1.0,1.0,1.0,1.88,4.0,3.62,1.12,3.12,2.88,1.25,3.75,1.0,3.0,4.0,4.0,3.62,2.88,1.0,3.88,1.0,1.0,1.0,3.0,1.0,1.5,3.75,3.5,3.0,1.0,1.0,1.0,2.62,1.75,2.38,3.88,1.62,4.0,4.0,3.75,4.0,4.0,3.62,4.0,1.0,1.12,1.0,2.88,3.88,3.0,2.12,2.38,2.75,3.38,3.12,3.0,1.62,3.25,1.88,3.0,2.25,1.5,4.0,1.0,2.38,3.0,3.0,4.0,3.5,3.75,1.62,3.25,1.0,4.0,4.6,2.5,3.53,4.35,4.25,1.3,3.65,3.75,4.15,3.7,2.05,4.05,3.7,3.85,4.75,3.5,1.5,3.95,1.9,4.35,3.2,4.33,3.1,3.3,1.65,3.95,3.15,3.4,1.55,4.35,3.8,1.25,1.21,3.58,3.26,3.3,3.2,4.05,3.3,4.25,4.45,2.75,1.89,3.95,3.75,3.8,2.32,1.22,1.8,3.85,5.0,1.2,1.05,1.0,1.25,1.05,1.25,1.05,1.11,1.0,1.8,1.4,1.0,4.78,3.85,3.0,2.45,3.6,3.45,1.95,2.2,1.05,4.45,1.8,3.0,1.95,1.47,1.0,2.55,2.75,1.1,1.05,1.05,1.05,1.9,4.55,2.05,1.25,1.5,4.74,3.1,1.6,1.05,3.47,4.5,3.63,True,True,True,True,True,True,True,True
19-4012,Agricultural Technicians,Agricultural Technicians,Agricultural Technicians,0.1426767676767676,0.4097222222222222,0.6767676767676768,0.1691919191919192,0.3333333333333333,0.4974747474747474,0.095719,1,19-4011,True,0.97,1,19-4011,True,base_00,3,base_00,False,1,3.06,2.185,3.12,3.0,3.69,2.435,1.19,1.875,1.435,2.125,3.0,2.815,3.06,3.06,1.94,2.0,1.875,2.125,3.625,3.435,2.94,3.06,2.375,2.88,3.685,1.62,3.0,3.815,3.815,3.0,3.06,1.88,3.565,1.94,2.44,2.06,3.0,1.81,2.25,3.06,3.0,2.56,1.435,2.06,2.31,2.75,2.435,2.935,2.875,2.0,3.69,3.63,3.25,3.5,3.13,3.0,3.5,2.25,2.06,1.44,2.875,3.185,2.94,1.815,1.94,2.5,3.065,3.185,2.56,2.815,2.065,2.94,2.625,1.88,2.31,3.63,2.25,2.815,2.685,2.815,3.375,2.87,2.81,1.56,3.0,2.37,3.31,3.745,2.77,2.72,3.48,3.835,3.2249999999999996,2.76,2.79,3.08,3.805,2.665,3.62,2.935,3.27,4.01,2.765,3.23,3.705,3.295,3.28,2.96,3.86,2.74,3.59,3.995,3.53,2.64,2.785,3.49,3.6,3.105,2.935,3.205,2.8499999999999996,3.48,2.77,2.025,3.255,3.095,3.825,3.84,2.625,3.0149999999999997,4.15,3.575,3.4749999999999996,2.325,1.15,2.54,3.79,4.55,3.39,2.505,1.21,3.29,2.605,3.085,2.095,2.705,1.1800000000000002,3.415,3.6,1.835,4.54,4.005,3.4000000000000004,3.49,3.36,4.015000000000001,3.19,4.025,3.295,3.315,3.645,2.7,4.095000000000001,3.445,2.525,3.255,2.12,2.715,1.745,1.965,2.475,2.7,2.915,3.0999999999999996,3.62,2.8600000000000003,4.205,3.3,3.55,1.955,3.3,3.985,2.635,True,True,True,True,True,True,True,True
19-4013,Food Science Technicians,Food Science Technicians,Food Science Technicians,0.2857142857142857,0.3571428571428571,0.4285714285714285,0.1071428571428571,0.2857142857142857,0.4642857142857142,0.095719,1,19-4011,True,0.97,1,19-4011,True,base_00,3,base_00,False,1,2.75,2.25,3.12,2.75,3.62,1.75,1.0,1.38,1.12,1.38,2.62,2.75,3.12,2.75,1.25,1.75,1.75,1.88,3.62,3.12,2.5,3.0,2.0,1.75,3.88,1.0,3.0,3.75,3.75,2.25,3.12,1.12,3.5,2.12,2.25,1.5,3.12,1.25,1.0,3.25,3.25,2.12,1.38,1.88,1.38,2.62,2.25,3.25,2.62,2.0,3.75,3.75,3.0,3.5,3.12,3.12,3.25,2.0,1.62,1.0,3.0,3.0,2.88,1.5,2.0,2.62,2.75,3.12,2.0,2.12,1.38,2.75,2.0,1.38,3.12,3.75,1.75,3.25,2.25,2.88,3.5,2.25,2.38,1.38,3.0,2.12,3.5,3.69,2.99,3.68,2.38,4.14,3.09,3.55,3.14,2.42,4.16,1.58,3.19,2.69,4.01,3.92,3.37,2.2,4.12,3.59,2.73,3.3,3.55,3.14,4.28,1.68,3.51,3.27,1.91,2.22,2.98,2.78,2.39,1.75,2.81,2.34,2.3,2.29,2.64,4.3,3.61,4.22,2.46,2.94,4.56,3.65,1.79,2.02,1.0,2.31,3.76,4.71,3.59,1.82,1.0,1.83,3.38,3.37,2.94,2.14,1.0,3.9,2.8,1.0,4.93,4.15,4.37,4.04,3.95,4.55,4.49,1.06,1.02,4.91,3.41,2.31,1.29,1.13,3.57,3.47,2.0,2.48,1.65,1.43,1.53,2.74,2.25,3.91,3.97,3.93,4.04,4.37,4.78,1.65,4.05,4.58,3.34,True,True,True,True,True,True,True,True
19-4021,Biological Technicians,Biological Technicians,Biological Technicians,0.2,0.4166666666666666,0.6333333333333333,0.0666666666666666,0.2666666666666666,0.4666666666666667,0.3012355,1,19-4021,False,0.3,1,19-4021,False,base_00,4,base_00,False,1,3.0,2.25,3.5,2.75,3.62,2.0,1.0,2.12,1.38,2.0,2.88,3.0,3.12,3.0,1.12,1.75,1.75,2.12,3.88,3.75,2.88,3.0,2.5,2.62,3.88,1.12,3.0,3.88,3.75,2.88,3.0,1.0,3.5,1.62,2.0,2.0,3.38,1.12,1.12,3.5,3.5,2.75,1.12,2.0,2.25,2.5,2.25,3.0,3.0,2.25,3.62,3.62,3.5,3.75,3.25,2.75,3.88,2.12,1.88,1.0,2.38,3.12,2.88,1.88,2.25,2.12,3.0,3.25,1.88,2.62,1.88,3.0,2.0,1.88,2.88,4.0,1.75,3.75,2.25,2.75,3.25,3.0,2.75,1.88,2.88,2.62,3.38,4.44,1.81,1.91,2.45,3.98,3.07,2.46,2.13,3.2,4.65,1.47,3.29,3.54,3.17,4.19,1.93,3.68,4.39,3.4,3.29,1.99,4.01,2.39,3.69,2.0,3.8,2.21,2.61,2.66,4.61,2.11,2.35,1.8,2.23,3.05,1.19,1.38,3.19,2.8,3.94,4.1,1.92,2.72,4.15,3.09,1.91,1.58,1.09,1.78,3.74,4.85,2.85,1.53,2.56,2.25,2.81,1.6,1.05,2.16,1.34,2.58,1.38,1.05,4.82,3.85,2.63,3.04,2.56,4.39,3.37,1.45,1.17,4.35,1.51,3.13,1.46,1.42,1.91,3.02,2.3,1.53,1.15,1.38,1.45,2.88,3.2,2.81,3.39,2.4,3.0,3.33,4.29,2.38,3.06,3.94,3.03,True,True,True,True,True,True,True,True
19-4031,Chemical Technicians,Chemical Technicians,Chemical Technicians,0.1428571428571428,0.3928571428571428,0.6428571428571428,0.2857142857142857,0.3928571428571428,0.5,0.0628057,1,19-4031,False,0.57,1,19-4031,False,base_00,3,base_00,False,1,3.12,2.62,3.62,3.12,3.62,1.88,1.0,2.0,1.25,2.0,2.88,3.12,3.12,3.0,1.0,2.0,1.75,2.12,3.75,3.75,3.12,3.12,2.75,2.88,4.0,1.0,3.0,3.75,3.62,3.0,3.0,1.0,3.75,2.12,2.12,1.88,3.12,1.0,1.38,3.38,3.25,3.0,1.88,1.88,2.12,2.62,2.25,3.0,3.12,2.12,4.0,3.88,3.38,3.88,3.12,3.0,4.0,2.88,2.75,1.0,3.0,3.12,3.12,1.75,2.25,2.5,3.0,3.88,2.62,3.0,2.5,3.25,2.62,1.5,3.12,4.0,2.75,4.12,2.75,2.88,3.38,3.0,3.12,2.0,3.12,2.88,3.88,4.0,2.6,2.56,2.6,4.15,3.61,3.17,2.58,2.89,4.49,2.91,2.93,3.37,4.08,4.06,2.24,3.64,3.86,4.23,3.17,3.7,4.27,2.55,4.33,2.46,4.18,2.76,1.61,3.17,4.33,2.87,3.22,2.33,2.23,3.02,1.66,2.0,2.75,3.44,3.74,4.14,2.46,3.84,3.9,3.65,2.64,2.71,1.29,2.5,3.11,5.0,4.89,1.8,1.53,2.37,4.49,2.38,1.15,1.93,1.91,3.57,1.71,1.01,4.99,3.84,3.35,4.16,3.74,4.87,3.62,1.44,1.35,4.91,2.63,3.16,1.9,2.07,2.95,3.02,1.86,2.37,1.12,1.92,1.67,2.81,2.4,3.67,4.0,2.83,3.33,4.35,5.0,2.7,3.08,4.57,2.88,True,True,True,True,True,True,True,True
19-4042,"Environmental Science and Protection Technicians, Including Health","Environmental Science and Protection Technicians, Including Health","Environmental Science and Protection Technicians, Including Health",0.2444444444444444,0.4555555555555556,0.6666666666666667,0.2444444444444444,0.4222222222222222,0.6,0.0169452,1,19-4091,False,0.77,1,19-4091,False,base_00,4,base_00,False,1,3.0,2.5,3.25,2.75,3.88,2.38,1.0,2.12,1.5,1.88,3.0,2.88,3.12,3.0,1.88,2.0,1.88,2.0,3.62,3.38,2.88,3.0,2.5,2.5,3.88,1.88,3.12,4.0,4.0,2.88,3.0,1.88,3.62,1.88,2.12,2.0,3.0,1.88,2.0,3.62,3.5,2.88,1.25,2.0,2.12,2.88,2.12,2.88,3.0,2.0,4.0,3.88,3.12,3.88,3.25,3.0,3.75,1.88,1.75,1.0,2.88,3.25,3.0,1.88,2.0,2.38,3.12,3.38,2.75,2.88,2.62,3.0,2.88,1.88,2.75,4.0,1.75,3.38,3.0,3.0,3.88,3.12,3.0,1.5,3.0,2.0,3.88,3.67,2.14,3.05,3.43,3.95,2.95,3.14,3.1,2.86,4.38,2.14,3.76,2.86,4.05,4.24,2.82,2.73,3.82,3.48,3.41,2.5,3.5,2.52,3.45,3.36,3.64,3.1,3.29,3.18,3.68,3.05,2.32,2.32,3.19,3.86,2.36,2.18,2.81,3.14,3.82,3.85,3.0,2.91,3.91,3.27,3.82,2.64,1.41,2.05,3.73,4.82,3.23,2.14,2.18,2.18,2.55,2.32,1.9,2.27,1.73,3.0,2.68,1.45,4.36,3.77,3.23,3.82,3.55,4.14,3.14,3.5,1.68,4.14,3.55,2.86,3.59,3.18,1.64,3.05,2.45,1.82,1.64,1.57,1.91,1.91,3.23,3.05,2.57,2.23,4.64,4.27,3.59,2.23,3.0,3.82,3.95,True,True,True,True,True,True,True,True
19-4043,"Geological Technicians, Except Hydrologic Technicians","Geological Technicians, Except Hydrologic Technicians","Geological Technicians, Except Hydrologic Technicians",0.048780487804878,0.3902439024390244,0.7317073170731707,0.073170731707317,0.3048780487804878,0.5365853658536586,0.0832659,1,19-4041,True,0.91,1,19-4041,True,base_00,4,base_00,False,1,2.75,2.25,3.25,2.62,3.25,2.38,1.0,1.88,1.75,2.12,3.0,2.62,3.12,2.88,1.75,1.75,1.75,2.25,3.38,3.5,2.5,3.0,2.38,2.25,3.5,1.75,2.75,3.75,3.38,2.62,3.0,1.88,3.0,2.12,2.25,2.0,3.0,1.88,2.25,3.25,3.12,2.38,1.25,1.88,2.25,2.5,2.25,2.88,2.62,2.5,3.88,3.38,2.75,3.12,3.12,3.0,3.5,1.88,2.25,1.0,2.62,3.12,2.62,1.75,2.12,2.5,2.75,3.25,2.38,2.75,1.5,3.0,2.62,1.62,2.25,3.75,2.0,2.62,2.5,2.88,3.0,2.62,2.5,2.0,3.25,2.12,3.25,3.62,1.92,2.58,2.78,3.85,3.48,2.46,2.39,2.67,4.28,2.2,3.25,3.38,3.13,4.12,2.17,3.06,3.6,3.12,3.18,2.95,3.08,2.62,3.54,2.82,3.63,2.67,1.95,3.05,3.77,2.5,2.84,2.7,1.96,2.8,1.92,1.53,2.92,2.55,3.59,4.14,2.41,3.02,3.59,3.2,2.73,2.3,1.4,2.67,4.04,4.66,2.75,1.9,1.07,2.21,2.54,2.45,1.68,2.17,1.83,2.83,2.29,1.53,4.49,4.17,3.32,3.09,3.5,4.51,3.7,2.55,1.79,4.39,2.54,2.91,2.5,1.96,1.89,2.75,1.8,1.74,1.4,1.5,1.59,2.68,3.46,2.75,3.0,2.12,4.27,3.52,3.28,2.02,3.21,4.0,3.21,True,True,True,True,True,True,True,True
19-4044,Hydrologic Technicians,Hydrologic Technicians,Hydrologic Technicians,0.1875,0.5,0.8125,0.25,0.53125,0.8125,0.26668515000000004,2,19-4041;19-4099,True,0.76,2,19-4041;19-4099,True,base_00,3,base_00,False,1,,,,,,,,,,,,,,,,,,,,,,,,,,,,,,,,,,,,,,,,,,,,,,,,,,,,,,,,,,,,,,,,,,,,,,,,,,,,,,,,,,,,,,,,,,,,,,,,,,,,,,,,,,,,,,,,,,,,,,,,,,,,,,,,,,,,,,,,,,,,,,,,,,,,,,,,,,,,,,,,,,,,,,,,,,,,,,,,,,,,,,,,True,True,True,True,False,False,False,False
19-4051,Nuclear Technicians,Nuclear Technicians,Nuclear Technicians,0.1114718614718614,0.185064935064935,0.2586580086580086,0.1114718614718614,0.284090909090909,0.4567099567099566,0.1696743,1,19-4051,False,0.85,1,19-4051,False,base_00,3,base_00,False,1,3.06,2.69,3.375,2.935,3.75,2.25,1.125,1.94,1.56,2.25,3.125,3.0,3.315,2.815,1.94,2.0,2.12,2.75,3.81,3.815,2.935,3.0,2.56,2.435,3.69,1.375,2.87,3.94,3.81,2.875,3.62,1.44,4.0600000000000005,2.31,2.625,2.31,3.5,1.31,1.56,3.44,3.25,2.75,1.565,2.12,2.185,3.06,2.37,3.125,2.75,2.44,3.88,3.565,3.19,3.75,3.185,3.06,3.75,2.5,2.06,1.19,3.125,3.315,3.0,1.875,1.94,2.565,2.935,3.815,2.685,3.0,1.435,3.815,2.88,1.81,3.31,3.685,2.25,2.935,2.815,3.0,3.375,2.875,2.75,1.75,3.0,3.0,3.185,3.8,2.595,3.095,2.73,4.345,3.48,3.19,2.9000000000000004,2.8049999999999997,4.475,2.245,3.25,3.39,4.1899999999999995,4.3,2.565,2.905,4.335,4.15,3.2750000000000004,2.995,3.83,2.25,4.505,2.69,3.485,2.97,1.77,3.29,3.95,2.7750000000000004,2.76,2.605,2.4400000000000004,3.09,1.825,1.625,2.895,3.395,4.105,3.69,3.135,3.955,4.365,4.085,2.25,2.71,1.245,2.1950000000000003,3.48,4.67,3.64,3.21,1.455,3.56,3.67,3.3,3.155,2.4450000000000003,4.74,4.19,3.635,1.4700000000000002,4.99,3.41,4.085,4.405,3.885,4.6850000000000005,4.0,2.765,1.66,4.505,4.09,2.54,3.615,2.96,1.66,3.845,2.715,2.265,2.08,1.735,2.115,2.335,2.755,3.04,3.335,2.855,4.805,3.53,4.845000000000001,3.725,3.39,4.720000000000001,3.125,True,True,True,True,True,True,True,True
19-4061,Social Science Research Assistants,Social Science Research Assistants,Social Science Research Assistants,0.4242424242424242,0.6666666666666667,0.9090909090909092,0.3939393939393939,0.6212121212121212,0.8484848484848485,1.204652,1,19-4061,False,0.65,1,19-4061,False,base_00,4,base_00,False,1,1.0,1.88,3.0,1.0,3.5,1.75,1.0,1.38,1.0,1.0,2.75,2.5,2.88,3.0,1.0,1.0,1.0,1.75,3.25,3.62,1.25,3.12,2.38,1.0,3.38,1.0,3.0,4.0,4.0,3.0,2.62,1.0,3.12,1.0,1.12,1.0,3.12,1.0,1.0,3.25,3.12,2.38,1.0,1.0,1.0,2.0,1.88,2.0,2.62,1.5,4.0,3.75,3.12,3.75,3.38,2.88,3.75,1.0,1.38,1.0,2.62,3.12,3.0,1.75,2.0,2.38,3.12,2.88,2.38,1.62,2.0,2.12,2.5,2.62,2.5,4.0,1.0,3.25,2.38,2.88,3.38,3.0,2.88,1.75,2.88,1.75,3.75,4.5,1.89,2.47,3.31,4.42,1.51,2.97,2.5,3.38,4.26,1.28,3.46,3.18,2.78,4.29,2.5,1.45,3.72,1.63,3.91,2.35,3.35,2.23,2.71,1.18,3.79,3.08,2.69,1.19,4.67,2.71,1.25,1.0,2.17,2.76,2.18,2.01,3.22,3.13,3.6,4.73,1.82,1.92,3.67,3.08,2.66,1.93,1.14,1.62,3.89,4.64,1.28,1.25,1.0,1.67,1.07,1.05,1.0,1.04,1.08,2.33,1.13,1.06,4.28,3.89,2.29,1.84,2.96,3.99,3.84,1.41,1.0,4.18,1.17,2.66,1.22,1.12,1.32,2.87,1.85,1.15,1.0,1.07,1.13,2.53,4.72,1.74,1.71,1.44,3.36,2.85,1.19,1.07,2.45,4.15,2.98,True,True,True,True,True,True,True,True
19-4071,Forest and Conservation Technicians,Forest and Conservation Technicians,Forest and Conservation Technicians,0.0769230769230769,0.3269230769230769,0.576923076923077,0.1153846153846153,0.3269230769230769,0.5384615384615385,-0.6672396,1,19-4093,False,0.42,1,19-4093,False,base_00,3,base_00,False,1,3.12,2.5,3.12,3.0,3.62,2.75,1.5,2.5,1.62,2.88,3.5,3.0,2.88,2.88,2.5,2.62,2.62,2.25,3.62,3.75,3.12,2.75,2.5,3.0,3.5,2.0,2.75,3.75,3.75,3.0,2.88,2.12,3.75,2.5,2.75,2.62,3.12,2.0,2.75,3.12,3.12,2.62,2.25,2.88,3.0,2.88,3.0,3.0,3.25,2.0,3.62,3.12,3.0,3.75,3.0,3.12,3.75,2.0,2.12,1.25,3.12,3.25,3.0,2.0,2.0,2.88,2.75,3.12,2.25,2.75,1.88,2.88,2.88,2.0,2.62,3.38,2.0,2.75,3.0,3.12,3.25,3.0,2.75,2.0,3.25,2.0,3.0,3.43,3.05,3.41,3.82,4.24,3.39,3.77,3.59,3.82,3.54,2.69,4.15,3.51,3.82,4.08,3.3,3.64,4.13,3.99,3.32,3.39,4.33,2.93,3.8,4.4,4.08,3.07,3.5,3.8,3.84,3.42,2.47,3.19,3.55,3.86,2.35,2.96,3.37,3.57,3.97,3.67,3.04,3.56,4.41,3.91,3.83,3.09,1.54,2.31,3.95,4.66,3.46,2.18,1.6,3.17,2.54,2.87,2.06,3.68,1.1,3.85,3.69,1.95,4.98,4.14,4.21,4.11,4.23,3.98,3.59,4.17,2.71,4.0,4.19,3.31,4.41,3.27,2.31,3.7,2.76,3.1,1.49,2.37,2.36,3.38,2.58,3.5,3.73,3.42,4.56,3.86,3.98,2.24,3.63,4.87,3.66,True,True,True,True,True,True,True,True
19-4092,Forensic Science Technicians,Forensic Science Technicians,Forensic Science Technicians,0.064516129032258,0.3870967741935484,0.7096774193548387,0.064516129032258,0.1935483870967742,0.3225806451612903,0.2400518,1,19-4092,False,0.0095,1,19-4092,False,base_00,3,base_00,False,1,3.0,2.5,3.75,2.75,3.88,2.75,1.0,2.0,1.5,2.25,3.75,2.88,4.0,3.25,2.0,2.0,1.75,2.38,4.0,3.75,2.88,2.75,2.75,2.75,4.0,1.75,2.62,4.0,4.0,2.88,3.25,1.88,3.88,1.88,1.88,2.0,3.0,1.75,2.0,3.75,3.75,3.12,1.88,2.12,2.38,2.75,2.38,3.38,3.0,2.0,4.0,4.0,3.38,4.0,3.62,3.12,4.0,1.62,2.0,1.0,2.75,3.25,3.0,1.38,1.5,2.62,2.75,3.25,2.38,2.62,1.62,2.75,2.75,1.5,2.5,4.0,1.5,3.25,3.0,3.25,4.0,3.0,3.0,1.38,3.0,2.0,4.0,3.8,2.96,3.04,4.08,4.15,3.11,2.91,3.0,2.92,4.23,2.16,3.87,2.99,3.88,4.46,2.4,3.66,3.95,2.79,4.21,3.32,3.95,2.33,3.35,2.84,3.58,3.41,3.91,3.54,3.93,2.83,1.79,1.66,2.52,2.41,1.49,1.82,2.36,2.94,4.07,3.99,3.14,3.81,4.2,3.78,4.33,3.17,2.62,1.53,4.21,4.8,3.95,3.44,3.1,3.63,2.52,2.31,1.95,2.19,1.53,3.44,3.64,1.43,4.79,3.89,4.7,3.25,4.51,4.67,3.45,3.9,2.05,4.72,3.48,2.85,3.93,3.63,1.24,3.94,3.2,2.47,1.72,2.0,2.39,2.67,3.12,3.02,3.28,2.58,4.21,3.92,3.69,2.11,3.4,4.11,3.95,True,True,True,True,True,True,True,True
19-4099,"Life, Physical, and Social Science Technicians, All Other",,Quality Control Analysts,0.1547700754975978,0.5348318462594372,0.9148936170212766,0.1921757035003431,0.473232669869595,0.7542896362388469,0.4501044,1,19-4099,True,0.61,1,19-4099,True,first_detail,3,detail_mode_tie_lower,True,2,2.75,2.31,3.125,2.685,3.685,2.125,1.0,1.5,1.125,1.5,3.0,2.875,3.25,3.13,1.06,1.5,1.31,2.185,3.5,3.435,2.565,3.185,2.685,2.12,3.81,1.125,3.0,3.75,3.685,3.065,3.12,1.06,3.685,1.88,1.81,1.87,3.185,1.0,1.375,3.31,3.25,2.685,1.31,1.5,1.56,2.56,1.75,2.815,3.0,1.815,3.75,3.69,3.06,3.38,3.315,2.935,3.5,2.12,2.0,1.31,2.62,3.19,2.75,1.69,1.935,2.25,3.25,3.565,2.44,2.565,2.0,3.0,2.375,2.25,3.44,3.625,1.88,2.685,2.625,2.94,3.31,3.19,2.875,1.75,2.94,2.69,3.25,4.09,1.9,2.51,2.545,3.95,3.1950000000000003,2.865,2.4299999999999997,2.8899999999999997,4.07,2.34,3.155,3.38,3.965,4.16,2.325,2.51,3.915,3.375,3.2649999999999997,3.315,3.525,2.35,3.895,1.7999999999999998,3.545,2.7,1.5699999999999998,2.345,4.045,2.55,2.745,2.34,2.4349999999999996,2.755,1.935,1.885,3.0549999999999997,3.3049999999999997,3.85,4.305,2.74,2.925,4.01,3.17,2.3600000000000003,2.37,1.16,2.08,3.855,4.665,2.895,1.81,1.455,1.575,2.595,2.07,1.495,1.69,1.1800000000000002,3.4450000000000003,2.205,1.145,4.495,4.0600000000000005,3.25,2.585,3.465,4.74,4.015,1.64,1.27,4.765000000000001,2.045,2.78,1.875,1.27,2.005,3.16,1.67,1.855,1.335,1.495,1.69,3.1950000000000003,3.41,2.69,3.885,2.42,3.57,3.83,3.095,1.7799999999999998,2.98,3.93,2.745,True,True,True,True,True,True,True,True
19-5011,Occupational Health and Safety Specialists,Occupational Health and Safety Specialists,Occupational Health and Safety Specialists,0.0476190476190476,0.3333333333333333,0.6190476190476191,0.2857142857142857,0.3571428571428571,0.4285714285714285,0.8349371,1,29-9011,False,0.17,1,29-9011,False,base_00,4,base_00,False,1,2.0,2.75,3.25,2.0,4.0,2.0,1.0,1.5,1.5,1.88,3.12,2.5,3.88,3.12,1.88,1.5,2.0,2.38,4.0,3.75,2.0,3.12,2.75,2.0,4.0,1.38,3.0,4.0,4.0,3.0,3.12,1.5,4.0,1.75,2.0,1.5,3.12,2.0,2.0,3.75,3.75,3.0,1.0,1.88,2.0,2.88,2.0,2.75,3.0,1.5,3.88,3.88,3.38,4.0,3.75,3.0,3.75,1.38,2.0,1.0,3.25,3.75,3.0,2.0,2.0,2.5,3.0,3.62,2.88,2.0,3.0,3.0,3.12,1.88,3.12,4.0,1.38,2.75,3.0,3.75,4.0,3.75,3.75,1.88,3.0,2.0,4.0,4.39,3.45,3.74,3.96,4.22,2.36,3.68,3.7,3.57,4.43,2.5,4.13,3.17,4.48,4.57,3.35,2.77,4.3,4.0,4.09,3.45,4.32,3.0,4.3,2.82,3.91,3.59,2.61,3.09,4.04,4.13,2.52,2.3,3.65,3.61,3.52,2.61,3.36,4.22,4.39,4.18,3.04,3.35,4.26,3.87,3.13,2.7,1.65,2.14,4.13,4.83,3.26,2.22,1.87,2.13,2.77,2.48,2.22,2.18,1.7,3.26,2.65,1.61,4.59,4.04,3.77,4.3,4.22,4.04,2.83,3.04,1.61,4.3,3.57,2.83,3.35,2.83,1.52,3.87,2.91,2.14,2.0,1.68,2.0,2.05,3.13,2.78,2.52,2.3,4.61,3.57,4.13,2.57,3.3,4.17,3.78,True,True,True,True,True,True,True,True
19-5012,Occupational Health and Safety Technicians,Occupational Health and Safety Technicians,Occupational Health and Safety Technicians,0.125,0.3958333333333333,0.6666666666666666,0.25,0.4166666666666666,0.5833333333333333,0.3996866,1,29-9012,False,0.25,1,29-9012,False,base_00,3,base_00,False,1,2.12,2.38,3.25,2.12,3.88,2.12,1.0,1.88,1.88,2.0,3.25,2.38,3.25,3.0,1.88,2.0,2.12,2.12,3.88,3.38,1.88,2.75,2.5,2.0,3.62,1.5,2.62,3.88,3.88,3.0,3.0,1.75,3.88,1.62,1.88,1.88,3.0,2.0,2.0,3.5,3.38,2.75,1.25,2.0,2.0,2.62,2.38,2.88,2.25,2.0,3.88,3.75,3.12,4.0,3.25,3.0,3.88,1.0,1.0,1.0,3.0,3.25,3.0,2.0,2.0,2.62,2.75,3.25,3.12,2.62,2.12,2.88,3.12,1.88,2.88,3.88,1.12,2.75,3.0,3.12,3.88,3.12,3.0,1.88,3.0,2.0,3.75,4.0,3.43,3.62,3.57,4.57,2.55,3.33,3.62,3.81,4.24,2.62,3.79,3.38,4.6,4.29,3.33,2.43,4.33,4.14,3.76,3.62,4.0,2.86,4.24,3.0,4.0,3.19,2.43,2.9,3.86,3.81,2.1,2.0,3.65,3.57,3.37,2.63,3.52,4.24,4.19,4.14,3.05,3.95,4.43,3.7,3.62,2.7,1.52,2.37,4.1,4.81,3.05,2.5,1.56,2.6,3.0,3.25,2.63,2.6,1.4,3.48,2.89,1.37,4.63,4.19,3.9,4.24,4.16,3.9,2.89,3.5,2.05,3.65,3.76,2.95,3.5,3.1,2.37,3.6,3.0,2.0,2.0,1.75,2.0,2.3,3.1,2.95,2.52,2.58,4.8,3.76,4.47,2.85,3.3,4.35,3.5,True,True,True,True,True,True,True,True
21-1011,Substance Abuse and Behavioral Disorder Counselors,Substance Abuse and Behavioral Disorder Counselors,Substance Abuse and Behavioral Disorder Counselors,0.0888888888888888,0.2,0.3111111111111111,0.1777777777777777,0.2888888888888889,0.4,1.030841,1,21-1011,False,,,,,base_00,5,base_00,False,1,1.62,2.0,3.25,1.62,4.0,1.88,1.0,1.5,2.0,1.5,3.0,1.62,3.0,3.38,1.5,2.0,2.0,2.0,4.0,3.62,1.25,2.0,2.62,1.62,3.12,1.62,2.0,4.0,4.12,3.12,2.25,1.62,4.12,1.62,2.0,2.0,3.12,1.5,1.5,4.12,3.88,2.75,1.38,1.88,2.0,3.0,2.0,2.0,2.5,1.25,4.0,4.0,3.75,4.25,3.5,3.5,4.12,1.0,1.0,1.0,3.38,3.88,3.25,2.0,2.0,3.0,2.0,4.0,3.25,1.62,2.0,2.0,3.88,1.75,2.0,4.0,1.0,2.0,3.88,4.12,4.25,3.25,3.25,1.75,3.0,1.5,4.0,4.14,4.46,3.64,4.16,3.82,2.68,3.5,3.6,4.14,4.48,1.82,3.93,2.58,4.14,4.75,2.75,2.15,4.58,3.05,3.2,4.18,4.5,2.31,4.43,2.78,4.35,3.33,3.88,2.54,4.58,3.8,1.83,1.8,4.22,4.03,3.16,2.49,3.97,3.49,3.83,4.49,3.6,3.03,4.93,3.92,4.1,3.94,3.4,1.56,3.93,4.57,1.75,1.81,3.09,1.78,1.01,1.0,1.0,1.08,1.01,2.47,1.1,1.06,4.81,3.63,2.54,4.05,2.83,3.78,4.11,1.06,1.04,4.99,1.13,2.16,1.25,1.05,1.13,3.27,3.47,1.39,1.0,1.39,1.02,1.81,4.1,1.91,1.35,1.74,4.92,4.46,1.77,1.0,3.72,4.68,3.82,True,True,False,True,True,True,True,True
21-1012,"Educational, Guidance, and Career Counselors and Advisors","Educational, Guidance, and Career Counselors and Advisors","Educational, Guidance, and Career Counselors and Advisors",0.0526315789473684,0.2894736842105263,0.5263157894736842,0.2456140350877192,0.3245614035087719,0.4035087719298245,0.9739287,1,21-1012,False,0.0085,1,21-1012,False,base_00,5,base_00,False,1,1.0,2.0,3.12,1.0,3.75,1.38,1.0,1.0,1.0,1.0,2.5,1.0,2.75,3.62,1.0,1.0,1.0,1.75,3.75,3.38,1.25,2.62,2.62,1.0,3.38,1.0,2.12,4.25,4.25,3.12,2.62,1.0,3.75,1.0,1.25,1.12,3.12,1.0,1.0,3.75,3.62,2.38,1.0,1.12,1.0,2.5,1.75,1.88,2.38,1.5,4.0,4.0,3.75,4.38,3.75,3.62,3.88,1.0,1.0,1.0,3.62,3.62,3.75,1.5,1.5,2.88,2.25,3.75,3.38,1.0,1.38,1.5,3.62,1.5,1.5,3.88,1.0,1.5,4.0,4.12,4.12,3.0,3.0,1.38,3.12,1.25,3.88,3.86,3.74,3.53,4.07,4.75,1.55,3.07,3.28,3.63,4.13,1.15,4.71,2.73,4.09,4.77,2.78,1.62,3.93,2.58,3.83,3.19,4.58,2.2,3.62,1.35,4.24,3.3,3.89,1.81,4.26,4.32,1.01,1.0,3.62,3.52,2.59,1.89,3.67,3.28,4.41,4.44,4.11,2.96,4.87,4.6,4.09,3.76,2.03,1.52,4.15,4.93,1.62,1.28,2.19,1.65,1.0,1.04,1.01,1.08,1.0,2.75,1.34,1.11,4.98,4.01,3.92,2.8,4.16,3.99,3.44,1.4,1.0,4.66,1.33,2.76,1.32,1.39,1.04,3.42,2.69,1.54,1.0,1.09,1.34,2.32,4.27,2.26,2.18,2.03,4.95,3.76,1.32,1.0,2.8,4.85,3.23,True,True,True,True,True,True,True,True
21-1013,Marriage and Family Therapists,Marriage and Family Therapists,Marriage and Family Therapists,0.074074074074074,0.1111111111111111,0.1481481481481481,0.1851851851851851,0.2777777777777778,0.3703703703703703,1.367434,1,21-1013,False,0.014,1,21-1013,False,base_00,5,base_00,False,1,1.0,2.25,3.75,1.0,4.0,1.0,1.0,1.0,1.38,1.12,2.75,1.62,3.12,3.62,1.0,1.38,1.38,1.75,4.0,3.62,1.12,2.0,2.88,1.12,3.25,1.0,2.0,4.25,4.25,3.62,2.75,1.0,4.0,1.0,1.38,1.12,3.12,1.0,1.0,4.0,4.0,3.0,1.12,1.12,1.38,2.75,1.5,1.75,2.0,1.38,4.0,4.0,3.75,4.88,4.0,3.5,3.88,1.0,1.0,1.0,3.5,4.0,3.12,1.38,1.25,3.0,1.88,3.62,3.62,1.12,2.75,1.5,3.62,1.25,1.25,4.0,1.0,2.5,4.0,4.38,4.25,3.12,3.25,1.5,3.12,1.0,4.0,3.11,4.71,3.6,3.71,4.19,1.25,2.8,2.59,3.81,4.75,1.1,4.28,2.16,3.89,4.54,1.95,1.48,4.03,1.28,3.57,3.59,4.76,1.23,2.84,1.26,4.07,3.19,3.61,1.3,2.84,3.12,1.26,1.1,4.17,3.18,2.35,1.72,3.53,2.93,4.09,4.05,3.65,2.43,4.66,3.04,3.68,3.75,2.72,1.38,4.34,4.85,1.43,1.38,2.73,1.45,1.0,1.04,1.0,1.35,1.0,3.59,1.36,1.0,4.96,4.4,4.6,2.38,3.98,3.22,1.97,2.72,1.0,4.57,2.02,2.45,1.18,1.28,1.0,2.88,1.71,1.2,1.0,1.05,1.38,1.39,4.31,2.66,1.22,1.78,4.46,4.58,1.04,1.0,1.89,3.55,3.11,True,True,True,True,True,True,True,True
21-1014,Mental Health Counselors,Mental Health Counselors,Mental Health Counselors,0.0784313725490196,0.2549019607843137,0.4313725490196078,0.1176470588235294,0.2647058823529412,0.4117647058823529,1.34239,1,21-1014,False,,,,,base_00,5,base_00,False,1,1.0,2.12,3.62,1.0,4.12,1.0,1.0,1.25,1.62,1.25,2.62,1.62,3.0,3.62,1.0,1.62,1.62,1.75,4.12,3.62,1.5,2.12,2.88,1.25,3.12,1.0,2.0,4.88,4.62,3.38,2.25,1.0,4.25,1.12,1.62,1.62,3.25,1.0,1.12,4.12,4.12,2.88,1.25,1.5,1.62,2.5,1.62,1.75,2.0,1.38,4.12,4.12,3.75,5.0,3.75,3.0,4.0,1.0,1.0,1.0,3.0,4.0,3.12,1.62,1.5,2.75,2.0,3.75,3.0,1.0,2.5,1.62,3.62,1.62,1.5,4.12,1.0,2.75,3.88,5.0,4.25,3.0,3.0,1.5,3.0,1.0,4.12,3.61,4.86,4.0,3.96,4.14,1.32,2.54,2.61,4.19,4.5,1.07,4.64,2.25,4.26,4.64,2.61,1.32,3.75,1.54,4.11,3.68,4.54,2.39,3.18,1.21,3.78,3.89,4.18,1.61,3.75,3.93,1.61,1.07,4.04,3.74,2.07,1.93,4.33,3.52,4.29,3.86,3.79,3.46,4.79,2.82,3.82,3.64,2.64,1.32,4.61,4.96,1.14,1.04,2.21,1.11,1.11,1.0,1.0,1.0,1.0,2.0,1.11,1.0,4.88,4.64,4.07,2.79,4.07,3.46,2.21,1.29,1.0,4.54,1.37,2.93,1.14,1.25,1.11,3.07,2.46,1.21,1.0,1.15,1.18,1.89,4.82,1.93,1.85,1.54,4.56,3.86,1.0,1.0,2.21,3.11,3.93,True,True,False,True,True,True,True,True
21-1015,Rehabilitation Counselors,Rehabilitation Counselors,Rehabilitation Counselors,0.064516129032258,0.3548387096774194,0.6451612903225806,0.2580645161290322,0.4677419354838709,0.6774193548387096,0.5025014,1,21-1015,False,0.0094,1,21-1015,False,base_00,4,base_00,False,1,1.38,2.0,3.12,1.0,3.88,1.0,1.0,1.25,1.38,1.5,2.88,1.88,2.75,3.12,1.0,1.38,1.38,1.75,3.75,3.12,1.12,2.12,2.12,1.12,3.25,1.0,2.12,4.0,4.0,3.12,2.38,1.0,3.88,1.0,1.38,1.62,2.62,1.0,1.0,4.0,3.75,2.5,1.25,1.38,1.38,2.62,1.75,1.75,2.0,1.12,3.88,3.88,3.12,4.0,3.12,3.62,3.62,1.0,1.0,1.0,3.12,3.38,3.12,1.5,1.38,2.75,2.0,3.88,3.0,1.12,2.88,1.62,3.12,1.5,1.25,3.75,1.0,2.25,4.0,4.0,4.0,3.12,3.12,1.5,3.25,1.0,3.62,3.21,3.7,3.69,4.32,4.5,1.57,3.37,3.61,3.58,4.35,1.55,4.44,2.48,4.1,4.25,3.45,2.17,3.18,2.37,3.71,3.72,4.45,2.79,3.72,2.37,4.1,3.48,3.7,2.16,3.73,3.4,1.3,1.39,3.69,3.97,2.99,2.66,3.63,3.72,3.58,4.15,3.2,2.42,4.56,3.93,4.24,3.23,2.18,1.73,4.07,4.85,1.78,1.12,1.94,1.65,1.0,1.19,1.07,1.38,1.18,3.03,1.59,1.0,4.79,4.09,4.25,3.43,3.93,3.9,3.47,3.1,1.0,4.73,2.19,3.0,1.98,1.84,1.3,2.89,2.52,1.62,1.0,1.16,1.39,2.5,3.98,2.42,2.2,2.14,4.78,4.16,1.5,1.14,3.41,4.37,3.87,True,True,True,True,True,True,True,True
21-1021,"Child, Family, and School Social Workers","Child, Family, and School Social Workers","Child, Family, and School Social Workers",0.0571428571428571,0.2428571428571428,0.4285714285714285,0.1714285714285714,0.3,0.4285714285714285,0.7761707,1,21-1021,False,0.028,1,21-1021,False,base_00,4,base_00,False,1,2.0,2.38,3.12,1.88,3.88,1.88,1.0,1.88,1.75,1.62,2.75,1.88,2.88,3.12,1.5,1.75,1.75,2.12,3.88,3.5,1.12,2.12,2.62,2.0,3.5,1.5,2.0,4.38,4.62,3.12,2.62,1.5,4.25,1.5,2.0,1.88,3.0,1.5,1.5,4.0,3.88,2.62,1.12,1.75,1.88,2.88,2.0,2.12,2.25,1.38,4.12,4.12,3.38,4.88,3.88,3.75,4.12,1.0,1.0,1.0,3.12,4.0,3.12,1.38,1.38,2.88,2.0,3.88,3.75,2.0,2.62,2.12,3.75,1.38,1.75,4.0,1.0,2.25,4.0,4.12,4.5,3.12,2.88,1.5,3.75,1.5,3.75,2.78,4.42,3.82,4.48,4.7,1.28,3.76,4.07,4.04,4.58,1.07,4.71,2.02,4.14,4.58,2.55,1.61,4.5,2.66,3.92,3.42,4.4,2.34,3.98,2.62,4.21,3.74,4.42,2.05,3.71,3.06,1.36,1.0,4.18,3.57,3.62,1.77,4.04,3.72,3.94,4.41,4.53,3.64,4.95,3.97,4.27,4.48,3.32,2.21,4.4,5.0,1.85,1.39,2.47,1.29,1.09,1.0,1.0,1.27,1.0,2.38,1.5,1.0,4.95,4.44,4.17,2.73,3.98,4.26,3.16,2.85,1.0,4.2,1.94,2.42,2.83,1.96,1.0,3.23,2.87,1.28,1.0,1.0,1.2,3.34,3.5,2.43,2.04,2.12,4.85,4.33,1.28,1.0,2.92,4.77,3.98,True,True,True,True,True,True,True,True
21-1022,Healthcare Social Workers,Healthcare Social Workers,Healthcare Social Workers,0.03125,0.34375,0.65625,0.1875,0.421875,0.65625,0.9339648,1,21-1022,False,0.0035,1,21-1022,False,base_00,5,base_00,False,1,1.0,2.0,3.0,1.25,4.0,1.25,1.0,1.25,1.75,1.38,2.88,1.88,2.88,3.75,1.0,1.75,1.75,1.62,3.88,3.38,1.5,2.0,2.88,1.62,3.0,1.0,2.0,4.0,4.12,3.0,2.5,1.0,4.0,1.0,1.88,1.88,3.0,1.0,1.0,4.0,4.0,2.75,1.25,1.88,1.62,2.75,2.12,1.62,2.0,1.5,4.0,3.88,3.75,4.0,3.88,4.0,4.0,1.0,1.0,1.0,3.0,3.62,3.12,1.62,1.75,3.12,2.0,3.25,3.12,1.62,2.88,1.62,3.25,1.62,1.62,4.0,1.0,2.62,4.12,4.25,4.12,2.75,3.12,1.62,3.12,1.0,3.88,2.93,4.7,3.44,4.3,4.44,1.38,3.52,3.59,3.37,4.33,1.31,4.52,2.11,3.19,4.48,2.96,1.7,3.33,1.81,3.81,3.22,4.22,2.56,3.48,2.11,4.15,3.11,4.04,2.0,3.0,3.56,1.35,1.22,4.22,3.44,2.44,2.56,3.52,3.48,3.81,3.85,3.93,2.7,4.81,3.74,4.04,3.89,2.56,1.69,4.22,4.93,2.26,1.59,4.0,1.5,1.19,1.07,1.0,1.33,1.11,2.96,1.77,1.0,4.96,4.3,3.89,3.22,3.89,2.89,2.26,3.31,1.0,4.81,2.11,2.85,1.73,1.35,1.15,3.92,2.48,1.48,1.0,1.33,1.44,2.04,3.7,2.52,1.63,2.62,5.0,4.0,2.31,1.69,2.74,4.73,4.0,True,True,True,True,True,True,True,True
21-1023,Mental Health and Substance Abuse Social Workers,Mental Health and Substance Abuse Social Workers,Mental Health and Substance Abuse Social Workers,0.0,0.2708333333333333,0.5416666666666666,0.1666666666666666,0.3541666666666666,0.5416666666666666,1.119216,1,21-1023,False,0.0031,1,21-1023,False,base_00,5,base_00,False,1,1.0,2.62,3.75,1.0,4.0,1.12,1.0,1.12,1.88,1.12,2.62,1.62,3.25,3.88,1.0,1.88,1.88,2.25,4.0,3.75,1.12,2.5,2.75,1.12,3.25,1.0,2.12,4.5,4.25,3.75,2.75,1.0,4.12,1.0,1.88,1.88,3.12,1.0,1.0,4.0,3.88,2.75,1.12,1.62,1.88,2.62,2.0,2.12,2.0,1.25,4.12,4.12,3.25,4.12,3.88,3.88,4.0,1.0,1.0,1.0,3.25,3.5,3.75,1.88,1.88,3.0,2.0,4.0,3.38,1.38,2.5,2.0,3.75,1.88,1.88,4.0,1.0,2.62,3.88,4.25,4.12,3.25,2.88,1.75,3.25,1.0,3.75,3.54,4.57,3.72,4.1,4.57,1.7,2.63,3.1,4.17,4.57,1.48,4.45,2.62,4.15,4.34,3.39,1.72,4.18,1.63,3.95,3.82,4.48,2.45,3.5,2.02,4.32,3.02,3.07,1.87,4.04,4.19,1.42,1.32,4.21,3.89,2.85,1.91,3.9,3.78,3.99,3.87,3.52,2.86,4.79,3.69,3.93,4.05,2.99,1.77,4.25,4.89,2.0,1.23,2.02,1.56,1.0,1.0,1.0,1.15,1.0,2.77,1.42,1.0,4.97,4.34,3.59,2.93,3.52,3.67,3.33,2.81,1.0,4.62,2.04,2.3,2.04,1.45,1.0,3.26,2.68,1.13,1.0,1.01,1.18,2.44,4.09,2.18,1.54,2.2,4.8,4.39,1.1,1.0,2.91,4.49,3.23,True,True,True,True,True,True,True,True
21-1091,Health Education Specialists,Health Education Specialists,Health Education Specialists,0.2580645161290322,0.532258064516129,0.8064516129032258,0.2580645161290322,0.5,0.7419354838709677,0.691658,1,21-1091,False,0.045,1,21-1091,False,base_00,4,base_00,False,1,2.0,2.0,3.0,2.0,3.62,1.75,1.0,1.38,1.25,1.5,2.88,2.25,2.5,3.38,1.0,1.25,1.25,1.88,3.88,3.12,2.0,2.12,2.12,2.0,3.62,1.0,2.25,4.0,4.25,3.25,2.12,1.0,3.75,1.25,1.25,1.12,3.0,1.0,1.12,4.0,3.75,2.12,1.0,1.62,2.0,2.62,1.88,2.12,2.12,1.38,4.0,4.0,3.88,4.12,3.12,3.62,3.75,1.0,1.0,1.0,3.38,3.25,4.0,2.25,2.12,3.0,2.12,3.25,3.0,1.5,3.0,1.88,3.12,1.38,1.38,3.75,1.0,2.5,3.25,3.88,4.12,3.12,3.0,1.75,3.38,1.0,4.12,4.08,4.01,3.24,4.49,4.8,2.51,3.21,4.23,4.08,4.05,1.65,4.72,3.15,3.63,4.53,2.99,2.73,4.26,2.41,4.52,4.19,4.35,3.6,3.51,2.24,4.36,3.4,4.43,2.63,4.14,3.53,2.04,1.61,3.77,4.42,3.43,2.12,4.13,4.44,4.68,4.19,3.51,2.46,4.73,3.79,3.91,3.06,1.88,1.57,4.15,5.0,1.96,1.72,3.0,1.34,1.16,1.01,1.0,1.66,1.0,2.31,1.23,1.01,4.88,4.42,3.82,3.55,4.07,3.79,3.55,2.89,1.06,3.93,2.19,2.66,1.66,1.75,1.11,3.56,3.6,1.52,1.0,1.05,1.07,2.97,3.56,2.34,1.71,1.94,4.77,3.81,2.25,1.07,3.27,4.26,3.46,True,True,True,True,True,True,True,True
21-1092,Probation Officers and Correctional Treatment Specialists,Probation Officers and Correctional Treatment Specialists,Probation Officers and Correctional Treatment Specialists,0.1578947368421052,0.3947368421052631,0.631578947368421,0.2894736842105263,0.4473684210526315,0.6052631578947368,0.5272448,1,21-1092,False,0.25,1,21-1092,False,base_00,4,base_00,False,1,2.0,2.12,3.0,2.0,4.0,2.12,1.0,1.38,2.12,1.5,2.5,2.0,2.88,2.88,1.62,2.12,2.0,2.12,3.88,3.0,2.0,2.0,2.12,2.12,3.25,1.5,2.0,3.88,4.12,2.75,2.12,1.5,4.0,1.62,2.12,2.12,3.0,1.5,1.5,3.75,3.75,2.25,2.0,2.0,2.12,2.62,2.25,1.62,2.0,1.38,4.0,3.75,3.38,4.0,3.75,3.12,3.88,1.0,1.0,1.0,3.0,3.62,2.25,1.62,1.62,2.25,1.88,3.75,3.12,2.12,1.75,2.25,3.12,1.62,2.0,3.88,1.0,1.75,3.0,4.0,4.0,2.88,2.75,1.5,3.38,1.62,3.75,3.36,3.65,3.48,3.94,4.44,1.89,3.15,3.2,3.47,4.45,1.67,4.07,2.57,4.37,4.75,2.95,1.99,4.25,3.12,3.58,3.9,4.3,2.67,3.84,2.81,4.33,3.38,3.63,2.63,3.79,3.39,1.98,1.66,3.8,3.91,2.91,2.51,3.25,3.3,3.95,4.19,4.47,3.56,4.96,3.47,4.65,4.31,3.91,2.66,3.98,4.75,3.06,2.32,3.4,2.42,1.92,1.63,1.12,2.01,1.06,3.16,2.88,1.0,4.71,4.16,4.0,3.87,4.21,4.37,4.0,3.9,1.21,4.4,3.03,2.64,3.49,1.93,1.36,3.63,2.55,1.79,1.09,1.52,1.5,2.55,3.75,2.47,2.91,2.53,4.83,4.4,2.09,1.44,2.82,4.27,3.91,True,True,True,True,True,True,True,True
21-1093,Social and Human Service Assistants,Social and Human Service Assistants,Social and Human Service Assistants,0.2142857142857142,0.3928571428571428,0.5714285714285714,0.2857142857142857,0.375,0.4642857142857142,0.4652255,1,21-1093,False,0.13,1,21-1093,False,base_00,4,base_00,False,1,1.5,2.25,3.0,1.62,3.88,2.0,1.0,1.88,1.75,1.88,2.75,1.75,3.0,3.25,1.38,1.75,1.75,2.0,3.25,3.0,1.5,2.0,2.75,2.0,3.25,1.25,2.0,3.88,4.0,3.0,2.75,1.38,3.88,1.25,1.5,1.5,3.0,1.0,1.62,3.88,3.62,2.75,1.0,1.88,1.88,2.75,2.0,2.0,2.12,1.25,3.88,3.88,3.25,4.0,3.25,3.75,3.62,1.0,1.0,1.0,2.88,3.25,2.88,2.0,2.0,2.25,2.0,3.62,3.0,2.0,2.0,2.0,3.38,1.62,1.88,3.75,1.0,1.75,3.88,4.0,4.0,2.75,2.88,1.75,3.0,1.12,3.62,2.86,4.02,3.56,3.85,4.74,1.63,3.37,3.55,3.56,4.51,1.3,4.04,2.96,3.42,4.29,2.39,1.99,3.66,2.45,3.32,3.48,3.72,2.39,3.43,1.94,3.61,3.65,4.07,2.55,3.26,3.47,1.45,1.28,3.63,3.34,2.16,2.27,3.69,3.6,3.72,3.99,3.79,2.71,4.88,4.31,4.5,3.57,2.21,2.23,4.07,4.79,2.66,1.5,3.13,1.93,1.03,1.01,1.27,1.53,1.4,3.42,2.38,1.0,4.97,3.94,3.74,3.84,3.72,4.08,3.41,2.93,1.0,4.22,1.88,2.54,2.29,1.84,1.46,3.44,3.24,1.86,1.0,1.67,1.61,2.94,3.4,2.33,2.09,2.41,4.76,4.12,1.83,1.02,3.14,4.61,4.38,True,True,True,True,True,True,True,True
21-1094,Community Health Workers,Community Health Workers,Community Health Workers,0.0833333333333333,0.3194444444444444,0.5555555555555556,0.2777777777777778,0.3472222222222222,0.4166666666666666,0.0371229,1,21-1094,False,,,,,base_00,4,base_00,False,1,2.62,2.25,3.25,2.5,3.62,2.25,1.0,1.88,1.0,1.88,2.75,3.0,2.62,2.88,1.62,1.88,1.62,2.38,3.5,3.25,2.38,2.38,2.5,2.38,3.62,1.75,2.12,4.25,4.12,3.0,2.38,1.75,3.75,2.12,2.12,2.12,2.88,1.62,1.75,3.75,3.75,2.62,1.88,2.12,2.12,3.0,2.12,2.38,2.5,1.88,3.88,3.75,3.62,4.12,3.5,3.62,3.75,1.0,1.0,1.0,3.5,3.38,3.38,1.88,1.88,3.25,2.25,3.38,3.0,1.88,1.38,2.12,3.5,1.5,1.88,3.88,1.0,1.25,3.88,4.12,4.12,3.38,3.12,1.5,3.38,1.62,4.0,3.66,4.36,3.3,4.87,4.68,2.67,3.68,3.92,4.35,4.5,1.81,4.75,3.41,3.83,4.14,3.32,3.69,4.1,3.44,4.39,3.66,3.66,3.44,3.99,2.66,4.75,3.65,4.62,3.1,3.79,3.14,1.98,2.0,3.42,4.27,3.81,2.19,4.02,4.07,4.51,4.4,3.03,2.44,4.58,3.67,3.88,3.07,2.1,2.21,4.09,4.77,2.14,1.96,3.13,1.55,1.62,1.01,1.0,1.18,1.08,2.46,1.79,1.0,4.76,3.97,3.86,3.41,3.84,3.93,3.03,2.3,1.04,3.85,1.73,2.48,2.03,2.01,1.19,4.03,3.42,1.93,1.0,1.35,1.57,2.39,2.94,3.2,2.93,2.63,4.37,3.42,2.22,1.19,3.24,4.2,3.56,True,True,False,True,True,True,True,True
21-2011,Clergy,Clergy,Clergy,0.1904761904761904,0.3333333333333333,0.4761904761904761,0.1904761904761904,0.238095238095238,0.2857142857142857,1.282559,1,21-2011,False,0.0081,1,21-2011,False,base_00,5,base_00,False,1,1.0,2.12,3.25,1.0,4.0,1.0,1.0,1.0,1.0,1.0,3.0,1.38,3.0,3.88,1.0,1.0,1.0,1.88,4.0,3.75,1.25,1.75,3.12,1.25,3.38,1.0,2.38,4.12,4.75,3.88,2.5,1.0,4.0,1.0,1.0,1.0,3.38,1.0,1.12,4.88,4.0,2.75,1.0,1.0,1.0,2.88,1.88,2.0,2.0,1.75,4.0,4.0,3.75,4.25,3.75,3.75,3.75,1.0,1.0,1.0,4.0,3.88,3.62,2.75,2.75,3.38,1.88,3.5,3.75,1.38,1.75,1.75,3.88,1.5,1.0,3.88,1.0,1.38,4.0,4.12,4.75,2.88,3.0,1.5,3.88,1.0,3.88,2.62,4.33,3.56,3.05,3.95,1.69,3.55,4.05,3.6,2.82,1.31,4.34,2.45,2.88,4.21,3.74,1.66,3.51,2.37,3.07,3.47,3.76,2.76,2.68,1.86,3.52,2.68,3.58,1.73,2.44,3.19,1.48,1.47,3.81,3.3,2.94,2.49,3.69,3.52,3.26,3.33,3.41,2.74,4.59,4.21,3.76,2.87,1.51,1.71,4.44,4.83,1.21,1.07,1.41,1.21,1.0,1.16,1.22,1.05,1.0,2.07,1.33,1.12,4.73,4.51,3.87,3.2,4.11,3.53,2.87,2.27,1.08,4.39,1.95,2.24,1.99,1.71,1.0,3.0,3.78,1.36,1.15,1.25,1.43,2.02,4.06,2.31,1.34,1.83,4.68,3.87,1.23,1.0,3.77,4.23,3.74,True,True,True,True,True,True,True,True
21-2021,"Directors, Religious Activities and Education","Directors, Religious Activities and Education","Directors, Religious Activities and Education",0.1515151515151515,0.4393939393939394,0.7272727272727273,0.303030303030303,0.4545454545454546,0.6060606060606061,1.210922,1,21-2021,False,0.025,1,21-2021,False,base_00,4,base_00,False,1,1.0,2.0,3.12,1.0,3.75,2.0,1.12,1.25,1.25,1.12,2.88,1.38,2.88,3.38,1.0,1.25,1.12,2.0,3.38,3.25,1.0,2.62,2.88,1.38,3.12,1.0,2.75,3.88,4.0,3.38,2.25,1.0,3.62,1.0,1.0,1.0,3.0,1.0,1.12,3.88,3.88,2.62,1.0,1.25,1.25,2.5,2.12,2.0,2.5,1.5,4.0,4.0,3.88,4.0,3.5,3.75,3.88,1.0,1.0,1.0,3.88,3.62,3.75,2.75,2.75,3.0,2.12,3.12,3.0,1.12,2.88,2.0,3.12,1.75,2.0,3.88,1.0,1.38,3.88,4.0,4.12,3.12,2.88,1.88,3.12,1.5,3.25,3.03,4.75,3.64,3.92,4.42,1.98,3.4,4.16,3.99,3.49,1.6,4.59,3.53,3.51,4.22,3.39,1.9,4.34,2.85,3.39,3.59,4.24,3.49,3.33,2.19,4.33,3.55,3.92,3.08,2.96,3.31,1.38,1.6,3.9,3.89,2.99,2.69,4.21,3.79,4.22,3.94,2.51,1.44,4.09,3.87,3.26,2.1,1.01,1.44,4.98,4.45,1.04,1.01,1.4,1.01,1.0,1.01,1.11,1.12,1.0,1.4,1.26,1.01,4.21,4.72,3.4,2.67,3.14,2.32,1.57,1.81,1.01,4.84,1.72,1.3,1.42,1.28,1.0,3.4,3.32,1.18,1.01,1.06,1.17,1.59,3.67,2.47,1.48,1.76,4.26,2.61,1.01,1.01,2.85,4.02,2.74,True,True,True,True,True,True,True,True
23-1011,Lawyers,Lawyers,Lawyers,0.0,0.425,0.8500000000000001,0.15,0.475,0.8,1.328783,1,23-1011,False,0.035,1,23-1011,False,base_00,5,base_00,False,1,1.12,2.12,3.75,1.12,4.12,1.5,1.0,1.0,1.0,1.0,2.75,1.75,3.0,3.75,1.0,1.0,1.0,1.75,4.0,3.88,1.12,2.62,2.88,1.0,3.75,1.0,2.38,4.62,4.88,3.75,2.62,1.0,4.0,1.0,1.0,1.0,3.25,1.0,1.12,4.38,3.75,2.88,1.0,1.0,1.0,2.88,1.75,1.75,2.5,1.62,4.62,4.5,3.75,4.5,4.12,3.5,4.5,1.0,1.0,1.0,3.12,4.12,3.12,2.0,2.0,2.88,2.0,3.38,4.0,1.0,2.38,1.38,4.0,1.5,1.0,4.5,1.0,1.5,3.12,3.75,4.62,3.38,3.0,1.5,3.62,1.0,4.25,3.72,3.1,3.09,4.24,4.59,1.56,3.63,3.2,3.86,3.97,1.23,4.35,2.74,4.51,4.62,3.22,1.67,3.92,1.58,4.43,3.45,4.57,2.89,2.73,1.87,4.09,3.11,3.22,1.69,4.08,4.13,1.44,1.12,4.49,3.26,3.42,2.95,3.87,2.94,4.13,4.0,3.44,3.81,4.75,3.77,3.86,3.35,1.71,1.44,4.76,4.96,1.26,1.3,1.07,1.01,1.0,1.0,1.0,1.0,1.0,2.19,1.0,1.0,4.44,4.67,4.21,2.38,4.48,4.4,2.91,1.81,1.0,3.86,1.22,3.61,1.22,1.1,1.0,2.61,2.73,1.02,1.06,1.02,1.1,1.92,4.55,1.95,1.18,1.38,4.89,4.18,1.0,1.0,3.9,3.58,4.4,True,True,True,True,True,True,True,True
23-1012,Judicial Law Clerks,Judicial Law Clerks,Judicial Law Clerks,0.1379310344827586,0.5172413793103449,0.896551724137931,0.0,0.4482758620689655,0.896551724137931,1.462973,1,23-1012,False,,,,,base_00,5,base_00,False,1,1.25,2.0,3.5,1.25,3.75,1.0,1.0,1.25,1.0,1.0,2.88,1.88,2.75,3.0,1.0,1.0,1.0,1.75,3.88,3.75,1.38,2.5,2.62,1.0,3.88,1.0,2.5,4.25,4.12,2.75,2.5,1.0,3.75,1.0,1.0,1.0,3.0,1.0,1.0,3.88,3.88,2.25,1.0,1.0,1.0,2.38,1.5,2.5,1.88,1.62,4.5,4.25,3.75,4.25,3.5,3.0,4.25,1.0,1.0,1.0,2.62,3.25,3.0,1.0,1.25,1.75,1.88,3.0,2.75,1.0,1.25,1.25,2.75,1.5,1.75,4.5,1.0,1.0,2.62,3.0,4.0,2.38,2.38,1.62,3.25,1.0,4.12,4.56,2.62,1.43,2.03,4.11,1.74,1.38,1.39,2.06,2.71,1.02,3.27,1.37,3.73,4.85,1.15,1.33,3.97,1.13,3.82,2.16,3.91,1.09,2.23,1.08,3.6,2.25,1.98,1.02,4.01,2.44,1.21,1.02,2.08,1.48,1.75,1.3,3.23,1.56,3.5,3.94,2.41,2.72,4.09,3.0,3.38,2.93,1.59,1.84,3.89,4.87,1.11,1.02,1.03,1.18,1.05,1.0,1.0,1.05,1.0,2.13,1.02,1.0,4.63,3.67,3.96,1.26,4.56,4.85,3.5,1.0,1.0,4.91,1.0,3.3,1.0,1.0,1.0,2.49,1.81,1.29,1.0,1.01,1.0,2.79,4.54,2.09,2.55,1.76,4.4,4.07,1.0,1.0,2.55,3.83,4.26,True,True,False,True,True,True,True,True
23-1021,"Administrative Law Judges, Adjudicators, and Hearing Officers","Administrative Law Judges, Adjudicators, and Hearing Officers","Administrative Law Judges, Adjudicators, and Hearing Officers",0.1538461538461538,0.5,0.8461538461538463,0.0769230769230769,0.3461538461538461,0.6153846153846154,1.374714,1,23-1021,False,,,,,base_00,5,base_00,False,1,1.75,2.0,3.12,1.62,4.12,1.0,1.0,1.12,1.0,1.0,2.75,1.88,2.88,2.88,1.0,1.0,1.0,2.0,4.25,3.75,1.75,2.25,2.62,1.0,3.75,1.0,2.12,4.25,4.0,2.88,2.62,1.0,4.0,1.0,1.0,1.0,3.12,1.0,1.0,3.88,3.75,2.75,1.0,1.0,1.0,2.75,1.38,1.88,1.75,1.25,4.25,4.12,3.75,4.25,3.88,3.0,4.25,1.0,1.0,1.0,2.75,4.12,3.0,1.75,1.62,2.62,2.12,3.62,3.25,1.0,1.88,1.5,3.0,1.5,1.12,4.25,1.0,1.62,3.0,3.88,4.0,2.75,2.75,1.75,3.25,1.0,4.12,3.82,2.33,2.12,3.76,3.8,1.6,2.11,1.75,2.02,3.72,1.31,3.37,2.05,4.43,4.57,1.96,1.45,4.11,1.3,3.92,3.75,4.6,1.73,2.22,1.64,3.78,3.72,3.78,1.45,4.2,2.41,1.42,1.29,3.94,3.08,2.36,1.42,3.08,2.23,4.28,3.44,3.75,2.47,4.36,3.45,4.78,3.81,2.0,2.15,4.35,4.92,1.36,1.11,1.34,1.35,1.01,1.0,1.0,1.02,1.0,2.5,1.02,1.0,4.2,4.53,4.85,1.63,4.47,4.52,4.17,1.35,1.0,4.97,1.05,2.93,1.01,1.01,1.02,2.67,2.64,1.34,1.0,1.09,1.08,3.67,4.94,1.61,2.99,1.42,4.46,4.42,1.0,1.0,2.45,3.54,4.51,True,True,False,True,True,True,True,True
23-1022,"Arbitrators, Mediators, and Conciliators","Arbitrators, Mediators, and Conciliators","Arbitrators, Mediators, and Conciliators",0.0967741935483871,0.5,0.9032258064516128,0.0967741935483871,0.3709677419354839,0.6451612903225806,1.431593,1,23-1022,False,0.06,1,23-1022,False,base_00,5,base_00,False,1,1.0,1.88,3.0,1.0,4.0,1.12,1.0,1.0,1.0,1.0,2.88,1.25,2.88,3.12,1.0,1.0,1.0,2.0,4.0,3.12,1.0,2.12,2.0,1.0,3.38,1.0,2.0,4.12,4.12,3.0,2.0,1.0,3.75,1.0,1.0,1.0,3.25,1.0,1.0,4.0,3.75,2.75,1.0,1.0,1.0,2.5,1.88,2.0,2.0,1.5,4.25,4.25,3.88,4.38,3.75,3.12,4.0,1.0,1.0,1.0,2.88,3.62,2.88,1.38,1.25,2.0,2.12,2.88,4.62,1.12,1.5,1.38,3.75,1.62,1.0,4.12,1.0,1.25,3.0,3.75,4.12,2.62,2.5,1.25,2.88,1.0,4.25,4.39,1.89,2.32,2.8,2.75,1.4,1.9,2.1,2.5,3.32,1.42,3.6,2.65,4.35,4.65,1.7,1.45,3.9,2.15,4.1,4.16,4.61,1.79,2.8,1.45,3.32,2.84,2.42,1.33,4.05,2.5,1.37,1.42,4.63,3.26,2.72,1.4,3.63,2.65,4.22,3.35,3.85,2.4,3.65,2.25,2.26,2.8,1.75,2.1,4.65,4.55,1.3,1.35,1.35,1.26,1.2,1.2,1.15,1.1,1.16,1.75,1.11,1.15,3.67,4.75,3.7,2.05,4.3,4.65,2.2,1.16,1.1,3.05,1.58,3.25,1.2,1.16,1.0,3.05,2.05,1.15,1.1,1.1,1.1,1.65,4.75,1.6,1.7,1.2,3.47,3.8,1.25,1.15,2.6,2.15,3.74,True,True,True,True,True,True,True,True
23-1023,"Judges, Magistrate Judges, and Magistrates","Judges, Magistrate Judges, and Magistrates","Judges, Magistrate Judges, and Magistrates",0.0,0.4166666666666666,0.8333333333333333,0.0555555555555555,0.25,0.4444444444444444,1.496494,1,23-1023,False,,,,,base_00,5,base_00,False,1,1.0,1.88,3.25,1.0,4.62,1.0,1.0,1.12,1.0,1.0,2.38,1.5,2.88,3.0,1.0,1.38,1.0,1.88,4.25,3.88,1.0,2.12,2.75,1.0,4.0,1.0,2.0,4.62,4.25,3.0,2.75,1.0,4.0,1.0,1.12,1.12,3.0,1.0,1.0,4.12,4.0,2.88,1.0,1.0,1.12,2.62,1.12,2.0,2.0,1.0,4.38,4.12,4.0,5.0,4.12,3.0,4.88,1.0,1.0,1.0,3.0,4.25,2.75,1.62,1.62,2.88,2.12,3.88,3.25,1.0,2.38,1.25,3.0,1.25,1.0,4.25,1.0,1.75,3.0,4.0,4.12,3.0,2.88,1.75,3.38,1.0,4.12,3.53,2.3,2.25,3.43,3.57,1.95,3.12,2.55,2.7,3.98,1.27,3.49,2.67,4.51,4.79,2.76,1.47,4.1,1.68,3.83,4.15,4.91,1.61,2.67,1.17,3.86,3.53,4.64,1.29,4.42,2.15,1.38,1.08,3.52,3.84,1.84,1.82,3.06,2.5,4.19,3.55,4.68,3.65,4.68,4.41,4.68,4.31,3.37,2.13,4.91,4.85,1.28,1.0,1.64,1.22,1.05,1.0,1.11,1.0,1.0,2.38,1.7,1.0,4.89,4.99,4.61,2.66,4.89,4.75,3.31,1.87,1.0,5.0,1.31,3.1,1.31,1.21,1.0,3.43,4.24,1.15,1.0,1.0,1.0,2.68,4.79,1.59,1.95,1.36,4.24,4.73,1.0,1.0,3.6,4.75,4.21,True,True,False,True,True,True,True,True
23-2011,Paralegals and Legal Assistants,Paralegals and Legal Assistants,Paralegals and Legal Assistants,0.2,0.525,0.8500000000000001,0.05,0.45,0.8500000000000001,1.292055,1,23-2011,False,0.94,1,23-2011,False,base_00,3,base_00,False,1,1.5,2.0,3.0,1.38,3.25,1.0,1.0,1.12,1.0,1.0,2.75,2.0,2.88,2.75,1.0,1.0,1.0,1.88,3.25,3.12,1.88,2.0,2.62,1.0,3.75,1.0,2.0,3.88,3.88,2.62,2.88,1.0,3.5,1.0,1.0,1.0,2.88,1.0,1.0,3.75,3.75,2.0,1.0,1.0,1.0,2.12,1.88,2.0,2.0,1.88,4.0,3.88,3.0,3.88,3.0,2.88,3.25,1.0,1.0,1.0,2.25,3.0,2.25,1.0,1.0,2.0,2.0,3.0,2.75,1.0,1.5,1.75,2.75,1.75,1.0,3.88,1.0,1.38,3.0,3.0,3.62,2.12,2.0,1.62,3.0,1.0,4.0,3.82,2.54,2.11,4.34,4.33,1.73,2.8,2.86,2.4,4.41,1.01,3.47,2.21,3.44,4.31,1.95,1.97,3.53,1.97,3.24,2.26,3.25,1.78,3.14,1.41,3.98,3.83,3.07,1.24,3.58,2.3,1.33,1.19,2.81,3.16,1.87,1.22,2.72,2.05,4.09,4.38,2.14,2.92,4.53,3.28,3.22,1.97,1.19,1.5,4.24,5.0,1.02,1.03,1.13,1.26,1.02,1.02,1.0,1.16,1.0,1.6,1.0,1.0,4.69,4.12,3.92,1.87,3.89,4.79,3.86,1.35,1.0,4.88,1.13,2.67,1.29,1.02,1.11,2.75,1.77,1.15,1.03,1.15,1.27,3.66,4.77,1.7,2.86,1.38,4.54,4.36,1.02,1.0,2.66,4.25,4.52,True,True,True,True,True,True,True,True
23-2093,"Title Examiners, Abstractors, and Searchers","Title Examiners, Abstractors, and Searchers","Title Examiners, Abstractors, and Searchers",0.2142857142857142,0.5714285714285714,0.9285714285714284,0.25,0.5535714285714285,0.8571428571428571,1.279954,1,23-2093,False,0.99,1,23-2093,False,base_00,2,base_00,False,1,1.5,2.0,2.88,1.62,3.5,1.38,1.0,1.5,1.0,1.0,2.25,2.0,3.0,2.25,1.0,1.0,1.0,1.75,3.25,3.0,1.62,2.12,2.0,1.0,3.5,1.0,2.0,4.0,4.0,2.12,2.5,1.0,3.25,1.0,1.0,1.0,2.75,1.0,1.0,3.38,3.5,2.12,1.0,1.0,1.0,2.0,1.75,1.88,2.12,1.5,4.0,3.75,3.0,3.75,3.12,3.0,3.62,1.0,1.0,1.0,2.12,2.75,2.38,1.62,1.62,2.38,2.25,3.0,2.12,1.0,1.62,1.62,2.5,1.25,1.25,4.12,1.0,1.25,2.88,2.88,3.62,2.25,2.12,1.0,3.12,1.0,3.38,4.26,1.77,2.32,3.33,4.12,2.22,2.56,2.6,2.72,4.62,1.57,3.52,2.69,4.09,4.7,1.94,2.13,4.28,2.05,3.85,2.44,4.11,1.74,3.85,1.45,3.85,2.92,2.34,2.0,4.4,2.27,1.31,1.32,2.76,2.81,1.73,1.38,2.43,2.68,3.85,4.54,2.59,3.46,3.65,3.89,4.18,2.6,1.21,3.03,4.69,4.96,1.32,1.31,1.04,1.3,1.05,1.05,1.04,1.45,1.0,2.78,1.46,1.0,4.73,4.64,4.39,2.26,4.33,5.0,4.36,1.36,1.0,4.82,1.0,3.39,1.45,1.0,1.14,2.99,1.43,1.59,1.04,1.27,1.51,3.53,4.45,1.91,2.83,1.83,4.32,4.41,1.0,1.0,3.41,4.29,3.26,True,True,True,True,True,True,True,True
25-1011,"Business Teachers, Postsecondary","Business Teachers, Postsecondary","Business Teachers, Postsecondary",0.1818181818181818,0.4886363636363636,0.7954545454545455,0.1818181818181818,0.4204545454545454,0.6590909090909091,1.349314,1,25-1011,False,,,,,base_00,5,base_00,False,1,1.0,2.0,3.25,1.0,3.88,1.0,1.0,1.0,1.0,1.0,2.75,1.75,2.62,3.0,1.0,1.0,1.0,1.75,3.88,3.25,1.0,3.12,2.88,1.0,3.38,1.0,3.12,4.0,4.62,3.0,2.12,1.0,3.38,1.0,1.0,1.0,3.0,1.0,1.0,4.12,3.5,2.62,1.0,1.0,1.0,2.12,1.88,1.75,2.12,1.62,4.12,4.12,3.88,4.0,3.5,3.0,3.88,1.0,1.0,1.0,4.12,3.38,4.0,1.62,1.62,2.62,3.0,3.62,2.75,1.12,2.25,1.5,2.88,1.88,1.5,4.0,1.0,1.88,2.75,3.25,4.25,3.12,3.12,1.62,3.25,1.0,4.0,3.68,2.56,3.73,3.53,3.92,1.74,2.7,2.79,3.38,2.9,1.22,3.72,2.48,3.1,4.42,2.93,1.76,3.5,1.94,4.07,3.16,3.6,1.91,2.74,1.44,3.97,2.73,3.55,1.92,3.49,3.53,1.23,1.09,2.53,3.41,2.23,1.96,3.95,4.68,4.14,4.13,2.63,1.82,4.11,3.75,2.78,2.67,1.41,2.22,4.7,5.0,1.38,1.01,1.11,1.2,1.0,1.0,1.0,1.01,1.0,2.61,1.19,1.0,4.14,4.74,3.65,2.32,3.49,3.25,2.63,1.4,1.0,4.55,1.54,2.98,1.22,1.24,1.03,2.92,4.25,1.21,1.0,1.02,1.1,1.41,3.77,2.64,1.68,1.67,3.72,3.68,1.02,1.0,2.62,3.52,3.02,True,True,False,True,True,True,True,True
25-1021,"Computer Science Teachers, Postsecondary","Computer Science Teachers, Postsecondary","Computer Science Teachers, Postsecondary",0.1666666666666666,0.5119047619047619,0.8571428571428571,0.1428571428571428,0.369047619047619,0.5952380952380952,1.277778,1,25-1021,False,,,,,base_00,5,base_00,False,1,1.38,1.62,3.12,1.25,3.88,1.88,1.0,1.0,1.0,1.0,2.88,2.25,2.88,3.12,1.0,1.0,1.0,2.0,3.88,3.75,1.38,3.0,2.88,1.0,3.75,1.0,3.0,4.12,4.12,3.12,2.75,1.0,3.5,1.0,1.0,1.0,3.12,1.0,1.0,3.88,3.5,2.25,1.0,1.0,1.0,2.12,2.0,2.0,2.38,1.12,4.0,4.0,3.88,3.88,3.75,3.0,3.88,1.38,1.5,1.0,4.12,3.88,3.88,2.0,2.0,2.75,3.12,3.75,3.0,1.62,2.25,2.12,3.0,3.0,2.0,4.0,1.0,2.75,3.12,3.62,4.0,3.38,3.25,2.0,3.12,1.38,4.0,4.25,2.84,3.81,3.52,4.06,1.93,3.34,3.48,3.76,3.69,2.3,3.51,2.98,3.28,4.33,3.64,1.67,3.55,2.3,3.93,3.18,4.38,2.46,3.21,1.32,3.94,2.81,2.63,1.61,4.19,3.71,1.98,1.54,2.75,3.28,2.39,2.37,4.35,4.75,4.65,4.65,2.41,1.64,4.46,3.98,3.41,2.5,1.1,1.57,4.63,4.99,1.17,1.13,1.48,1.31,1.0,1.0,1.1,1.01,1.0,2.19,1.05,1.0,4.63,4.7,3.62,2.3,3.65,3.89,2.36,1.44,1.0,4.43,1.16,3.45,1.13,1.2,1.0,2.94,3.86,1.27,1.1,1.13,1.15,2.42,4.29,2.17,1.9,1.65,4.08,4.02,1.01,1.01,3.06,4.34,3.15,True,True,False,True,True,True,True,True
25-1022,"Mathematical Science Teachers, Postsecondary","Mathematical Science Teachers, Postsecondary","Mathematical Science Teachers, Postsecondary",0.2972972972972973,0.5405405405405406,0.7837837837837838,0.1891891891891892,0.4324324324324324,0.6756756756756757,1.338676,1,25-1022,False,,,,,base_00,5,base_00,False,1,1.0,1.88,3.0,1.0,4.0,1.38,1.0,1.0,1.0,1.0,2.38,1.62,2.62,3.12,1.0,1.0,1.0,1.5,3.88,3.38,1.0,4.25,3.0,1.0,3.75,1.0,4.12,4.0,4.12,3.12,2.12,1.0,3.12,1.0,1.0,1.0,2.88,1.0,1.0,3.88,3.5,2.25,1.0,1.0,1.0,2.62,1.88,1.75,2.12,1.5,4.0,3.88,3.75,4.0,3.62,3.0,3.88,1.0,1.0,1.0,4.0,3.25,3.88,1.62,1.62,2.0,4.25,3.88,2.5,1.0,2.12,1.25,2.62,1.75,1.5,4.0,1.0,2.38,3.0,3.0,4.12,2.88,3.12,1.62,3.12,1.0,3.88,3.56,2.9,3.58,2.81,3.96,1.88,3.01,2.6,3.27,3.41,1.2,3.45,2.57,2.4,4.19,3.28,1.72,3.32,2.07,3.84,3.03,3.81,1.75,2.52,1.45,3.35,3.01,3.21,1.54,3.3,3.11,1.37,1.09,2.6,2.94,2.16,2.24,3.76,4.47,3.68,4.02,2.39,1.44,4.31,3.05,3.24,2.64,1.16,1.62,3.94,4.91,1.64,1.14,1.59,1.28,1.0,1.0,1.0,1.07,1.02,2.21,1.36,1.0,4.59,4.34,3.47,1.72,3.07,3.95,2.51,1.19,1.0,4.7,1.21,3.31,1.02,1.03,1.02,3.31,4.54,1.25,1.0,1.15,1.19,2.21,3.25,3.12,2.24,2.01,2.91,3.6,1.0,1.0,2.23,3.71,3.16,True,True,False,True,True,True,True,True
25-1031,"Architecture Teachers, Postsecondary","Architecture Teachers, Postsecondary","Architecture Teachers, Postsecondary",0.1951219512195122,0.4878048780487805,0.7804878048780488,0.2195121951219512,0.426829268292683,0.6341463414634146,1.222022,1,25-1031,False,,,,,base_00,5,base_00,False,1,1.5,1.88,3.25,1.25,4.0,1.88,1.0,1.0,1.0,1.0,3.25,1.88,3.0,3.5,1.0,1.0,1.0,1.75,3.88,3.88,1.0,3.12,2.88,1.0,3.75,1.0,3.0,4.0,4.25,3.25,2.38,1.0,3.62,1.12,1.25,1.0,2.88,1.0,1.5,4.12,3.62,2.62,1.0,1.0,1.0,2.62,2.0,2.12,3.5,1.5,4.0,4.0,3.88,4.0,3.62,3.25,3.88,1.0,1.12,1.0,4.12,3.88,4.12,1.75,2.0,2.75,2.88,3.75,3.0,1.25,3.12,1.88,3.0,1.88,2.0,4.12,1.0,2.38,3.12,3.62,4.12,3.25,3.25,1.75,3.25,1.25,4.0,3.56,2.65,3.89,4.17,3.97,2.73,3.84,3.84,4.17,3.73,3.83,4.32,3.3,3.27,4.36,3.46,2.4,4.12,2.84,4.08,4.15,4.21,2.7,3.65,1.61,4.53,3.11,3.2,2.24,4.05,3.5,1.36,1.63,3.59,4.09,2.78,2.77,4.46,4.58,4.49,4.52,2.6,1.9,4.29,4.13,2.93,2.27,1.44,1.72,4.53,4.72,1.97,1.13,1.23,1.62,1.13,1.21,1.11,1.16,1.23,2.41,1.67,1.01,4.55,4.67,2.99,2.41,3.23,3.66,1.94,1.43,1.02,4.49,2.07,3.35,1.97,1.29,1.68,4.05,4.42,1.28,1.11,1.16,1.29,2.12,3.37,2.78,2.41,1.83,3.48,3.47,1.39,1.11,3.12,3.99,3.65,True,True,False,True,True,True,True,True
25-1032,"Engineering Teachers, Postsecondary","Engineering Teachers, Postsecondary","Engineering Teachers, Postsecondary",0.1428571428571428,0.5,0.8571428571428571,0.2142857142857142,0.4166666666666666,0.6190476190476191,1.351133,1,25-1032,False,,,,,base_00,5,base_00,False,1,1.5,2.0,3.75,1.12,3.88,1.88,1.0,1.0,1.0,1.0,2.88,1.62,3.0,3.25,1.0,1.0,1.0,2.12,3.88,3.75,1.0,3.75,2.88,1.0,3.75,1.0,3.38,4.0,4.38,3.25,2.62,1.0,3.38,1.12,1.12,1.0,3.0,1.0,1.0,4.25,3.75,2.5,1.0,1.0,1.0,2.62,1.62,2.5,3.12,1.38,4.12,3.88,3.62,4.0,3.25,3.12,3.88,1.0,1.12,1.0,4.12,3.75,4.12,1.75,1.75,2.75,3.88,3.38,2.88,1.5,2.75,1.88,2.88,2.0,2.0,4.0,1.0,3.5,2.75,3.0,4.12,3.12,3.12,1.88,3.12,1.38,3.88,4.48,2.48,4.04,3.53,3.99,2.56,3.76,3.27,3.87,3.41,1.94,3.58,3.67,3.04,4.13,3.46,1.9,3.57,2.9,3.84,3.37,4.36,3.14,3.56,1.74,3.96,2.97,1.99,1.87,4.37,3.74,1.91,1.96,2.79,3.91,2.49,2.62,4.63,4.64,4.62,4.13,3.03,2.53,4.25,3.6,2.47,2.17,1.11,1.32,4.64,5.0,1.62,1.24,1.36,1.03,2.04,1.49,1.31,1.25,1.03,2.08,1.21,1.0,4.8,4.58,3.19,2.86,3.36,3.53,2.22,1.46,1.03,4.55,2.32,4.21,1.32,1.24,1.41,2.31,4.16,1.22,1.12,1.0,1.13,2.13,3.96,2.2,2.18,1.87,3.84,3.55,2.03,1.0,3.46,3.67,3.68,True,True,False,True,True,True,True,True
25-1041,"Agricultural Sciences Teachers, Postsecondary","Agricultural Sciences Teachers, Postsecondary","Agricultural Sciences Teachers, Postsecondary",0.2222222222222222,0.5,0.7777777777777778,0.4444444444444445,0.5888888888888889,0.7333333333333334,0.7546685,1,25-1041,False,,,,,base_00,5,base_00,False,1,2.0,2.0,3.12,2.0,4.0,1.88,1.0,1.75,1.38,1.88,2.88,2.12,2.5,3.38,1.0,1.62,1.5,1.88,4.0,3.25,2.0,3.0,3.0,2.0,3.25,1.0,3.0,4.12,4.5,3.12,2.12,1.0,3.75,1.75,1.75,1.5,2.62,1.0,1.12,4.12,3.75,2.12,1.0,1.75,1.88,2.12,2.25,2.0,2.12,1.88,4.12,4.0,4.0,4.0,3.62,3.5,4.0,1.0,1.0,1.0,4.38,3.75,4.12,1.75,1.88,2.75,3.0,3.88,2.5,1.88,1.75,2.0,2.75,1.75,2.0,4.12,1.0,3.5,2.88,3.12,4.12,2.88,3.12,1.75,3.38,1.75,4.0,3.86,3.41,4.23,4.24,4.59,2.51,4.08,3.94,4.01,4.11,2.09,4.39,3.47,3.62,4.51,4.2,2.8,4.33,2.65,4.24,3.59,4.39,3.35,3.94,2.48,4.19,3.45,3.31,2.98,3.88,3.41,1.84,2.06,3.03,4.04,2.73,3.54,4.03,4.7,4.36,3.89,2.31,2.41,4.16,3.59,2.98,2.39,1.11,1.52,4.95,4.99,1.68,1.34,1.54,1.38,1.76,1.75,1.05,1.86,1.14,2.17,1.82,1.26,4.89,4.7,3.39,2.97,3.86,4.16,2.55,2.03,1.5,4.73,2.18,4.1,2.49,1.46,1.02,2.58,4.53,1.34,1.15,1.05,1.33,1.89,4.01,2.3,2.16,1.82,4.09,3.58,1.79,1.25,2.97,4.35,3.93,True,True,False,True,True,True,True,True
25-1042,"Biological Science Teachers, Postsecondary","Biological Science Teachers, Postsecondary","Biological Science Teachers, Postsecondary",0.1428571428571428,0.4693877551020408,0.7959183673469387,0.2040816326530612,0.3979591836734693,0.5918367346938775,1.227677,1,25-1042,False,,,,,base_00,5,base_00,False,1,1.75,2.0,3.25,1.75,4.0,1.75,1.0,1.0,1.0,1.0,3.0,1.75,2.5,3.38,1.0,1.0,1.0,1.75,4.0,3.5,1.75,3.12,2.75,1.0,3.62,1.0,2.5,4.12,4.62,3.12,2.25,1.0,3.25,1.0,1.0,1.0,2.88,1.0,1.0,4.12,3.75,2.25,1.0,1.0,1.0,2.25,1.88,2.0,2.0,1.12,4.12,4.12,4.0,4.0,3.62,3.0,3.88,1.38,1.25,1.0,4.12,3.75,4.12,1.75,1.88,2.5,3.12,3.88,2.88,1.12,2.38,1.75,2.88,1.5,1.88,4.0,1.62,4.0,3.12,3.25,4.25,3.12,3.12,1.38,3.62,1.5,4.0,4.4,2.57,4.0,3.22,4.41,2.19,3.4,3.28,4.17,4.19,1.53,3.54,3.81,3.53,4.3,3.6,2.05,4.38,3.33,4.44,4.19,4.36,2.58,3.97,1.71,4.28,3.06,2.89,2.02,4.56,3.56,1.4,1.36,2.63,3.86,2.35,2.14,4.4,4.7,4.63,4.59,2.88,2.37,4.41,4.2,3.54,2.57,1.1,1.35,4.7,4.96,2.3,1.25,2.21,1.44,2.41,1.29,1.07,1.86,1.23,2.13,1.48,1.14,4.87,4.95,4.07,3.72,3.78,4.22,2.28,1.8,1.07,4.93,1.65,3.78,1.86,1.46,1.01,2.86,4.76,1.44,1.07,1.21,1.25,1.95,3.04,2.97,2.25,1.88,3.79,4.05,2.34,1.46,3.46,4.24,3.98,True,True,False,True,True,True,True,True
25-1043,"Forestry and Conservation Science Teachers, Postsecondary","Forestry and Conservation Science Teachers, Postsecondary","Forestry and Conservation Science Teachers, Postsecondary",0.1956521739130434,0.4782608695652174,0.7608695652173912,0.217391304347826,0.4239130434782608,0.6304347826086957,1.260278,1,25-1043,False,,,,,base_00,5,base_00,False,1,1.62,2.12,3.12,2.0,3.75,2.0,1.0,1.38,1.38,1.38,2.88,1.75,2.75,3.12,1.62,1.38,1.38,2.0,3.75,3.12,1.0,3.25,2.75,2.0,3.5,1.5,2.88,4.12,4.75,3.0,2.38,1.5,3.62,1.5,1.62,1.62,2.88,1.5,1.5,3.88,3.75,2.0,1.0,1.38,1.62,2.12,1.62,2.0,2.0,1.25,4.25,4.12,4.0,4.0,3.88,3.12,3.88,1.0,1.0,1.0,4.25,3.25,4.12,2.0,2.0,2.88,3.0,3.88,3.0,2.0,2.38,2.12,3.0,1.88,2.0,4.12,1.0,3.25,3.0,3.25,4.0,3.0,3.12,1.88,3.25,1.62,4.12,4.44,2.25,3.94,3.93,4.36,1.92,3.74,3.39,3.72,4.18,1.51,4.08,4.17,2.93,4.8,4.03,2.49,4.6,2.91,4.79,4.04,4.51,2.49,4.16,2.58,4.01,3.12,3.01,3.0,4.27,3.54,1.52,1.51,2.91,3.29,1.89,2.1,4.58,4.48,4.85,4.39,2.82,2.54,4.49,4.34,4.02,2.29,1.42,1.39,4.6,5.0,2.41,1.25,1.41,2.01,2.26,1.35,1.21,2.78,1.19,2.87,2.5,1.23,4.79,4.77,3.51,3.77,3.89,3.7,2.16,3.02,1.58,4.24,2.6,3.31,3.2,2.01,1.0,3.44,4.29,1.5,1.21,1.7,1.34,2.26,3.48,2.79,2.36,2.11,4.04,3.85,2.91,1.45,3.34,4.57,3.88,True,True,False,True,True,True,True,True
25-1051,"Atmospheric, Earth, Marine, and Space Sciences Teachers, Postsecondary","Atmospheric, Earth, Marine, and Space Sciences Teachers, Postsecondary","Atmospheric, Earth, Marine, and Space Sciences Teachers, Postsecondary",0.175,0.475,0.775,0.15,0.4,0.65,1.306156,1,25-1051,False,,,,,base_00,5,base_00,False,1,1.12,1.88,3.12,1.0,4.0,1.75,1.0,1.12,1.0,1.0,2.88,1.75,2.62,3.0,1.0,1.0,1.0,1.88,4.0,3.38,1.0,3.38,3.0,1.25,3.62,1.0,3.25,4.0,4.75,3.0,2.12,1.0,3.62,1.0,1.0,1.0,2.75,1.0,1.0,4.25,3.62,2.12,1.0,1.0,1.25,2.12,1.88,1.88,2.12,1.38,4.0,4.0,3.88,4.0,3.75,3.0,4.0,1.0,1.0,1.0,4.0,3.5,3.88,1.75,2.12,2.88,3.38,3.62,2.88,1.0,2.38,1.75,2.88,1.88,1.62,4.0,1.0,4.0,3.0,3.12,4.75,3.12,3.0,1.75,3.0,1.12,4.0,4.2,3.02,3.71,2.99,3.7,2.47,3.11,2.78,3.55,3.83,1.86,3.75,3.13,2.82,4.32,3.51,2.11,4.01,2.34,4.11,3.28,3.8,2.59,3.32,1.8,3.68,2.86,3.39,2.17,3.88,3.37,1.86,1.72,3.0,3.51,2.12,1.89,4.09,4.51,4.22,4.37,2.83,2.31,4.29,3.44,3.22,2.68,1.36,1.51,4.66,4.98,2.25,1.37,2.21,1.39,2.11,1.56,1.09,1.91,1.21,2.41,1.44,1.07,4.64,4.86,3.25,3.08,3.64,3.84,3.13,1.71,1.46,4.76,1.78,3.13,2.07,1.6,1.01,3.27,4.21,1.55,1.18,1.16,1.32,2.43,3.28,2.87,2.49,2.04,3.64,3.68,2.35,1.2,3.15,3.86,3.75,True,True,False,True,True,True,True,True
25-1052,"Chemistry Teachers, Postsecondary","Chemistry Teachers, Postsecondary","Chemistry Teachers, Postsecondary",0.1764705882352941,0.4313725490196078,0.6862745098039216,0.2352941176470588,0.4019607843137255,0.5686274509803921,1.333947,1,25-1052,False,,,,,base_00,5,base_00,False,1,1.12,1.88,3.25,1.0,4.0,2.0,1.0,1.0,1.0,1.0,2.88,1.88,3.0,3.12,1.0,1.0,1.0,1.88,3.88,3.25,1.38,3.0,3.0,1.0,3.5,1.0,2.88,4.0,4.12,3.0,2.25,1.0,3.75,1.0,1.0,1.0,3.12,1.0,1.0,3.88,3.88,2.25,1.0,1.0,1.0,2.75,1.88,2.25,2.38,1.12,4.0,4.12,4.0,4.0,3.88,3.0,4.0,1.12,1.62,1.0,3.88,3.62,4.0,2.12,2.0,2.75,3.25,4.0,2.38,1.12,2.62,2.0,3.0,1.88,2.38,4.12,1.0,4.0,3.0,3.25,4.12,3.12,2.88,1.88,3.0,2.0,4.12,4.03,2.55,4.01,3.16,3.97,2.19,3.29,3.3,3.54,3.67,1.37,3.77,2.94,3.01,4.02,3.06,2.33,3.5,2.56,4.08,3.18,4.01,2.49,2.99,1.35,3.64,3.04,2.54,2.15,3.81,3.11,1.78,1.74,2.69,3.07,2.24,2.02,3.91,4.67,4.05,4.35,2.88,2.94,4.3,3.54,2.57,2.63,1.67,1.52,4.71,4.98,3.25,1.27,1.27,1.15,3.28,1.32,1.0,1.92,1.47,2.52,1.07,1.1,4.74,4.71,3.27,4.13,3.75,4.39,3.12,1.18,1.0,4.56,1.11,3.84,1.09,1.08,1.05,2.49,4.45,1.25,1.16,1.28,1.19,1.91,3.92,2.44,1.98,1.68,3.73,3.78,3.57,1.53,4.0,4.06,3.38,True,True,False,True,True,True,True,True
25-1053,"Environmental Science Teachers, Postsecondary","Environmental Science Teachers, Postsecondary","Environmental Science Teachers, Postsecondary",0.2608695652173913,0.5217391304347826,0.7826086956521738,0.1956521739130434,0.4239130434782608,0.6521739130434783,1.347519,1,25-1053,False,,,,,base_00,5,base_00,False,1,1.0,1.88,3.12,1.0,4.0,1.75,1.0,1.0,1.0,1.0,2.75,1.62,2.62,3.12,1.0,1.0,1.0,1.75,4.0,3.12,1.0,3.12,2.75,1.0,3.62,1.0,2.75,4.0,4.38,3.12,2.25,1.0,3.38,1.0,1.0,1.0,2.88,1.0,1.0,4.0,3.5,2.12,1.0,1.0,1.0,2.5,1.62,1.88,2.12,1.5,4.12,4.0,3.88,4.0,3.75,3.0,4.0,1.0,1.0,1.0,4.0,3.25,4.0,1.75,2.0,2.75,3.0,3.88,2.75,1.0,2.5,1.75,2.88,1.38,1.88,4.12,1.0,4.0,3.0,3.0,4.12,3.12,3.12,1.38,3.0,1.38,4.0,3.94,2.97,3.72,3.29,4.21,2.46,3.43,3.26,3.7,3.64,1.8,3.97,3.45,3.03,4.46,3.52,2.25,4.03,2.61,4.16,3.76,4.01,2.84,3.9,1.92,4.1,2.73,2.68,2.4,3.99,3.26,2.06,1.9,2.74,3.57,2.0,2.35,4.02,4.47,4.44,4.28,2.65,2.57,4.26,4.06,3.01,2.4,1.15,1.64,4.59,4.91,2.03,1.48,1.8,1.44,2.34,1.17,1.04,1.71,1.08,2.05,1.57,1.01,4.64,4.52,3.29,3.33,3.22,4.11,2.31,1.99,1.16,4.72,1.94,3.08,2.15,1.86,1.15,2.95,4.22,1.54,1.16,1.11,1.39,2.36,3.62,2.62,2.09,1.85,3.84,3.59,2.45,1.44,3.5,4.12,3.44,True,True,False,True,True,True,True,True
25-1054,"Physics Teachers, Postsecondary","Physics Teachers, Postsecondary","Physics Teachers, Postsecondary",0.1162790697674418,0.4186046511627906,0.7209302325581395,0.1627906976744186,0.3720930232558139,0.5813953488372093,1.044191,1,25-1054,False,,,,,base_00,5,base_00,False,1,2.12,2.25,3.12,1.62,3.88,1.88,1.0,1.0,1.0,1.25,2.88,2.25,2.12,3.25,1.0,1.0,1.0,2.0,3.88,3.12,2.12,3.88,2.88,1.0,3.62,1.0,3.38,4.0,4.38,3.0,2.25,1.0,3.88,1.5,1.5,1.0,2.88,1.0,1.0,3.88,3.62,2.12,1.0,1.0,1.0,2.38,2.0,2.12,2.38,1.5,4.0,4.0,4.0,4.0,3.62,3.12,4.0,2.12,2.0,1.0,4.25,3.75,4.0,2.0,2.0,3.0,3.62,3.62,2.5,1.62,2.62,2.0,3.0,1.88,2.12,4.12,2.25,4.12,3.0,3.12,4.12,2.88,2.88,1.62,3.25,2.12,4.0,4.36,3.17,3.75,3.33,4.01,2.51,3.03,2.97,3.84,3.98,2.2,3.85,3.61,2.99,4.2,3.32,2.04,4.26,2.69,4.45,3.27,4.38,2.44,3.52,1.48,4.08,2.79,2.86,2.02,4.25,3.5,2.64,1.88,2.78,3.73,2.48,2.25,4.34,4.71,4.46,4.56,2.59,2.28,4.41,3.42,3.72,2.41,1.16,1.55,4.82,4.84,1.78,1.3,1.29,1.19,1.76,1.45,1.06,1.35,1.5,2.19,1.24,1.0,4.55,4.76,3.46,2.59,3.46,3.55,2.29,1.65,1.11,4.45,1.82,3.36,1.34,1.19,1.19,2.75,4.25,1.24,1.08,1.09,1.24,1.84,3.45,2.54,2.12,1.78,3.54,3.69,2.0,1.17,2.83,3.36,3.26,True,True,False,True,True,True,True,True
25-1061,"Anthropology and Archeology Teachers, Postsecondary","Anthropology and Archeology Teachers, Postsecondary","Anthropology and Archeology Teachers, Postsecondary",0.2857142857142857,0.520408163265306,0.7551020408163265,0.183673469387755,0.4081632653061224,0.6326530612244897,1.321694,1,25-1061,False,,,,,base_00,5,base_00,False,1,1.62,2.12,3.5,1.5,3.75,1.12,1.0,1.0,1.0,1.0,3.0,1.75,3.0,3.62,1.0,1.0,1.0,1.75,4.0,3.75,1.62,2.62,3.12,1.0,4.0,1.0,2.38,4.25,4.88,3.38,2.12,1.0,3.38,1.0,1.0,1.0,3.12,1.0,1.12,4.62,3.62,2.25,1.0,1.0,1.0,3.0,2.0,1.88,2.0,1.88,4.5,4.62,4.25,4.38,3.62,3.25,4.0,1.0,1.0,1.0,4.5,3.75,4.38,1.62,1.88,2.88,2.62,3.88,2.88,1.0,2.12,1.25,3.0,1.5,1.25,4.75,1.0,3.75,3.0,3.5,4.88,3.12,3.12,1.62,3.75,1.0,4.62,4.76,3.41,4.0,3.86,4.41,1.91,3.23,3.41,3.95,4.68,1.68,4.33,2.27,2.91,4.68,3.48,2.23,4.36,2.19,4.82,3.77,4.0,2.41,3.18,1.48,4.14,3.27,3.18,2.32,4.59,3.48,1.77,1.55,3.14,3.73,2.0,2.18,4.27,4.55,4.48,4.41,2.71,1.91,4.09,3.76,3.27,2.57,1.38,1.36,4.36,4.95,1.91,2.0,1.5,2.18,1.27,1.3,1.23,2.05,1.14,2.36,2.18,1.09,4.55,4.55,2.64,2.9,3.09,3.55,2.64,1.38,1.14,3.9,2.29,3.86,2.41,2.09,1.23,3.55,3.86,1.64,1.14,1.32,1.82,2.18,3.81,2.5,2.52,1.91,3.33,3.41,1.73,1.18,3.19,4.05,3.33,True,True,False,True,True,True,True,True
25-1062,"Area, Ethnic, and Cultural Studies Teachers, Postsecondary","Area, Ethnic, and Cultural Studies Teachers, Postsecondary","Area, Ethnic, and Cultural Studies Teachers, Postsecondary",0.2222222222222222,0.5,0.7777777777777778,0.2444444444444444,0.4444444444444445,0.6444444444444445,1.308699,1,25-1062,False,,,,,base_00,5,base_00,False,1,1.0,2.12,3.0,1.0,3.62,1.38,1.0,1.0,1.0,1.0,2.75,1.62,2.62,3.12,1.0,1.0,1.0,2.0,3.75,3.0,1.0,2.0,2.75,1.0,3.75,1.0,2.0,4.0,4.12,3.12,2.12,1.0,3.12,1.0,1.0,1.0,2.88,1.0,1.0,4.0,3.5,2.25,1.0,1.0,1.0,2.62,1.75,2.0,2.0,1.0,4.0,4.12,4.0,4.0,3.88,3.0,3.88,1.0,1.0,1.0,4.12,3.25,4.0,2.12,2.0,2.88,2.0,3.12,2.62,1.0,2.75,1.38,3.12,1.75,1.5,4.25,1.0,2.5,3.12,3.38,4.12,3.12,3.12,1.88,3.25,1.0,4.0,3.62,2.54,4.08,3.82,4.46,1.45,3.41,3.12,4.24,4.09,1.09,4.33,2.66,2.94,4.54,3.12,1.35,4.1,1.91,3.99,2.9,3.84,2.59,3.15,1.11,4.27,3.01,2.97,1.52,3.39,3.42,1.35,1.01,3.02,3.84,2.62,2.22,4.42,4.59,4.07,4.04,2.79,2.32,4.47,4.28,3.16,2.7,1.47,1.38,4.55,4.9,1.3,1.1,1.47,1.41,1.04,1.04,1.0,1.04,1.0,2.33,1.41,1.0,4.69,4.65,3.68,2.4,3.49,3.55,1.76,1.29,1.07,4.49,1.58,4.04,1.27,1.2,1.01,2.71,4.48,1.16,1.0,1.08,1.08,1.9,3.91,2.66,1.77,1.94,3.33,4.03,1.0,1.0,2.97,4.19,3.58,True,True,False,True,True,True,True,True
25-1063,"Economics Teachers, Postsecondary","Economics Teachers, Postsecondary","Economics Teachers, Postsecondary",0.1463414634146341,0.475609756097561,0.8048780487804879,0.2195121951219512,0.4390243902439024,0.6585365853658537,1.319012,1,25-1063,False,,,,,base_00,5,base_00,False,1,1.0,2.12,3.0,1.0,3.88,1.62,1.0,1.0,1.0,1.0,2.75,1.75,2.75,3.12,1.0,1.0,1.0,1.88,3.75,3.12,1.0,3.38,3.0,1.0,3.5,1.0,3.12,4.0,4.12,3.0,2.5,1.0,3.38,1.0,1.0,1.0,2.88,1.0,1.0,4.0,3.62,2.62,1.0,1.0,1.0,2.75,1.88,1.75,2.5,1.38,4.0,4.0,3.75,4.0,3.25,2.88,3.88,1.0,1.0,1.0,4.0,3.38,3.88,1.75,1.75,2.75,3.25,3.0,2.38,1.0,2.62,1.75,2.62,1.88,1.25,4.0,1.0,2.38,2.75,3.0,4.12,3.0,3.12,1.75,2.88,1.0,4.0,4.17,2.33,3.54,3.14,3.08,1.69,2.4,2.33,2.75,3.19,1.49,3.49,2.65,2.53,4.71,2.92,1.61,4.26,2.0,4.14,3.25,3.72,2.02,3.36,1.42,3.76,2.47,2.55,1.45,3.95,2.55,1.51,1.48,1.9,3.0,2.43,2.72,4.33,4.42,4.37,4.25,2.41,1.98,4.24,2.7,3.41,2.36,1.11,1.78,4.68,4.96,1.69,1.02,1.43,1.03,1.0,1.0,1.0,1.01,1.01,1.63,1.02,1.0,4.45,4.73,3.18,1.78,3.29,3.87,2.14,1.12,1.0,4.21,1.04,3.54,1.08,1.05,1.02,3.13,4.22,1.2,1.0,1.01,1.06,2.09,4.31,2.37,2.09,1.52,3.21,3.38,1.01,1.01,2.01,3.32,3.1,True,True,False,True,True,True,True,True
25-1064,"Geography Teachers, Postsecondary","Geography Teachers, Postsecondary","Geography Teachers, Postsecondary",0.1818181818181818,0.4772727272727273,0.7727272727272727,0.25,0.4659090909090909,0.6818181818181819,1.318899,1,25-1064,False,,,,,base_00,5,base_00,False,1,1.0,1.88,3.0,1.0,3.75,1.25,1.0,1.0,1.0,1.0,2.62,1.5,2.75,3.12,1.0,1.0,1.0,1.88,3.75,3.12,1.0,2.62,2.5,1.0,3.38,1.0,2.12,4.0,4.25,3.0,2.12,1.0,3.5,1.0,1.0,1.0,2.88,1.0,1.25,3.88,3.5,2.12,1.0,1.0,1.0,2.62,2.0,2.12,2.25,1.0,4.0,4.12,3.88,4.0,3.88,3.0,3.88,1.0,1.0,1.0,4.12,3.25,3.88,2.0,2.0,2.88,2.75,3.12,2.88,1.0,2.5,1.38,3.0,2.0,1.25,4.0,1.0,3.12,2.88,3.12,4.12,3.0,2.88,1.88,3.25,1.0,4.12,4.51,2.86,3.49,3.77,4.22,2.07,2.79,3.05,3.5,3.86,1.73,3.93,3.44,2.62,4.51,3.16,1.49,3.75,2.17,4.65,3.71,3.78,2.26,3.04,1.76,3.61,2.78,2.99,1.72,4.52,3.1,1.43,1.25,2.71,3.31,2.28,1.98,4.34,4.45,4.54,4.74,2.7,1.91,4.35,3.85,2.94,2.72,1.28,1.54,4.67,4.99,2.01,1.26,1.43,1.56,1.13,1.26,1.06,1.41,1.06,2.32,1.6,1.0,4.79,4.93,2.93,2.24,2.97,4.0,2.3,1.94,1.09,4.64,1.94,3.85,1.91,1.47,1.07,2.71,4.36,1.22,1.0,1.34,1.2,2.4,3.91,2.45,1.86,1.84,3.48,3.76,1.11,1.07,2.84,3.91,3.28,True,True,False,True,True,True,True,True
25-1065,"Political Science Teachers, Postsecondary","Political Science Teachers, Postsecondary","Political Science Teachers, Postsecondary",0.1707317073170731,0.475609756097561,0.7804878048780488,0.1951219512195122,0.4146341463414634,0.6341463414634146,1.368397,1,25-1065,False,,,,,base_00,5,base_00,False,1,1.0,1.88,3.0,1.0,3.25,1.12,1.0,1.25,1.0,1.0,2.25,1.25,2.38,3.0,1.0,1.0,1.0,1.62,3.75,3.0,1.0,2.0,2.75,1.0,3.62,1.0,2.12,4.12,4.12,3.0,2.12,1.0,3.12,1.0,1.0,1.0,3.0,1.0,1.0,3.75,3.38,2.12,1.0,1.0,1.0,2.62,1.75,2.0,1.88,1.12,4.25,4.0,4.0,4.0,3.75,3.12,3.88,1.0,1.0,1.0,4.0,3.25,3.88,1.88,1.88,2.75,2.0,3.0,2.88,1.0,2.75,1.25,3.12,1.25,1.38,4.12,1.0,2.38,3.0,3.12,4.62,2.88,2.75,1.25,3.0,1.0,4.0,4.63,2.29,3.42,3.22,3.7,1.23,2.72,2.98,3.2,3.1,1.01,3.76,2.77,2.68,4.57,3.37,1.1,4.12,1.27,3.81,3.61,3.7,2.1,2.53,1.01,3.79,2.96,2.67,1.24,4.09,2.66,1.2,1.01,3.0,3.39,2.09,2.08,4.27,4.4,4.57,4.14,2.74,1.52,4.13,3.36,3.54,2.94,1.1,1.18,4.72,5.0,1.26,1.16,1.21,1.24,1.0,1.0,1.0,1.0,1.0,1.59,1.08,1.0,4.49,4.75,4.16,1.96,3.49,3.78,1.98,1.23,1.0,4.73,1.25,3.8,1.09,1.07,1.0,2.74,4.19,1.09,1.0,1.0,1.0,2.57,4.03,2.38,1.47,1.4,3.85,3.57,1.0,1.0,2.17,3.63,3.37,True,True,False,True,True,True,True,True
25-1066,"Psychology Teachers, Postsecondary","Psychology Teachers, Postsecondary","Psychology Teachers, Postsecondary",0.16,0.48,0.8,0.16,0.39,0.62,1.33366,1,25-1066,False,,,,,base_00,5,base_00,False,1,1.0,1.88,3.12,1.0,3.88,1.38,1.0,1.0,1.0,1.0,2.88,1.62,2.62,3.25,1.0,1.0,1.0,1.62,3.88,3.12,1.0,2.88,2.88,1.0,3.25,1.0,2.38,4.0,4.5,3.12,2.12,1.0,3.25,1.0,1.0,1.0,2.5,1.0,1.0,4.0,3.75,2.12,1.12,1.0,1.12,2.12,1.75,1.62,2.12,1.38,4.12,4.12,3.88,4.0,3.75,3.12,3.88,1.0,1.0,1.0,4.12,3.75,4.25,1.75,1.88,2.88,3.0,3.5,2.5,1.0,2.5,1.38,2.62,1.88,1.5,4.12,1.0,3.38,3.0,3.75,4.12,3.12,3.12,1.62,3.0,1.0,4.0,3.93,3.73,4.26,3.65,4.26,1.76,3.58,3.0,3.88,4.05,1.11,4.45,2.94,3.58,4.24,3.96,1.58,3.66,1.91,4.87,4.13,4.23,2.43,3.42,1.22,4.13,3.28,3.8,1.59,3.99,3.79,1.37,1.13,3.51,3.65,2.3,1.95,3.96,4.95,4.45,4.35,2.45,1.98,4.37,3.44,3.26,2.47,1.03,1.95,4.66,4.85,1.6,1.1,1.57,1.34,1.0,1.0,1.0,1.02,1.0,2.31,1.32,1.0,4.96,4.89,3.36,2.22,3.68,3.61,3.0,1.02,1.0,4.83,1.1,3.08,1.01,1.01,1.0,2.61,4.02,1.32,1.0,1.12,1.22,2.39,3.96,2.31,1.95,1.69,3.19,3.39,1.0,1.0,2.7,3.87,3.7,True,True,False,True,True,True,True,True
25-1067,"Sociology Teachers, Postsecondary","Sociology Teachers, Postsecondary","Sociology Teachers, Postsecondary",0.1363636363636363,0.4318181818181818,0.7272727272727273,0.2045454545454545,0.3977272727272727,0.5909090909090909,1.349229,1,25-1067,False,,,,,base_00,5,base_00,False,1,1.0,1.62,3.12,1.0,3.88,1.0,1.0,1.12,1.0,1.0,2.5,1.62,2.25,3.12,1.0,1.0,1.0,1.5,4.0,3.25,1.0,2.12,2.25,1.0,3.75,1.0,2.12,4.0,4.5,3.0,2.12,1.0,3.0,1.0,1.0,1.0,2.62,1.0,1.0,4.0,3.38,2.12,1.0,1.0,1.0,2.12,1.88,1.75,1.88,1.38,4.0,4.0,3.62,4.0,3.12,2.88,3.75,1.0,1.0,1.0,4.0,3.25,4.0,1.62,1.75,2.88,2.12,3.75,2.62,1.0,2.62,1.38,2.75,1.5,1.5,4.0,1.0,2.75,3.0,3.62,4.62,2.88,2.88,1.38,3.38,1.0,4.0,4.66,2.4,2.84,3.47,4.23,1.47,2.33,2.36,3.62,3.88,1.05,4.26,2.28,3.03,4.17,2.82,1.3,4.43,1.42,4.59,3.87,3.91,1.88,3.38,1.12,4.16,2.76,2.02,1.57,4.78,2.92,1.01,1.0,2.63,3.67,2.11,1.63,4.47,4.49,4.4,4.47,2.76,2.06,4.24,3.7,2.79,2.64,1.1,1.4,4.78,4.98,1.41,1.01,1.34,1.14,1.0,1.0,1.0,1.01,1.0,1.87,1.28,1.0,4.62,4.83,3.55,2.15,3.38,3.76,3.17,1.23,1.0,4.75,1.14,3.91,1.15,1.14,1.02,2.82,4.19,1.04,1.0,1.11,1.01,2.74,3.99,2.24,1.99,1.58,3.48,3.72,1.0,1.0,2.5,3.52,3.62,True,True,False,True,True,True,True,True
25-1071,"Health Specialties Teachers, Postsecondary","Health Specialties Teachers, Postsecondary","Health Specialties Teachers, Postsecondary",0.125,0.475,0.8250000000000001,0.175,0.3875,0.6000000000000001,0.924754,1,25-1071,False,,,,,base_00,5,base_00,False,1,1.88,2.0,3.0,1.75,3.88,1.62,1.0,1.75,1.38,1.62,2.75,2.12,2.25,3.12,1.0,1.25,1.12,2.0,3.75,3.12,1.62,2.88,2.88,1.88,3.5,1.0,2.75,4.0,4.75,3.0,2.12,1.0,3.25,1.5,1.5,1.0,3.0,1.0,1.0,4.0,3.38,2.12,1.0,1.62,1.75,2.62,1.88,2.12,2.12,1.5,4.12,4.0,4.0,4.0,3.75,3.12,4.0,1.62,1.62,1.0,4.12,3.88,4.0,1.88,1.88,2.88,3.0,3.62,3.0,1.62,2.38,1.88,3.0,1.38,2.0,4.12,1.62,3.25,3.0,3.25,4.12,2.88,2.88,1.38,3.75,1.62,4.0,3.94,3.43,3.74,3.91,3.95,2.66,3.12,3.7,3.81,3.91,1.7,4.24,3.11,3.49,4.47,2.57,2.81,4.04,3.4,4.11,3.31,4.04,2.27,3.42,1.64,4.17,2.87,3.42,3.11,3.83,3.27,2.73,1.67,2.87,3.31,1.63,2.3,4.3,4.56,4.56,4.44,3.1,2.89,4.76,3.96,3.66,2.95,1.58,1.57,4.63,4.88,1.34,1.27,2.15,1.16,1.42,1.0,1.0,1.17,1.16,2.3,1.14,1.0,4.92,4.83,3.88,3.35,3.97,3.84,2.15,1.23,1.0,4.64,1.27,3.08,1.31,1.17,1.03,3.14,4.12,1.71,1.0,1.19,1.35,2.67,3.86,2.64,2.05,1.59,4.36,3.79,1.85,1.05,3.47,4.45,3.67,True,True,False,True,True,True,True,True
25-1072,"Nursing Instructors and Teachers, Postsecondary","Nursing Instructors and Teachers, Postsecondary","Nursing Instructors and Teachers, Postsecondary",0.1568627450980392,0.4019607843137255,0.6470588235294118,0.1372549019607843,0.3725490196078431,0.6078431372549019,0.5170682,1,25-1072,False,,,,,base_00,5,base_00,False,1,2.25,2.12,3.12,1.88,3.88,2.0,1.0,2.0,1.5,2.0,2.88,2.88,3.0,3.12,1.0,2.0,2.0,2.0,3.88,3.62,2.12,3.0,2.75,2.0,3.75,1.0,2.88,4.12,4.12,3.0,2.88,1.0,3.75,1.0,1.5,1.75,3.12,1.0,1.0,4.0,3.75,2.62,1.0,2.0,2.0,2.75,2.0,2.38,2.12,1.75,4.12,4.0,3.88,4.0,3.62,3.75,3.88,1.0,1.25,1.0,4.25,3.88,4.12,2.0,2.0,3.0,2.88,3.88,3.0,1.5,2.38,2.0,3.12,1.88,2.12,4.0,1.0,2.88,3.25,3.75,4.12,3.12,3.12,1.88,3.25,2.0,4.0,4.2,4.64,4.15,3.91,4.25,2.3,4.07,4.07,4.03,4.42,1.68,4.61,3.22,4.24,4.67,3.43,3.05,4.28,3.49,4.28,4.02,4.52,2.63,4.1,1.68,4.49,3.36,3.39,3.35,4.01,3.52,1.62,1.42,3.81,3.75,2.6,2.54,3.98,4.94,4.7,4.58,3.44,3.63,4.65,4.46,4.51,3.44,2.08,2.08,4.21,4.87,2.52,1.93,3.48,1.53,1.64,1.53,1.0,1.49,1.37,2.91,1.35,1.07,4.59,4.15,4.05,3.93,4.24,4.68,3.37,1.49,1.0,4.23,1.27,2.86,1.23,1.27,1.16,3.65,3.95,1.99,1.0,1.52,1.6,2.7,3.15,3.07,2.95,2.67,4.26,3.8,2.91,1.64,4.0,4.69,3.53,True,True,False,True,True,True,True,True
25-1081,"Education Teachers, Postsecondary","Education Teachers, Postsecondary","Education Teachers, Postsecondary",0.1666666666666666,0.4880952380952381,0.8095238095238095,0.1904761904761904,0.4404761904761904,0.6904761904761905,1.192988,1,25-1081,False,,,,,base_00,5,base_00,False,1,1.75,1.88,3.12,1.5,3.88,1.38,1.0,1.12,1.0,1.0,2.75,1.88,2.12,3.12,1.0,1.0,1.0,1.75,3.88,3.12,1.75,2.12,2.62,1.0,3.88,1.0,2.12,4.12,4.38,3.12,2.12,1.0,3.75,1.0,1.0,1.0,2.88,1.0,1.0,4.38,3.88,2.12,1.0,1.0,1.0,2.12,1.88,1.75,2.12,1.38,4.12,4.12,4.0,4.12,3.75,3.0,3.75,1.0,1.0,1.0,4.12,3.12,4.12,1.88,2.12,2.75,2.12,3.88,2.88,1.0,2.62,1.25,2.88,1.5,1.25,4.25,1.0,2.0,3.0,3.25,4.62,3.12,3.12,1.62,3.5,1.0,4.0,3.68,2.82,4.2,3.63,4.31,1.09,3.21,3.2,3.79,3.73,1.09,4.01,2.56,3.56,4.72,3.07,1.23,3.77,2.17,3.84,4.4,4.3,2.52,3.94,1.46,4.48,3.18,2.57,1.39,3.73,3.18,1.2,1.19,2.81,3.26,2.28,2.83,4.11,4.74,3.89,4.09,2.72,2.55,4.53,4.17,4.02,2.41,1.43,1.5,4.71,5.0,1.64,1.38,1.39,1.19,1.0,1.0,1.0,1.0,1.0,2.73,1.59,1.17,4.71,4.86,4.02,2.52,3.98,4.3,3.39,1.27,1.0,4.78,1.63,3.75,1.06,1.06,1.15,2.64,4.05,1.05,1.0,1.27,1.04,3.49,4.01,2.31,3.1,1.86,4.08,3.52,1.0,1.0,3.47,4.48,3.57,True,True,False,True,True,True,True,True
25-1082,"Library Science Teachers, Postsecondary","Library Science Teachers, Postsecondary","Library Science Teachers, Postsecondary",0.2127659574468085,0.5106382978723404,0.8085106382978723,0.2340425531914893,0.425531914893617,0.6170212765957447,1.386292,1,25-1082,False,,,,,base_00,5,base_00,False,1,1.0,1.88,3.12,1.0,3.88,1.62,1.0,1.38,1.0,1.0,2.88,1.75,2.75,2.88,1.0,1.0,1.0,1.75,3.88,3.12,1.0,2.25,2.88,1.0,3.88,1.0,2.12,4.25,4.25,2.88,2.25,1.0,3.38,1.0,1.0,1.0,2.88,1.0,1.0,4.0,3.5,2.25,1.0,1.0,1.0,2.75,1.88,1.88,2.12,1.25,4.25,4.0,4.0,4.0,3.62,3.12,4.0,1.0,1.0,1.0,4.25,3.25,4.0,1.75,1.75,2.88,2.25,4.0,2.62,1.0,2.0,1.5,2.75,1.75,1.62,4.12,1.0,2.12,3.0,3.25,4.12,3.12,3.12,1.75,3.0,1.0,4.0,4.49,2.25,3.97,3.8,3.84,1.77,3.22,3.14,4.05,3.79,1.41,3.81,3.2,3.24,4.85,3.0,1.35,4.18,1.9,4.66,4.14,4.19,2.2,2.77,1.38,4.04,3.12,2.86,1.42,4.37,3.68,1.58,1.38,2.46,2.76,2.27,2.29,4.39,4.79,4.59,4.8,2.82,1.92,4.34,4.07,3.22,2.72,1.38,1.39,4.97,5.0,1.64,1.02,1.09,1.54,1.01,1.01,1.01,1.02,1.02,2.14,1.06,1.0,4.21,4.86,3.53,2.15,3.6,3.6,1.95,1.63,1.02,4.68,1.13,3.03,1.13,1.03,1.11,2.77,3.25,1.07,1.01,1.07,1.04,3.36,4.59,1.82,2.11,1.34,3.48,3.58,1.03,1.01,2.91,4.3,2.87,True,True,False,True,True,True,True,True
25-1111,"Criminal Justice and Law Enforcement Teachers, Postsecondary","Criminal Justice and Law Enforcement Teachers, Postsecondary","Criminal Justice and Law Enforcement Teachers, Postsecondary",0.225,0.5,0.775,0.2,0.4375,0.675,1.389999,1,25-1111,False,,,,,base_00,5,base_00,False,1,1.0,2.12,3.0,1.0,3.75,1.0,1.0,1.0,1.0,1.0,2.25,1.62,2.12,3.0,1.0,1.0,1.0,1.75,3.88,3.12,1.0,2.0,2.75,1.0,3.5,1.0,2.0,4.0,4.12,3.0,2.0,1.0,3.5,1.0,1.0,1.0,2.88,1.0,1.0,4.0,3.12,2.12,1.0,1.0,1.0,2.75,1.88,1.88,2.0,1.12,4.0,4.0,4.0,4.12,3.12,2.88,4.12,1.0,1.0,1.0,4.0,3.62,4.0,1.5,1.62,2.75,2.0,3.88,2.75,1.0,2.62,1.5,2.88,1.38,1.12,4.0,1.0,1.75,3.0,3.12,4.75,3.12,2.88,1.25,3.12,1.0,4.0,3.72,2.9,3.7,3.34,3.65,1.68,2.25,2.45,3.49,4.17,1.48,3.8,2.45,3.19,4.06,2.57,1.44,3.82,1.92,4.07,3.67,3.84,2.15,2.99,1.05,4.25,3.51,3.21,1.62,3.32,2.81,1.52,1.37,2.59,3.27,1.92,1.65,4.21,4.35,4.33,4.53,2.87,2.14,4.46,3.98,4.19,2.71,1.52,2.05,4.68,4.97,1.63,1.58,1.79,1.49,1.22,1.17,1.05,1.24,1.02,2.06,1.6,1.02,4.49,4.64,4.07,2.8,4.12,3.71,3.03,1.65,1.02,4.93,1.71,3.13,1.53,1.4,1.04,3.26,4.15,1.39,1.05,1.3,1.28,2.41,3.34,2.98,2.04,2.2,4.25,3.72,1.61,1.27,2.87,3.46,3.14,True,True,False,True,True,True,True,True
25-1112,"Law Teachers, Postsecondary","Law Teachers, Postsecondary","Law Teachers, Postsecondary",0.125,0.45,0.775,0.425,0.5875,0.75,1.35645,1,25-1112,False,,,,,base_00,5,base_00,False,1,1.0,1.88,3.12,1.0,4.0,1.0,1.0,1.0,1.0,1.0,2.5,1.75,2.38,3.0,1.0,1.0,1.0,1.75,4.0,3.12,1.0,2.12,2.62,1.0,3.75,1.0,2.0,4.12,4.62,3.12,2.25,1.0,3.25,1.0,1.0,1.0,2.62,1.0,1.0,4.12,3.5,2.12,1.0,1.0,1.0,2.0,1.88,1.75,2.0,1.5,4.38,4.0,4.0,4.25,3.5,3.0,4.0,1.0,1.0,1.0,4.12,3.88,4.25,1.25,1.5,2.75,2.0,3.38,2.88,1.0,1.88,1.5,3.0,1.75,1.5,4.25,1.0,1.62,2.75,3.12,4.62,3.12,3.12,1.75,2.88,1.0,4.0,4.03,2.71,4.28,3.04,3.76,1.36,2.54,2.53,3.31,3.65,1.35,3.72,2.38,3.39,4.62,2.24,1.21,3.78,1.3,4.47,3.48,3.52,2.04,2.95,1.17,3.9,2.57,2.62,1.36,3.61,3.29,1.29,1.06,2.32,3.23,1.99,1.61,4.2,4.79,4.4,3.72,2.67,2.52,4.51,3.36,3.02,2.25,1.13,1.53,4.92,4.81,1.32,1.04,1.25,1.09,1.06,1.09,1.03,1.13,1.02,2.01,1.07,1.01,4.45,4.75,3.7,1.99,3.87,4.12,1.83,1.22,1.04,4.42,1.18,3.42,1.15,1.2,1.04,2.62,4.2,1.04,1.03,1.02,1.04,2.01,3.69,2.56,1.84,1.67,4.18,3.45,1.09,1.02,2.66,3.17,3.41,True,True,False,True,True,True,True,True
25-1113,"Social Work Teachers, Postsecondary","Social Work Teachers, Postsecondary","Social Work Teachers, Postsecondary",0.1590909090909091,0.4204545454545454,0.6818181818181819,0.2954545454545454,0.5113636363636364,0.7272727272727273,1.347327,1,25-1113,False,,,,,base_00,5,base_00,False,1,1.0,1.88,3.25,1.0,4.0,1.5,1.0,1.0,1.0,1.0,2.88,1.75,2.38,3.38,1.0,1.0,1.0,1.62,4.0,3.25,1.0,2.38,2.75,1.0,3.62,1.0,2.0,4.0,4.75,3.12,2.0,1.0,3.5,1.0,1.0,1.0,2.62,1.0,1.0,4.25,3.75,2.12,1.0,1.0,1.0,2.25,1.75,1.75,2.0,1.5,4.0,4.0,4.0,4.0,3.75,3.5,4.0,1.0,1.0,1.0,4.75,3.62,4.25,1.62,1.88,2.88,2.62,3.75,2.88,1.0,2.75,1.5,2.88,1.75,1.38,4.0,1.0,2.62,3.25,3.75,4.62,3.12,3.12,1.75,3.12,1.0,4.0,3.99,2.99,3.82,4.46,4.58,1.83,3.44,3.29,4.03,4.28,1.5,4.24,2.14,3.86,4.49,3.04,1.56,3.55,1.77,4.51,3.8,4.21,2.07,3.45,1.29,4.69,3.13,2.89,1.91,3.67,3.63,1.16,1.14,3.6,3.86,2.47,2.2,4.21,4.44,4.68,4.58,2.8,2.57,4.19,4.12,3.88,2.73,1.42,1.54,4.62,5.0,1.22,1.04,1.37,1.23,1.0,1.0,1.0,1.04,1.0,1.97,1.32,1.0,4.65,4.73,3.13,2.38,3.25,3.37,2.11,2.12,1.0,3.41,1.68,2.98,1.58,1.3,1.14,2.62,3.84,1.37,1.0,1.21,1.0,2.14,3.91,2.38,1.26,1.85,4.41,3.51,1.14,1.0,2.63,4.31,3.51,True,True,False,True,True,True,True,True
25-1121,"Art, Drama, and Music Teachers, Postsecondary","Art, Drama, and Music Teachers, Postsecondary","Art, Drama, and Music Teachers, Postsecondary",0.125,0.4375,0.75,0.375,0.59375,0.8125,0.7582769,1,25-1121,False,,,,,base_00,5,base_00,False,1,2.12,2.0,3.12,2.0,3.5,1.75,1.12,1.38,1.25,1.38,3.12,2.12,2.75,3.5,1.0,1.25,1.12,1.88,3.62,3.12,2.12,2.0,2.5,2.0,3.75,1.0,2.12,4.0,4.25,3.75,2.12,1.0,3.38,1.25,1.38,1.25,2.88,1.0,1.25,4.0,3.75,2.12,1.12,1.25,1.62,2.5,2.0,3.0,3.0,1.5,4.12,4.12,4.0,4.0,3.38,3.12,3.62,1.0,1.25,1.12,4.38,3.25,4.12,1.75,2.0,2.75,2.0,3.75,2.5,1.25,2.62,1.5,2.75,1.38,1.62,4.0,1.38,1.75,2.88,3.62,4.62,3.0,2.88,1.62,3.62,1.0,3.88,3.18,3.39,4.5,3.84,4.7,2.81,3.51,3.29,3.85,3.61,2.23,4.47,2.54,2.73,4.01,4.04,3.13,3.7,2.39,3.83,3.72,4.31,2.7,3.23,2.11,4.22,3.12,3.5,3.18,2.98,3.84,1.47,2.02,3.49,3.91,3.05,2.53,4.87,4.71,3.98,3.9,2.65,1.77,4.72,4.14,3.17,2.35,1.34,1.23,4.38,4.79,2.0,1.4,1.67,1.53,1.39,1.44,1.21,1.27,1.0,2.29,1.21,1.02,4.43,4.53,3.23,2.77,3.21,3.47,2.39,1.59,1.09,4.64,1.45,3.49,1.32,1.28,1.04,3.96,4.32,1.84,1.23,1.35,1.58,2.66,2.92,3.22,2.67,1.94,3.35,3.41,1.6,1.18,2.91,4.16,3.41,True,True,False,True,True,True,True,True
25-1122,"Communications Teachers, Postsecondary","Communications Teachers, Postsecondary","Communications Teachers, Postsecondary",0.125,0.425,0.7250000000000001,0.325,0.5750000000000001,0.8250000000000001,1.347435,1,25-1122,False,,,,,base_00,5,base_00,False,1,1.12,2.0,2.88,1.0,3.75,1.25,1.0,1.0,1.0,1.0,2.75,1.5,2.75,3.0,1.0,1.0,1.0,1.75,3.75,3.12,1.12,2.25,2.88,1.0,3.38,1.0,2.38,4.12,4.12,3.0,2.12,1.0,3.12,1.0,1.0,1.0,3.0,1.12,1.0,4.12,3.75,2.25,1.0,1.0,1.0,2.12,2.0,1.88,2.0,1.12,4.0,4.0,4.0,4.12,3.62,3.0,3.88,1.0,1.0,1.0,4.12,3.5,4.0,2.0,2.12,2.88,2.12,3.75,3.0,1.0,2.12,1.75,3.0,1.62,1.38,4.12,1.0,2.0,3.0,3.25,4.12,3.0,3.0,1.62,3.12,1.0,4.0,3.35,3.13,3.95,3.41,4.14,1.88,3.07,3.07,3.52,4.56,1.24,4.0,2.73,3.54,4.12,2.93,1.72,4.2,2.25,3.95,4.08,4.22,1.78,3.51,1.35,3.85,3.05,3.63,1.75,3.53,3.33,1.8,1.12,3.17,3.43,2.75,1.8,4.48,4.21,4.19,4.42,2.84,2.52,4.53,3.5,2.87,2.32,1.3,1.74,4.5,4.93,1.34,1.16,1.47,1.34,1.1,1.0,1.12,1.0,1.08,2.17,1.2,1.03,4.59,4.85,3.95,2.76,3.29,3.55,2.24,1.17,1.0,4.57,1.4,3.42,1.17,1.12,1.14,3.02,4.28,1.09,1.01,1.01,1.11,2.47,3.66,2.53,2.47,1.74,3.56,3.74,1.15,1.15,2.93,3.62,3.5,True,True,False,True,True,True,True,True
25-1123,"English Language and Literature Teachers, Postsecondary","English Language and Literature Teachers, Postsecondary","English Language and Literature Teachers, Postsecondary",0.25,0.5267857142857143,0.8035714285714285,0.3571428571428571,0.5714285714285714,0.7857142857142857,1.417833,1,25-1123,False,,,,,base_00,5,base_00,False,1,1.0,1.75,3.12,1.0,3.88,1.0,1.0,1.0,1.0,1.0,2.12,1.25,2.75,3.25,1.0,1.0,1.0,1.75,3.88,2.88,1.0,2.0,2.75,1.0,3.5,1.0,2.0,4.25,4.62,3.25,2.0,1.0,3.38,1.0,1.0,1.0,2.88,1.0,1.0,4.0,3.38,2.12,1.0,1.0,1.0,2.75,1.75,1.75,2.0,1.0,4.88,4.25,3.88,4.0,3.25,3.0,3.75,1.0,1.0,1.0,4.62,3.38,4.0,1.0,1.5,3.0,2.0,3.62,3.0,1.0,2.12,1.25,3.0,1.38,1.25,4.75,1.0,1.75,3.12,3.12,4.12,2.88,2.88,1.5,3.12,1.0,4.25,3.93,3.22,4.21,3.04,4.5,1.7,3.27,3.32,3.89,4.19,1.08,4.55,1.87,2.58,4.07,3.05,1.48,3.72,2.06,4.53,4.04,4.41,2.29,3.22,1.04,4.25,3.2,2.67,1.76,3.42,3.31,1.48,1.29,3.43,3.98,2.52,2.3,4.48,4.73,3.84,4.11,2.25,1.61,4.42,3.92,3.29,2.58,1.12,1.62,4.66,4.76,1.39,1.0,1.34,1.09,1.0,1.0,1.0,1.0,1.0,1.67,1.21,1.0,4.2,4.59,3.21,1.75,3.23,3.7,2.62,1.02,1.0,4.59,1.45,2.86,1.01,1.03,1.04,3.0,4.33,1.09,1.0,1.01,1.0,1.74,3.5,2.74,2.25,1.67,3.15,3.78,1.0,1.0,2.52,3.63,3.49,True,True,False,True,True,True,True,True
25-1124,"Foreign Language and Literature Teachers, Postsecondary","Foreign Language and Literature Teachers, Postsecondary","Foreign Language and Literature Teachers, Postsecondary",0.2666666666666666,0.5333333333333333,0.8,0.2888888888888889,0.5666666666666667,0.8444444444444444,1.33412,1,25-1124,False,,,,,base_00,5,base_00,False,1,1.0,2.12,2.88,1.0,3.38,1.0,1.0,1.0,1.0,1.0,2.62,1.5,2.5,2.88,1.0,1.0,1.0,1.88,3.62,3.0,1.0,2.0,2.88,1.0,3.38,1.0,2.0,4.12,4.25,2.88,2.12,1.0,3.25,1.0,1.0,1.0,3.0,1.0,1.0,4.62,4.0,2.12,1.0,1.0,1.0,2.12,1.88,2.0,2.0,1.0,4.0,4.0,3.88,4.0,3.5,3.0,3.75,1.0,1.0,1.0,4.0,3.5,4.0,1.12,1.62,2.62,2.0,3.62,2.75,1.0,2.38,1.5,2.75,1.75,1.62,4.0,1.0,1.75,2.88,3.25,4.12,2.75,2.75,1.75,3.0,1.0,4.0,3.54,2.78,3.42,2.62,3.33,1.6,2.2,2.36,3.19,2.97,1.08,3.47,1.67,2.22,3.88,1.72,1.3,3.3,1.51,3.87,3.45,3.61,1.36,2.9,1.05,3.88,2.81,3.0,1.53,2.99,3.04,1.31,1.04,1.91,3.06,1.88,2.08,4.32,4.44,4.06,4.27,2.8,1.78,4.0,3.41,1.88,2.39,1.15,1.37,4.45,4.92,1.04,1.03,1.48,1.03,1.0,1.0,1.0,1.01,1.0,2.14,1.01,1.0,4.11,4.28,3.67,1.52,3.05,3.27,1.42,1.05,1.0,4.74,1.22,3.28,1.0,1.0,1.05,3.09,4.26,1.03,1.0,1.05,1.01,1.5,3.8,2.72,2.24,1.62,3.08,3.27,1.0,1.0,2.29,3.65,3.4,True,True,False,True,True,True,True,True
25-1125,"History Teachers, Postsecondary","History Teachers, Postsecondary","History Teachers, Postsecondary",0.2222222222222222,0.5111111111111112,0.8,0.3555555555555555,0.5888888888888889,0.8222222222222223,1.43749,1,25-1125,False,,,,,base_00,5,base_00,False,1,1.0,1.88,3.12,1.0,3.88,1.0,1.0,1.25,1.0,1.0,2.62,1.0,2.5,3.0,1.0,1.0,1.0,1.5,3.88,3.12,1.0,2.0,2.88,1.0,3.5,1.0,2.0,4.0,4.75,3.0,2.12,1.0,3.25,1.0,1.0,1.0,3.0,1.0,1.0,3.88,3.25,2.25,1.0,1.0,1.0,2.12,1.62,1.88,2.0,1.12,4.12,4.38,3.88,4.0,3.38,3.12,3.88,1.0,1.0,1.0,4.0,3.62,4.12,1.75,1.75,2.75,2.0,3.62,3.0,1.0,2.5,1.38,3.0,1.25,1.25,4.25,1.0,1.88,3.12,3.25,4.5,3.0,2.88,1.12,3.75,1.0,4.12,4.65,2.65,3.35,3.34,3.59,1.53,2.58,2.26,3.41,4.42,1.01,3.94,2.14,2.6,4.77,2.38,1.4,4.8,1.86,4.37,3.8,3.58,2.32,3.28,1.01,3.78,2.93,2.62,1.68,4.28,3.07,1.16,1.0,2.63,3.34,2.26,1.92,4.46,4.61,4.68,3.85,2.29,2.0,4.08,3.67,2.64,2.35,1.1,1.41,4.93,4.86,1.39,1.02,1.31,1.75,1.0,1.0,1.0,1.11,1.04,2.26,1.35,1.12,4.45,4.91,3.85,1.64,3.59,4.27,3.2,1.34,1.0,4.68,1.82,3.9,1.01,1.01,1.0,2.44,4.24,1.01,1.0,1.11,1.01,2.91,3.51,2.54,2.11,1.57,3.74,3.78,1.0,1.0,2.02,3.03,3.76,True,True,False,True,True,True,True,True
25-1126,"Philosophy and Religion Teachers, Postsecondary","Philosophy and Religion Teachers, Postsecondary","Philosophy and Religion Teachers, Postsecondary",0.25,0.5113636363636364,0.7727272727272727,0.3636363636363636,0.5909090909090909,0.8181818181818182,1.363522,1,25-1126,False,,,,,base_00,5,base_00,False,1,1.0,1.75,3.12,1.0,3.88,1.0,1.0,1.0,1.0,1.0,2.62,1.62,2.25,3.0,1.0,1.0,1.0,1.75,4.0,3.12,1.0,2.0,3.0,1.0,3.5,1.0,2.0,4.0,4.12,2.88,2.25,1.0,3.25,1.0,1.0,1.0,2.5,1.0,1.0,4.12,3.25,2.12,1.0,1.0,1.0,2.0,1.88,1.75,2.0,1.25,4.12,4.0,3.75,4.12,3.5,3.0,4.0,1.0,1.0,1.0,4.12,3.38,3.88,1.25,1.75,2.75,2.0,3.25,2.38,1.0,2.38,1.5,2.88,1.75,1.38,4.25,1.0,1.75,3.0,3.38,4.12,3.0,3.12,1.62,3.0,1.0,4.0,3.46,3.19,3.75,3.15,3.71,1.62,3.18,2.86,3.36,3.46,1.02,3.77,1.98,2.98,4.47,3.05,1.61,3.85,1.34,4.53,3.81,4.16,2.23,2.82,1.24,3.77,2.92,3.14,1.52,3.55,2.99,1.25,1.01,3.27,3.56,2.8,2.09,4.24,4.76,3.93,4.06,2.34,2.41,4.3,3.03,2.46,2.3,1.04,1.75,4.53,4.96,1.12,1.0,1.12,1.06,1.0,1.0,1.0,1.0,1.0,1.48,1.03,1.02,4.27,4.62,3.79,1.79,3.76,4.23,2.62,1.04,1.0,4.61,1.11,3.53,1.0,1.0,1.0,2.82,4.03,1.02,1.0,1.05,1.02,2.37,3.91,2.46,1.56,1.5,3.05,3.64,1.0,1.0,2.33,3.42,3.26,True,True,False,True,True,True,True,True
25-1192,"Family and Consumer Sciences Teachers, Postsecondary","Family and Consumer Sciences Teachers, Postsecondary","Family and Consumer Sciences Teachers, Postsecondary",0.2,0.5375,0.875,0.4,0.65,0.9,1.211652,1,25-1192,False,,,,,base_00,5,base_00,False,1,1.0,1.88,3.12,1.12,3.62,1.75,1.0,1.0,1.0,1.12,2.88,1.75,2.5,3.0,1.0,1.0,1.0,1.88,3.5,3.12,1.12,2.75,2.75,1.0,3.38,1.0,2.12,4.0,4.12,3.12,2.25,1.0,3.38,1.0,1.0,1.0,2.75,1.0,1.0,4.0,3.38,2.0,1.0,1.0,1.0,2.25,2.0,2.0,2.25,1.62,4.12,4.0,3.62,4.0,3.12,3.0,3.75,1.0,1.0,1.0,4.0,3.12,4.0,1.62,2.0,2.62,2.62,3.5,2.38,1.0,2.38,1.62,2.75,1.75,1.88,4.0,1.0,2.25,2.88,3.12,4.12,3.12,3.12,1.75,3.0,1.38,3.62,3.31,2.94,3.86,3.56,3.92,1.87,3.14,2.96,3.51,3.36,1.62,3.92,2.67,3.53,4.25,2.87,2.4,3.97,2.33,3.62,3.44,3.78,2.43,3.27,1.63,4.02,3.03,2.85,2.03,3.16,3.34,1.3,1.27,3.16,3.41,1.96,2.11,3.45,4.56,4.18,3.95,2.67,1.95,4.75,4.07,3.63,2.28,1.3,2.58,4.61,4.88,1.18,1.73,1.39,1.16,1.23,1.17,1.03,1.11,1.11,2.13,1.1,1.01,4.26,4.45,4.28,2.93,3.94,3.88,3.31,1.12,1.0,3.92,1.41,3.58,1.19,1.05,1.58,2.86,3.05,1.51,1.0,1.01,1.16,2.01,3.72,2.38,2.19,1.89,4.24,4.05,1.78,1.11,3.03,4.14,3.86,True,True,False,True,True,True,True,True
25-1193,"Recreation and Fitness Studies Teachers, Postsecondary","Recreation and Fitness Studies Teachers, Postsecondary","Recreation and Fitness Studies Teachers, Postsecondary",0.2790697674418604,0.5581395348837209,0.8372093023255813,0.3720930232558139,0.6162790697674418,0.8604651162790697,1.16489,1,25-1193,False,,,,,base_00,5,base_00,False,1,1.38,2.12,3.12,1.38,3.75,2.0,1.0,1.38,1.0,1.38,2.88,1.38,2.5,3.25,1.0,1.38,1.38,2.0,3.75,3.12,1.12,2.5,2.62,1.38,3.62,1.0,2.12,4.0,4.12,3.0,2.12,1.0,3.12,1.0,1.0,1.0,3.0,1.0,1.0,4.0,3.38,2.12,1.0,1.62,1.38,2.62,1.88,2.0,2.12,1.12,4.0,4.0,3.38,4.0,3.62,3.12,3.88,1.0,1.0,1.0,4.12,3.75,4.0,2.12,2.0,2.88,2.12,3.75,3.0,1.0,2.62,1.88,3.12,1.25,2.0,4.0,1.0,2.38,3.0,3.12,4.12,3.12,3.0,1.88,3.75,1.75,4.0,3.89,3.24,4.17,3.57,4.23,1.74,3.72,3.39,3.67,3.76,1.33,4.52,2.55,3.49,4.42,3.42,2.47,4.02,2.57,4.05,3.79,3.99,2.95,2.83,1.39,4.07,3.35,3.72,2.38,3.65,3.47,1.64,1.43,3.08,3.32,2.69,2.73,3.77,4.51,4.23,3.96,3.11,2.92,4.76,4.25,3.61,2.64,1.34,1.86,4.79,4.82,1.93,1.52,1.71,1.59,1.21,1.18,1.27,1.46,1.0,3.03,1.74,1.09,4.78,4.62,3.76,3.05,4.11,3.63,2.77,1.57,1.19,4.39,2.19,2.96,2.09,1.76,1.07,3.35,4.14,1.77,1.15,1.58,1.63,2.41,3.26,2.74,1.62,2.14,4.03,3.58,1.51,1.02,3.22,4.41,3.49,True,True,False,True,True,True,True,True
25-1194,"Career/Technical Education Teachers, Postsecondary","Career/Technical Education Teachers, Postsecondary","Career/Technical Education Teachers, Postsecondary",0.1282051282051282,0.4871794871794871,0.8461538461538461,0.2051282051282051,0.4487179487179487,0.6923076923076923,0.1622185,1,25-1194,False,,,,,base_00,3,base_00,False,1,2.75,2.25,2.88,2.62,3.62,2.0,1.0,2.0,1.38,2.0,2.88,2.88,2.75,2.88,1.5,2.0,2.0,2.25,3.25,3.25,2.5,2.12,2.88,2.12,3.25,1.5,2.12,4.0,4.0,3.0,2.12,1.62,3.75,2.0,2.0,2.0,3.0,1.62,1.5,3.75,3.62,2.0,1.38,2.0,2.0,2.88,2.25,2.12,2.62,2.0,3.88,3.88,3.88,4.0,3.25,3.12,3.75,1.88,2.25,1.12,4.0,3.25,4.0,2.0,2.0,2.88,2.25,3.62,3.0,2.25,2.5,2.38,3.0,1.5,2.25,3.88,1.75,1.88,3.0,3.25,3.88,2.75,2.75,1.88,3.0,2.25,3.62,3.37,3.38,4.23,3.69,4.02,3.28,3.33,3.32,3.43,3.62,3.08,4.02,2.66,3.86,4.42,3.41,3.44,3.69,3.51,3.76,3.33,3.85,3.08,3.43,2.73,4.15,3.2,3.51,3.15,3.25,3.72,2.96,3.05,3.02,3.67,2.69,2.62,3.31,4.66,4.28,3.55,2.68,2.48,4.65,4.07,3.78,2.46,1.41,1.79,4.31,4.49,2.68,1.56,1.67,1.82,1.9,2.27,1.15,2.13,1.17,2.69,1.65,1.18,4.38,4.38,3.56,3.18,3.44,4.07,2.96,1.56,1.28,4.39,1.95,2.66,1.38,1.4,1.36,4.03,4.51,1.93,1.21,1.34,1.61,2.12,2.5,3.64,2.9,2.32,3.61,3.52,2.96,1.38,3.05,3.86,3.18,True,True,False,True,True,True,True,True
25-2011,"Preschool Teachers, Except Special Education","Preschool Teachers, Except Special Education","Preschool Teachers, Except Special Education",0.0606060606060606,0.2272727272727273,0.3939393939393939,0.1515151515151515,0.3106060606060606,0.4696969696969697,0.0306372,1,25-2011,False,0.0074,1,25-2011,False,base_00,3,base_00,False,1,2.12,2.5,2.88,1.62,3.5,2.0,1.0,2.0,1.38,2.38,3.0,2.12,2.88,3.62,1.0,2.12,2.0,2.5,3.0,3.25,2.12,2.38,2.75,2.12,3.25,1.0,2.0,4.0,4.0,3.75,2.62,1.0,3.88,1.0,1.25,1.12,2.88,1.38,1.12,4.0,3.62,2.75,1.62,2.38,2.12,2.88,2.75,2.5,2.62,1.25,3.62,3.12,3.12,3.88,3.0,3.75,3.75,1.0,1.38,1.0,4.0,3.12,3.88,1.5,2.0,2.88,2.0,3.75,2.88,1.0,1.75,1.75,3.0,1.0,2.0,3.75,1.0,1.62,3.62,3.75,4.0,2.5,2.75,1.5,3.0,1.75,3.0,1.98,4.24,3.02,2.8,3.52,1.36,2.79,3.61,3.11,3.05,1.03,4.02,1.86,3.25,4.02,2.73,2.59,3.43,2.69,2.45,2.78,3.43,2.63,3.25,1.31,3.28,2.26,2.76,3.17,2.54,2.63,1.41,1.2,3.38,3.08,1.84,1.9,3.67,3.76,2.87,2.27,3.43,3.08,4.8,3.82,3.25,3.17,1.98,1.56,3.6,2.27,1.55,1.17,3.07,1.62,1.0,1.0,1.0,2.02,1.0,3.47,1.97,1.02,4.29,3.55,3.54,3.04,3.63,3.35,2.01,1.38,1.0,4.34,1.49,2.49,3.11,1.82,1.0,4.05,2.53,2.96,1.0,2.12,3.09,2.53,2.06,3.63,2.98,3.11,2.74,3.07,1.13,1.0,2.72,4.37,3.37,True,True,True,True,True,True,True,True
25-2012,"Kindergarten Teachers, Except Special Education","Kindergarten Teachers, Except Special Education","Kindergarten Teachers, Except Special Education",0.0547945205479452,0.2328767123287671,0.410958904109589,0.136986301369863,0.2945205479452054,0.4520547945205479,0.3644047,1,25-2012,False,0.15,1,25-2012,False,base_00,4,base_00,False,1,2.25,2.25,3.12,1.62,3.38,1.5,1.0,2.0,1.5,2.25,2.75,2.25,2.88,3.75,1.0,2.25,2.12,2.12,3.38,3.25,1.62,2.5,2.75,2.12,3.25,1.0,2.88,3.88,4.12,3.38,2.62,1.0,3.88,1.0,1.0,1.0,3.25,1.12,1.0,3.88,3.62,2.75,1.0,1.88,2.25,3.0,2.38,2.38,2.38,1.5,4.0,3.88,3.25,4.0,3.38,3.88,3.25,1.0,1.0,1.0,4.12,3.5,4.0,1.12,1.75,3.0,2.25,4.0,3.12,1.0,1.62,1.88,3.25,1.25,1.88,3.88,1.0,1.38,3.62,4.12,4.0,2.88,3.0,1.62,3.75,1.5,3.25,3.54,3.76,3.6,3.34,3.8,1.87,3.56,3.49,4.04,3.41,1.07,4.11,2.45,3.55,3.88,3.27,2.51,3.37,1.98,3.0,2.8,3.98,2.3,3.52,1.28,4.19,2.62,3.25,2.56,3.17,2.87,1.55,1.12,3.47,3.6,1.91,1.69,4.25,3.96,3.95,3.55,3.3,2.15,4.64,4.1,4.34,2.87,1.81,1.68,3.83,4.85,2.46,1.52,3.7,1.74,1.24,1.29,1.19,1.67,1.0,3.16,1.62,1.13,4.58,4.14,4.14,2.95,3.9,3.39,2.45,1.22,1.16,4.22,1.98,2.73,2.49,2.02,1.28,4.42,3.82,2.6,1.17,1.54,2.67,2.7,2.12,4.07,2.67,3.35,3.85,3.74,1.26,1.0,2.84,4.57,4.11,True,True,True,True,True,True,True,True
25-2021,"Elementary School Teachers, Except Special Education","Elementary School Teachers, Except Special Education","Elementary School Teachers, Except Special Education",0.054054054054054,0.3108108108108108,0.5675675675675675,0.1351351351351351,0.3108108108108108,0.4864864864864865,0.8869491,1,25-2021,False,0.0044,1,25-2021,False,base_00,4,base_00,False,1,1.62,2.75,3.38,1.12,3.88,1.5,1.0,1.38,1.38,1.88,3.0,1.75,3.0,3.88,1.0,1.88,1.5,2.0,4.0,3.88,1.5,3.0,2.88,1.88,3.75,1.0,2.88,4.0,4.62,3.75,2.62,1.0,4.0,1.0,1.0,1.0,3.12,1.12,1.0,4.0,4.0,2.62,1.38,2.12,2.0,3.0,2.12,2.62,2.62,1.88,3.88,3.88,3.75,4.0,3.12,3.88,4.0,1.0,1.5,1.0,4.25,3.75,4.25,1.12,1.75,2.62,2.75,4.0,3.0,1.12,2.12,1.88,3.12,1.75,1.75,3.88,1.0,2.0,3.88,4.0,4.12,3.0,3.0,1.88,3.75,1.0,3.88,3.08,4.14,4.09,3.44,3.86,1.38,3.7,3.62,3.76,3.39,1.29,4.09,2.19,2.79,3.58,3.31,2.37,3.49,1.82,3.33,3.12,3.92,2.04,3.22,1.42,3.7,3.07,3.41,2.58,3.02,2.71,1.42,1.06,3.72,3.78,1.71,1.86,3.87,4.48,3.98,4.12,4.05,1.86,4.89,4.67,4.53,4.04,2.38,1.91,3.93,5.0,1.49,1.22,3.33,1.0,1.0,1.11,1.03,1.62,1.0,4.28,1.78,1.03,4.87,3.99,3.97,3.82,3.96,3.36,2.42,1.21,1.0,4.42,1.68,2.62,2.52,1.05,1.03,4.86,4.59,2.0,1.09,1.54,2.4,2.22,2.32,4.21,2.2,3.16,3.6,3.76,1.1,1.0,3.94,4.97,3.61,True,True,True,True,True,True,True,True
25-2022,"Middle School Teachers, Except Special and Career/Technical Education","Middle School Teachers, Except Special and Career/Technical Education","Middle School Teachers, Except Special and Career/Technical Education",0.072463768115942,0.3478260869565217,0.6231884057971014,0.2028985507246377,0.3405797101449275,0.4782608695652174,1.286445,1,25-2022,False,0.17,1,25-2022,False,base_00,4,base_00,False,1,1.38,2.12,2.88,1.38,3.75,1.62,1.0,1.0,1.0,1.0,2.88,1.88,3.0,3.38,1.0,1.25,1.25,2.0,3.25,3.88,1.25,2.88,3.0,1.0,3.75,1.0,2.88,3.88,4.25,3.12,2.75,1.0,3.88,1.0,1.0,1.0,3.0,1.12,1.0,3.88,3.75,2.62,1.0,1.38,1.0,2.75,2.0,2.12,2.5,1.25,3.88,3.88,3.88,4.0,3.62,3.75,3.75,1.0,1.0,1.0,4.25,3.62,4.25,1.88,2.0,2.88,2.88,3.88,3.0,1.0,1.25,1.88,3.12,1.25,1.75,3.88,1.0,2.0,3.25,3.88,4.12,3.0,3.0,1.75,3.75,1.0,3.88,3.83,4.33,4.37,3.39,4.14,1.91,4.31,3.79,4.38,4.14,1.55,4.51,2.64,3.76,4.22,3.56,2.13,3.99,2.19,4.16,3.96,4.31,2.0,3.75,1.3,4.33,3.19,3.14,2.35,3.58,3.26,1.56,1.4,3.99,3.81,2.25,1.51,4.39,4.62,4.03,3.87,3.15,1.85,4.77,4.04,2.83,3.4,2.06,1.42,4.57,4.86,1.9,1.33,2.36,1.37,1.02,1.0,1.0,1.36,1.0,3.16,1.55,1.0,4.8,4.38,4.15,3.22,3.36,3.39,3.22,1.46,1.0,4.48,2.17,2.22,2.45,1.85,1.01,4.28,4.13,1.9,1.11,1.22,1.8,2.34,2.5,3.59,2.55,2.98,3.39,3.32,1.06,1.0,3.22,4.62,3.26,True,True,True,True,True,True,True,True
25-2023,"Career/Technical Education Teachers, Middle School","Career/Technical Education Teachers, Middle School","Career/Technical Education Teachers, Middle School",0.1935483870967742,0.3225806451612903,0.4516129032258064,0.1612903225806451,0.3387096774193548,0.5161290322580645,0.5199191,1,25-2023,False,0.26,1,25-2023,False,base_00,4,base_00,False,1,2.12,2.75,3.25,2.12,3.88,1.88,1.0,1.88,1.38,1.75,3.12,2.12,2.75,3.25,1.0,1.88,1.88,2.62,3.75,3.12,2.0,2.75,2.75,2.0,3.88,1.0,2.38,4.0,4.12,3.25,3.0,1.0,3.75,1.75,1.88,1.5,3.12,1.0,1.12,4.0,3.88,2.62,1.38,1.88,1.88,3.0,2.12,2.5,2.75,2.0,4.0,3.88,3.5,4.0,3.25,3.38,3.88,1.25,1.62,1.0,4.0,3.38,4.0,1.75,2.25,2.62,2.5,3.88,2.75,1.88,2.62,2.0,2.88,1.75,2.0,4.0,1.38,1.88,3.25,3.88,4.12,3.0,3.0,1.75,3.0,1.88,3.62,3.66,3.18,3.84,3.58,4.21,2.82,3.66,3.71,3.97,3.91,2.25,4.17,2.83,3.62,4.29,3.51,2.47,3.92,2.9,3.78,3.65,4.0,2.99,3.88,1.43,4.03,3.43,3.01,2.68,3.5,3.11,2.1,1.73,3.65,3.39,1.94,1.41,4.17,4.41,4.28,4.14,3.71,2.78,4.64,4.22,3.83,3.89,2.42,1.31,4.27,4.81,2.04,1.19,1.92,1.42,1.33,2.13,1.09,2.07,1.0,3.14,1.46,1.06,4.55,4.4,4.52,3.2,3.67,3.73,2.78,1.63,1.21,4.32,1.71,2.5,1.85,1.61,1.44,4.13,3.59,1.61,1.22,1.09,1.59,1.82,2.47,3.63,2.76,2.7,3.7,3.88,2.69,1.17,3.31,4.24,3.22,True,True,True,True,True,True,True,True
25-2031,"Secondary School Teachers, Except Special and Career/Technical Education","Secondary School Teachers, Except Special and Career/Technical Education","Secondary School Teachers, Except Special and Career/Technical Education",0.0317460317460317,0.3333333333333333,0.6349206349206349,0.1587301587301587,0.3412698412698413,0.5238095238095237,1.191325,1,25-2031,False,0.0078,1,25-2031,False,base_00,4,base_00,False,1,1.62,2.12,3.25,1.0,3.88,1.62,1.0,1.12,1.12,1.12,3.0,1.62,2.88,3.5,1.0,1.25,1.12,2.0,3.75,3.62,1.12,3.0,2.88,1.12,3.88,1.0,2.88,4.0,4.12,3.38,2.88,1.0,3.75,1.0,1.0,1.0,3.0,1.0,1.25,4.0,4.0,2.75,1.0,1.25,1.25,2.75,2.0,2.0,2.75,1.25,4.0,4.0,3.75,4.0,3.38,3.75,3.88,1.0,1.0,1.0,4.12,3.75,4.0,1.75,2.12,2.75,2.75,3.88,3.0,1.0,1.88,1.62,3.0,1.62,2.0,4.0,1.0,2.0,3.0,3.88,4.0,3.0,3.0,1.62,3.25,1.12,3.62,3.5,4.0,4.45,3.28,4.18,1.81,3.74,3.54,4.22,3.65,1.67,4.35,2.44,3.59,4.07,3.35,2.24,3.65,2.64,3.48,3.2,4.36,2.63,3.39,1.63,4.17,3.31,3.3,2.72,3.7,3.23,1.84,1.61,3.78,3.71,2.06,1.63,4.06,4.65,4.06,4.19,3.43,2.22,4.78,4.09,3.34,3.41,1.94,1.37,4.04,4.96,1.8,1.47,2.48,1.55,1.18,1.38,1.12,1.54,1.08,3.63,1.68,1.06,4.73,4.25,3.57,3.29,3.49,3.14,2.26,1.58,1.14,4.56,2.04,2.2,2.12,1.53,1.12,4.19,4.52,1.71,1.24,1.49,1.62,1.99,3.0,3.28,2.27,2.58,3.56,3.28,1.3,1.06,3.05,4.24,2.9,True,True,True,True,True,True,True,True
25-2032,"Career/Technical Education Teachers, Secondary School","Career/Technical Education Teachers, Secondary School","Career/Technical Education Teachers, Secondary School",0.1515151515151515,0.3333333333333333,0.5151515151515151,0.1212121212121212,0.3333333333333333,0.5454545454545454,0.3734505,1,25-2032,False,0.0088,1,25-2032,False,base_00,4,base_00,False,1,2.75,2.75,3.5,2.38,3.88,2.0,1.0,1.75,1.62,2.0,3.38,2.5,3.0,3.75,1.5,1.75,1.75,2.38,4.0,3.75,2.62,3.0,3.0,2.0,3.88,1.38,2.88,4.12,4.25,3.38,2.88,1.5,4.0,1.88,1.88,2.0,3.12,1.5,1.75,4.12,4.0,3.0,1.5,2.0,2.12,3.0,2.5,2.62,2.75,2.12,4.12,4.0,3.88,4.12,3.75,3.88,4.0,2.0,1.88,1.0,4.5,3.75,4.12,1.88,2.12,2.75,3.0,4.0,3.12,2.0,1.75,2.38,3.12,1.62,2.25,4.12,1.88,1.75,3.75,4.0,4.12,2.88,3.0,1.88,3.62,2.12,4.0,3.74,4.07,4.49,3.72,4.41,3.44,3.96,4.16,4.28,4.22,3.14,4.37,3.08,3.78,4.43,3.94,3.46,4.03,3.79,4.08,3.73,4.42,3.46,4.09,2.69,4.5,3.24,3.7,3.34,4.06,4.07,2.4,3.32,3.86,4.19,2.96,2.46,4.5,4.74,4.41,4.08,3.51,2.86,4.53,4.01,3.06,3.8,2.41,1.41,4.13,4.79,2.4,2.27,2.57,2.13,1.66,1.6,1.62,1.88,1.26,3.59,2.16,1.14,4.4,4.07,4.36,3.77,3.88,3.62,3.13,1.96,1.4,3.69,2.83,2.77,2.23,1.85,1.66,4.04,4.45,2.2,1.29,1.49,1.87,2.43,2.78,3.24,2.71,2.82,3.54,3.95,2.62,1.61,3.26,3.8,3.37,True,True,True,True,True,True,True,True
25-2051,"Special Education Teachers, Preschool","Special Education Teachers, Preschool","Special Education Teachers, Preschool",0.1142857142857142,0.1999999999999999,0.2857142857142857,0.1714285714285714,0.3071428571428571,0.4428571428571428,0.3750564,1,25-2051,False,,,,,base_00,5,base_00,False,1,2.12,2.75,3.0,1.62,3.88,1.88,1.12,2.0,1.75,2.0,2.88,2.0,2.62,3.25,1.25,2.12,2.0,2.25,3.75,3.38,2.12,2.0,2.5,1.88,3.38,1.0,2.0,4.0,4.12,2.88,2.5,1.12,4.0,1.0,1.0,1.38,3.38,1.38,1.25,4.0,3.5,2.5,1.0,2.0,2.0,3.0,2.38,2.12,2.25,1.88,4.0,3.75,3.62,4.0,3.25,3.25,3.88,1.0,1.12,1.0,3.62,3.38,3.75,1.25,1.62,2.62,2.25,3.75,2.88,1.0,1.75,1.75,3.0,1.75,1.88,3.88,1.0,2.0,3.62,3.88,4.12,3.12,3.12,1.5,3.12,1.38,3.75,3.44,4.35,3.62,3.22,4.29,1.83,3.49,3.55,3.92,4.22,1.68,4.21,2.1,3.76,4.45,2.78,3.07,3.74,2.65,3.66,2.98,3.57,1.97,3.75,1.55,4.06,3.21,3.03,3.21,3.22,2.76,1.37,1.42,3.01,3.2,2.16,1.98,3.41,4.13,3.61,4.03,2.89,2.39,4.98,3.42,2.91,2.72,1.68,1.55,3.64,4.58,1.7,1.78,3.08,1.2,1.0,1.0,1.13,1.68,1.0,3.51,1.58,1.0,5.0,4.09,4.32,3.29,3.59,3.14,2.41,1.45,1.0,4.37,1.27,2.11,2.83,1.95,1.07,4.49,1.67,3.29,1.0,2.26,3.39,3.06,2.76,3.38,2.7,2.71,3.56,3.09,1.86,1.0,3.21,4.66,3.38,True,True,False,True,True,True,True,True
25-2055,"Special Education Teachers, Kindergarten","Special Education Teachers, Kindergarten","Special Education Teachers, Kindergarten",0.1,0.25,0.4,0.1666666666666666,0.35,0.5333333333333333,0.7357486,1,25-2052,True,,,,,base_00,4,base_00,False,1,,,,,,,,,,,,,,,,,,,,,,,,,,,,,,,,,,,,,,,,,,,,,,,,,,,,,,,,,,,,,,,,,,,,,,,,,,,,,,,,,,,,,,,,,,,,,,,,,,,,,,,,,,,,,,,,,,,,,,,,,,,,,,,,,,,,,,,,,,,,,,,,,,,,,,,,,,,,,,,,,,,,,,,,,,,,,,,,,,,,,,,,True,True,False,True,False,False,False,False
25-2056,"Special Education Teachers, Elementary School","Special Education Teachers, Elementary School","Special Education Teachers, Elementary School",0.1,0.3166666666666666,0.5333333333333333,0.1666666666666666,0.35,0.5333333333333333,0.7357486,1,25-2052,True,,,,,base_00,4,base_00,False,1,1.25,2.88,3.62,1.12,4.0,2.0,1.12,1.88,1.75,2.0,3.25,1.38,3.25,3.75,1.12,2.0,1.75,2.5,3.88,3.62,1.25,2.75,2.75,1.88,3.75,1.0,2.62,4.25,4.38,3.5,2.88,1.12,4.12,1.0,1.12,1.12,3.5,1.12,1.25,4.12,3.62,2.62,1.0,2.0,2.12,2.88,2.38,2.38,2.88,2.12,4.0,3.62,3.5,4.25,3.5,3.38,4.0,1.0,1.25,1.0,4.25,3.62,4.12,1.62,2.12,2.75,2.62,3.62,2.75,1.5,1.75,1.75,3.12,1.62,2.38,4.12,1.0,1.88,3.62,4.12,4.25,2.75,2.88,2.0,3.12,1.62,3.75,4.02,3.27,3.59,3.77,4.24,1.58,3.41,3.4,3.83,3.74,1.76,4.7,2.52,3.93,4.75,3.44,2.14,3.84,2.63,3.34,3.59,3.81,2.08,3.79,1.53,4.56,3.27,3.1,2.81,3.85,3.64,1.37,1.38,2.81,3.47,1.74,2.01,3.73,3.68,4.17,3.63,3.11,2.76,4.78,3.99,3.02,3.15,2.13,1.41,4.02,4.88,2.01,1.37,2.67,1.51,1.09,1.0,1.0,1.8,1.0,3.43,1.45,1.0,4.75,3.62,2.64,3.31,3.14,3.16,2.37,1.02,1.0,4.38,1.95,2.31,1.51,1.23,1.02,4.76,2.65,2.3,1.0,1.29,1.93,2.02,2.61,3.73,1.57,2.21,3.74,3.5,1.23,1.0,2.66,4.4,3.25,True,True,False,True,True,True,True,True
25-2057,"Special Education Teachers, Middle School","Special Education Teachers, Middle School","Special Education Teachers, Middle School",0.0779220779220779,0.3051948051948052,0.5324675324675325,0.1298701298701298,0.3051948051948052,0.4805194805194805,1.296072,1,25-2053,False,0.016,1,25-2053,False,base_00,4,base_00,False,1,1.25,2.25,3.0,1.0,3.88,1.25,1.0,1.25,1.25,1.25,2.88,1.62,2.88,3.0,1.0,1.38,1.25,2.0,3.88,3.75,1.5,2.62,2.88,1.25,3.5,1.0,2.75,4.0,4.0,3.5,2.62,1.12,3.88,1.12,1.25,1.25,3.12,1.0,1.12,3.88,3.88,2.75,1.25,1.75,1.25,2.75,2.0,2.0,2.5,1.38,3.88,3.88,4.0,4.0,3.62,3.88,3.75,1.0,1.0,1.0,4.0,3.62,4.0,1.12,1.12,2.88,2.62,3.88,3.0,1.12,1.38,1.38,3.12,1.38,1.25,3.88,1.0,1.88,3.88,4.0,4.0,2.88,2.88,1.62,3.75,1.0,3.88,3.25,3.6,3.57,3.28,3.49,1.71,3.0,3.32,3.35,3.25,1.57,4.18,1.83,3.1,3.52,3.04,2.05,3.25,2.05,3.35,2.51,3.5,2.41,3.28,1.5,4.01,2.97,2.99,2.16,3.15,2.8,1.68,1.39,3.39,2.82,2.2,1.94,3.12,3.6,3.49,3.84,4.59,2.62,4.14,4.21,2.95,3.96,2.55,1.33,3.87,4.99,2.69,1.54,2.89,2.1,1.21,1.55,1.1,1.76,1.0,4.21,2.57,1.1,4.62,3.86,3.5,3.76,3.1,3.61,3.03,1.82,1.0,4.3,3.24,1.75,2.16,2.12,1.0,4.48,3.19,1.73,1.1,1.53,1.71,2.4,2.45,3.6,1.97,2.61,3.87,3.92,1.44,1.0,3.67,4.65,3.49,True,True,True,True,True,True,True,True
25-2058,"Special Education Teachers, Secondary School","Special Education Teachers, Secondary School","Special Education Teachers, Secondary School",0.1025641025641025,0.3012820512820512,0.5,0.1538461538461538,0.2948717948717949,0.4358974358974359,0.9587653,1,25-2054,False,0.0077,1,25-2054,False,base_00,4,base_00,False,1,1.62,2.75,3.0,1.0,3.88,1.88,1.0,1.12,1.62,1.12,2.88,1.62,2.88,3.62,1.0,1.88,1.75,2.0,3.88,3.75,1.25,2.62,2.88,1.88,3.75,1.0,2.75,3.88,4.0,3.0,2.75,1.12,4.0,1.0,1.0,1.0,3.0,1.0,1.12,4.0,3.88,2.88,1.0,1.75,1.88,2.88,2.0,2.25,2.62,1.38,3.88,3.88,3.38,3.88,3.75,3.88,3.75,1.0,1.0,1.0,4.12,3.62,4.12,1.75,1.88,2.88,2.62,3.88,3.0,1.0,1.88,1.88,3.0,1.5,1.62,4.0,1.0,1.88,3.88,3.88,4.0,3.0,3.0,1.75,3.75,1.0,3.88,3.74,4.13,3.61,3.46,4.69,2.08,3.4,3.6,3.94,4.39,1.99,4.55,2.76,3.89,4.3,3.02,2.3,3.94,2.19,4.11,3.58,4.16,2.2,4.54,1.82,4.47,3.26,3.33,2.71,4.03,3.25,1.84,1.69,3.45,3.51,2.45,2.09,4.18,4.21,4.13,4.49,4.31,2.75,4.99,4.61,3.37,3.8,2.21,1.47,4.22,4.97,2.56,1.34,1.94,1.55,1.05,1.05,1.05,1.1,1.0,3.64,1.91,1.12,4.94,4.54,4.12,3.3,4.17,3.81,2.41,1.4,1.01,4.09,2.25,1.91,1.85,1.2,1.04,4.32,3.85,1.43,1.12,1.28,1.58,2.21,3.2,2.83,2.07,2.3,4.0,3.82,1.26,1.04,2.93,4.89,3.47,True,True,True,True,True,True,True,True
25-2059,"Special Education Teachers, All Other",,Adapted Physical Education Specialists,0.3,0.475,0.65,0.2,0.25,0.3,-0.6632917,1,25-2059,False,,,,,first_detail,5,detail_mode,False,1,3.0,2.25,3.0,2.25,3.88,2.0,1.25,2.12,2.12,3.0,3.12,2.75,3.12,3.38,1.0,3.0,2.75,2.12,3.38,3.25,3.0,2.0,2.75,3.0,3.88,1.0,2.0,4.0,4.12,3.25,2.75,1.0,3.88,1.0,1.88,2.12,3.12,1.0,1.75,3.75,3.75,2.75,2.0,3.0,3.0,2.88,3.0,2.0,2.38,1.38,3.88,3.88,4.0,4.0,3.25,3.5,3.88,1.0,1.12,1.0,4.12,3.88,3.88,1.5,1.75,3.0,2.0,3.88,2.88,1.5,2.0,2.12,3.12,1.25,2.0,3.88,1.0,1.5,3.88,4.0,4.0,3.0,3.12,1.88,3.12,1.88,3.88,3.14,4.38,3.75,2.95,4.05,1.48,3.19,3.57,4.05,3.9,1.19,4.0,2.38,3.52,4.1,3.67,3.62,3.57,2.81,3.29,3.38,4.0,1.9,3.38,1.86,4.0,2.95,3.19,4.48,2.9,3.52,1.33,1.48,3.05,3.29,2.2,1.43,4.05,3.62,3.52,3.24,3.29,2.4,4.38,3.76,3.33,3.24,3.1,1.2,4.5,4.76,1.67,1.86,2.71,2.0,1.14,1.24,1.24,2.19,1.0,3.57,2.24,1.1,4.81,4.55,3.47,3.81,3.19,2.84,2.19,2.81,1.05,3.86,3.24,2.62,3.15,2.33,1.1,4.67,3.33,3.15,1.24,2.62,2.71,2.55,1.9,4.43,2.76,3.9,3.48,3.38,1.33,1.05,3.35,4.43,3.05,True,True,False,True,True,True,True,True
25-3011,"Adult Basic Education, Adult Secondary Education, and English as a Second Language Instructors","Adult Basic Education, Adult Secondary Education, and English as a Second Language Instructors","Adult Basic Education, Adult Secondary Education, and English as a Second Language Instructors",0.1764705882352941,0.4044117647058823,0.6323529411764706,0.2205882352941176,0.4264705882352941,0.6323529411764706,1.348951,1,25-3011,False,0.19,1,25-3011,False,base_00,4,base_00,False,1,1.0,2.0,2.88,1.0,3.5,1.0,1.0,1.0,1.0,1.0,2.75,1.75,3.0,3.25,1.0,1.0,1.0,2.0,3.25,3.0,1.0,2.88,2.75,1.0,3.62,1.0,2.88,3.88,4.25,3.25,2.62,1.0,3.5,1.0,1.0,1.0,3.0,1.0,1.0,3.88,3.75,2.62,1.0,1.0,1.0,2.75,2.0,2.0,2.0,1.0,4.0,4.0,3.5,3.75,3.12,3.0,3.5,1.0,1.0,1.0,4.25,3.38,3.75,1.12,1.12,2.62,2.62,3.62,3.0,1.0,1.38,1.88,2.88,1.38,1.12,3.75,1.0,1.75,3.38,3.5,3.75,2.88,2.75,1.88,3.25,1.0,3.62,2.85,2.97,3.83,2.21,3.76,1.84,2.92,2.59,3.69,3.43,1.29,3.68,2.16,3.13,3.54,2.34,1.63,3.33,2.34,3.98,3.15,3.79,1.97,2.91,1.4,3.72,2.82,3.37,1.72,2.72,3.31,1.73,1.42,2.76,2.93,1.98,1.42,4.12,3.82,3.37,3.65,2.6,1.97,4.27,4.33,3.22,2.29,1.6,1.54,4.37,4.58,1.95,1.32,1.76,1.32,1.1,1.0,1.0,1.3,1.13,2.24,1.36,1.0,4.41,4.24,3.66,2.83,3.63,3.88,2.7,1.0,1.0,3.96,1.6,2.82,1.19,1.19,1.09,4.18,3.59,1.71,1.0,1.07,1.15,2.36,3.07,3.27,2.34,2.03,3.47,3.21,1.3,1.0,3.2,3.75,2.92,True,True,True,True,True,True,True,True
25-3021,Self-Enrichment Teachers,Self-Enrichment Teachers,Self-Enrichment Teachers,0.16,0.36,0.56,0.2,0.38,0.56,0.526352,1,25-3021,False,0.13,1,25-3021,False,base_00,3,base_00,False,1,2.0,2.0,3.0,1.75,3.12,1.75,1.0,1.75,1.25,1.88,2.5,2.0,2.62,3.0,1.0,1.62,1.62,1.62,3.0,3.12,1.88,2.0,2.5,1.75,3.12,1.0,2.0,3.88,4.0,3.0,2.12,1.0,3.0,1.25,1.25,1.5,2.62,1.0,1.12,3.62,3.25,2.0,1.0,1.88,1.75,2.38,2.12,2.0,2.5,1.62,3.12,3.12,3.12,3.38,2.88,3.0,3.12,1.0,1.0,1.0,3.38,3.0,3.38,1.25,1.5,2.5,2.0,3.12,2.12,1.62,1.88,1.88,2.62,1.75,2.0,3.12,1.0,1.38,3.0,3.12,3.62,2.25,2.25,1.75,2.88,1.62,3.0,3.02,2.99,4.74,3.1,3.72,1.61,3.09,2.7,3.07,3.43,1.42,4.12,1.91,2.59,4.03,2.72,2.44,3.9,2.63,4.28,2.96,4.01,1.89,3.54,1.79,3.34,2.52,3.03,2.83,2.95,3.11,1.28,1.74,2.99,3.08,3.02,1.91,4.12,4.87,3.51,2.83,2.14,1.84,4.75,3.81,3.24,2.17,1.01,1.41,4.37,3.92,1.19,1.25,1.33,1.2,1.14,1.14,1.02,1.12,1.14,2.06,1.2,1.14,4.66,4.79,3.42,2.76,3.65,3.56,2.9,1.96,1.04,4.43,1.73,2.09,1.72,1.41,1.27,4.04,2.64,1.48,1.01,1.04,1.29,1.89,3.24,2.53,2.92,1.5,2.58,2.76,1.49,1.56,2.48,3.82,2.21,True,True,True,True,True,True,True,True
25-3031,"Substitute Teachers, Short-Term","Substitute Teachers, Short-Term","Substitute Teachers, Short-Term",0.2777777777777778,0.3611111111111111,0.4444444444444444,0.0,0.0833333333333333,0.1666666666666666,1.32533,1,25-3099,True,,,,,base_00,4,base_00,False,1,1.62,2.12,2.75,1.62,3.38,1.12,1.12,1.5,1.12,1.12,2.75,1.88,2.38,2.75,1.0,1.12,1.12,2.0,3.38,2.88,1.75,2.0,2.5,1.25,3.62,1.0,2.12,4.0,3.88,2.62,2.25,1.12,3.12,1.12,1.25,1.12,2.62,1.0,1.38,3.62,3.38,2.12,1.12,1.12,1.12,2.5,1.75,2.25,2.12,1.62,3.5,3.5,3.0,3.62,2.88,2.88,3.38,1.0,1.12,1.0,3.38,2.75,3.12,1.0,1.25,2.5,2.0,3.38,2.62,1.12,1.62,1.5,2.88,1.25,1.25,3.62,1.0,1.38,3.0,3.5,3.62,2.25,2.0,1.5,3.12,1.0,3.12,2.11,3.73,2.79,1.82,3.83,2.04,2.54,2.44,2.47,3.47,1.16,3.56,2.16,2.86,3.98,2.46,2.05,3.48,2.23,2.58,2.33,3.36,2.29,3.92,1.56,3.06,2.6,2.36,2.28,2.72,2.09,1.71,1.47,3.43,2.76,1.57,1.42,2.63,2.81,2.68,3.25,2.94,1.33,4.63,4.32,2.17,2.82,1.81,1.59,3.73,3.79,1.31,1.0,1.71,1.42,1.0,1.01,1.0,1.15,1.0,2.45,1.24,1.0,4.06,4.26,3.34,3.63,2.83,3.32,2.85,1.05,1.0,3.23,1.42,2.41,2.12,1.9,1.17,2.9,3.77,2.02,1.0,2.04,1.55,2.62,2.72,3.48,3.1,2.39,2.75,2.92,1.08,1.03,2.82,4.16,3.65,True,True,False,True,True,True,True,True
25-3041,Tutors,Tutors,Tutors,0.1714285714285714,0.5428571428571428,0.9142857142857144,0.1714285714285714,0.3714285714285714,0.5714285714285714,1.32533,1,25-3099,True,,,,,base_00,3,base_00,False,1,1.62,2.12,3.0,1.5,3.38,1.0,1.0,1.0,1.0,1.0,2.25,1.75,2.88,3.38,1.0,1.0,1.0,2.0,3.38,3.25,1.62,2.88,2.88,1.0,3.38,1.0,2.62,4.12,4.0,3.0,2.25,1.0,3.38,1.0,1.0,1.0,3.12,1.0,1.0,4.0,3.88,2.75,1.0,1.0,1.0,2.75,1.5,2.0,2.12,1.12,4.0,4.0,3.62,4.0,3.62,3.0,3.75,1.0,1.0,1.0,4.12,3.25,4.0,1.0,1.25,2.75,2.88,3.5,3.0,1.0,1.75,1.38,3.0,1.38,1.12,4.12,1.0,1.62,3.38,3.75,4.0,2.5,2.25,1.38,3.12,1.0,3.62,3.18,3.45,4.48,2.55,4.14,1.67,2.68,2.57,3.45,3.79,1.14,4.55,1.73,2.55,3.86,2.33,1.55,2.82,1.64,4.1,2.55,4.18,1.95,3.14,1.38,3.82,3.05,3.64,1.59,3.19,3.52,1.48,1.19,2.73,3.45,1.76,1.77,4.05,4.71,4.0,3.45,2.82,1.38,4.59,3.81,3.76,2.76,1.36,1.48,4.36,4.5,1.14,1.09,1.57,1.14,1.0,1.05,1.0,1.05,1.0,2.41,1.1,1.05,4.76,4.27,3.14,2.24,2.59,3.52,2.1,1.09,1.0,4.62,1.18,2.52,1.1,1.14,1.14,4.38,2.27,1.37,1.0,1.1,1.36,2.05,4.86,2.19,2.18,1.25,3.29,3.5,1.0,1.0,2.48,3.57,2.86,True,True,False,True,True,True,True,True
25-4011,Archivists,Archivists,Archivists,0.0769230769230769,0.5,0.9230769230769232,0.2307692307692307,0.5,0.7692307692307693,0.6765602,1,25-4011,False,0.76,1,25-4011,False,base_00,5,base_00,False,1,2.0,1.88,4.0,1.62,3.62,1.88,1.0,2.0,1.38,2.0,2.75,2.0,2.5,3.0,1.0,1.5,1.5,1.88,3.5,3.88,2.0,2.12,2.62,2.0,3.88,1.0,2.38,3.75,3.88,2.88,2.38,1.0,3.0,1.0,1.0,1.0,3.0,1.0,1.12,3.0,3.12,2.25,1.0,1.75,2.0,2.12,2.0,2.62,2.38,1.38,4.0,3.88,3.38,3.88,3.25,2.88,3.38,1.0,1.0,1.0,2.88,3.12,2.88,1.88,2.0,2.5,2.0,3.0,2.5,1.0,2.12,1.75,2.62,1.5,2.12,4.12,1.0,1.88,3.12,2.75,3.5,2.88,2.88,1.62,2.88,1.62,3.88,3.7,2.32,3.35,4.1,4.13,2.1,3.39,3.29,3.81,4.74,1.68,3.9,3.19,3.61,4.42,3.45,3.81,4.19,2.61,3.97,3.97,4.03,3.37,3.26,1.84,4.13,3.43,3.87,2.87,4.39,3.3,1.77,1.68,3.0,3.52,2.06,3.17,3.7,3.58,4.35,4.52,2.06,2.72,4.1,3.21,4.16,2.25,1.19,2.14,4.0,4.97,2.79,2.0,1.07,1.48,1.21,1.2,1.8,1.68,1.0,2.13,1.32,1.0,4.66,4.03,2.86,2.26,3.23,3.97,3.72,1.9,1.0,4.89,2.0,3.24,1.25,1.37,1.17,2.89,2.61,1.93,1.97,1.46,1.97,2.97,4.03,2.43,3.13,1.89,4.14,2.94,1.75,1.39,2.5,4.0,3.32,True,True,True,True,True,True,True,True
25-4012,Curators,Curators,Curators,0.1481481481481481,0.5,0.8518518518518519,0.2592592592592592,0.5185185185185185,0.7777777777777777,0.7366658,1,25-4012,False,0.0068,1,25-4012,False,base_00,5,base_00,False,1,2.12,1.75,3.75,1.38,3.88,1.88,1.0,1.62,1.12,1.75,3.12,2.12,3.12,3.38,1.12,1.62,1.62,1.75,3.75,3.38,2.0,2.88,2.75,1.75,3.88,1.12,2.75,4.0,4.0,3.5,2.75,1.12,3.62,1.0,1.0,1.12,3.12,1.0,1.75,3.75,3.62,2.38,1.0,1.75,2.12,2.75,2.12,3.0,3.25,1.62,4.0,3.88,3.5,3.88,3.62,3.12,3.75,1.0,1.12,1.12,3.0,3.5,3.25,2.88,3.0,3.0,2.88,3.38,3.0,1.38,2.38,1.75,3.0,1.75,2.38,4.0,1.0,2.0,2.88,3.25,4.0,3.38,3.25,1.75,3.12,1.5,3.88,3.78,2.41,3.01,4.02,4.03,2.07,3.24,3.21,3.53,4.5,2.29,4.11,3.0,3.21,4.44,3.21,3.94,4.54,3.08,3.88,3.9,4.04,3.24,3.41,2.05,4.21,3.15,3.78,2.95,3.98,3.11,1.55,1.63,2.85,3.63,2.71,2.13,4.35,3.57,3.97,3.99,2.69,2.28,4.31,3.82,4.09,2.31,1.05,1.38,4.68,4.73,2.41,1.5,1.19,1.61,1.52,1.44,1.39,1.42,1.0,2.33,1.75,1.0,4.56,4.48,3.61,2.89,3.81,4.08,2.53,2.23,1.47,4.47,2.34,3.42,2.03,1.58,1.1,2.75,2.92,1.73,1.57,1.36,1.53,2.45,3.54,2.46,2.42,1.91,4.64,3.24,1.81,1.22,3.71,4.3,3.59,True,True,True,True,True,True,True,True
25-4013,Museum Technicians and Conservators,Museum Technicians and Conservators,Museum Technicians and Conservators,0.0526315789473684,0.2368421052631578,0.4210526315789473,0.1052631578947368,0.2368421052631578,0.3684210526315789,-0.0912107,1,25-4013,False,0.59,1,25-4013,False,base_00,4,base_00,False,1,3.25,2.75,3.12,2.88,3.25,2.12,1.0,2.0,1.25,2.25,3.12,3.25,3.12,3.25,1.12,1.88,2.0,2.0,3.12,3.62,3.12,2.25,2.75,2.75,3.75,1.0,2.0,3.62,3.75,3.38,2.88,1.12,3.12,1.75,1.75,1.75,3.0,1.0,1.38,3.5,3.5,2.12,1.0,1.88,2.75,2.5,2.25,3.12,3.25,2.12,3.5,3.5,3.0,3.88,3.12,3.0,3.25,1.38,1.62,1.38,3.0,3.12,2.88,1.75,2.12,2.25,2.25,3.12,2.5,1.75,1.38,2.5,2.5,1.5,2.38,3.62,1.75,2.38,2.75,2.88,3.62,2.75,2.75,1.88,2.75,1.75,3.25,3.0,1.94,2.6,3.26,3.83,2.97,2.69,3.01,3.25,3.57,2.31,3.72,3.03,2.82,4.21,2.37,4.04,4.29,3.29,2.86,3.34,3.86,2.25,3.88,2.17,3.41,2.83,2.93,3.6,3.39,2.66,2.03,2.59,2.53,2.76,1.93,1.6,3.58,2.55,3.49,3.31,2.3,2.97,3.76,3.4,3.49,2.05,1.12,1.44,4.35,4.15,2.85,2.21,1.01,1.9,2.01,2.3,1.95,1.99,1.13,2.59,2.12,1.03,4.52,4.6,3.37,3.08,3.72,4.31,3.23,1.89,1.25,4.17,2.46,1.9,1.92,1.77,1.26,3.19,2.25,2.48,1.62,1.67,2.14,2.26,2.65,3.49,3.56,2.49,3.92,3.45,3.07,1.54,3.01,4.14,2.85,True,True,True,True,True,True,True,True
25-4022,Librarians and Media Collections Specialists,Librarians and Media Collections Specialists,Librarians and Media Collections Specialists,0.1578947368421052,0.5350877192982456,0.912280701754386,0.2631578947368421,0.5,0.7368421052631579,0.7439546,2,25-4021;25-9011,True,0.52,2,25-4021;25-9011,True,base_00,5,base_00,False,1,2.0,2.0,3.5,2.0,3.25,1.62,1.25,1.88,1.75,1.88,2.75,2.0,2.75,3.0,1.12,1.12,1.12,1.75,3.25,3.62,2.25,2.12,2.75,1.88,3.62,1.12,2.12,4.12,4.25,2.88,2.62,1.12,3.0,1.25,1.25,1.25,3.0,1.12,1.5,3.5,3.5,2.88,1.25,1.12,1.88,2.5,2.12,2.0,2.12,2.0,4.12,3.75,3.25,3.88,3.0,2.88,3.62,1.12,1.12,1.12,3.12,3.12,2.88,2.25,2.75,2.62,2.0,3.38,2.5,1.12,1.88,1.75,2.62,2.0,1.38,3.88,1.0,1.12,3.38,3.25,3.88,2.25,2.38,1.62,3.12,1.25,3.62,3.4,2.85,3.11,3.48,4.2,1.87,3.11,3.12,3.45,3.7,1.31,4.41,2.62,2.98,4.37,2.68,2.69,3.54,2.34,3.92,3.14,3.76,3.4,3.16,1.38,3.76,3.33,3.65,2.48,3.72,2.98,1.7,1.29,3.12,3.39,2.53,1.69,3.77,3.78,4.2,4.74,3.1,2.04,4.44,3.63,3.96,3.13,1.71,2.42,4.43,4.83,2.03,1.61,1.94,1.31,1.06,1.25,1.29,1.31,1.0,2.74,1.54,1.0,4.75,4.27,3.48,2.56,3.19,3.67,2.91,1.42,1.09,4.29,1.73,2.52,1.4,1.39,1.09,3.24,3.34,2.0,1.29,1.29,1.98,2.63,3.37,2.94,2.83,2.49,4.62,3.53,1.27,1.03,2.79,4.31,3.6,True,True,True,True,True,True,True,True
25-4031,Library Technicians,Library Technicians,Library Technicians,0.3846153846153846,0.5673076923076923,0.75,0.2692307692307693,0.5288461538461539,0.7884615384615385,0.037965,1,25-4031,False,0.99,1,25-4031,False,base_00,3,base_00,False,1,2.0,2.0,3.12,2.0,3.0,1.25,1.38,2.12,1.25,2.38,3.0,2.88,2.88,2.12,1.0,2.0,1.88,1.75,2.88,3.0,2.5,2.0,2.38,2.0,3.25,1.0,2.0,3.38,3.38,2.0,2.75,1.0,2.88,1.0,1.12,1.12,2.88,1.12,1.88,3.25,3.25,2.0,1.12,2.0,2.25,2.0,2.38,2.0,2.0,1.75,3.25,3.0,2.88,3.25,2.5,3.0,3.0,1.62,1.12,1.0,2.62,2.88,3.0,1.88,2.0,2.75,2.0,2.88,1.75,1.75,1.62,1.88,2.12,1.62,1.5,3.38,1.12,1.25,3.12,3.0,3.25,2.0,2.0,1.38,2.75,1.62,2.88,2.41,2.96,2.01,2.77,4.0,2.15,2.78,2.15,2.52,3.61,1.06,3.81,2.1,2.77,4.02,1.79,3.52,3.48,2.46,2.99,2.99,3.17,2.76,3.38,1.26,3.49,3.12,3.47,3.31,3.42,1.82,1.58,1.35,2.66,2.92,1.89,1.71,3.08,2.25,3.43,4.29,3.25,2.03,4.05,3.04,3.7,2.89,1.61,2.66,4.28,4.71,2.73,1.45,1.65,1.65,1.3,1.28,1.21,1.48,1.23,3.12,1.42,1.21,4.78,4.16,3.79,2.36,3.41,3.94,4.15,1.37,1.28,4.89,1.64,2.43,1.5,1.27,1.4,3.46,2.0,2.27,1.24,1.39,2.0,3.61,3.59,2.65,3.33,2.14,4.42,3.48,1.31,1.21,2.71,4.08,3.27,True,True,True,True,True,True,True,True
25-9021,Farm and Home Management Educators,Farm and Home Management Educators,Farm and Home Management Educators,0.074074074074074,0.3703703703703703,0.6666666666666666,0.3703703703703703,0.537037037037037,0.7037037037037037,0.8604031,1,25-9021,False,0.0075,1,25-9021,False,base_00,5,base_00,False,1,2.12,2.25,3.62,2.25,4.0,2.12,1.12,1.75,1.5,1.62,2.88,2.0,3.0,3.5,1.75,1.62,1.5,2.0,4.0,4.0,2.0,3.0,3.12,2.12,3.0,1.75,3.0,4.12,4.5,3.75,2.88,1.75,3.88,1.88,1.88,1.88,3.0,1.75,2.0,4.12,3.75,3.0,1.25,1.75,1.75,3.0,2.0,2.0,3.0,1.75,4.12,4.0,3.75,4.38,3.75,3.75,3.75,1.0,1.25,1.0,3.88,3.88,3.75,2.62,2.5,2.88,3.0,3.38,3.12,2.25,2.5,2.25,3.5,1.62,1.88,4.0,1.0,2.75,3.62,3.88,4.12,3.62,3.62,1.88,3.38,1.38,3.88,3.56,2.59,3.5,4.52,4.31,2.07,3.44,3.89,3.67,3.67,1.44,4.41,2.78,3.19,4.22,3.27,2.59,3.78,2.54,3.96,2.88,4.0,3.38,3.41,3.33,4.3,3.37,4.41,2.67,3.48,3.93,1.78,1.81,3.11,4.15,2.78,2.62,3.7,4.33,4.48,4.19,2.74,2.19,4.44,3.85,4.7,2.59,1.41,1.59,4.56,5.0,2.41,1.7,1.33,2.11,1.7,2.04,1.22,2.0,1.0,2.56,2.52,1.22,4.69,4.74,3.44,2.96,3.26,3.41,2.3,4.04,2.0,3.81,3.67,2.52,3.42,3.12,1.07,2.81,3.07,1.67,1.19,1.46,1.63,2.0,3.48,2.48,2.15,2.11,4.85,3.22,1.96,1.48,3.04,4.33,3.52,True,True,True,True,True,True,True,True
25-9031,Instructional Coordinators,Instructional Coordinators,Instructional Coordinators,0.175,0.4875,0.8,0.275,0.525,0.775,1.301855,1,25-9031,False,0.0042,1,25-9031,False,base_00,5,base_00,False,1,1.12,2.25,3.75,1.0,3.88,1.62,1.0,1.0,1.0,1.0,3.12,1.88,3.0,3.62,1.0,1.12,1.0,1.75,3.75,3.75,1.25,3.0,3.12,1.0,3.88,1.0,3.0,4.12,4.25,3.75,2.62,1.0,4.0,1.0,1.0,1.0,3.0,1.0,1.0,4.12,4.0,2.88,1.25,1.38,1.0,2.88,1.75,2.12,3.0,1.5,4.38,4.25,3.88,4.0,3.88,3.88,3.88,1.0,1.12,1.0,4.12,3.75,4.25,2.25,2.5,3.12,2.75,4.0,3.12,1.0,2.0,1.62,3.25,1.62,1.88,4.0,1.0,1.5,3.62,3.88,4.12,3.25,3.25,1.75,3.62,1.5,4.12,4.19,3.29,4.14,3.23,4.54,1.5,3.31,4.12,4.16,3.67,1.46,4.63,2.97,3.83,4.23,3.44,2.11,3.69,2.36,3.76,3.6,4.38,3.26,3.71,1.67,4.5,3.71,3.22,2.08,3.89,3.83,1.39,1.3,3.21,3.91,2.4,2.31,3.72,4.53,4.06,4.45,3.05,1.71,4.83,4.15,3.6,2.95,1.39,1.18,4.11,5.0,1.3,1.06,1.62,1.01,1.1,1.0,1.05,1.16,1.0,2.8,1.35,1.0,4.95,4.02,3.35,2.43,3.57,3.26,2.69,1.91,1.0,4.99,1.39,2.97,1.81,1.33,1.0,3.18,3.64,1.34,1.0,1.12,1.16,2.22,3.59,2.92,1.61,2.18,4.56,3.63,1.24,1.0,3.97,4.82,3.43,True,True,True,True,True,True,True,True
25-9042,"Teaching Assistants, Preschool, Elementary, Middle, and Secondary School, Except Special Education","Teaching Assistants, Preschool, Elementary, Middle, and Secondary School, Except Special Education","Teaching Assistants, Preschool, Elementary, Middle, and Secondary School, Except Special Education",0.2666666666666666,0.3666666666666666,0.4666666666666667,0.1666666666666666,0.2833333333333333,0.4,0.4516636,1,25-9041,True,0.56,1,25-9041,True,base_00,3,base_00,False,1,2.0,2.75,3.38,1.88,3.38,1.75,1.12,2.25,2.0,2.5,3.38,2.0,2.75,3.25,1.25,2.0,2.25,2.25,3.12,3.62,2.0,2.62,2.62,2.25,3.38,1.0,2.62,3.75,3.75,3.25,2.75,1.5,3.5,1.12,1.12,1.12,2.88,1.12,1.12,3.5,3.5,2.62,1.25,2.38,2.12,2.75,2.62,2.25,2.75,1.75,3.75,3.5,3.12,3.75,3.12,3.5,3.38,1.0,1.0,1.0,3.38,2.75,3.38,1.75,2.38,2.38,2.5,3.38,2.88,1.12,1.25,2.0,3.0,1.5,1.62,3.62,1.0,1.38,3.5,3.75,3.62,2.12,2.25,1.62,3.25,1.75,3.38,3.07,4.5,3.26,3.03,4.15,1.62,3.78,2.58,4.16,4.01,1.36,4.14,2.89,3.6,4.45,1.95,2.07,3.77,3.91,3.44,3.62,4.37,2.0,4.03,1.9,4.04,1.97,3.38,3.69,3.65,2.45,1.24,1.37,4.31,4.1,1.91,1.64,4.46,3.08,4.11,3.12,3.05,2.69,4.9,4.17,3.15,2.74,2.1,2.07,3.61,3.64,1.85,1.63,3.47,2.33,1.19,1.12,1.01,1.86,1.0,3.59,2.72,1.0,3.78,3.39,4.24,3.77,4.27,3.05,2.9,1.21,1.0,4.74,2.11,1.54,2.81,1.86,1.4,4.75,2.07,2.66,1.2,2.05,3.47,2.62,2.38,3.68,2.86,3.41,2.0,2.45,1.29,1.12,2.25,4.64,2.26,True,True,True,True,True,True,True,True
25-9043,"Teaching Assistants, Special Education","Teaching Assistants, Special Education","Teaching Assistants, Special Education",0.1666666666666666,0.2666666666666666,0.3666666666666666,0.1333333333333333,0.25,0.3666666666666666,0.4516636,1,25-9041,True,0.56,1,25-9041,True,base_00,3,base_00,False,1,1.38,3.12,3.0,1.12,3.38,1.12,1.0,1.88,1.62,1.88,2.88,1.38,2.75,3.25,1.12,2.0,1.88,2.38,3.12,3.25,1.5,2.12,2.62,1.88,3.62,1.0,2.12,4.0,4.0,3.0,2.75,1.25,3.75,1.0,1.38,1.25,3.12,1.5,1.12,3.75,3.75,2.62,1.12,2.12,2.12,3.0,2.5,2.25,2.25,2.0,3.62,3.25,3.0,3.88,3.0,3.12,3.38,1.12,1.38,1.0,3.5,2.88,3.62,1.12,1.38,2.38,1.88,3.62,2.88,1.38,1.38,1.62,3.12,1.62,1.38,3.62,1.0,1.38,3.62,3.75,3.75,2.25,2.25,1.5,2.75,1.0,3.12,2.47,4.06,3.57,2.27,3.87,1.63,2.78,3.0,3.01,3.22,1.37,3.78,2.18,3.21,4.34,2.95,2.2,3.63,2.35,2.97,2.99,3.6,1.88,3.71,1.49,3.37,1.89,2.61,2.71,2.78,2.57,1.53,1.67,3.59,2.79,1.72,1.78,3.15,3.44,3.29,3.11,3.47,2.82,4.86,3.58,2.65,2.95,2.21,1.09,3.12,3.66,1.61,1.34,3.13,1.21,1.3,1.0,1.12,1.27,1.0,3.67,1.97,1.0,4.49,3.31,3.89,3.1,3.58,3.26,1.76,1.52,1.0,4.37,1.87,1.81,3.08,2.29,1.0,4.86,1.91,1.89,1.02,1.08,1.91,1.94,2.55,3.47,1.7,2.59,2.05,3.07,2.11,1.03,2.25,4.32,2.22,True,True,True,True,True,True,True,True
25-9044,"Teaching Assistants, Postsecondary","Teaching Assistants, Postsecondary","Teaching Assistants, Postsecondary",0.3333333333333333,0.5303030303030303,0.7272727272727273,0.1818181818181818,0.3636363636363636,0.5454545454545454,1.111356,1,25-1191,False,,,,,base_00,5,base_00,False,1,1.62,2.0,3.0,1.62,3.12,1.75,1.0,1.0,1.0,1.0,2.38,1.62,2.5,3.12,1.0,1.0,1.0,2.0,3.12,3.0,1.62,2.25,2.25,1.0,3.25,1.0,2.38,4.12,4.12,3.12,2.12,1.12,3.12,1.0,1.0,1.0,3.0,1.12,1.0,3.5,3.25,2.12,1.0,1.0,1.0,2.38,2.0,1.88,2.12,1.5,4.0,3.5,3.0,3.62,3.12,3.12,3.12,1.0,1.0,1.0,3.5,3.0,3.38,1.38,1.75,2.25,2.25,3.12,2.38,1.0,2.0,2.0,2.38,1.75,2.12,3.88,1.0,2.0,3.12,3.12,3.5,2.25,2.25,1.88,3.0,1.75,3.25,3.26,3.3,3.34,2.42,4.61,1.79,2.86,2.39,3.11,3.84,2.07,3.81,2.71,3.0,3.77,2.97,1.87,3.37,2.61,3.82,3.44,3.63,1.73,3.4,1.63,3.7,2.76,2.39,1.73,3.47,2.92,1.79,1.23,2.77,3.06,2.29,1.21,3.61,4.25,3.56,4.22,2.49,2.38,4.59,3.74,2.73,2.19,1.12,1.31,4.19,4.77,1.91,1.58,1.24,1.16,1.77,1.11,1.1,1.25,1.1,2.33,1.24,1.17,4.62,4.03,2.88,2.32,2.95,3.68,2.55,1.18,1.0,3.95,1.74,3.58,1.1,1.06,1.02,3.45,3.88,1.58,1.11,1.03,1.19,2.49,3.4,2.91,2.19,2.04,2.49,3.46,1.86,1.19,2.27,4.17,2.58,True,True,False,True,True,True,True,True
27-1011,Art Directors,Art Directors,Art Directors,0.0689655172413793,0.5,0.9310344827586208,0.0689655172413793,0.4310344827586206,0.7931034482758621,1.02251,1,27-1011,False,0.023,1,27-1011,False,base_00,4,base_00,False,1,2.12,1.75,3.5,1.88,3.62,1.38,1.0,1.12,1.0,1.0,3.12,2.38,3.0,4.25,1.0,1.0,1.0,1.62,3.5,3.75,2.12,2.5,2.38,1.0,4.0,1.0,2.25,4.0,4.0,4.25,2.75,1.0,3.75,1.12,1.25,1.0,2.75,1.0,1.12,3.62,3.62,2.75,1.0,1.0,1.0,2.62,1.62,3.75,3.88,1.5,4.0,3.38,3.25,4.0,3.62,3.62,3.75,1.12,1.12,1.0,3.12,3.75,3.0,2.5,2.38,3.0,2.25,3.25,3.0,1.0,3.38,1.75,3.38,1.5,2.12,3.75,1.12,1.25,3.0,3.25,4.0,3.0,3.0,1.5,3.62,1.12,3.38,3.36,2.7,2.78,3.79,4.39,1.7,3.24,3.33,3.03,2.99,2.45,3.89,2.28,2.75,4.41,3.26,1.78,3.78,2.27,3.56,2.95,4.37,2.03,2.76,1.37,4.2,2.56,2.63,1.7,2.54,3.5,1.48,1.3,3.5,2.91,2.54,2.28,4.95,3.34,4.34,4.57,2.27,1.92,4.54,3.66,2.71,2.07,1.42,1.97,4.2,4.75,1.03,1.04,1.14,1.39,1.01,1.01,1.09,1.0,1.0,2.03,1.11,1.0,5.0,4.17,3.66,1.89,3.33,4.04,3.34,1.1,1.0,4.59,1.65,3.55,1.22,1.24,2.23,2.58,1.93,1.23,1.01,1.01,1.02,3.92,4.76,1.83,3.81,1.59,4.01,4.76,1.02,1.0,3.04,4.78,2.34,True,True,True,True,True,True,True,True
27-1012,Craft Artists,Craft Artists,Craft Artists,0.0,0.2586206896551724,0.5172413793103449,0.0689655172413793,0.2241379310344827,0.3793103448275862,-0.9295284,1,27-1012,False,0.035,1,27-1012,False,base_00,3,base_00,False,1,3.88,2.0,3.0,3.12,3.0,2.12,1.0,2.0,1.5,2.5,2.62,3.88,2.0,3.62,1.0,2.0,1.62,1.75,3.0,3.0,3.75,2.62,2.0,3.12,3.75,1.0,2.25,3.0,3.0,4.12,2.0,1.0,3.0,1.88,2.0,1.62,2.88,1.0,1.12,3.0,3.0,2.0,1.0,1.88,2.38,2.0,2.75,3.0,3.62,1.88,3.0,2.62,2.75,3.0,2.75,2.5,3.12,1.88,2.0,1.0,1.62,2.88,2.0,2.12,2.38,2.0,2.12,3.0,2.0,2.0,2.62,2.0,2.75,1.38,2.5,3.0,1.88,1.0,2.75,2.88,3.0,2.0,2.0,1.5,2.5,1.88,2.75,2.43,1.83,2.59,3.23,2.22,3.57,2.0,1.65,2.78,3.09,2.3,3.13,3.13,2.35,3.71,1.7,3.65,3.04,3.26,2.3,2.96,4.0,3.17,3.57,1.7,3.64,2.74,3.3,3.09,2.74,2.39,1.78,2.52,2.22,3.04,3.64,1.3,4.61,2.96,3.3,3.09,1.78,1.78,2.57,1.73,3.27,2.0,1.04,1.48,4.57,4.39,2.7,1.39,1.04,1.39,1.91,2.04,1.0,2.35,1.0,2.13,1.26,1.04,3.1,4.36,2.41,2.22,2.39,3.78,3.0,1.3,1.0,3.83,1.87,3.43,1.48,1.57,1.26,1.96,2.09,1.65,1.04,1.26,1.35,3.65,3.64,2.48,4.52,1.43,3.38,2.65,2.91,1.65,2.0,1.91,2.76,True,True,True,True,True,True,True,True
27-1013,"Fine Artists, Including Painters, Sculptors, and Illustrators","Fine Artists, Including Painters, Sculptors, and Illustrators","Fine Artists, Including Painters, Sculptors, and Illustrators",0.0,0.425,0.8500000000000001,0.05,0.3125,0.5750000000000001,-0.5690498,1,27-1013,False,0.042,1,27-1013,False,base_00,3,base_00,False,1,3.75,1.88,3.12,2.88,3.0,2.12,1.25,2.25,1.5,2.12,3.0,3.38,2.75,4.0,1.0,1.88,1.75,1.75,3.0,3.0,3.38,2.12,1.75,2.88,3.62,1.0,2.12,3.12,3.0,4.38,2.5,1.0,3.0,1.75,1.75,1.75,2.88,1.0,1.0,3.0,3.0,2.12,1.12,1.88,2.62,2.25,2.5,3.75,4.0,2.12,3.0,2.88,3.25,3.12,2.88,2.5,3.25,1.0,2.0,1.0,1.75,3.0,2.38,2.0,1.88,1.75,2.12,2.75,2.0,2.12,2.62,2.38,2.38,1.62,2.38,3.0,1.0,1.0,2.5,2.88,3.0,2.25,2.12,1.62,2.88,1.88,2.88,2.49,1.91,1.56,2.83,2.54,2.89,1.64,1.62,1.94,1.99,2.51,3.56,2.45,1.85,3.91,1.56,3.16,2.85,3.34,2.18,2.81,3.57,2.33,3.37,1.3,3.72,1.84,2.64,2.77,2.71,1.77,1.68,1.38,1.72,2.29,2.28,1.24,4.8,1.57,3.46,3.46,1.95,2.27,3.04,2.24,2.67,1.42,1.0,1.6,4.4,3.9,2.26,1.01,1.0,1.02,1.56,2.36,1.15,1.97,1.0,2.27,1.69,1.0,3.23,4.82,3.55,1.63,2.99,4.13,2.63,1.85,1.0,4.28,1.03,2.62,1.87,1.73,1.17,1.37,1.48,2.36,1.17,1.14,1.41,3.57,3.4,3.0,4.64,1.65,3.47,3.34,3.46,1.43,1.63,2.6,2.62,True,True,True,True,True,True,True,True
27-1014,Special Effects Artists and Animators,Special Effects Artists and Animators,Special Effects Artists and Animators,0.05,0.525,1.0,0.05,0.475,0.9,0.7058651,1,27-1014,False,0.015,1,27-1014,False,base_00,4,base_00,False,1,2.75,1.88,3.0,2.38,3.62,2.0,1.0,1.25,1.0,1.0,2.88,2.62,2.75,3.38,1.0,1.0,1.0,1.88,3.25,3.38,2.25,2.75,2.12,1.5,3.88,1.0,2.38,4.12,4.0,3.5,2.75,1.0,3.62,1.88,1.75,1.5,3.0,1.0,1.0,3.5,3.12,2.5,1.0,1.0,1.0,2.5,1.62,3.62,4.0,2.0,4.0,3.5,3.12,3.88,3.0,2.88,3.75,1.0,1.88,1.0,2.75,3.12,2.88,1.88,1.88,2.38,2.12,3.0,2.62,2.25,2.12,2.0,2.88,2.12,1.75,3.75,1.0,1.12,2.75,2.88,3.25,2.88,2.75,1.88,3.0,1.12,3.12,3.44,2.48,2.9,2.73,4.76,2.91,2.19,3.11,3.22,2.72,1.53,3.82,2.9,3.53,4.55,3.45,2.06,4.02,2.3,3.21,2.98,4.01,1.94,3.09,1.38,3.48,2.61,2.36,1.51,4.06,3.07,2.1,1.4,2.42,3.38,2.45,1.88,4.82,3.05,4.34,4.84,2.16,3.13,4.06,3.58,3.62,2.11,1.0,2.04,3.69,5.0,1.16,1.05,1.0,2.15,1.16,1.06,1.18,1.04,1.0,2.6,1.25,1.02,4.6,4.27,4.32,2.27,3.67,4.42,2.78,1.6,1.0,4.49,1.13,3.81,1.61,1.29,1.99,3.12,1.97,1.05,1.02,1.02,1.04,2.97,4.56,1.72,4.27,1.44,4.09,4.45,1.2,1.02,4.12,4.49,2.01,True,True,True,True,True,True,True,True
27-1021,Commercial and Industrial Designers,Commercial and Industrial Designers,Commercial and Industrial Designers,0.0,0.4655172413793103,0.9310344827586208,0.0689655172413793,0.4137931034482758,0.7586206896551724,0.867039,1,27-1021,False,0.037,1,27-1021,False,base_00,4,base_00,False,1,2.88,2.12,3.12,2.12,3.75,2.0,1.0,1.62,1.0,1.0,3.0,2.75,3.12,3.88,1.0,1.0,1.0,2.12,3.38,3.62,2.12,2.75,2.5,1.12,3.88,1.0,2.75,3.75,3.75,3.88,2.75,1.0,3.62,1.5,1.75,1.0,3.12,1.0,1.38,3.5,3.62,2.25,1.0,1.0,1.12,2.75,1.75,3.25,3.75,1.38,3.75,3.12,3.0,4.0,3.75,3.12,3.75,1.0,1.88,1.0,2.75,3.25,2.75,2.0,2.0,2.75,2.75,3.12,2.88,2.0,3.25,2.38,3.12,1.88,2.75,3.88,1.0,2.62,2.88,3.12,3.5,3.0,3.0,3.12,3.25,1.75,3.12,3.45,1.78,2.12,3.66,4.37,2.76,2.67,2.01,2.74,3.73,4.57,3.86,2.99,3.9,4.19,2.49,2.07,3.87,2.67,2.93,2.94,4.39,2.78,3.73,2.21,3.72,2.04,1.51,1.89,3.61,3.0,1.8,1.81,2.99,2.79,2.98,1.56,3.97,2.89,3.71,4.38,2.75,2.92,4.38,3.62,4.01,2.62,1.09,1.95,3.75,5.0,2.27,1.59,1.01,2.18,1.3,3.09,1.32,1.71,1.0,3.5,1.95,1.18,4.99,3.71,4.08,2.98,4.28,4.4,3.67,2.03,1.2,4.94,2.39,3.21,1.46,1.27,1.4,2.94,2.49,1.36,1.19,1.24,1.21,2.65,4.38,2.03,2.96,2.08,4.67,4.03,3.39,1.28,3.28,4.71,2.55,True,True,True,True,True,True,True,True
27-1022,Fashion Designers,Fashion Designers,Fashion Designers,0.0,0.390625,0.78125,0.125,0.375,0.625,0.5801539,1,27-1022,False,0.021,1,27-1022,False,base_00,3,base_00,False,1,2.88,2.12,3.62,2.12,3.62,2.0,1.12,1.38,1.38,2.0,3.0,2.88,2.88,3.88,1.0,1.0,1.38,2.0,3.5,3.12,2.38,2.25,2.0,1.62,3.75,1.0,2.25,3.75,3.88,4.25,2.88,1.0,3.62,1.75,1.62,1.12,3.0,1.0,1.12,3.38,3.75,2.12,1.0,1.0,1.5,2.5,2.12,3.75,3.75,1.5,3.88,3.62,3.75,3.88,3.62,3.75,3.88,1.0,1.5,1.0,3.5,3.75,3.12,2.62,2.75,3.5,2.12,3.5,3.62,1.0,3.25,2.12,3.62,1.38,2.38,3.62,1.0,1.12,3.5,3.75,3.88,3.0,2.88,1.75,3.75,1.75,3.38,3.03,2.31,3.73,3.68,4.19,2.44,3.66,3.66,3.14,3.29,3.06,4.21,3.49,2.43,4.19,3.51,2.74,3.63,2.94,3.17,3.43,4.09,2.99,2.92,1.64,4.62,2.22,2.19,2.43,3.61,2.87,1.69,1.71,3.28,3.75,2.96,3.21,4.8,3.56,4.12,3.93,2.41,1.85,3.95,3.23,3.17,2.94,1.33,2.05,3.64,4.73,1.86,1.49,1.39,1.66,1.26,1.28,1.26,1.37,1.39,2.51,1.62,1.26,3.88,3.59,2.72,3.19,3.41,3.65,2.94,1.86,1.28,3.83,1.75,3.3,1.56,1.5,2.66,3.24,1.99,2.5,1.35,1.67,1.74,3.0,3.96,2.64,3.32,1.88,3.12,4.09,1.39,1.26,3.51,3.5,2.66,True,True,True,True,True,True,True,True
27-1023,Floral Designers,Floral Designers,Floral Designers,0.0666666666666666,0.1999999999999999,0.3333333333333333,0.1,0.2666666666666666,0.4333333333333333,-0.2718452,1,27-1023,False,0.047,1,27-1023,False,base_00,2,base_00,False,1,3.12,2.0,3.5,2.12,3.12,2.0,1.12,2.12,1.5,2.12,3.12,3.12,2.25,3.38,1.25,2.0,1.75,1.75,2.88,3.25,3.12,2.25,2.0,2.75,3.62,1.0,2.12,4.0,4.0,3.62,2.25,1.38,2.88,1.12,1.25,1.5,3.0,1.25,1.62,3.62,3.25,2.25,1.12,2.12,2.12,2.25,3.12,3.62,3.88,1.88,3.0,2.88,3.0,4.0,2.75,2.88,3.25,1.0,1.62,1.0,2.25,3.12,2.25,2.0,2.75,2.12,2.25,3.0,2.38,1.38,3.0,1.25,2.88,1.38,2.0,2.88,1.0,1.25,3.38,3.38,3.88,2.0,2.0,1.5,3.25,1.0,2.5,2.36,2.27,1.92,2.69,2.29,1.63,2.05,1.83,2.6,3.42,1.3,2.69,3.39,1.68,4.05,1.51,3.41,3.55,2.37,1.73,3.28,2.63,3.27,3.51,1.49,3.75,3.18,3.68,3.18,2.54,2.16,1.41,1.24,3.08,2.66,2.8,1.21,3.87,2.12,3.11,3.01,2.79,2.23,4.53,4.19,4.8,3.4,1.25,1.73,4.59,4.23,2.76,1.62,2.0,1.74,1.05,1.01,1.22,2.54,1.0,2.85,2.22,1.0,4.74,4.23,3.37,3.83,2.88,3.1,2.71,2.29,1.0,4.13,2.18,2.97,3.28,1.17,1.0,3.92,1.17,2.71,1.41,1.19,1.86,3.39,1.75,4.2,4.53,3.16,4.87,4.13,1.31,1.02,3.99,4.41,3.72,True,True,True,True,True,True,True,True
27-1024,Graphic Designers,Graphic Designers,Graphic Designers,0.0,0.5,1.0,0.0,0.4107142857142857,0.8214285714285714,0.7156958,1,27-1024,False,0.0819999999999999,1,27-1024,False,base_00,4,base_00,False,1,2.5,1.75,3.0,2.25,3.25,1.75,1.0,1.25,1.0,1.0,2.75,2.38,2.75,3.88,1.0,1.0,1.0,1.88,3.12,3.12,2.12,2.0,2.0,1.0,3.88,1.0,2.0,3.62,3.5,4.0,2.75,1.0,3.12,1.0,1.0,1.0,3.0,1.0,1.0,3.25,3.25,2.25,1.0,1.0,1.0,2.62,1.88,3.25,3.12,1.38,3.75,3.5,3.25,3.75,3.12,3.12,3.25,1.0,1.12,1.0,2.75,3.12,2.75,1.88,2.0,2.25,2.0,3.0,3.0,1.12,2.75,2.0,3.0,2.12,1.88,3.12,1.0,1.12,3.0,3.12,3.38,2.88,2.62,2.25,3.12,1.0,3.25,2.65,2.45,3.0,3.95,4.2,2.4,3.25,3.15,3.5,3.0,3.16,4.2,2.6,3.0,4.6,3.0,1.79,3.65,2.25,3.6,3.0,4.21,2.42,2.8,1.75,4.2,2.72,2.65,1.65,3.45,3.65,1.9,1.55,3.05,3.45,3.25,2.16,4.9,3.21,4.0,4.75,2.45,2.0,4.25,3.42,3.05,2.32,1.25,1.67,4.1,4.9,1.11,1.05,1.06,1.16,1.05,1.05,1.05,1.16,1.05,1.6,1.05,1.05,4.26,4.1,3.26,1.75,3.25,4.39,3.58,1.4,1.11,4.32,1.42,4.32,1.37,1.35,1.37,2.79,2.65,1.22,1.05,1.11,1.1,3.74,4.79,1.89,3.58,1.47,4.47,4.65,1.11,1.05,3.11,4.44,3.16,True,True,True,True,True,True,True,True
27-1025,Interior Designers,Interior Designers,Interior Designers,0.0,0.5,1.0,0.1379310344827586,0.3620689655172414,0.5862068965517241,1.12168,1,27-1025,False,0.022,1,27-1025,False,base_00,4,base_00,False,1,1.0,2.0,3.38,1.38,3.62,2.0,1.0,1.0,1.0,1.0,3.12,1.5,2.88,4.12,1.0,1.0,1.0,2.0,3.25,3.12,1.0,3.0,2.25,1.38,4.0,1.0,2.88,4.0,4.0,4.12,2.88,1.0,3.75,1.0,1.0,1.0,3.0,1.0,1.88,3.75,3.75,2.25,1.0,1.0,1.0,2.62,2.12,3.75,4.0,1.25,3.88,3.62,3.12,4.0,3.62,3.75,4.0,1.0,1.0,1.0,3.0,3.5,2.62,2.75,2.75,2.88,3.0,3.12,3.12,1.75,3.12,2.0,3.5,1.88,2.0,4.0,1.0,1.12,3.75,3.75,4.0,3.0,2.62,1.88,3.38,1.88,3.62,3.21,2.62,3.29,4.33,4.33,1.75,4.0,3.67,3.48,3.71,4.25,4.46,3.42,4.08,4.42,3.62,2.46,3.87,2.92,3.17,3.67,4.65,2.88,3.71,1.96,4.25,3.42,3.29,2.33,3.91,3.62,1.43,1.25,3.65,3.73,3.88,2.67,4.78,3.25,4.0,4.42,2.92,2.29,4.52,3.78,4.0,2.62,1.04,2.04,3.92,4.96,1.46,1.16,1.17,1.61,1.29,1.32,1.5,1.17,1.0,2.6,1.61,1.17,4.75,3.88,3.75,2.96,3.44,4.16,2.88,2.8,1.0,4.43,2.12,3.88,1.79,1.92,1.12,3.46,2.68,1.57,1.28,1.21,1.58,2.36,4.08,2.75,2.4,1.78,4.88,4.16,2.25,1.08,3.38,4.46,3.83,True,True,True,True,True,True,True,True
27-1026,Merchandise Displayers and Window Trimmers,Merchandise Displayers and Window Trimmers,Merchandise Displayers and Window Trimmers,0.0,0.3048780487804878,0.6097560975609756,0.0975609756097561,0.2682926829268293,0.4390243902439024,-1.001413,1,27-1026,False,0.48,1,27-1026,False,base_00,3,base_00,False,1,3.0,2.25,3.25,2.5,3.25,1.88,1.0,2.25,1.75,3.12,3.25,3.25,2.62,3.38,1.0,3.0,2.62,1.88,3.0,3.25,3.38,2.12,2.0,3.0,3.25,1.0,2.0,3.62,3.62,3.25,2.75,1.12,3.12,1.5,1.88,1.25,2.88,1.0,1.88,3.62,3.38,2.25,1.62,3.0,3.0,2.25,3.25,3.25,3.88,1.25,3.0,3.0,2.88,3.5,2.88,3.0,3.25,1.0,1.38,1.12,2.25,3.12,2.38,1.62,2.0,2.25,2.0,2.75,2.38,1.75,2.38,1.75,2.88,1.5,2.12,3.0,1.0,1.25,2.88,3.0,3.25,2.38,2.25,1.75,3.0,1.62,2.88,2.74,2.69,3.19,2.18,4.15,2.6,3.39,3.23,3.38,2.07,1.99,3.97,2.98,3.48,4.29,3.2,4.21,3.92,2.58,2.96,2.84,3.84,2.56,3.29,1.48,4.13,2.25,3.45,4.26,2.63,2.61,1.34,1.22,3.24,2.93,3.13,1.45,4.28,3.17,3.26,3.2,2.93,1.85,4.57,3.5,3.94,3.23,1.25,1.46,3.72,3.75,2.34,2.17,1.09,1.85,1.19,1.81,3.12,1.78,1.24,2.51,2.34,1.12,4.62,4.12,3.98,2.58,3.18,3.23,2.83,1.91,1.52,4.54,1.92,3.01,1.71,1.4,1.15,3.67,1.75,3.21,3.0,2.15,2.86,3.13,1.87,4.48,4.08,4.18,3.8,3.77,1.8,1.84,2.71,4.16,2.71,True,True,True,True,True,True,True,True
27-1027,Set and Exhibit Designers,Set and Exhibit Designers,Set and Exhibit Designers,0.0,0.3913043478260869,0.7826086956521738,0.1521739130434782,0.358695652173913,0.5652173913043478,-0.0519323,1,27-1027,False,0.0055,1,27-1027,False,base_00,5,base_00,False,1,2.62,2.12,3.5,2.62,3.62,2.25,1.0,1.38,1.0,1.38,3.0,2.75,3.0,4.12,1.62,1.38,1.88,2.12,3.5,3.75,2.62,2.75,2.5,2.12,3.75,1.38,2.75,4.0,3.75,3.88,2.88,1.38,3.88,1.5,1.75,1.62,3.0,1.62,1.88,3.62,3.75,2.75,1.5,1.38,2.12,2.88,2.0,2.88,4.0,1.75,3.88,3.75,3.12,3.88,3.38,3.5,3.75,1.38,1.88,1.5,3.0,3.38,2.88,2.75,2.75,2.88,3.0,3.12,3.0,1.75,3.75,2.0,3.0,1.75,2.25,3.88,1.38,1.75,3.0,3.0,3.75,3.0,2.88,1.88,3.75,1.5,3.25,2.67,1.75,2.81,3.05,4.43,1.9,3.35,3.14,3.14,2.67,4.52,4.33,2.95,2.38,4.67,3.14,2.4,3.24,2.35,3.0,2.76,4.3,2.76,3.1,1.62,4.29,2.89,2.05,2.24,2.71,2.45,1.45,1.55,2.9,3.48,2.52,1.95,4.81,2.76,3.86,3.9,2.81,2.33,4.05,3.48,2.76,2.33,1.38,1.71,4.19,4.86,2.67,1.9,1.1,2.29,1.86,2.67,2.52,2.0,1.0,2.9,1.48,1.24,4.58,4.24,3.0,2.62,3.48,3.95,2.33,1.86,1.24,3.9,2.29,3.9,2.0,1.9,1.05,3.1,2.95,1.81,1.76,1.48,1.76,2.29,3.67,2.62,3.67,2.14,4.26,4.19,2.7,1.81,3.05,4.67,3.11,True,True,True,True,True,True,True,True
27-2011,Actors,Actors,Actors,0.15625,0.1875,0.21875,0.125,0.15625,0.1875,0.1590935,1,27-2011,False,,,,,base_00,2,base_00,False,1,2.0,2.0,2.75,1.0,2.88,1.0,1.0,2.0,1.5,2.0,2.38,2.0,2.25,3.0,1.88,2.25,2.0,1.88,2.88,2.88,2.0,1.0,3.88,2.0,3.62,1.0,1.12,4.0,4.12,3.75,2.0,1.0,3.12,1.0,1.0,1.0,3.0,1.0,1.0,3.88,3.0,2.12,1.0,2.0,2.0,2.75,2.38,2.0,2.62,1.12,3.88,2.88,2.62,3.75,2.88,2.88,3.0,1.0,1.0,1.0,2.75,2.88,2.75,1.0,1.0,2.38,1.0,3.0,2.5,1.0,1.75,1.25,2.5,1.0,1.0,3.88,1.0,1.5,2.12,3.75,3.88,2.0,2.0,1.25,3.0,1.0,2.88,1.78,2.39,2.22,3.29,3.95,1.42,2.33,2.32,1.9,2.56,1.22,4.57,1.87,1.53,3.26,2.09,3.04,3.17,1.94,2.3,2.15,2.71,1.6,2.98,1.3,2.99,1.64,4.16,4.02,1.49,1.78,1.25,1.27,2.31,2.33,1.79,1.32,4.41,2.55,2.07,1.97,2.7,1.97,4.71,3.16,3.65,2.67,1.48,1.35,2.88,4.68,2.29,1.89,1.18,3.25,1.22,1.66,2.15,1.27,1.0,2.23,1.5,1.14,4.39,3.45,3.62,2.93,3.29,4.17,2.59,2.02,1.44,4.56,1.92,4.24,1.76,1.64,1.22,4.8,4.54,2.59,1.7,1.78,1.58,2.41,2.16,3.83,2.07,2.56,3.67,4.59,1.32,1.15,2.99,5.0,2.52,True,True,False,True,True,True,True,True
27-2012,Producers and Directors,Producers and Directors,Producers and Directors,0.0938352427714129,0.4695853791598472,0.8453355155482816,0.2176759410801964,0.4369885433715221,0.6563011456628478,0.9388108,1,27-2012,False,0.022,1,27-2012,False,base_00,4,base_00,False,1,2.03,2.6575,3.375,2.065,3.8725,1.9975,1.0,1.375,1.125,1.375,3.3425,2.25,3.0325,3.5325,1.0925,1.06,1.03,2.25,3.685,3.53,1.8725,2.375,2.69,1.625,3.72,1.0925,2.375,4.0925,4.2175,3.625,2.72,1.0625,3.905,1.6575,1.78,1.5625,3.0925,1.28,1.405,3.845,3.6875,2.7475,1.1575,1.1575,1.2825,3.03,1.7175,2.5925,2.995,1.94,3.9375,3.81,3.3775,4.0649999999999995,3.47,3.7825,3.97,1.25,1.5625,1.0,2.97,3.78,3.03,2.375,2.5025,3.345,2.155,3.815,3.2825,2.0325,2.31,2.315,3.1875,1.655,2.3425,3.905,1.22,1.28,2.875,3.7225,4.0625,3.1225,3.0,1.7825,3.5925,1.595,3.5325,3.1075,2.4175,3.2875,3.4825,4.15,2.5175,3.6725,3.2475,3.1675,3.495,1.835,3.855,3.0375,3.22,4.54,3.375,2.1275,4.0725,2.6950000000000003,3.17,3.55,4.33,2.63,3.6025,1.7225,4.005,2.985,3.3425,2.0075,3.555,2.895,2.3975,1.6275,3.3025,3.5625,2.725,2.35,4.2924999999999995,3.2475,3.775,4.1175,3.06,2.6775,4.702500000000001,4.02,3.675,2.7575,1.1725,1.94,4.297499999999999,4.98,1.4575,1.285,1.0775,1.6424999999999998,1.2375,1.2075,1.28,1.265,1.0075,2.7025,1.565,1.0075,4.54,4.225,4.345,2.7,4.365,4.1625,3.1225,1.995,1.0675,4.4725,1.56,3.4975,1.8625,1.5725,1.845,3.17,2.725,1.475,1.1725,1.285,1.33,2.685,4.04,2.2825,3.1,1.9475,4.654999999999999,4.2125,1.2025,1.06,4.07,4.5125,3.28,True,True,True,True,True,True,True,True
27-2021,Athletes and Sports Competitors,Athletes and Sports Competitors,Athletes and Sports Competitors,0.0,0.0,0.0,0.0,0.0,0.0,-1.814336,1,27-2021,False,0.28,1,27-2021,False,base_00,2,base_00,False,1,3.25,2.5,2.75,2.5,3.38,2.5,2.25,3.62,3.62,3.38,3.38,2.75,2.75,2.88,1.88,3.5,3.25,2.38,3.38,3.25,3.12,2.12,2.38,3.38,3.5,1.75,2.12,4.0,3.88,2.88,2.88,2.0,3.88,2.38,2.88,2.75,3.12,1.62,1.88,3.62,3.38,2.25,2.75,3.88,3.88,2.88,3.25,2.38,3.0,1.88,3.25,2.75,3.0,3.75,3.0,3.62,3.75,1.88,1.0,1.0,3.0,3.25,2.88,1.62,1.75,2.88,2.12,3.25,2.88,1.75,2.0,2.38,3.0,1.0,2.0,3.12,1.0,1.75,2.88,3.12,3.88,2.12,2.38,1.88,3.0,1.88,2.75,3.98,2.68,3.71,3.26,3.85,3.25,3.29,3.54,3.84,3.27,2.58,3.87,3.6,3.51,4.22,2.94,3.51,3.93,3.42,3.01,3.21,4.05,3.13,3.25,2.91,3.6,2.19,3.46,3.91,3.7,3.22,2.25,2.38,3.09,3.45,2.91,2.3,3.39,3.03,3.68,2.37,3.1,2.51,4.32,3.38,3.33,2.98,1.73,1.63,4.03,4.03,2.4,1.62,1.23,3.27,1.35,1.51,1.22,2.32,1.21,2.98,3.43,1.42,4.75,4.14,3.67,3.54,4.21,3.76,3.68,2.76,2.13,3.19,3.03,4.44,4.2,2.66,1.59,3.37,2.54,3.23,1.33,3.12,1.5,3.92,2.32,4.07,3.75,3.28,4.11,3.87,3.41,2.16,3.38,4.47,2.65,True,True,True,True,True,True,True,True
27-2022,Coaches and Scouts,Coaches and Scouts,Coaches and Scouts,0.0666666666666666,0.3,0.5333333333333333,0.0444444444444444,0.1444444444444444,0.2444444444444444,0.1168668,1,27-2022,False,0.013,1,27-2022,False,base_00,4,base_00,False,1,2.62,2.75,3.75,1.88,3.75,2.5,1.25,2.5,1.88,2.0,3.25,2.0,3.12,3.75,1.12,2.0,2.0,2.12,3.75,3.88,2.38,2.25,2.75,2.5,3.62,1.0,2.0,4.12,4.62,3.88,2.62,1.75,3.75,1.0,1.0,1.0,3.12,1.12,1.75,4.0,4.0,2.75,1.5,2.62,2.88,2.88,2.88,2.62,3.38,1.38,3.75,3.5,3.88,4.0,3.88,3.88,4.0,1.0,1.88,1.0,4.75,4.0,4.12,2.0,2.5,3.88,2.12,4.12,3.62,1.62,2.75,2.0,3.88,1.25,2.62,4.0,1.0,1.62,3.75,4.0,4.38,3.88,3.62,1.88,3.88,1.88,3.62,3.64,3.29,4.3,3.94,4.02,1.7,3.7,4.23,3.94,3.42,1.8,4.45,2.24,3.05,4.04,3.84,3.14,3.95,2.79,3.38,4.04,4.32,3.16,3.52,2.28,4.29,3.51,2.92,3.81,3.72,3.67,1.46,1.46,3.37,4.03,2.91,2.8,3.99,3.51,3.82,3.64,3.67,2.65,4.75,3.56,2.96,2.94,1.54,1.44,4.16,4.66,1.97,1.38,1.36,1.98,1.24,1.42,1.04,2.09,1.09,3.04,2.79,1.11,4.22,4.03,4.09,3.42,3.25,3.62,2.35,2.46,1.37,4.3,2.37,3.92,3.26,1.26,1.28,3.94,3.98,2.04,1.17,1.61,1.68,2.66,2.61,3.75,2.45,2.95,3.63,3.67,1.34,1.08,3.06,4.44,2.58,True,True,True,True,True,True,True,True
27-2023,"Umpires, Referees, and Other Sports Officials","Umpires, Referees, and Other Sports Officials","Umpires, Referees, and Other Sports Officials",0.2499999999999999,0.3125,0.375,0.125,0.1666666666666666,0.2083333333333333,-0.0325617,1,27-2023,False,0.98,1,27-2023,False,base_00,2,base_00,False,1,1.88,2.75,2.88,1.0,3.25,2.0,1.25,2.12,2.0,2.25,3.88,1.88,3.12,1.88,1.75,2.62,2.0,2.5,3.0,2.88,1.75,2.12,3.0,2.12,3.75,1.0,2.12,3.75,3.88,1.88,3.12,2.0,3.62,1.62,2.12,2.12,3.12,1.75,2.38,3.62,3.25,3.0,2.0,2.88,2.12,3.12,3.0,2.75,2.62,1.5,3.0,2.88,3.0,3.25,3.0,3.0,3.38,1.12,1.12,1.0,2.88,3.25,3.0,1.0,1.0,2.12,2.5,3.12,2.75,1.12,1.75,1.75,2.75,1.0,2.0,3.0,1.0,1.38,2.75,3.0,3.62,2.0,2.38,1.5,2.88,1.38,2.75,2.55,2.24,3.1,2.74,3.84,1.33,2.7,3.14,1.9,3.15,1.19,3.63,2.0,3.62,4.05,2.67,1.71,3.85,2.71,3.06,3.43,4.0,1.65,2.86,1.38,2.3,2.33,2.52,3.38,2.95,2.86,1.25,1.19,3.48,2.62,2.05,1.9,2.05,3.33,3.86,2.38,3.19,2.19,3.9,3.05,2.9,3.14,2.05,1.43,2.86,3.76,1.9,1.24,1.48,2.2,1.2,1.35,1.1,1.71,1.0,2.58,2.65,1.05,3.95,4.52,3.29,2.62,3.33,3.95,2.62,1.3,1.1,2.14,2.67,3.48,3.45,1.8,1.32,3.85,2.43,2.29,1.05,2.19,2.1,2.48,2.1,4.0,1.52,3.43,3.43,3.05,2.33,1.19,2.63,4.0,2.24,True,True,True,True,True,True,True,True
27-2031,Dancers,Dancers,Dancers,0.0,0.0208333333333333,0.0416666666666666,0.0,0.0416666666666666,0.0833333333333333,-2.669758,1,27-2031,False,,,,,base_00,3,base_00,False,1,2.88,2.0,2.75,1.38,2.62,1.88,3.62,4.25,2.62,4.5,2.88,2.0,2.62,2.88,1.88,4.75,4.0,2.12,2.5,2.88,2.12,1.5,2.88,3.62,3.12,1.12,1.5,3.5,3.0,2.88,2.5,1.75,3.0,2.12,1.5,1.88,3.0,1.0,1.88,2.88,3.0,2.25,3.25,4.25,3.62,2.5,4.12,2.12,2.75,1.0,2.75,2.62,2.75,3.25,2.5,3.0,3.0,1.0,1.0,1.0,2.5,2.62,2.5,1.0,1.0,2.38,1.38,2.88,2.0,1.0,1.5,1.38,2.5,1.0,1.0,2.75,1.0,1.0,2.75,2.88,2.88,2.0,1.75,1.12,2.88,1.0,2.5,1.77,2.42,2.12,2.45,3.23,1.37,2.19,2.78,2.38,1.74,1.24,3.58,1.53,2.16,4.1,2.21,2.6,3.08,2.02,2.29,2.42,2.38,1.33,2.52,1.37,3.02,1.28,3.95,4.51,1.82,1.8,1.21,1.28,2.04,2.11,2.34,1.28,3.35,2.59,2.47,1.19,3.04,2.56,4.76,3.37,3.03,3.31,2.01,1.85,3.2,2.67,2.01,2.15,1.85,2.81,1.28,1.64,1.79,2.21,1.31,3.39,1.85,1.47,4.66,3.45,3.38,2.82,3.71,4.01,3.71,1.31,1.19,4.77,1.89,4.17,1.72,1.74,1.67,4.91,2.68,4.55,1.97,4.25,2.65,4.38,2.32,4.33,2.34,3.04,1.73,2.94,1.74,1.31,2.63,4.48,1.35,True,True,False,True,True,True,True,True
27-2032,Choreographers,Choreographers,Choreographers,0.0571428571428571,0.2714285714285714,0.4857142857142857,0.1428571428571428,0.1714285714285714,0.2,-1.575769,1,27-2032,False,0.004,1,27-2032,False,base_00,3,base_00,False,1,2.62,2.38,3.0,1.0,3.62,2.0,3.25,3.75,2.62,3.75,2.88,1.88,2.62,3.88,1.12,4.12,4.0,2.12,3.25,3.25,1.88,2.0,3.0,3.62,3.12,1.0,2.0,3.88,4.0,4.0,2.62,2.0,3.62,1.38,1.75,2.0,3.12,1.0,2.62,3.62,3.25,2.12,2.75,3.75,2.75,2.88,3.75,2.12,3.75,1.75,3.62,3.0,3.25,3.88,3.0,3.88,3.38,1.0,1.0,1.0,4.0,3.25,3.62,1.62,1.75,3.12,1.62,3.75,3.0,1.0,2.75,1.5,3.0,1.12,1.25,3.5,1.0,1.12,3.25,3.62,3.88,2.62,2.75,1.62,3.38,1.0,3.0,1.86,3.57,4.29,3.52,4.05,1.43,4.05,3.86,3.3,2.8,1.38,4.2,1.95,1.95,3.35,4.52,2.38,2.95,1.9,3.0,3.71,4.19,2.71,2.6,1.1,4.24,2.7,4.0,4.52,2.76,3.37,1.29,1.19,3.7,3.75,2.9,2.4,4.86,4.14,3.24,2.38,3.14,1.9,4.71,3.95,3.05,2.52,1.43,1.1,3.86,4.76,1.33,1.52,1.11,1.9,1.0,1.0,1.33,1.3,1.05,2.29,1.67,1.52,4.75,4.05,2.95,3.95,3.0,3.71,2.9,1.05,1.05,4.48,2.24,4.48,1.76,1.95,1.2,5.0,3.33,4.57,1.38,4.05,3.05,4.19,1.71,4.43,2.14,3.24,4.24,3.9,1.33,1.1,4.14,4.52,3.6,True,True,True,True,True,True,True,True
27-2041,Music Directors and Composers,Music Directors and Composers,Music Directors and Composers,0.5263157894736842,0.7105263157894737,0.894736842105263,0.175438596491228,0.2807017543859649,0.3859649122807017,0.8829641,1,27-2041,False,0.015,1,27-2041,False,base_00,4,base_00,False,1,2.38,3.62,3.5,2.12,3.5,1.12,1.62,2.25,1.75,2.0,2.75,2.12,3.12,3.75,1.12,1.88,1.75,4.25,3.12,3.75,2.25,2.12,3.0,2.5,3.5,1.12,2.25,3.62,3.62,3.75,2.75,1.12,3.38,1.88,1.5,1.88,3.12,2.75,1.5,3.5,3.5,3.0,1.5,2.0,1.75,2.62,2.5,1.88,2.38,2.0,3.75,3.5,3.38,3.88,3.12,3.38,3.5,1.0,1.38,1.0,2.88,3.5,2.75,2.25,2.12,3.12,2.12,3.25,3.0,1.38,2.25,1.25,3.25,1.88,1.62,3.5,1.0,1.25,2.75,3.12,3.62,2.88,3.0,1.62,3.12,1.25,3.38,2.92,2.5,3.28,3.64,4.0,1.51,3.7,3.38,3.16,3.02,1.51,4.44,2.35,2.23,4.14,3.24,2.0,3.35,2.08,2.78,3.59,3.55,3.1,2.44,1.41,3.78,3.26,3.74,2.54,2.85,2.76,1.76,1.41,2.88,3.93,2.76,1.88,4.48,3.36,3.53,3.61,2.7,2.06,4.17,3.81,3.92,2.42,1.29,1.35,4.55,4.58,1.89,1.11,1.63,1.32,1.08,1.04,1.1,1.15,1.0,2.62,1.3,1.0,4.34,4.7,3.64,2.38,3.81,4.47,3.35,2.02,1.0,4.37,1.55,3.55,1.5,1.29,1.15,3.28,3.84,1.64,1.01,1.27,1.12,3.37,3.44,2.89,3.3,1.73,4.21,3.92,1.24,1.02,3.55,4.2,3.61,True,True,True,True,True,True,True,True
27-2042,Musicians and Singers,Musicians and Singers,Musicians and Singers,0.2448979591836734,0.4081632653061224,0.5714285714285714,0.1020408163265306,0.1326530612244897,0.1632653061224489,-0.0040058,1,27-2042,False,,,,,base_00,4,base_00,False,1,3.0,3.5,2.88,2.75,2.88,1.5,1.5,2.25,1.75,2.12,2.5,3.12,3.12,3.0,1.25,2.0,1.75,3.75,2.88,3.0,3.12,2.12,3.5,2.62,3.38,1.25,2.12,3.88,3.88,3.38,3.0,1.5,2.88,1.88,2.12,1.88,2.88,2.12,1.38,3.5,3.5,3.25,1.75,2.12,1.88,2.62,2.62,2.12,2.75,2.12,3.5,3.12,2.75,3.25,2.38,3.0,3.0,1.12,1.38,1.12,2.5,2.62,2.62,1.25,1.38,2.12,1.88,3.25,2.62,1.38,1.88,2.12,2.75,1.25,1.62,3.12,1.12,1.12,2.88,3.12,3.38,2.75,2.5,1.75,2.88,1.38,2.75,3.11,2.43,2.45,2.55,3.48,1.79,2.56,3.08,2.74,2.44,1.46,3.93,2.33,2.62,3.63,2.33,2.48,3.82,2.23,2.7,3.5,3.26,1.83,3.02,1.49,3.13,2.1,4.19,3.06,3.84,2.07,1.48,1.61,2.53,2.72,2.06,1.71,3.76,2.48,3.17,1.82,2.11,2.36,4.23,3.16,2.76,2.13,1.07,1.06,2.31,3.51,1.53,1.97,1.31,2.08,1.09,1.11,1.17,1.11,1.01,3.09,1.3,1.05,3.71,3.2,3.07,1.46,2.94,4.6,3.45,1.62,1.0,3.99,1.73,3.59,1.37,1.68,1.76,4.57,1.84,1.9,1.07,1.37,1.37,3.26,4.07,2.09,4.04,1.5,2.04,3.76,1.51,1.0,2.3,4.58,2.11,True,True,False,True,True,True,True,True
27-2091,"Disc Jockeys, Except Radio","Disc Jockeys, Except Radio","Disc Jockeys, Except Radio",0.4210526315789473,0.5263157894736842,0.631578947368421,0.1578947368421052,0.3684210526315789,0.5789473684210527,,,,,,,,,base_00,2,base_00,False,1,,,,,,,,,,,,,,,,,,,,,,,,,,,,,,,,,,,,,,,,,,,,,,,,,,,,,,,,,,,,,,,,,,,,,,,,,,,,,,,,,,,,,,,,,,,,,,,,,,,,,,,,,,,,,,,,,,,,,,,,,,,,,,,,,,,,,,,,,,,,,,,,,,,,,,,,,,,,,,,,,,,,,,,,,,,,,,,,,,,,,,,,True,False,False,True,False,False,False,False
27-3011,Broadcast Announcers and Radio Disc Jockeys,Broadcast Announcers and Radio Disc Jockeys,Broadcast Announcers and Radio Disc Jockeys,0.4,0.65,0.9,0.475,0.5375,0.6000000000000001,0.8493547,1,27-3011,False,0.1,1,27-3011,False,base_00,4,base_00,False,1,1.88,2.5,3.0,2.12,3.25,1.88,1.0,1.38,1.38,1.38,2.25,1.88,2.25,3.62,1.5,1.0,1.0,2.0,3.25,3.12,1.88,1.88,3.0,1.38,3.12,1.38,2.0,4.0,5.0,3.75,2.38,1.5,3.12,1.88,2.0,1.62,3.38,1.62,1.5,4.75,4.0,3.0,1.0,1.0,1.38,3.0,2.12,2.0,2.0,1.62,3.88,3.75,3.12,4.0,3.0,3.0,3.75,1.38,1.38,1.0,2.12,3.0,2.0,1.5,1.5,2.0,1.75,3.0,2.5,2.12,1.88,2.12,2.88,1.12,1.88,3.88,1.25,1.0,3.0,3.75,4.75,2.0,2.12,1.12,3.25,1.5,3.12,2.96,1.87,2.66,4.39,4.39,1.9,3.13,3.22,3.48,4.21,1.38,3.89,3.02,3.8,4.22,2.57,1.51,4.19,2.6,3.61,3.64,4.19,1.81,3.8,2.04,3.92,1.99,4.44,2.04,3.93,2.59,2.27,1.33,2.67,3.28,2.27,1.61,4.67,2.66,4.03,3.76,2.48,3.36,4.39,3.64,4.2,2.68,1.44,2.58,3.88,4.91,1.65,1.54,1.18,1.77,1.46,1.28,1.0,1.38,1.46,3.56,2.34,1.09,4.67,4.17,4.46,2.12,4.25,4.11,3.4,2.93,1.29,4.69,2.46,3.61,2.96,2.42,2.66,3.07,3.92,1.58,1.0,1.18,1.1,2.53,4.1,2.55,2.65,1.93,4.49,4.85,1.11,1.01,3.35,4.52,3.51,True,True,True,True,True,True,True,True
27-3023,"News Analysts, Reporters, and Journalists","News Analysts, Reporters, and Journalists","News Analysts, Reporters, and Journalists",0.3,0.65,1.0,0.4333333333333333,0.6333333333333333,0.8333333333333334,1.175098,2,27-3021;27-3022,True,0.0885,2,27-3021;27-3022,True,base_00,4,base_00,False,1,2.12,2.5,2.75,1.88,3.25,1.88,1.12,1.75,1.12,1.12,3.0,1.75,3.0,3.25,2.0,1.12,1.12,2.25,3.38,3.38,1.88,2.0,2.75,1.12,3.5,1.0,2.25,3.88,4.0,3.25,2.62,1.0,3.38,1.12,1.12,1.12,3.38,1.0,1.25,3.88,3.75,2.62,1.12,1.12,1.25,2.62,2.25,2.0,2.38,2.12,3.75,3.88,3.25,3.88,3.25,3.38,3.38,1.0,1.0,1.0,2.5,3.25,2.38,1.75,1.62,2.5,2.0,3.0,2.75,1.75,1.5,1.75,3.12,1.5,1.75,4.0,1.0,1.0,3.0,3.5,4.12,2.5,2.25,1.75,3.5,1.0,4.0,3.73,1.94,2.47,4.46,4.08,1.7,2.89,2.86,2.36,3.85,1.34,4.09,2.79,3.16,4.79,2.22,1.89,4.17,1.94,4.34,3.01,3.55,1.81,3.37,2.15,3.84,2.33,3.94,2.1,3.57,2.34,1.5,1.31,2.83,3.08,2.28,1.81,3.86,2.38,3.92,3.81,2.8,2.62,4.63,3.17,3.71,2.98,1.43,2.04,4.32,4.83,2.07,1.76,1.38,2.5,1.15,1.33,1.31,1.33,1.27,2.78,2.28,1.1,4.49,4.56,4.36,2.02,4.0,4.54,3.04,3.17,1.43,4.43,2.41,3.89,2.66,2.17,1.7,3.39,2.78,1.4,1.21,1.15,1.34,2.91,4.15,2.17,2.65,2.08,4.53,4.89,1.3,1.14,2.92,3.88,3.3,True,True,True,True,True,True,True,True
27-3031,Public Relations Specialists,Public Relations Specialists,Public Relations Specialists,0.2424242424242424,0.5909090909090909,0.9393939393939394,0.6363636363636364,0.7878787878787878,0.9393939393939394,1.284927,1,27-3031,False,0.18,1,27-3031,False,base_00,4,base_00,False,1,1.0,2.0,3.0,1.0,3.88,1.38,1.0,1.0,1.0,1.12,2.5,1.62,2.38,3.75,1.0,1.0,1.0,1.75,3.62,3.0,1.0,2.0,2.25,1.0,3.5,1.0,2.12,4.25,4.12,3.75,2.0,1.0,3.88,1.0,1.0,1.0,2.88,1.0,1.0,4.0,4.0,2.12,1.0,1.0,1.0,2.88,1.62,2.0,2.62,1.38,3.88,4.0,3.38,4.12,3.38,3.88,3.88,1.0,1.0,1.0,3.0,3.5,2.88,1.88,1.75,2.62,2.0,3.0,3.25,1.0,2.75,1.62,3.75,1.38,1.38,4.0,1.0,1.5,3.12,4.0,4.12,3.12,3.25,1.75,3.88,1.0,4.0,3.45,2.73,3.59,4.76,4.77,1.36,3.95,3.91,4.5,2.95,1.41,4.59,2.59,3.0,4.73,3.41,1.59,3.95,1.27,4.05,2.55,4.41,3.27,3.05,1.41,4.41,3.0,4.18,1.59,3.36,4.14,1.23,1.05,3.67,3.64,3.86,2.55,4.45,3.18,4.27,4.24,3.14,2.86,4.43,4.0,3.77,3.09,1.45,2.14,3.91,4.95,1.14,1.14,1.1,1.32,1.0,1.05,1.0,1.09,1.0,2.59,1.27,1.0,4.82,3.81,4.1,2.09,4.05,4.18,2.36,2.18,1.14,4.32,1.73,3.82,1.86,1.86,1.09,2.82,2.95,1.33,1.05,1.05,1.27,2.29,3.9,2.32,1.73,1.91,4.82,4.55,1.24,1.05,3.5,4.5,3.48,True,True,True,True,True,True,True,True
27-3041,Editors,Editors,Editors,0.3529411764705882,0.6470588235294118,0.9411764705882352,0.5294117647058824,0.6470588235294118,0.7647058823529411,1.128221,1,27-3041,False,0.055,1,27-3041,False,base_00,4,base_00,False,1,2.0,2.0,3.62,1.75,3.5,1.12,1.0,1.5,1.0,1.0,2.62,2.5,3.12,3.88,1.0,1.0,1.0,1.75,3.38,3.38,2.0,2.12,2.62,1.0,3.88,1.0,2.0,4.0,4.0,3.5,2.88,1.0,3.38,1.0,1.0,1.0,3.0,1.0,1.0,3.88,3.88,2.75,1.0,1.0,1.0,2.5,1.75,2.62,2.88,1.75,4.88,4.62,3.12,3.88,3.12,3.0,3.88,1.0,1.0,1.0,3.0,3.12,2.88,1.5,1.38,3.0,2.12,3.0,3.0,1.25,2.0,1.88,3.0,1.62,3.25,4.88,1.0,1.0,2.62,3.12,3.75,3.12,2.5,1.62,3.38,1.0,4.25,3.56,1.88,2.95,4.0,4.15,1.88,3.35,2.79,2.9,3.32,1.83,3.72,2.35,3.13,4.45,3.07,1.8,3.79,1.72,3.51,3.37,3.96,2.03,3.08,1.62,3.69,2.85,2.89,1.66,3.89,2.71,1.57,1.28,3.03,3.4,2.55,2.15,4.07,2.78,3.89,4.57,2.9,2.43,4.55,4.24,3.71,3.17,1.14,1.77,4.21,4.89,1.32,1.17,1.0,1.15,1.0,1.0,1.09,1.03,1.0,2.96,1.73,1.0,4.81,4.07,4.33,1.96,4.15,4.44,4.05,1.88,1.0,4.9,1.05,3.26,1.63,1.3,1.05,3.14,2.44,1.2,1.09,1.17,1.17,3.38,4.4,1.88,2.87,1.55,4.53,4.57,1.0,1.0,3.36,4.58,3.4,True,True,True,True,True,True,True,True
27-3042,Technical Writers,Technical Writers,Technical Writers,0.4666666666666667,0.7,0.9333333333333332,0.3333333333333333,0.6333333333333333,0.9333333333333332,1.184001,1,27-3042,False,0.89,1,27-3042,False,base_00,4,base_00,False,1,2.0,1.88,3.0,1.38,3.75,1.38,1.0,1.0,1.0,1.0,2.0,2.38,2.25,3.0,1.0,1.0,1.0,1.75,3.38,3.62,2.0,1.88,2.0,1.0,4.0,1.0,1.88,3.88,3.75,2.88,2.12,1.0,3.38,1.0,1.0,1.0,2.5,1.0,1.25,3.38,3.12,2.12,1.0,1.0,1.0,1.88,1.12,2.25,3.0,1.38,4.12,4.25,3.25,3.75,2.75,3.0,3.62,1.0,1.0,1.0,2.5,3.12,2.5,1.38,1.62,2.12,1.62,3.0,2.62,1.0,2.5,1.5,2.88,1.38,2.25,4.12,1.0,1.25,2.12,2.75,3.75,2.38,1.88,1.38,3.12,1.12,4.88,4.0,2.07,1.94,3.07,4.03,1.89,2.65,2.76,2.76,3.9,2.76,3.6,2.82,3.48,4.33,2.11,1.44,4.19,2.14,4.02,2.99,3.33,1.82,3.08,1.49,3.96,2.58,1.66,1.65,3.99,2.79,1.92,1.78,2.68,2.92,2.63,1.63,3.57,3.05,4.09,4.61,2.75,2.37,4.13,3.3,3.19,2.2,1.08,2.07,3.51,4.74,1.03,1.02,1.0,1.13,1.02,1.02,1.09,1.04,1.0,3.09,1.18,1.0,4.39,4.4,3.58,1.73,3.43,4.55,4.52,1.98,1.23,4.17,1.66,3.02,1.15,1.15,1.23,2.68,2.16,1.14,1.0,1.0,1.08,4.01,4.55,1.68,3.51,1.28,4.15,4.23,1.02,1.0,2.58,4.58,3.46,True,True,True,True,True,True,True,True
27-3043,Writers and Authors,Writers and Authors,Writers and Authors,0.8098290598290598,0.8771367521367521,0.9444444444444444,0.641025641025641,0.7742165242165242,0.9074074074074074,0.9879274,1,27-3043,False,0.038,1,27-3043,False,base_00,4,base_00,False,1,1.625,1.94,3.06,1.5,3.12,1.0,1.06,1.37,1.06,1.06,2.565,1.94,2.625,4.0649999999999995,1.0,1.06,1.06,1.69,3.25,3.06,1.56,1.63,2.19,1.125,3.63,1.0,1.63,3.94,3.875,4.0,1.94,1.0,2.94,1.06,1.06,1.06,2.875,1.0,1.125,3.31,3.31,2.5,1.06,1.06,1.06,2.19,2.0,2.0,2.44,1.69,4.12,4.6850000000000005,3.565,3.75,3.06,3.065,3.685,1.0,1.0,1.0,2.5,3.25,2.75,1.37,1.31,2.25,1.5,2.875,2.63,1.0,1.565,1.125,3.065,1.685,1.5,4.1850000000000005,1.0,1.12,2.81,3.25,3.88,2.125,2.19,1.685,3.185,1.0,4.75,2.56,1.93,2.535,3.51,3.33,1.34,2.795,2.55,3.475,3.095,1.07,3.51,1.785,2.21,4.445,2.46,1.405,3.03,1.195,3.115,2.58,3.635,1.7999999999999998,2.0149999999999997,1.275,3.76,2.495,2.605,1.375,2.745,2.51,1.415,1.135,2.35,3.185,3.675,1.4900000000000002,4.32,2.51,3.665,3.63,2.525,1.71,3.78,2.895,2.89,2.345,1.09,1.32,4.14,4.725,1.53,1.475,1.025,1.525,1.0,1.0,1.0,1.025,1.0,2.65,1.105,1.025,3.695,4.1,3.2,1.3250000000000002,3.325,3.91,3.45,1.945,1.025,2.8200000000000003,1.71,4.390000000000001,1.71,1.18,1.0550000000000002,2.28,2.47,1.11,1.0,1.0550000000000002,1.03,2.775,4.515,1.87,2.855,1.49,3.985,3.94,1.0,1.0,2.645,2.83,3.635,True,True,True,True,True,True,True,True
27-3091,Interpreters and Translators,Interpreters and Translators,Interpreters and Translators,0.88,0.88,0.88,0.8,0.84,0.88,1.111319,1,27-3091,False,0.38,1,27-3091,False,base_00,4,base_00,False,1,1.75,3.0,3.0,1.0,3.12,1.5,1.0,1.38,1.38,1.38,2.88,2.25,2.88,3.0,1.0,1.88,1.38,2.88,3.0,3.75,1.5,2.0,2.88,1.88,3.62,1.0,2.0,4.12,4.25,3.0,2.88,1.0,3.62,1.0,1.0,1.12,3.12,1.0,1.0,3.88,3.88,3.0,1.12,1.88,1.38,3.0,2.0,2.0,2.75,1.25,4.0,4.0,3.12,4.0,3.0,3.0,3.62,1.0,1.0,1.0,3.0,3.12,3.0,1.25,1.25,2.75,2.0,3.62,2.38,1.0,1.62,2.0,2.88,1.12,2.0,3.88,1.0,1.12,3.12,3.12,4.12,2.12,2.12,1.88,3.0,1.25,3.75,3.3,3.11,2.93,3.71,4.17,1.81,2.85,3.26,2.84,3.78,1.67,4.24,2.53,3.69,4.03,2.67,1.59,4.09,2.67,4.71,2.88,3.75,2.21,3.58,1.73,3.48,2.81,3.94,2.51,2.9,2.62,1.43,1.24,3.05,2.9,1.81,2.13,3.54,3.51,4.12,3.26,2.92,3.56,4.56,3.15,2.9,3.18,1.81,1.8,3.42,4.52,2.04,1.53,2.85,1.5,1.34,1.03,1.03,1.15,1.53,2.77,1.22,1.0,4.64,4.06,4.52,1.91,4.14,4.9,4.46,1.51,1.0,4.11,1.31,3.89,1.92,1.36,1.59,3.53,2.75,1.42,1.0,1.16,1.13,2.62,3.61,2.72,1.55,2.64,3.64,4.02,1.88,1.67,3.28,4.71,2.75,True,True,True,True,True,True,True,True
27-3092,Court Reporters and Simultaneous Captioners,Court Reporters and Simultaneous Captioners,Court Reporters and Simultaneous Captioners,0.9166666666666666,0.9583333333333331,1.0,0.125,0.5208333333333333,0.9166666666666666,0.835246,1,23-2091,False,0.5,1,23-2091,False,base_00,3,base_00,False,1,2.25,2.88,2.38,2.88,2.88,1.12,1.0,1.0,1.0,1.12,2.25,3.0,2.12,1.88,1.0,1.0,1.0,2.0,2.62,3.25,2.25,2.0,2.25,1.5,3.88,1.0,1.88,4.12,3.88,1.88,2.5,1.0,2.88,1.12,1.38,1.5,3.75,1.0,1.0,3.12,4.12,2.12,1.0,1.0,1.0,2.5,1.62,1.62,1.88,3.12,3.88,4.0,2.38,4.0,2.12,2.0,2.5,1.5,1.25,1.0,1.38,2.0,2.0,1.0,1.0,1.5,1.62,3.0,1.62,1.75,1.12,1.88,1.75,1.12,2.12,3.12,1.38,1.0,1.88,2.62,3.0,1.88,1.75,1.0,3.0,1.75,3.38,2.19,2.44,1.73,3.39,3.88,2.24,2.3,1.52,2.29,4.77,1.33,3.15,2.52,2.22,4.25,1.84,1.68,2.97,2.75,2.12,1.95,2.71,1.39,2.66,2.11,3.76,3.46,3.08,1.94,3.84,1.77,2.56,1.71,1.53,3.39,1.25,1.27,1.4,1.94,4.18,4.64,2.57,2.29,4.81,3.01,4.28,3.47,2.38,2.35,4.4,4.63,1.49,1.36,1.34,1.2,1.03,1.03,1.04,1.15,1.13,2.42,1.0,1.0,4.8,4.2,3.42,1.87,3.31,4.96,3.85,1.27,1.0,4.82,1.04,2.85,1.0,1.0,1.83,3.5,2.46,1.44,1.04,1.07,1.04,3.72,4.79,1.72,4.13,1.22,4.39,4.43,1.0,1.06,2.12,4.47,3.74,True,True,True,True,True,True,True,True
27-4011,Audio and Video Technicians,Audio and Video Technicians,Audio and Video Technicians,0.125,0.4375,0.75,0.125,0.3,0.475,-0.0117747,1,27-4011,False,0.55,1,27-4011,False,base_00,3,base_00,False,1,3.12,3.12,3.12,3.12,3.38,2.12,1.0,2.0,1.62,2.25,3.12,3.0,3.12,2.88,1.12,1.88,1.88,3.25,3.25,3.75,3.0,2.12,2.12,2.25,4.0,1.12,2.25,3.75,3.88,2.88,3.0,1.0,3.75,2.12,2.12,1.75,3.12,1.62,1.38,3.12,3.12,2.25,1.0,2.12,2.12,3.0,2.12,3.25,3.0,2.12,3.5,3.5,3.0,3.12,3.25,3.12,3.5,2.38,2.75,2.5,2.88,3.0,2.75,1.88,2.0,2.88,2.0,3.75,2.5,3.0,2.12,3.5,2.62,2.0,2.88,3.5,2.25,1.0,3.12,3.0,3.12,3.0,2.88,2.0,3.0,2.75,3.12,3.58,2.37,2.76,3.09,4.1,3.5,3.34,2.36,2.91,3.71,2.72,3.24,3.09,3.59,4.16,2.19,3.43,4.16,3.76,3.31,3.33,4.14,2.82,3.72,2.41,4.04,2.52,3.26,3.04,3.62,3.15,3.77,2.59,2.34,3.93,1.78,1.97,4.15,2.91,4.2,4.54,2.8,2.25,3.86,4.69,3.78,2.85,1.11,1.68,3.93,4.56,2.53,1.93,1.18,1.63,2.2,1.7,1.67,1.59,1.04,2.17,1.41,1.07,4.85,4.45,3.62,3.09,3.96,4.57,4.1,1.51,1.37,4.82,1.79,2.72,1.43,1.38,2.45,3.41,2.3,1.91,1.78,1.62,2.21,3.12,3.7,2.45,4.44,2.02,4.34,3.88,1.76,1.46,4.05,4.61,2.15,True,True,True,True,True,True,True,True
27-4012,Broadcast Technicians,Broadcast Technicians,Broadcast Technicians,0.2857142857142857,0.5238095238095237,0.7619047619047619,0.0952380952380952,0.2142857142857142,0.3333333333333333,0.1222249,1,27-4012,False,0.74,1,27-4012,False,base_00,3,base_00,False,1,3.0,2.75,3.0,3.0,3.25,2.0,1.0,2.0,1.12,2.0,2.88,3.0,3.12,3.0,1.62,2.0,1.75,2.75,3.12,3.25,3.0,2.62,2.62,2.5,3.88,1.62,2.12,3.62,3.25,3.0,3.0,1.62,3.62,2.5,2.5,2.0,3.12,1.62,1.62,3.12,3.12,2.75,1.0,2.0,2.38,2.75,2.12,3.12,3.0,2.0,3.62,3.25,3.12,3.62,3.25,3.0,3.75,3.12,2.75,2.0,2.5,3.12,2.88,1.88,2.12,2.62,2.75,3.5,2.38,3.0,2.12,3.5,2.38,2.12,2.88,3.12,2.75,1.88,2.38,3.0,3.12,2.88,2.75,2.25,3.12,3.0,3.25,3.33,2.35,2.95,3.55,4.34,3.54,3.36,3.2,3.13,3.89,2.94,3.47,3.38,3.6,4.23,3.13,2.95,4.08,3.88,3.08,3.2,3.88,2.81,3.76,2.81,3.75,2.7,2.81,3.1,3.58,3.06,3.94,3.18,3.05,3.29,2.44,2.46,3.39,3.15,4.12,4.58,2.37,3.17,4.2,2.82,3.01,2.57,1.1,2.69,3.87,4.97,1.75,2.29,1.11,1.86,1.76,2.0,2.17,1.82,1.65,3.32,1.82,1.07,4.79,3.84,3.92,2.65,4.15,4.15,3.07,2.56,1.21,4.95,2.02,2.71,2.43,1.98,2.24,3.05,1.98,1.78,1.57,1.44,1.77,2.21,4.09,2.43,3.5,2.02,4.56,3.92,1.94,1.17,3.68,4.53,3.2,True,True,True,True,True,True,True,True
27-4014,Sound Engineering Technicians,Sound Engineering Technicians,Sound Engineering Technicians,0.074074074074074,0.4259259259259259,0.7777777777777777,0.0,0.2777777777777778,0.5555555555555556,0.4715462,1,27-4014,False,0.13,1,27-4014,False,base_00,3,base_00,False,1,3.0,4.0,3.25,3.12,3.38,2.0,1.0,1.62,1.25,1.88,3.0,3.0,3.25,3.5,1.0,1.0,1.0,4.12,3.12,3.12,3.0,2.12,2.38,2.12,4.0,1.0,2.12,4.0,4.0,3.38,3.12,1.0,3.12,1.62,2.12,1.88,3.5,2.12,1.38,3.25,3.0,3.25,1.0,1.0,2.12,2.88,2.12,2.5,2.75,2.12,3.38,3.25,3.12,3.75,3.38,3.12,3.5,2.75,2.5,1.5,2.62,3.25,2.5,1.75,2.0,2.12,2.0,3.12,2.62,3.25,1.25,3.25,2.88,1.75,2.88,3.25,2.5,1.62,3.12,3.0,3.62,3.12,3.0,2.12,3.12,2.88,3.12,2.92,2.72,2.88,3.33,4.2,3.25,3.24,2.92,3.08,4.04,2.29,4.4,2.84,2.96,4.0,3.16,2.56,3.21,3.28,3.33,3.56,4.46,2.59,3.67,1.72,3.86,2.52,2.56,2.29,3.48,2.92,3.29,2.83,3.4,3.72,2.8,1.76,4.76,2.84,4.28,4.92,2.83,2.62,4.08,3.52,2.48,2.74,1.42,2.0,3.72,4.88,1.67,1.76,1.46,2.32,1.33,1.12,1.28,1.21,1.0,3.44,1.62,1.26,4.43,4.24,3.29,2.4,3.56,4.6,3.25,1.71,1.21,4.74,2.08,4.48,1.96,2.08,1.52,3.62,1.88,1.58,1.36,1.26,1.64,3.56,4.28,2.21,4.4,1.62,4.24,4.2,1.92,1.12,3.41,4.0,2.67,True,True,True,True,True,True,True,True
27-4015,Lighting Technicians,Lighting Technicians,Lighting Technicians,0.0625,0.15625,0.25,0.0,0.09375,0.1875,,,,,,,,,base_00,3,base_00,False,1,,,,,,,,,,,,,,,,,,,,,,,,,,,,,,,,,,,,,,,,,,,,,,,,,,,,,,,,,,,,,,,,,,,,,,,,,,,,,,,,,,,,,,,,,,,,,,,,,,,,,,,,,,,,,,,,,,,,,,,,,,,,,,,,,,,,,,,,,,,,,,,,,,,,,,,,,,,,,,,,,,,,,,,,,,,,,,,,,,,,,,,,True,False,False,True,False,False,False,False
27-4021,Photographers,Photographers,Photographers,0.0416666666666666,0.3854166666666666,0.7291666666666666,0.0208333333333333,0.21875,0.4166666666666666,-0.1680973,1,27-4021,False,0.021,1,27-4021,False,base_00,3,base_00,False,1,3.0,1.75,3.12,2.88,3.12,2.75,1.0,1.75,1.25,2.0,3.88,2.88,3.0,3.25,2.0,1.88,1.88,1.75,3.0,3.0,3.0,2.0,2.0,2.75,4.0,1.62,2.0,3.62,3.88,3.88,2.75,1.62,3.38,2.38,2.5,2.0,3.0,1.12,1.88,3.25,3.0,2.38,1.25,1.75,2.0,2.75,2.25,3.62,3.88,2.12,3.25,3.0,3.12,3.75,3.12,3.0,3.12,1.88,2.25,1.38,2.88,3.12,2.88,1.62,1.88,2.75,2.0,3.12,2.75,2.25,2.75,2.62,2.88,1.62,2.5,3.12,1.5,1.75,3.25,3.12,3.75,2.5,2.38,1.88,3.0,2.12,2.88,2.95,2.41,3.43,4.09,3.14,2.82,3.27,3.09,3.55,3.24,1.64,4.32,3.1,2.64,3.95,3.23,3.29,3.59,3.59,2.73,3.36,4.09,3.52,3.55,2.05,4.05,4.05,4.45,3.41,3.18,3.43,2.55,2.1,3.77,4.09,4.27,2.33,4.59,3.23,4.18,4.68,2.5,2.27,4.45,3.32,4.32,2.41,1.27,1.86,4.09,4.95,1.43,1.81,1.32,2.55,1.27,1.32,1.55,1.73,1.05,2.09,2.45,1.14,4.43,4.14,3.5,2.91,3.27,3.82,3.05,2.14,1.36,3.82,2.77,4.24,3.27,2.73,1.45,3.9,1.95,2.45,1.82,2.0,2.45,3.05,3.29,2.95,3.91,2.27,4.86,3.91,1.41,1.32,3.32,3.36,3.36,True,True,True,True,True,True,True,True
27-4031,"Camera Operators, Television, Video, and Film","Camera Operators, Television, Video, and Film","Camera Operators, Television, Video, and Film",0.0606060606060606,0.4242424242424242,0.7878787878787878,0.0303030303030303,0.1818181818181818,0.3333333333333333,-0.4470009,1,27-4031,False,0.6,1,27-4031,False,base_00,3,base_00,False,1,3.25,2.75,3.0,3.25,3.12,2.62,1.0,2.0,1.62,2.25,3.75,3.12,3.25,3.12,2.0,2.12,2.0,2.75,3.12,3.25,3.12,2.0,2.12,2.88,3.75,1.62,2.0,3.5,3.62,3.12,2.88,1.62,3.62,2.25,2.12,2.25,3.25,1.62,2.12,3.5,3.38,2.5,1.75,2.0,2.62,3.0,2.62,3.38,3.75,2.0,2.88,2.75,2.88,3.75,3.0,3.25,3.12,2.25,2.62,1.12,2.38,3.25,2.75,1.75,1.88,2.5,2.0,3.12,2.5,2.88,2.12,2.88,2.88,1.38,2.88,3.25,2.38,1.0,2.88,3.12,3.25,2.25,2.25,2.0,3.12,2.38,2.88,2.84,3.64,3.29,3.55,4.57,4.18,2.77,3.22,3.31,3.71,1.94,4.4,2.93,2.99,4.59,2.73,3.9,4.39,4.05,2.58,4.04,4.31,2.1,3.86,2.14,3.41,2.06,2.91,3.14,3.02,2.33,3.31,3.06,3.1,2.73,2.61,1.28,4.6,3.12,4.17,4.29,2.97,3.44,4.7,3.68,3.54,2.91,1.37,1.8,3.61,4.75,1.94,2.39,1.17,3.39,1.59,2.13,1.59,1.66,1.2,3.44,2.9,1.2,4.95,3.45,3.34,2.81,3.58,4.37,3.54,3.09,1.78,4.18,2.64,2.99,3.1,2.23,2.03,3.72,1.74,2.09,1.3,1.91,1.79,3.32,2.91,3.1,4.5,2.36,3.81,3.91,1.72,1.07,3.34,4.59,2.88,True,True,True,True,True,True,True,True
27-4032,Film and Video Editors,Film and Video Editors,Film and Video Editors,0.1111111111111111,0.5277777777777778,0.9444444444444444,0.1388888888888889,0.4722222222222222,0.8055555555555555,0.985707,1,27-4032,False,0.31,1,27-4032,False,base_00,4,base_00,False,1,2.38,2.25,3.38,2.62,3.38,1.62,1.0,1.0,1.0,1.25,2.88,2.88,3.12,3.62,1.0,1.0,1.0,2.25,3.12,3.75,2.38,2.0,2.25,1.12,3.88,1.0,2.0,3.88,3.75,3.5,3.12,1.0,3.25,1.38,1.38,1.0,3.38,1.12,1.0,3.5,3.38,2.5,1.0,1.0,1.0,2.5,1.62,3.12,3.62,1.62,3.62,3.38,3.25,3.75,3.25,3.0,3.5,1.38,1.75,1.0,2.38,3.12,2.62,1.62,1.62,2.25,1.88,3.0,2.5,1.88,2.12,2.25,2.75,1.5,2.5,3.38,1.38,1.0,2.5,2.88,3.25,2.75,2.62,1.75,3.12,1.88,3.12,3.58,2.61,2.81,3.57,4.11,2.53,3.29,3.07,3.6,4.06,2.37,4.07,3.28,3.75,4.58,2.8,2.47,4.28,3.38,3.38,3.39,3.95,2.37,3.46,1.6,4.04,2.4,3.05,2.15,3.67,2.98,2.56,1.61,2.94,3.44,3.0,2.25,4.73,2.9,4.47,4.87,2.68,2.57,4.1,3.36,3.0,2.51,1.14,2.09,3.41,5.0,1.52,1.35,1.08,1.27,1.03,1.2,1.2,1.09,1.01,2.89,1.44,1.04,4.87,4.06,2.74,1.67,2.78,4.43,2.76,2.21,1.18,4.98,1.76,3.58,2.07,1.69,1.19,3.16,2.2,1.5,1.26,1.17,1.57,2.24,4.56,1.84,2.91,1.7,4.46,4.7,1.22,1.05,2.73,4.5,3.1,True,True,True,True,True,True,True,True
29-1011,Chiropractors,Chiropractors,Chiropractors,0.1818181818181818,0.4545454545454546,0.7272727272727273,0.0909090909090909,0.3181818181818182,0.5454545454545454,-0.1911757,1,29-1011,False,0.027,1,29-1011,False,base_00,5,base_00,False,1,3.12,1.88,3.12,2.75,4.0,2.0,1.0,2.5,1.38,2.62,2.25,3.0,3.12,3.0,1.0,2.25,1.88,1.88,4.0,3.75,2.88,2.5,2.75,3.12,3.62,1.0,2.25,4.0,4.0,2.88,2.88,1.0,4.0,1.75,2.0,2.0,3.0,1.0,1.0,3.75,3.62,2.88,1.75,2.12,2.88,2.75,3.38,1.75,2.88,2.12,4.0,3.88,3.38,4.0,3.62,3.12,3.88,1.0,1.0,1.0,2.88,3.5,2.88,1.88,1.88,2.88,2.38,3.12,2.62,1.88,2.12,1.88,3.0,1.5,2.0,3.88,1.0,3.38,3.5,3.75,3.88,3.12,3.12,1.75,3.25,1.38,3.75,3.47,4.7,2.99,3.55,3.9,2.86,3.54,3.5,3.8,4.5,1.62,3.91,2.83,3.7,4.3,3.44,3.47,4.13,2.48,3.89,3.43,4.32,3.75,3.42,1.59,3.76,3.68,4.07,4.1,4.0,3.25,1.81,1.76,3.43,3.67,3.55,2.9,3.39,3.29,4.16,3.86,2.99,3.66,5.0,3.37,3.6,2.7,1.1,2.07,4.96,4.27,1.37,1.04,3.13,1.07,1.35,1.37,1.0,1.04,2.41,1.21,1.07,1.07,4.98,4.96,4.55,3.5,4.58,4.73,4.26,1.28,1.0,4.94,1.14,3.2,1.09,1.07,1.13,4.84,1.97,3.43,1.0,1.34,1.65,3.7,2.51,3.55,4.25,2.09,4.82,3.58,1.09,1.07,3.91,3.97,4.07,True,True,True,True,True,True,True,True
29-1021,"Dentists, General","Dentists, General","Dentists, General",0.05,0.25,0.45,0.15,0.225,0.3,-0.1813301,1,29-1021,False,0.0044,1,29-1021,False,base_00,5,base_00,False,1,4.12,2.88,3.75,4.0,4.12,3.0,1.12,2.0,1.0,2.88,2.88,4.25,3.5,3.25,1.0,1.88,1.88,2.88,4.12,3.88,3.88,3.0,2.75,3.62,4.12,1.0,3.0,4.0,4.0,3.12,3.0,1.0,4.25,2.25,2.75,2.75,3.88,1.0,1.88,4.0,3.88,2.88,1.12,2.12,2.0,2.88,2.25,3.12,3.25,2.88,4.0,3.38,3.88,4.0,4.0,3.75,4.12,1.5,2.38,1.25,3.25,4.12,3.12,3.0,3.0,3.5,2.75,4.0,3.12,2.88,2.38,2.75,3.75,1.62,2.75,4.0,1.38,3.75,3.88,3.88,4.0,2.88,2.75,2.0,3.88,2.0,3.25,3.62,4.65,3.1,3.37,4.01,3.97,3.91,3.98,3.43,4.43,2.08,4.32,3.51,4.39,4.68,4.2,3.24,4.27,4.13,3.52,4.07,4.63,3.54,4.1,1.66,4.37,3.54,4.67,2.72,4.02,3.49,2.31,2.7,3.51,4.05,3.35,3.68,3.64,3.26,4.64,3.3,3.53,4.21,4.75,4.26,4.48,3.43,1.56,2.03,4.81,4.03,3.89,3.36,4.78,1.79,2.57,2.41,1.04,2.77,4.4,3.83,1.25,1.12,5.0,4.67,4.89,4.6,4.84,4.81,4.26,1.07,1.07,4.75,1.83,3.83,1.07,1.05,1.78,4.97,1.92,3.65,1.04,1.74,1.3,4.61,4.26,2.3,4.67,1.8,4.61,3.78,4.65,3.08,4.77,4.87,3.68,True,True,True,True,True,True,True,True
29-1022,Oral and Maxillofacial Surgeons,Oral and Maxillofacial Surgeons,Oral and Maxillofacial Surgeons,0.0,0.04,0.08,0.0,0.08,0.16,-0.2389668,1,29-1022,False,0.0036,1,29-1022,False,base_00,5,base_00,False,1,4.25,2.75,3.38,4.0,4.0,2.25,1.0,1.88,1.0,2.5,2.88,4.12,3.38,3.12,1.0,1.75,1.75,2.38,4.0,3.88,3.88,2.88,2.75,3.25,4.12,1.0,2.88,4.0,4.0,3.25,3.12,1.0,4.0,2.25,2.62,2.5,3.62,1.0,1.0,3.75,3.75,2.75,1.12,2.0,1.88,2.88,2.75,3.25,3.25,2.75,3.88,3.62,3.88,3.88,4.12,3.62,4.0,1.88,2.12,1.0,2.88,4.12,2.88,2.0,2.0,2.75,2.62,3.88,2.62,2.88,3.12,2.75,2.75,1.5,2.75,4.0,1.88,3.5,3.25,3.75,3.88,3.25,3.0,2.0,3.38,1.88,3.5,4.15,4.79,3.74,3.82,3.8,3.45,3.81,3.72,3.26,4.42,1.82,4.15,3.84,3.91,4.43,3.93,2.75,4.12,4.0,3.99,4.1,4.52,3.39,3.86,1.42,3.64,3.23,4.54,3.41,4.1,4.3,2.63,2.36,3.1,3.59,3.02,3.19,3.63,3.99,4.59,3.68,3.51,4.1,4.84,4.65,4.44,3.42,1.66,1.72,4.6,4.09,3.22,2.28,4.97,1.63,2.3,2.79,1.0,1.94,3.01,2.52,1.0,1.32,4.94,4.93,4.8,4.85,4.94,4.83,3.29,1.0,1.0,4.75,1.41,4.05,1.0,1.0,1.26,4.96,2.66,3.27,1.0,1.75,1.23,3.4,1.92,4.26,4.27,2.16,4.94,3.58,4.94,2.25,4.76,4.75,4.67,True,True,True,True,True,True,True,True
29-1023,Orthodontists,Orthodontists,Orthodontists,0.0,0.3,0.6000000000000001,0.0,0.2,0.4,0.1616631,1,29-1023,False,0.023,1,29-1023,False,base_00,5,base_00,False,1,4.0,2.25,3.25,3.25,4.0,2.0,1.0,1.25,1.12,2.12,3.0,4.0,2.88,3.25,1.0,1.0,1.12,2.0,4.0,3.75,3.75,2.5,2.62,2.75,4.0,1.0,2.5,4.0,4.0,3.0,2.75,1.0,4.12,1.88,1.88,1.88,3.25,1.0,1.0,3.75,3.75,2.5,1.0,1.0,2.0,3.0,2.0,2.5,3.12,2.12,4.0,4.0,3.75,4.0,4.0,3.88,4.0,1.0,2.0,1.0,3.25,3.75,3.25,2.0,2.25,3.12,2.12,4.0,3.0,2.25,3.0,2.5,3.25,1.38,2.38,3.88,1.0,3.38,3.38,3.88,4.0,3.0,2.75,2.0,3.75,2.0,3.38,3.19,3.64,3.83,3.59,4.1,2.65,3.53,4.18,3.49,4.12,2.1,4.33,2.85,3.41,4.05,3.78,3.01,3.34,3.09,3.1,3.67,4.36,3.8,4.01,1.57,3.76,2.66,3.99,1.98,2.98,3.06,1.8,1.92,2.79,3.59,3.37,3.46,3.61,3.65,4.33,3.61,2.97,2.71,4.96,4.79,4.65,3.07,1.31,2.11,4.67,4.35,2.15,1.11,4.13,1.16,1.68,1.03,1.0,1.55,3.51,2.5,1.07,1.0,5.0,4.81,4.62,4.71,4.65,4.83,3.68,1.0,1.0,4.7,1.05,4.18,1.02,1.17,2.17,4.84,2.25,3.0,1.0,1.07,1.19,3.39,3.46,2.64,4.57,2.11,4.25,4.34,5.0,2.1,4.86,4.99,4.27,True,True,True,True,True,True,True,True
29-1024,Prosthodontists,Prosthodontists,Prosthodontists,0.0,0.0454545454545454,0.0909090909090909,0.0,0.0909090909090909,0.1818181818181818,-0.1561403,1,29-1024,False,0.055,1,29-1024,False,base_00,5,base_00,False,1,3.62,2.12,3.12,3.25,4.0,2.12,1.0,2.0,1.25,2.25,2.88,3.88,3.0,3.12,1.5,2.0,2.0,2.25,4.0,3.38,3.62,2.75,2.25,2.62,4.12,1.5,2.12,4.0,4.0,3.12,2.88,1.5,4.12,2.0,2.0,2.0,3.25,1.62,1.5,3.62,3.62,2.25,1.0,1.88,2.0,2.75,2.12,3.12,3.25,2.0,3.75,3.25,3.0,4.0,3.75,3.0,4.0,1.88,2.0,1.25,3.12,3.38,2.88,2.0,2.12,3.0,2.0,3.62,2.75,2.12,2.88,2.62,2.88,1.75,2.5,3.62,1.88,3.0,3.12,3.62,4.0,2.75,2.75,2.0,3.25,2.12,3.38,4.04,4.69,3.75,3.61,3.9,3.63,4.01,4.02,3.9,4.67,3.11,4.38,3.6,4.17,4.66,3.98,3.95,4.05,4.06,3.96,4.27,4.62,3.39,4.3,2.9,4.44,3.85,4.5,3.71,4.23,4.16,2.68,2.87,3.81,3.59,3.71,3.38,4.57,4.03,4.58,3.94,3.2,3.72,4.84,4.67,3.98,3.26,1.45,1.74,4.95,4.64,3.17,2.11,4.3,1.77,2.96,2.66,1.0,2.26,2.92,3.18,1.68,1.0,4.95,4.95,4.55,4.82,4.56,4.95,3.96,1.08,1.0,4.66,1.0,3.66,1.0,1.0,1.41,4.96,1.68,4.19,1.0,1.74,1.27,4.22,4.09,2.44,4.48,2.01,4.47,3.85,4.91,2.32,4.92,4.7,4.36,True,True,True,True,True,True,True,True
29-1031,Dietitians and Nutritionists,Dietitians and Nutritionists,Dietitians and Nutritionists,0.1463414634146341,0.5487804878048781,0.951219512195122,0.2682926829268293,0.4634146341463415,0.6585365853658537,1.342809,1,29-1031,False,0.0039,1,29-1031,False,base_00,5,base_00,False,1,1.0,2.12,3.88,1.0,4.0,1.62,1.0,1.12,1.0,1.12,2.75,1.88,2.88,3.12,1.0,1.0,1.0,1.75,4.0,3.75,1.25,3.12,2.75,1.0,3.38,1.0,3.0,4.0,4.0,3.5,2.88,1.0,4.0,1.0,1.0,1.0,3.0,1.0,1.0,4.0,3.62,2.25,1.12,1.0,1.12,2.62,1.75,2.38,2.5,1.38,4.0,4.0,3.62,4.0,3.88,3.75,4.0,1.0,1.0,1.0,3.75,4.0,3.75,2.75,2.75,2.88,3.0,3.88,3.12,1.0,3.12,1.88,3.38,1.75,2.88,4.0,1.0,3.25,3.88,4.0,4.0,3.12,3.25,1.75,3.25,1.5,3.88,3.9,4.55,3.57,3.7,3.77,1.53,2.8,2.73,3.4,4.23,1.2,4.03,2.53,3.66,4.5,2.93,1.63,3.66,2.13,4.17,2.66,4.03,2.77,3.17,1.3,3.93,3.17,3.45,2.03,3.76,3.83,1.23,1.1,2.93,2.97,2.69,2.14,3.33,3.87,4.37,4.17,2.57,2.34,4.59,3.2,3.7,3.13,1.73,1.72,4.2,4.9,1.73,1.2,3.6,1.1,1.27,1.33,1.0,1.47,1.24,2.62,1.1,1.0,4.89,4.55,3.31,3.3,3.03,4.0,2.5,1.66,1.03,4.6,1.33,3.23,1.17,1.25,1.1,3.45,2.76,1.25,1.0,1.07,1.3,1.72,3.63,2.43,1.48,2.03,4.63,3.83,1.93,1.55,2.93,3.87,3.7,True,True,True,True,True,True,True,True
29-1041,Optometrists,Optometrists,Optometrists,0.0,0.3,0.6000000000000001,0.0,0.05,0.1,0.5040194,1,29-1041,False,0.14,1,29-1041,False,base_00,5,base_00,False,1,3.12,2.0,3.75,3.12,4.0,2.38,1.0,1.12,1.12,1.25,3.25,3.62,3.88,3.12,1.0,1.0,1.0,2.0,4.0,3.88,3.0,3.0,2.38,2.25,4.0,1.0,2.88,4.0,4.12,2.88,3.12,1.0,4.12,2.0,2.0,1.75,3.25,1.0,1.0,3.75,3.75,2.75,1.0,1.0,1.88,3.0,2.0,3.12,3.0,2.0,4.0,3.88,3.12,4.12,3.38,3.38,4.12,1.0,1.0,1.0,3.25,3.38,3.12,2.12,2.12,3.12,3.0,3.25,3.0,2.25,2.12,2.12,3.25,1.88,2.5,4.12,1.0,3.75,3.25,3.88,4.0,3.0,3.0,1.88,3.25,2.0,4.0,4.52,4.81,3.43,3.29,4.05,3.24,3.71,3.71,3.57,4.71,1.76,4.1,3.71,3.9,4.67,3.71,3.05,4.29,3.52,4.45,3.67,4.8,3.33,4.1,1.43,3.62,3.85,4.57,2.43,4.55,3.57,2.0,1.95,3.15,3.71,3.29,3.24,3.29,3.9,4.79,4.24,3.43,3.2,4.76,3.79,4.43,3.45,1.67,2.3,4.38,4.9,1.3,1.75,4.0,1.71,1.1,1.0,1.0,1.5,1.0,1.52,1.0,1.0,5.0,4.71,4.55,3.85,4.33,4.76,3.95,1.05,1.0,5.0,1.1,3.55,1.0,1.14,1.35,4.6,2.05,1.84,1.0,1.4,1.52,3.65,3.71,2.5,4.35,2.0,4.2,4.05,2.55,1.1,3.58,4.32,4.45,True,True,True,True,True,True,True,True
29-1051,Pharmacists,Pharmacists,Pharmacists,0.1142857142857142,0.4285714285714285,0.7428571428571429,0.2857142857142857,0.3999999999999999,0.5142857142857142,0.6058705,1,29-1051,False,0.012,1,29-1051,False,base_00,5,base_00,False,1,2.88,2.25,3.88,2.12,3.88,1.88,1.12,1.38,1.12,2.12,3.0,3.12,2.88,3.12,1.0,1.88,1.25,1.62,3.88,3.75,3.0,3.25,3.0,2.12,4.0,1.0,3.25,4.12,4.25,2.62,3.12,1.0,4.0,1.25,1.25,1.12,3.12,1.0,1.0,3.75,3.75,2.88,1.25,1.88,2.0,3.0,2.25,3.0,2.25,1.75,4.12,3.88,3.62,4.0,3.62,3.38,3.88,1.0,1.25,1.0,3.38,3.75,3.12,2.38,2.75,3.38,3.25,3.88,2.88,1.5,2.62,2.25,2.88,1.5,2.62,4.0,1.0,3.38,3.62,3.62,4.0,3.0,3.0,1.62,3.62,1.75,3.88,3.34,3.77,3.04,3.07,3.85,3.13,3.51,3.02,2.48,4.38,1.21,3.67,3.25,4.32,4.24,3.33,2.75,3.81,2.95,3.88,2.97,4.28,3.15,4.07,1.5,3.84,3.03,3.37,2.61,4.15,3.03,1.88,1.57,3.14,2.65,2.24,2.06,2.7,3.18,4.34,4.16,3.52,4.83,4.91,4.12,4.68,3.7,1.61,2.64,3.91,4.64,1.84,1.19,4.44,1.03,1.69,1.1,1.1,1.45,1.0,2.27,1.0,1.0,4.99,4.59,4.78,3.7,4.7,4.99,4.49,1.01,1.0,5.0,1.02,3.68,1.03,1.03,1.53,4.16,1.28,2.11,1.15,1.13,1.42,4.05,1.78,4.36,3.08,2.5,5.0,4.67,2.59,1.23,4.52,4.98,3.07,True,True,True,True,True,True,True,True
29-1071,Physician Assistants,Physician Assistants,Physician Assistants,0.0,0.2708333333333333,0.5416666666666666,0.0,0.1101190476190476,0.2202380952380952,0.1059147,1,29-1071,False,0.14,1,29-1071,False,base_00,5,base_00,False,1,3.25,2.31,3.25,2.815,4.0,2.19,1.06,1.94,1.56,2.25,2.94,3.06,3.25,2.875,1.31,2.06,2.0,2.565,4.0,3.75,3.065,3.0,2.815,2.435,3.815,1.0,2.88,4.12,3.875,2.75,3.375,1.0,4.12,1.625,2.315,2.125,3.315,1.0,1.0,3.69,3.75,2.94,1.875,2.125,2.31,2.94,2.815,3.0,2.88,1.75,4.0,3.75,3.69,4.0,3.5,3.185,3.87,1.625,1.75,1.125,2.935,3.81,3.0,1.935,2.185,2.81,2.94,3.815,2.75,2.0,2.0,2.815,2.875,1.63,2.63,3.935,1.5,3.31,3.625,3.56,3.81,2.935,3.0,1.815,3.315,2.25,3.56,4.275,4.54,3.285,3.38,4.365,2.98,3.06,3.2699999999999996,3.185,4.52,1.705,4.135,3.23,3.825,4.57,2.9000000000000004,2.99,4.415,3.63,3.735,3.725,4.54,2.365,4.205,1.745,3.75,3.005,3.72,2.965,4.17,3.615,1.895,1.98,3.065,2.865,2.46,2.1799999999999997,3.2649999999999997,3.765,4.605,3.585,3.51,4.16,4.595,4.18,4.1450000000000005,3.505,2.34,1.53,4.380000000000001,4.18,3.35,2.245,4.8,2.18,2.53,1.855,1.0,2.495,3.29,2.855,1.68,1.15,4.85,4.4350000000000005,4.06,4.15,4.11,4.82,3.5250000000000004,1.1,1.04,4.745,1.255,3.69,1.19,1.12,1.705,4.529999999999999,2.29,2.255,1.015,1.69,2.0,2.84,2.575,3.615,3.615,3.075,4.605,4.074999999999999,4.515000000000001,3.46,3.685,4.630000000000001,3.43,True,True,True,True,True,True,True,True
29-1081,Podiatrists,Podiatrists,Podiatrists,0.0,0.2857142857142857,0.5714285714285714,0.1904761904761904,0.2857142857142857,0.3809523809523809,0.6279185,1,29-1081,False,0.0046,1,29-1081,False,base_00,5,base_00,False,1,3.0,1.88,3.62,2.88,4.25,2.0,1.0,1.38,1.38,1.62,2.88,3.12,3.62,3.25,1.0,1.38,1.38,2.0,4.12,3.5,3.12,2.88,3.0,2.75,3.88,1.0,2.88,4.0,4.0,3.0,3.0,1.0,4.12,1.62,1.88,1.75,3.0,1.0,1.0,4.0,4.0,3.12,1.0,1.5,2.12,2.88,2.12,2.88,3.12,1.88,4.12,4.12,4.0,4.0,3.75,3.38,4.0,1.0,2.25,1.0,3.0,3.88,3.25,2.25,2.25,3.0,2.88,3.88,2.62,2.12,2.62,2.25,2.88,1.5,2.38,4.0,1.0,3.5,3.25,3.88,4.0,3.12,3.12,2.25,3.0,2.0,3.88,3.18,4.9,3.08,3.58,4.17,2.69,3.34,3.24,3.01,4.63,1.67,3.7,2.96,3.64,4.3,3.31,3.23,3.83,2.76,3.95,3.52,4.3,3.36,3.58,2.13,3.82,2.94,3.93,3.02,4.07,3.41,1.84,1.41,2.14,3.03,2.49,2.77,3.61,3.19,3.99,4.45,3.55,3.68,4.84,4.13,3.86,3.71,1.92,1.82,4.99,4.62,2.84,1.96,4.69,1.53,2.15,2.03,1.0,2.65,3.3,1.83,1.43,1.0,4.99,5.0,4.73,4.22,4.68,4.77,3.45,1.83,1.0,3.77,1.63,4.02,1.1,1.01,1.02,4.55,2.28,2.45,1.1,1.34,2.01,2.88,3.38,3.18,4.2,2.29,4.55,4.38,3.27,2.44,4.53,4.42,4.49,True,True,True,True,True,True,True,True
29-1122,Occupational Therapists,Occupational Therapists,Occupational Therapists,0.1106060606060606,0.2890151515151515,0.4674242424242424,0.1606060606060606,0.3407196969696969,0.5208333333333334,0.1151615,1,29-1122,False,0.0035,1,29-1122,False,base_00,5,base_00,False,1,2.625,2.5,3.315,2.0,3.81,2.0,1.0,2.0,1.375,2.0,3.06,2.5,2.88,3.565,1.44,2.185,2.12,2.435,3.69,3.63,1.88,2.25,2.5,2.56,3.25,1.375,2.25,3.94,4.12,3.5,2.815,1.25,4.0,1.31,1.31,1.62,3.125,1.25,1.62,3.815,3.75,2.62,1.565,2.0,2.375,2.75,2.435,2.56,2.815,1.25,3.94,3.94,3.815,4.0600000000000005,3.375,3.375,3.75,1.0,1.185,1.0,3.94,3.69,3.94,1.685,1.87,2.875,2.06,3.935,3.0,1.81,2.25,2.185,3.06,1.565,2.0,3.94,1.0,2.375,4.0,3.94,4.0,3.06,3.06,1.94,3.375,1.75,3.875,3.5149999999999997,4.449999999999999,3.78,3.5999999999999996,4.0249999999999995,1.9,2.98,3.29,4.005,4.48,1.4700000000000002,4.154999999999999,2.72,3.565,4.29,2.915,3.09,3.92,2.78,3.76,3.33,4.4,2.3049999999999997,3.93,2.24,4.135,3.25,3.645,3.735,3.3200000000000003,3.51,1.4449999999999998,1.535,3.2,3.61,2.23,2.095,3.915,3.93,4.03,3.62,2.4299999999999997,2.95,4.5600000000000005,3.25,3.645,2.68,1.865,1.22,4.6,4.735,2.105,1.69,3.09,2.225,1.0,1.835,1.11,1.71,1.11,2.79,2.205,1.0,4.805,4.57,4.005,3.365,3.854999999999999,3.425,2.3600000000000003,3.135,1.0,4.1,2.19,2.66,2.91,1.925,1.0,4.4399999999999995,2.245,2.335,1.045,1.78,2.1,2.025,2.5599999999999996,3.26,3.0250000000000004,2.95,4.245,3.455,1.77,1.21,2.5149999999999997,4.03,3.58,True,True,True,True,True,True,True,True
29-1123,Physical Therapists,Physical Therapists,Physical Therapists,0.0851063829787234,0.1914893617021276,0.2978723404255319,0.1276595744680851,0.3404255319148936,0.5531914893617021,-0.3581922,1,29-1123,False,0.021,1,29-1123,False,base_00,5,base_00,False,1,3.25,2.12,3.0,2.75,3.88,2.0,1.0,2.75,1.5,2.88,3.0,3.12,2.88,3.25,1.0,2.5,2.12,2.0,3.88,3.88,3.0,2.62,2.75,2.88,3.25,1.0,2.75,4.0,4.0,3.0,2.88,1.0,3.88,2.0,2.0,1.62,3.12,1.0,1.12,3.75,3.75,2.75,1.88,2.62,3.12,2.88,3.12,2.38,2.88,2.12,4.0,3.88,3.12,4.0,3.38,3.25,4.0,1.38,1.75,1.12,3.38,3.75,3.12,2.0,2.0,2.88,2.12,3.88,3.0,2.0,2.75,2.25,3.0,1.62,2.0,4.0,1.38,2.62,4.0,4.0,4.0,3.12,3.12,1.88,3.62,2.0,3.88,3.46,4.7,3.58,3.36,4.27,2.54,3.74,2.99,3.86,4.68,1.38,4.08,2.79,4.1,4.41,3.21,3.85,3.95,3.06,3.8,3.26,4.52,2.26,4.0,1.95,3.69,3.34,4.43,3.95,3.89,3.44,1.69,1.51,3.13,3.68,2.48,2.04,3.91,3.99,4.24,3.86,3.2,3.75,4.94,4.29,4.63,3.75,2.0,1.31,4.41,3.82,1.8,1.77,3.68,1.17,1.29,1.1,1.03,1.86,1.06,2.25,1.16,1.01,4.78,4.75,4.59,4.12,4.51,3.69,3.75,1.57,1.0,4.88,1.16,2.57,1.34,1.11,1.15,4.92,2.16,3.08,1.0,2.01,2.22,3.04,2.34,3.8,3.44,2.74,4.48,4.24,3.01,1.57,4.12,4.54,3.72,True,True,True,True,True,True,True,True
29-1124,Radiation Therapists,Radiation Therapists,Radiation Therapists,0.048780487804878,0.2804878048780488,0.5121951219512195,0.024390243902439,0.1707317073170731,0.3170731707317073,-0.2189393,1,29-1124,False,0.34,1,29-1124,False,base_00,3,base_00,False,1,3.38,2.25,3.12,3.12,3.5,2.75,1.0,2.0,1.0,2.25,3.12,3.0,3.0,3.0,1.75,2.12,2.0,2.25,3.25,3.62,3.0,2.75,2.5,3.0,3.38,1.88,2.75,4.0,3.88,2.25,2.88,1.75,3.88,2.62,2.88,2.38,3.12,2.0,1.88,3.38,3.25,2.88,2.0,2.12,2.62,2.88,2.25,2.88,3.0,2.0,3.75,3.62,3.0,3.75,3.12,3.25,3.5,2.75,2.62,1.0,3.0,2.88,2.88,2.0,2.12,2.88,2.75,3.25,2.62,3.12,2.62,3.38,2.62,1.75,2.88,3.75,2.25,2.75,3.25,3.38,3.25,2.62,2.62,1.88,3.12,2.88,3.12,3.59,4.61,3.01,3.44,4.4,4.6,3.73,3.47,2.64,4.58,3.03,3.96,3.53,3.95,4.34,3.01,3.64,4.5,4.59,3.9,3.76,4.3,2.56,4.14,3.11,3.69,3.18,4.45,3.9,3.89,2.72,3.34,3.01,3.35,3.41,1.69,2.37,3.12,3.7,4.45,4.38,3.43,4.53,4.97,3.71,3.38,3.72,1.99,2.92,3.85,4.72,2.81,2.72,4.78,1.67,2.48,2.69,1.01,1.83,3.25,2.54,1.19,1.12,4.72,4.14,4.17,3.83,4.3,4.86,4.68,1.04,1.22,4.57,1.06,3.92,1.05,1.05,3.8,4.92,1.75,3.38,1.03,2.0,2.17,4.01,2.27,3.89,4.42,3.97,4.71,4.46,3.21,2.7,3.73,4.39,3.34,True,True,True,True,True,True,True,True
29-1125,Recreational Therapists,Recreational Therapists,Recreational Therapists,0.0909090909090909,0.3181818181818182,0.5454545454545454,0.0909090909090909,0.3636363636363636,0.6363636363636364,0.2190109,1,29-1125,False,0.0028,1,29-1125,False,base_00,4,base_00,False,1,2.75,2.25,3.12,2.0,3.88,2.0,1.38,2.0,2.0,2.12,3.0,2.62,3.0,3.12,1.5,2.75,1.88,1.88,3.75,3.62,2.38,2.0,2.12,2.75,3.12,1.5,2.0,4.0,4.0,3.25,2.75,1.88,3.88,1.62,1.88,2.0,3.0,1.5,1.88,4.0,3.75,2.0,2.0,2.5,2.5,3.0,2.75,1.88,2.5,1.62,3.88,3.88,3.38,4.0,3.5,4.0,3.88,1.0,1.38,1.0,3.88,3.12,3.38,1.88,2.0,2.75,2.0,3.38,3.12,1.75,2.75,1.75,3.38,1.5,1.88,3.88,1.0,2.0,4.12,4.0,4.0,3.0,3.0,1.88,3.25,1.5,3.88,2.78,4.86,3.84,3.39,4.42,1.89,3.65,3.73,3.61,4.33,1.68,4.45,2.32,3.54,4.29,3.39,3.26,3.62,2.97,3.14,3.19,4.08,3.16,3.31,2.57,4.25,3.13,3.68,3.57,2.89,3.03,1.84,1.64,3.73,4.27,2.65,2.74,4.46,3.65,3.92,3.64,3.45,2.47,4.82,4.0,3.95,3.51,2.59,1.61,4.32,4.79,1.92,1.65,3.95,1.63,1.27,1.41,1.28,1.97,1.05,2.84,1.76,1.03,4.95,4.26,3.21,3.87,3.16,3.05,2.63,2.92,1.24,4.47,2.26,2.55,2.84,2.51,1.24,4.37,3.5,2.34,1.24,1.78,1.92,2.34,2.51,3.23,2.79,2.92,4.22,3.68,2.16,1.45,3.0,4.65,3.46,True,True,True,True,True,True,True,True
29-1126,Respiratory Therapists,Respiratory Therapists,Respiratory Therapists,0.0952380952380952,0.2023809523809523,0.3095238095238095,0.0952380952380952,0.1904761904761904,0.2857142857142857,-0.1880507,1,29-1126,False,0.066,1,29-1126,False,base_00,3,base_00,False,1,3.0,2.75,3.0,3.0,3.88,2.62,1.0,2.12,1.0,2.88,3.0,3.12,3.0,2.88,1.62,2.12,2.0,2.88,4.0,3.88,3.12,2.88,2.62,3.0,3.75,1.62,2.88,3.88,4.0,2.88,3.25,1.88,4.0,2.0,2.12,2.12,3.12,1.75,1.5,3.5,3.25,2.38,2.0,2.38,2.25,2.88,2.75,2.88,2.38,2.12,3.75,3.5,3.62,3.88,3.38,3.38,3.88,2.25,2.38,1.0,3.25,3.38,3.12,1.88,2.0,2.88,2.75,3.88,2.88,2.88,2.12,3.0,2.88,1.5,3.0,3.62,2.25,3.0,3.62,3.62,3.75,2.88,2.88,2.12,3.12,2.38,3.12,3.95,4.52,3.35,2.51,4.06,3.87,3.21,3.31,3.2,4.59,2.41,3.65,3.14,3.95,4.47,3.05,3.83,3.91,4.42,3.58,3.19,4.18,2.49,4.03,2.45,4.16,2.55,3.76,3.53,3.86,3.09,2.75,2.48,3.01,3.11,1.75,2.44,2.79,3.39,4.2,3.79,3.4,4.52,4.85,3.95,4.24,3.5,2.46,2.38,3.96,4.14,3.74,3.23,4.9,2.07,2.8,1.43,1.03,1.62,3.21,2.86,1.04,1.02,4.91,3.89,4.66,3.79,4.4,4.64,3.63,1.09,1.0,4.79,1.23,2.92,1.05,1.01,1.96,4.73,1.93,2.96,1.04,1.62,1.83,2.81,2.11,3.99,4.04,3.99,4.93,4.09,4.28,3.1,3.07,4.55,3.07,True,True,True,True,True,True,True,True
29-1127,Speech-Language Pathologists,Speech-Language Pathologists,Speech-Language Pathologists,0.1707317073170731,0.4512195121951219,0.7317073170731707,0.0975609756097561,0.3902439024390244,0.6829268292682927,1.146267,1,29-1127,False,0.0064,1,29-1127,False,base_00,5,base_00,False,1,2.0,3.12,3.75,1.12,4.0,1.38,1.0,1.0,1.0,1.38,2.5,2.12,3.25,3.75,1.0,1.0,1.0,3.62,4.0,3.75,1.62,2.75,2.75,1.12,3.62,1.0,2.38,4.5,4.25,3.25,3.12,1.0,4.0,1.0,1.0,1.12,3.0,1.38,1.0,4.12,4.25,3.12,1.0,1.12,1.25,2.88,2.0,2.0,2.5,1.88,4.12,4.25,3.88,4.12,3.88,3.25,4.12,1.0,1.5,1.0,3.88,3.75,4.0,1.0,1.12,2.38,2.0,3.88,2.88,1.62,3.0,2.12,2.88,1.62,2.25,4.12,1.0,2.88,3.75,4.12,4.0,3.12,3.12,1.88,3.25,1.62,4.0,4.45,4.16,3.66,2.57,4.24,1.34,3.02,3.04,4.46,4.94,1.17,4.69,2.16,4.25,4.81,2.26,2.26,4.04,2.74,3.76,3.76,4.58,1.23,3.59,1.17,4.59,4.26,4.02,2.36,3.88,2.72,1.43,1.14,3.2,3.58,1.87,1.07,3.74,3.76,4.19,4.31,2.78,3.18,4.99,3.65,3.8,2.65,1.83,1.57,4.62,4.18,2.2,1.36,3.47,1.0,1.1,1.0,1.0,1.11,1.28,3.34,1.59,1.0,5.0,4.61,4.25,2.98,4.01,3.95,2.63,1.0,1.0,4.19,1.54,2.67,1.37,1.0,1.46,4.78,2.06,1.6,1.0,1.13,1.56,1.91,3.88,2.69,2.81,2.44,3.79,4.59,2.73,1.34,2.61,4.89,3.38,True,True,True,True,True,True,True,True
29-1128,Exercise Physiologists,Exercise Physiologists,Exercise Physiologists,0.04,0.26,0.48,0.28,0.34,0.4,-0.0331901,1,29-1128,False,,,,,base_00,4,base_00,False,1,2.88,2.25,3.5,2.12,4.0,1.88,1.62,2.12,1.62,2.12,3.12,2.38,3.0,3.12,1.0,2.12,2.0,2.12,4.0,3.62,2.12,2.88,2.62,2.88,3.38,1.0,2.62,4.0,4.12,3.12,2.75,1.0,4.12,2.0,1.88,1.62,3.0,1.0,1.0,4.0,4.0,2.25,1.88,2.62,2.25,2.75,3.0,2.12,2.75,1.88,4.0,3.88,3.25,4.0,3.62,3.12,4.0,1.25,1.75,1.25,4.0,3.75,3.25,1.5,1.62,2.88,2.88,3.75,3.0,2.0,2.25,2.12,3.0,1.88,2.12,4.0,1.12,2.88,3.75,3.75,4.0,3.12,3.12,2.0,3.0,2.0,3.88,3.82,4.65,3.91,3.45,3.86,2.95,3.09,3.5,3.43,4.14,1.41,4.38,2.45,3.41,4.38,3.0,3.23,3.62,2.91,4.23,2.77,4.05,2.36,3.36,1.77,3.68,3.14,3.95,4.14,3.64,3.5,1.64,1.77,2.9,3.09,3.1,2.27,3.36,3.68,4.14,4.0,2.68,2.86,4.82,3.32,4.05,3.18,1.64,1.64,4.23,4.64,1.64,1.64,3.32,1.77,1.23,1.14,1.05,1.36,1.55,2.59,1.59,1.0,4.95,4.25,3.55,3.36,3.36,3.86,2.95,1.18,1.05,4.95,1.77,3.27,2.0,1.73,1.41,4.14,2.82,2.59,1.0,2.0,2.09,2.59,2.55,3.59,2.45,2.73,4.59,3.14,2.0,1.18,2.82,4.45,3.41,True,True,False,True,True,True,True,True
29-1129,"Therapists, All Other",,Art Therapists,0.0879432624113475,0.3656028368794326,0.6432624113475177,0.125886524822695,0.4095744680851064,0.6932624113475178,,,,,,,,,first_detail,4,detail_mode_tie_lower,True,2,2.815,2.685,3.12,2.31,3.88,1.625,1.0,1.625,2.0,1.69,2.94,2.88,2.94,3.75,1.0,1.875,1.875,2.56,3.88,3.375,2.685,2.06,2.435,2.0,3.56,1.0,2.06,4.0,4.0600000000000005,3.435,2.435,1.0,4.0600000000000005,1.0,1.94,2.0,3.435,1.44,1.0,3.94,3.88,2.5,1.31,2.0,2.0,2.63,1.87,2.75,2.81,1.87,3.94,3.88,3.5,4.0600000000000005,3.315,3.25,3.94,1.0,1.75,1.0,3.185,3.815,3.435,1.75,2.0,2.875,2.06,3.815,3.125,1.0,2.065,2.0,3.185,1.63,1.935,3.94,1.0,1.875,3.875,4.25,4.0,3.06,2.94,1.88,3.125,1.56,3.435,3.28,4.74,3.854999999999999,3.47,4.26,1.75,3.1,3.48,4.1049999999999995,4.395,1.4449999999999998,4.605,2.46,3.58,4.1850000000000005,3.005,3.005,3.83,2.5250000000000004,3.71,3.44,4.17,2.6,3.865,1.42,3.985,3.51,3.605,2.675,3.335,3.315,1.475,1.5499999999999998,3.76,3.63,2.1950000000000003,2.085,4.9,3.635,3.975,3.27,3.23,2.56,4.640000000000001,3.285,3.325,3.755,3.1399999999999997,1.255,4.415,4.65,1.91,1.77,3.405,1.545,1.17,1.125,1.02,1.61,1.0750000000000002,2.865,1.29,1.0,4.875,4.5,3.475,2.855,3.395,2.935,2.52,1.685,1.0,4.62,1.665,2.78,1.465,1.59,1.13,4.225,2.54,1.945,1.065,1.36,1.965,2.69,3.605,2.575,3.675,2.02,4.145,3.55,1.78,1.28,2.16,4.26,3.535,True,False,False,True,True,True,True,True
29-1131,Veterinarians,Veterinarians,Veterinarians,0.081081081081081,0.2702702702702703,0.4594594594594595,0.027027027027027,0.2297297297297297,0.4324324324324324,-0.0749958,1,29-1131,False,0.038,1,29-1131,False,base_00,5,base_00,False,1,3.0,2.38,3.25,3.0,4.0,2.12,1.12,2.0,1.38,2.25,3.0,3.12,3.25,3.0,1.12,2.12,2.0,2.38,4.0,3.75,3.0,3.12,2.62,2.88,4.0,1.12,3.0,4.12,4.12,3.0,2.75,1.12,4.0,1.75,1.75,1.75,3.12,1.0,1.12,3.62,3.62,2.5,1.25,2.25,2.12,2.88,2.25,2.88,2.88,2.12,4.12,3.62,4.0,4.12,3.88,3.12,3.88,1.12,1.75,1.0,3.0,3.88,3.0,2.0,2.0,3.0,3.12,3.25,2.88,1.88,2.75,2.25,2.88,1.25,2.12,4.12,1.0,3.88,3.38,3.25,3.88,2.88,3.0,1.88,3.25,1.88,3.5,3.73,3.68,2.68,3.33,3.79,2.48,3.14,3.18,2.81,4.26,1.42,4.06,3.08,3.22,4.52,3.08,2.84,4.46,3.26,4.04,3.09,4.81,2.13,3.81,1.61,3.14,2.34,4.25,3.03,3.73,2.75,1.57,1.62,2.88,2.32,3.31,1.95,2.69,3.06,4.5,3.24,3.59,4.09,4.86,4.54,4.65,3.61,1.49,1.79,4.29,4.5,4.06,2.92,4.21,1.71,3.15,1.84,1.09,4.09,3.98,3.84,1.49,1.1,5.0,4.76,4.78,4.2,4.55,4.55,3.17,1.6,1.37,4.92,1.5,3.27,1.55,1.56,1.64,4.43,2.29,3.02,1.1,1.94,2.89,2.96,2.3,3.96,4.04,2.73,4.97,4.21,3.7,3.61,4.09,4.82,3.89,True,True,True,True,True,True,True,True
29-1141,Registered Nurses,Registered Nurses,Registered Nurses,0.0694878411134568,0.3801900070372976,0.6908921729611385,0.1583704746266322,0.3349831886777699,0.5115959027289076,0.2294097,1,29-1141,False,,,,,base_00,4,base_00,True,2,2.448,2.648,3.4,2.0759999999999996,4.072,1.974,1.2,1.872,1.898,2.1740000000000004,2.9259999999999997,2.698,3.3,3.224,1.1,2.052,1.978,2.376,4.024,3.878,2.4259999999999997,2.876,2.9259999999999997,2.276,3.826,1.0,2.85,4.148000000000001,4.1240000000000006,3.1,3.15,1.024,4.2219999999999995,1.55,2.0740000000000003,2.05,3.35,1.048,1.148,3.976,3.926,3.1,1.576,2.302,2.402,2.974,2.6,2.752,2.726,1.9,4.05,3.926,3.851999999999999,4.052,3.828,3.902,4.024,1.0,1.5,1.05,3.45,3.951999999999999,3.4,1.924,2.024,2.948,2.802,3.974,3.098,2.1,2.248,2.8259999999999996,3.272,1.498,2.3,4.0,1.024,2.952,3.974,4.074,4.072,3.052,3.022,1.752,3.498,1.75,3.802,4.0120000000000005,4.8420000000000005,3.784,3.476,4.4399999999999995,2.5759999999999996,3.594,3.81,3.4240000000000004,4.556,1.588,4.41,2.8939999999999997,4.154,4.55,3.432,3.012,4.282,3.2159999999999997,4.104,3.64,4.568,2.71,4.0760000000000005,1.7879999999999998,4.32,2.9379999999999997,3.76,3.3600000000000003,3.966,3.692,1.876,1.7120000000000002,3.84,3.1719999999999997,2.376,2.646,3.692,4.042,4.578,4.186,3.784,4.1339999999999995,4.654,4.1240000000000006,3.968,4.004,2.93,1.798,4.116,4.524,2.906,2.478,4.432,1.956,2.178,1.364,1.084,1.5779999999999998,2.096,3.566,1.404,1.068,4.95,4.232,4.134,3.896,4.228,4.554,3.412,1.402,1.03,4.624,1.352,3.066,1.158,1.212,1.512,4.046,2.552,2.496,1.058,1.752,1.732,2.742,3.0,3.1559999999999997,3.0740000000000003,2.952,4.894,4.118,3.896,2.494,3.5379999999999994,4.612,3.162,True,True,False,True,True,True,True,True
29-1151,Nurse Anesthetists,Nurse Anesthetists,Nurse Anesthetists,0.0,0.1666666666666666,0.3333333333333333,0.0,0.125,0.25,0.2413191,1,29-1151,False,,,,,base_00,5,base_00,False,1,3.25,2.88,3.38,3.0,4.0,2.12,1.0,2.0,1.25,2.25,3.0,3.12,3.25,3.38,1.88,2.0,2.0,2.88,4.0,4.12,3.12,3.12,3.0,2.88,4.0,1.0,3.12,4.12,4.0,3.12,3.38,1.0,4.75,2.12,2.38,1.88,3.5,1.0,1.0,4.0,3.75,3.25,1.12,2.12,2.25,3.12,2.38,3.0,3.12,2.25,4.12,4.0,4.0,4.0,4.0,3.38,4.12,2.25,2.75,1.0,3.25,4.0,3.38,2.0,2.25,2.88,3.25,4.0,3.0,2.88,2.62,3.25,3.12,1.25,3.0,4.12,2.0,3.88,3.88,3.88,4.0,3.12,3.12,1.88,3.38,2.38,3.38,4.56,4.85,3.59,3.04,4.5,3.85,3.67,3.77,3.54,4.68,1.96,4.19,3.81,4.37,4.74,3.89,3.74,4.62,4.52,3.88,3.73,4.63,3.41,4.46,2.35,3.96,2.73,3.89,3.89,4.3,3.7,2.81,2.67,3.69,3.37,2.67,3.08,3.46,4.19,4.65,4.15,3.78,4.77,4.67,4.36,4.04,3.85,2.33,2.23,4.44,4.04,4.69,3.22,4.85,2.96,2.72,1.96,1.0,1.62,3.89,4.33,1.23,1.08,5.0,4.7,4.19,4.48,4.44,4.81,4.15,1.22,1.12,5.0,1.48,4.5,1.19,1.11,1.85,4.54,2.37,2.42,1.0,1.36,1.93,3.07,3.11,3.2,4.11,2.4,4.31,4.11,4.85,4.04,3.5,4.85,2.88,True,True,False,True,True,True,True,True
29-1161,Nurse Midwives,Nurse Midwives,Nurse Midwives,0.1951219512195122,0.3902439024390244,0.5853658536585367,0.0975609756097561,0.2926829268292683,0.4878048780487805,0.1966265,1,29-1161,False,,,,,base_00,5,base_00,False,1,3.12,2.38,3.38,2.5,4.12,2.0,1.0,2.0,1.38,2.25,2.88,3.0,3.12,3.12,1.0,2.0,1.88,2.12,4.0,3.62,3.0,2.75,3.12,2.75,3.75,1.0,2.62,4.12,4.12,3.0,3.12,1.0,4.12,1.0,1.62,2.0,3.38,1.0,1.12,3.75,3.75,3.0,1.0,2.12,2.75,3.12,2.88,2.75,3.0,1.5,4.25,4.0,4.0,4.12,3.88,3.88,4.12,1.0,1.25,1.0,3.25,3.75,3.25,1.75,1.88,2.62,2.62,4.0,2.75,1.75,2.38,2.38,2.75,1.62,2.12,4.0,1.0,2.88,3.88,4.12,4.12,3.12,3.0,1.75,3.12,1.5,3.88,3.94,4.94,3.72,3.44,4.52,2.38,3.82,3.97,3.44,4.82,1.24,4.58,2.81,4.15,4.79,3.5,3.26,4.67,3.16,4.1,3.5,4.61,2.5,4.3,1.56,4.19,3.21,4.15,3.5,4.06,3.64,1.53,1.55,4.0,3.59,2.44,2.91,3.48,3.91,4.59,4.0,3.73,4.69,4.91,4.19,4.48,3.53,2.03,1.62,4.12,4.85,3.5,3.03,4.56,2.21,1.97,1.12,1.0,1.39,1.3,3.61,1.19,1.0,5.0,4.67,4.75,4.0,4.52,4.48,3.09,1.06,1.0,4.72,1.18,2.94,1.06,1.03,1.09,4.94,2.06,2.59,1.03,1.53,2.03,2.52,2.88,3.16,3.61,2.41,4.81,3.82,4.71,2.33,3.38,4.59,3.72,True,True,False,True,True,True,True,True
29-1171,Nurse Practitioners,Nurse Practitioners,Nurse Practitioners,0.037037037037037,0.4814814814814814,0.9259259259259258,0.074074074074074,0.3148148148148147,0.5555555555555556,0.1900572,1,29-1171,False,,,,,base_00,5,base_00,False,1,2.75,2.88,3.38,2.5,4.12,1.88,1.0,2.12,2.12,2.0,3.0,2.75,3.25,3.25,1.0,2.0,2.0,2.62,4.25,4.0,2.75,2.88,3.0,2.5,4.12,1.0,3.0,4.0,4.12,3.0,3.0,1.0,4.25,1.25,2.0,2.0,3.0,1.0,1.0,4.0,4.0,3.12,1.88,2.25,2.12,3.0,2.38,3.0,2.88,1.5,4.25,4.12,4.0,4.12,4.12,3.75,4.12,1.0,1.62,1.0,3.12,4.0,3.5,2.0,2.0,3.0,3.0,4.0,3.0,1.75,3.0,2.12,3.25,1.38,2.12,4.12,1.0,3.75,3.88,4.0,4.0,3.0,3.12,1.75,3.38,2.0,4.0,4.26,4.52,3.64,3.76,4.17,2.15,3.39,3.73,3.22,4.74,1.27,4.27,2.91,4.13,4.57,3.39,2.22,4.35,2.77,4.22,3.76,4.64,2.65,3.87,1.65,4.05,2.77,4.09,3.14,4.23,3.91,1.57,1.61,3.48,3.0,2.78,2.35,3.48,3.95,4.45,4.2,3.3,4.39,4.74,4.09,4.26,3.52,2.83,2.04,4.3,4.96,2.74,2.29,4.78,1.74,2.17,1.65,1.09,2.22,2.04,3.17,1.35,1.09,5.0,4.7,4.57,3.91,4.35,4.57,3.48,1.74,1.14,4.43,1.52,3.3,1.3,1.35,1.18,4.35,2.22,2.48,1.13,1.48,1.65,2.73,2.83,3.13,3.3,2.74,5.0,4.09,4.35,2.22,3.52,4.75,3.73,True,True,False,True,True,True,True,True
29-1181,Audiologists,Audiologists,Audiologists,0.1363636363636363,0.4545454545454546,0.7727272727272727,0.2272727272727273,0.4545454545454546,0.6818181818181819,0.6329063,1,29-1181,False,0.0033,1,29-1181,False,base_00,5,base_00,False,1,3.0,3.38,3.25,3.0,4.0,1.62,1.0,1.0,1.12,1.5,2.88,3.0,3.12,3.0,1.0,1.12,1.0,3.5,4.0,3.62,2.88,2.88,2.88,2.0,3.75,1.0,2.5,4.12,4.0,3.12,3.12,1.0,4.0,1.75,1.62,1.88,2.88,1.62,1.0,3.88,3.75,3.0,1.0,1.0,1.75,2.88,2.12,2.38,2.5,1.88,4.12,4.0,4.0,4.12,3.62,3.38,4.0,2.12,2.12,1.25,3.12,3.75,3.38,1.88,1.88,2.88,2.88,3.75,2.88,2.12,2.88,3.0,3.12,1.75,3.0,4.12,2.12,3.0,3.62,4.0,4.0,3.12,3.12,1.88,3.25,2.12,4.0,3.86,4.86,3.57,4.33,4.29,3.71,3.0,3.32,3.32,4.59,2.14,4.71,3.16,4.05,4.62,3.5,3.0,4.14,3.55,4.38,3.81,4.57,3.36,3.55,1.64,3.86,4.1,4.73,2.23,3.95,3.91,3.45,2.73,3.82,3.91,4.14,3.05,3.27,4.05,4.77,4.77,2.95,2.59,4.73,3.45,4.64,3.35,1.38,2.14,4.18,4.95,1.67,1.55,3.9,1.23,1.0,1.14,1.0,1.14,1.0,1.55,1.0,1.0,4.95,4.59,4.45,3.43,4.14,4.64,2.41,1.62,1.0,4.6,1.25,3.32,1.0,1.05,1.23,4.5,2.59,1.67,1.0,1.27,1.77,2.29,3.82,2.43,3.67,1.73,4.9,3.55,1.9,1.18,3.05,4.25,4.4,True,True,True,True,True,True,True,True
29-1211,Anesthesiologists,Anesthesiologists,Anesthesiologists,0.0,0.25,0.5,0.0588235294117647,0.2941176470588235,0.5294117647058824,0.2349698,1,29-1061,False,,,,,base_00,5,base_00,False,1,3.75,2.88,3.0,3.12,4.5,2.38,1.0,2.0,1.0,2.25,3.0,3.25,3.75,3.25,1.12,2.0,2.0,2.75,4.25,3.88,3.0,3.0,2.38,2.75,4.12,1.0,3.0,4.5,4.12,2.88,3.75,1.0,5.0,2.0,2.25,3.0,3.88,1.0,1.0,3.75,3.75,2.88,1.25,2.0,2.25,3.0,2.38,2.75,2.75,2.12,4.25,4.0,3.62,4.12,4.0,3.12,4.5,1.0,1.38,1.0,3.12,4.12,3.25,2.25,2.12,3.0,3.0,4.12,2.88,2.75,2.62,3.62,3.0,1.12,2.75,4.0,1.0,4.0,3.25,3.75,3.88,3.12,3.25,1.62,3.75,2.12,4.0,4.35,4.68,3.14,3.19,4.22,4.2,3.35,3.09,3.19,4.34,1.92,3.96,3.93,4.39,4.44,3.45,3.2,4.22,4.21,3.78,3.6,4.78,2.64,4.4,2.21,3.88,2.52,3.42,2.92,4.33,3.45,2.24,2.13,3.02,3.44,1.84,2.87,3.36,3.68,4.43,3.33,3.21,4.53,4.8,4.28,3.7,3.03,2.04,2.35,4.45,4.39,4.24,2.91,4.58,2.61,2.8,2.23,1.14,2.14,3.87,3.13,1.48,1.0,4.93,4.73,4.71,4.22,4.73,4.85,3.78,1.1,1.01,4.91,1.2,3.81,1.01,1.01,1.99,4.74,2.51,2.06,1.01,1.21,1.56,2.26,3.16,3.21,3.83,2.15,4.61,4.0,4.66,4.04,3.85,4.65,3.42,True,True,False,True,True,True,True,True
29-1212,Cardiologists,Cardiologists,Cardiologists,0.0,0.3461538461538461,0.6923076923076923,0.0769230769230769,0.2307692307692307,0.3846153846153846,0.7086123,1,29-1069,True,,,,,base_00,5,base_00,False,1,,,,,,,,,,,,,,,,,,,,,,,,,,,,,,,,,,,,,,,,,,,,,,,,,,,,,,,,,,,,,,,,,,,,,,,,,,,,,,,,,,,,,,,,,,,,,,,,,,,,,,,,,,,,,,,,,,,,,,,,,,,,,,,,,,,,,,,,,,,,,,,,,,,,,,,,,,,,,,,,,,,,,,,,,,,,,,,,,,,,,,,,True,True,False,True,False,False,False,False
29-1213,Dermatologists,Dermatologists,Dermatologists,0.0,0.3823529411764705,0.7647058823529411,0.1764705882352941,0.3235294117647059,0.4705882352941176,0.7086123,1,29-1069,True,,,,,base_00,5,base_00,False,1,3.0,1.88,3.25,2.12,4.12,1.88,1.0,1.75,1.25,2.0,3.0,3.0,3.25,3.0,1.0,1.75,1.75,2.0,4.12,3.75,2.88,2.75,3.0,2.25,4.0,1.0,2.75,4.12,4.25,3.0,3.0,1.0,4.25,1.0,1.0,1.25,3.12,1.0,1.0,3.75,3.62,2.88,1.0,1.88,2.0,2.75,2.0,3.12,2.75,1.62,4.0,3.88,3.75,4.0,3.5,3.25,4.12,1.0,1.25,1.0,3.25,3.75,3.12,2.0,2.0,3.0,2.25,3.5,3.12,1.25,1.88,2.0,3.25,1.88,1.75,3.88,1.0,3.62,4.0,3.88,3.88,2.75,2.88,1.88,3.12,1.38,3.5,3.43,4.75,2.96,3.66,4.29,1.84,3.63,3.3,3.28,4.62,1.2,4.28,2.58,2.98,4.62,3.33,2.21,4.04,2.31,4.15,2.9,4.32,2.88,3.57,1.16,3.78,3.12,3.68,2.91,3.59,2.99,1.15,1.11,3.15,3.24,2.02,2.2,2.54,3.81,3.82,4.12,2.89,4.19,4.88,4.31,4.79,3.49,1.22,1.69,4.76,4.7,2.06,1.79,4.63,1.49,2.14,1.85,1.0,2.07,1.08,2.14,1.0,1.0,4.97,4.99,4.48,4.64,4.3,4.72,2.47,1.07,1.0,4.25,1.08,3.69,1.0,1.07,1.04,4.47,2.34,2.15,1.0,1.56,1.55,2.39,2.44,4.08,3.48,2.24,4.59,3.81,4.78,1.59,4.2,4.5,4.34,True,True,False,True,True,True,True,True
29-1214,Emergency Medicine Physicians,Emergency Medicine Physicians,Emergency Medicine Physicians,0.0588235294117647,0.4411764705882353,0.8235294117647058,0.1764705882352941,0.3529411764705882,0.5294117647058824,0.7086123,1,29-1069,True,,,,,base_00,5,base_00,False,1,3.38,2.62,3.62,2.88,4.38,2.25,1.38,2.12,2.0,2.25,3.12,3.25,3.88,3.75,1.0,2.38,2.38,2.38,4.38,4.12,3.12,2.62,3.38,3.0,4.0,1.0,2.62,4.62,4.62,3.62,3.38,1.38,4.38,2.12,2.5,2.5,3.62,1.12,1.88,4.25,4.25,3.5,2.25,2.25,2.25,3.12,2.62,3.0,2.88,3.0,4.62,4.5,4.0,4.38,4.12,4.0,4.38,1.0,1.0,1.0,3.62,4.12,3.62,2.0,1.88,2.88,2.75,4.12,3.25,2.38,1.75,2.5,3.62,1.75,1.88,4.25,1.0,3.0,4.12,4.25,4.25,3.25,3.0,1.5,3.25,1.5,4.12,4.59,4.86,3.44,3.62,4.41,2.74,3.64,3.79,2.86,4.72,1.67,4.52,3.1,3.31,4.83,3.67,2.72,4.28,2.72,4.76,3.63,4.93,2.55,4.03,1.96,4.0,2.93,4.71,3.07,4.45,3.76,1.5,1.36,3.71,2.89,2.43,2.32,3.28,3.97,4.76,4.34,4.5,4.93,4.97,4.43,4.73,4.77,4.13,1.7,4.2,4.69,3.2,2.53,5.0,2.11,2.03,1.9,1.0,2.27,3.0,4.47,1.1,1.07,4.93,4.93,4.6,4.28,4.73,4.9,3.6,1.13,1.03,5.0,1.2,4.37,1.2,1.28,1.2,4.8,2.47,2.03,1.0,1.53,1.63,2.67,2.93,3.2,3.3,2.67,4.93,4.2,4.67,3.13,3.9,4.83,3.0,True,True,False,True,True,True,True,True
29-1215,Family Medicine Physicians,Family Medicine Physicians,Family Medicine Physicians,0.0,0.4375,0.875,0.2083333333333333,0.375,0.5416666666666666,1.031925,1,29-1062,False,,,,,base_00,5,base_00,False,1,2.75,2.25,3.0,2.38,4.25,1.88,1.0,1.0,1.0,1.0,2.88,2.62,3.25,3.12,1.0,1.0,1.0,2.38,4.12,3.25,2.38,2.75,2.38,1.12,3.88,1.0,2.88,4.88,4.88,3.0,3.0,1.0,5.0,1.0,1.0,1.0,3.25,1.0,1.0,4.0,3.88,2.75,1.0,1.0,1.0,3.0,2.0,2.88,2.5,1.38,4.25,4.0,4.0,4.25,4.0,3.12,4.38,1.0,1.25,1.0,3.38,4.0,3.25,1.62,1.62,3.0,2.75,4.0,2.88,1.12,2.5,2.12,3.0,1.25,2.12,4.25,1.0,3.88,3.88,3.88,4.12,2.88,2.88,1.25,4.0,1.5,4.12,4.25,4.99,1.82,3.8,4.3,1.2,1.78,3.55,3.13,4.96,1.15,4.29,2.16,4.33,4.59,2.32,1.95,4.2,2.63,4.47,3.59,4.35,1.18,3.93,1.01,3.33,2.92,4.2,1.96,3.07,2.53,1.01,1.0,2.53,2.63,2.33,1.28,2.26,2.64,4.87,4.55,3.57,4.97,5.0,4.29,4.6,3.64,1.67,2.33,4.47,3.98,1.71,1.01,4.78,1.0,1.96,1.04,1.0,2.3,1.18,1.21,1.0,1.0,5.0,4.98,5.0,3.71,4.99,4.76,2.77,1.01,1.0,4.93,1.0,2.16,1.0,1.0,1.04,4.97,1.26,1.51,1.0,1.02,1.18,1.5,3.05,2.92,3.84,1.99,4.66,4.72,3.43,1.4,4.23,4.98,4.06,True,True,False,True,True,True,True,True
29-1216,General Internal Medicine Physicians,General Internal Medicine Physicians,General Internal Medicine Physicians,0.0,0.4571428571428571,0.9142857142857144,0.2857142857142857,0.3714285714285714,0.4571428571428571,1.046167,1,29-1063,False,,,,,base_00,5,base_00,False,1,2.38,2.12,4.0,2.12,4.12,1.88,1.0,1.38,1.5,1.5,3.0,2.88,3.38,3.25,1.0,2.0,1.5,2.38,4.25,4.0,2.12,3.0,3.0,1.5,4.0,1.0,3.0,4.25,4.25,3.0,3.25,1.0,4.38,1.25,1.25,1.0,3.25,1.0,1.0,3.75,3.88,2.88,1.5,2.0,1.5,2.88,2.0,2.38,2.88,1.25,4.12,4.0,3.88,4.12,4.0,3.25,4.0,1.12,1.62,1.12,3.12,4.0,3.12,1.88,2.0,3.0,2.88,3.88,3.0,1.5,2.75,2.0,3.12,1.75,2.5,4.12,1.25,4.0,3.75,4.0,4.0,3.25,3.12,1.75,3.12,1.75,4.0,4.46,4.91,2.86,3.3,4.03,2.66,3.07,3.07,3.04,4.77,1.53,4.24,3.37,3.84,4.43,2.91,2.79,4.23,3.03,4.26,3.61,4.46,1.88,4.06,1.37,4.25,2.74,3.98,3.02,4.11,3.05,1.65,1.39,2.91,3.74,2.1,2.61,3.09,3.14,4.81,4.1,2.76,4.32,4.59,3.72,4.07,3.3,2.29,2.22,4.42,4.67,2.74,1.58,5.0,1.75,1.29,1.27,1.0,2.17,2.35,2.35,1.21,1.0,4.58,4.84,4.39,4.04,4.18,4.42,3.64,1.76,1.0,4.97,1.14,2.71,1.0,1.0,1.68,4.73,2.16,2.0,1.14,1.26,1.42,2.36,2.92,3.14,3.95,2.23,4.59,4.08,3.52,1.72,3.58,3.96,3.61,True,True,False,True,True,True,True,True
29-1217,Neurologists,Neurologists,Neurologists,0.0434782608695652,0.4565217391304347,0.8695652173913043,0.1304347826086956,0.3695652173913043,0.6086956521739131,0.7086123,1,29-1069,True,,,,,base_00,5,base_00,False,1,1.75,2.38,3.75,1.12,4.38,2.12,1.0,1.0,1.0,1.0,2.88,2.75,3.75,3.62,1.0,1.0,1.0,2.38,4.5,3.88,1.5,3.0,2.88,1.0,3.88,1.0,3.12,4.25,4.25,3.38,3.5,1.0,4.25,1.0,1.12,1.12,3.12,1.0,1.0,3.75,3.88,3.12,1.0,1.0,1.0,2.75,1.88,2.88,3.38,1.12,4.12,3.88,3.75,4.25,4.12,3.75,4.12,1.0,1.38,1.0,3.5,4.0,3.38,2.0,2.12,3.0,2.88,4.0,2.75,1.25,2.12,2.12,3.5,1.75,2.38,4.12,1.0,3.75,3.5,4.12,4.12,3.38,3.25,1.88,3.25,1.75,4.0,4.59,4.81,3.71,3.94,4.39,2.27,3.44,3.47,3.84,4.63,1.46,4.36,3.65,4.17,4.92,3.81,2.18,4.54,2.58,4.58,4.19,4.9,3.22,4.53,1.5,4.11,3.87,3.76,2.48,4.55,4.42,1.61,1.35,3.32,3.9,2.89,2.8,3.84,4.05,4.7,3.97,3.02,4.56,4.91,4.2,4.24,3.33,1.72,1.7,4.85,4.73,1.4,1.23,4.09,1.02,1.07,1.1,1.0,1.34,1.19,1.9,1.08,1.02,5.0,4.92,4.78,3.97,4.86,4.98,3.1,1.21,1.0,4.31,1.05,3.65,1.08,1.0,1.36,4.17,2.34,1.75,1.0,1.12,1.29,1.94,3.5,2.69,2.08,2.01,4.82,4.27,2.75,1.54,4.04,4.57,4.49,True,True,False,True,True,True,True,True
29-1218,Obstetricians and Gynecologists,Obstetricians and Gynecologists,Obstetricians and Gynecologists,0.0,0.3928571428571428,0.7857142857142857,0.1785714285714285,0.3035714285714285,0.4285714285714285,0.2803215,1,29-1064,False,,,,,base_00,5,base_00,False,1,3.5,2.38,3.5,3.0,4.25,2.25,1.0,2.0,1.38,2.0,2.88,3.12,3.25,3.12,1.0,2.0,2.0,2.75,4.5,3.75,3.12,2.75,2.88,2.75,4.0,1.0,2.75,4.12,4.25,3.12,3.0,1.0,5.0,1.25,2.0,1.88,3.12,1.0,1.0,3.88,3.88,3.0,1.0,2.12,2.12,3.0,2.5,3.0,2.75,1.75,4.25,4.12,4.12,4.12,4.0,3.88,4.38,1.0,1.0,1.0,3.12,4.0,3.5,2.0,2.12,2.88,2.75,4.0,2.88,2.0,2.5,2.12,3.0,1.38,1.88,4.25,1.0,3.75,3.62,3.88,4.0,3.12,3.0,1.38,3.75,1.38,4.0,4.43,4.87,3.68,3.87,4.25,3.22,3.58,3.49,3.59,4.63,1.76,4.4,3.64,3.82,4.52,3.5,3.09,4.43,3.57,4.21,3.74,4.8,2.96,4.01,2.14,4.0,3.18,4.38,3.08,4.13,4.46,1.8,1.65,3.5,3.45,2.13,2.19,3.31,4.17,4.7,4.18,3.27,3.85,4.98,4.62,4.44,3.09,2.09,1.96,4.73,4.7,1.88,1.97,4.62,1.18,1.74,1.37,1.0,2.31,1.91,1.45,1.1,1.0,5.0,4.82,4.65,3.86,4.8,4.79,3.02,1.0,1.0,5.0,1.02,2.95,1.0,1.0,1.4,4.34,2.35,1.83,1.03,1.76,1.28,2.34,2.6,3.52,3.75,2.84,4.93,3.92,4.79,2.17,4.46,4.84,3.54,True,True,False,True,True,True,True,True
29-1221,"Pediatricians, General","Pediatricians, General","Pediatricians, General",0.0,0.4833333333333333,0.9666666666666668,0.2333333333333333,0.3666666666666667,0.5,1.126144,1,29-1065,False,,,,,base_00,5,base_00,False,1,2.75,2.5,3.0,2.12,4.12,1.75,1.0,1.5,1.12,1.0,2.88,2.5,3.12,3.0,1.0,1.38,1.38,2.12,4.75,3.75,2.12,2.75,2.88,1.12,3.88,1.0,2.75,5.0,4.88,3.0,3.0,1.0,4.25,1.0,1.0,1.12,3.25,1.0,1.0,4.0,4.0,2.88,1.0,1.38,1.0,3.0,2.0,2.5,2.25,1.25,4.25,4.12,4.0,4.12,4.0,3.38,4.25,1.0,1.0,1.0,3.38,4.25,3.25,2.12,2.0,2.88,2.38,4.0,3.0,1.0,2.88,1.88,3.25,1.38,1.88,4.12,1.0,4.0,3.88,4.0,4.25,2.88,3.0,1.38,3.0,1.75,4.0,2.95,4.97,2.82,3.66,4.65,1.65,3.62,3.5,3.08,4.65,1.49,4.84,2.77,3.74,4.59,3.4,2.04,4.14,2.92,4.41,3.38,4.8,2.44,3.45,1.44,3.03,2.88,4.23,2.26,3.99,3.1,2.09,1.51,2.57,2.15,2.23,2.67,2.19,3.68,4.82,4.02,3.18,3.64,4.95,4.39,3.75,3.76,1.67,1.56,4.57,4.03,2.99,1.5,4.99,1.04,1.75,1.63,1.0,2.17,1.4,3.21,1.0,1.0,4.56,4.85,4.67,3.84,4.65,4.68,2.68,1.0,1.0,4.32,1.0,3.23,1.0,1.0,1.02,4.48,2.41,2.22,1.0,1.34,1.68,2.58,2.75,3.74,3.58,2.62,4.62,3.14,4.0,1.38,4.11,4.92,3.5,True,True,False,True,True,True,True,True
29-1222,"Physicians, Pathologists","Physicians, Pathologists","Physicians, Pathologists",0.0606060606060606,0.4696969696969697,0.8787878787878788,0.0606060606060606,0.3181818181818182,0.5757575757575758,0.7086123,1,29-1069,True,,,,,base_00,5,base_00,False,1,2.88,2.0,3.75,2.25,4.12,2.0,1.0,1.38,1.25,1.25,2.88,2.75,3.75,3.12,1.0,1.0,1.0,2.25,4.75,3.88,2.25,3.0,2.75,2.12,4.0,1.0,3.0,4.25,4.12,3.0,3.0,1.0,4.38,1.5,1.5,1.0,3.12,1.0,1.0,3.88,3.75,3.12,1.0,1.0,1.88,2.75,1.62,3.12,2.88,1.25,4.12,4.25,4.0,4.0,4.0,3.0,4.12,1.0,1.62,1.0,3.25,3.88,3.12,2.62,2.75,3.12,3.0,3.5,3.0,2.0,2.0,2.25,3.0,1.88,2.75,4.25,1.0,4.0,3.0,3.12,3.88,3.0,3.0,1.88,3.25,2.0,4.12,4.09,3.33,2.83,3.55,4.27,2.9,2.84,3.15,3.02,4.59,2.52,4.01,3.35,4.3,4.57,2.64,2.67,4.52,3.75,4.05,4.01,4.56,3.2,3.94,1.98,4.02,2.97,2.08,2.49,4.61,3.75,2.29,2.2,2.91,2.91,2.51,2.55,3.27,3.48,4.77,4.28,2.71,4.42,4.1,3.72,2.35,2.5,1.14,2.23,4.36,4.92,3.03,1.35,3.8,1.47,3.02,2.16,1.06,2.31,1.38,2.71,1.22,1.01,4.98,4.61,4.61,2.69,4.76,4.87,4.1,1.35,1.01,4.58,1.01,3.99,1.01,1.01,2.27,2.31,2.58,1.47,1.03,1.04,1.07,3.88,4.56,2.1,4.26,2.02,4.78,4.9,3.53,1.9,3.32,4.34,3.61,True,True,False,True,True,True,True,True
29-1223,Psychiatrists,Psychiatrists,Psychiatrists,0.0869565217391304,0.4782608695652174,0.8695652173913043,0.2608695652173913,0.5217391304347826,0.7826086956521738,1.280753,1,29-1066,False,,,,,base_00,5,base_00,False,1,1.0,2.38,3.88,1.0,4.12,1.25,1.0,1.0,2.0,1.0,2.75,2.38,3.25,3.38,1.0,1.88,1.75,2.0,4.12,3.75,1.0,2.88,3.0,1.0,3.5,1.0,2.62,4.5,4.38,3.25,2.75,1.0,4.0,1.0,2.0,1.88,3.12,1.0,1.0,4.0,4.0,3.0,1.0,1.75,2.0,2.88,1.12,1.88,2.38,1.0,4.25,4.12,4.0,4.62,3.88,3.88,4.25,1.0,1.0,1.0,3.5,4.12,3.75,1.62,1.62,2.75,2.5,4.0,3.25,1.25,3.25,1.62,3.5,1.5,1.38,4.12,1.0,3.88,3.88,4.5,4.25,3.25,3.25,1.5,3.25,1.0,4.12,3.86,4.96,3.13,3.36,4.34,1.65,3.07,3.72,3.49,4.38,1.28,4.65,2.33,3.61,4.8,3.18,1.45,4.2,2.17,3.9,3.85,4.66,2.27,3.74,1.44,3.64,3.25,3.17,2.01,3.8,3.89,1.43,1.09,3.77,3.03,2.65,2.13,3.5,4.01,4.53,3.46,3.89,3.9,4.47,4.31,3.8,4.28,3.48,1.64,4.4,4.83,1.81,1.22,3.81,1.11,1.05,1.03,1.0,1.17,1.05,2.72,1.02,1.03,4.92,4.87,4.42,3.0,4.17,3.9,2.41,1.08,1.0,4.99,1.04,3.09,1.04,1.02,1.07,3.67,2.04,1.27,1.0,1.01,1.12,1.92,4.08,2.07,1.3,1.72,4.91,4.05,1.51,1.09,3.24,4.81,4.4,True,True,False,True,True,True,True,True
29-1224,Radiologists,Radiologists,Radiologists,0.0,0.4888888888888889,0.977777777777778,0.3111111111111111,0.5111111111111112,0.7111111111111111,0.7086123,1,29-1069,True,,,,,base_00,5,base_00,False,1,3.12,2.5,3.75,2.88,4.38,2.0,1.0,1.75,1.25,1.88,3.25,3.0,3.88,3.0,1.0,1.88,1.62,2.38,4.5,3.75,2.5,3.0,3.0,2.0,4.0,1.0,3.0,4.38,4.38,3.0,3.5,1.0,4.5,1.88,2.12,1.62,3.0,1.0,1.12,3.75,3.62,3.12,1.0,1.75,1.75,2.88,2.12,3.25,3.25,2.12,4.38,4.12,3.88,4.25,4.0,3.25,4.12,1.5,1.62,1.0,3.38,4.12,3.25,1.75,2.0,3.0,2.88,4.0,2.75,2.88,1.62,3.12,2.88,1.38,3.12,4.25,1.5,3.75,3.62,4.0,4.25,3.0,3.0,1.5,3.5,2.0,4.12,4.21,4.87,3.31,3.92,4.57,3.17,3.1,2.91,3.36,4.37,2.39,4.36,3.44,4.06,4.58,3.33,3.06,4.45,3.64,4.43,4.19,4.57,2.36,4.14,2.28,4.1,3.17,3.68,2.77,4.37,3.92,2.55,2.22,2.46,3.73,1.98,2.11,3.27,3.39,4.69,4.47,2.84,3.85,4.04,4.25,4.48,3.29,1.51,2.26,4.32,4.15,1.14,1.3,4.26,1.01,1.36,1.05,1.0,1.03,4.14,1.66,1.0,1.0,4.6,4.49,4.57,3.6,4.33,4.89,4.43,1.0,1.0,4.52,1.04,3.75,1.0,1.0,1.19,3.59,1.73,1.33,1.0,1.2,1.2,4.21,3.52,2.83,4.28,1.99,4.94,4.43,3.71,4.14,3.82,4.45,3.35,True,True,False,True,True,True,True,True
29-1229,"Physicians, All Other",,Allergists and Immunologists,0.0990865528601377,0.4164495357891584,0.733812518718179,0.1162174303683737,0.3179619646600778,0.5197064989517819,0.7086123,1,29-1069,True,,,,,first_detail,5,detail_mode,False,1,2.46,2.2066666666666666,3.6466666666666665,2.145,4.206666666666667,2.125,1.0,1.79,1.25,1.8116666666666668,2.92,2.665,3.4166666666666665,3.5416666666666665,1.0833333333333333,1.7083333333333333,1.6483333333333334,2.188333333333333,4.2700000000000005,3.709999999999999,2.185,2.895,2.9599999999999995,2.0833333333333335,3.855,1.0633333333333332,2.875,4.25,4.2716666666666665,3.3333333333333335,3.06,1.0833333333333333,4.331666666666667,1.4583333333333333,1.6683333333333332,1.7933333333333332,3.2283333333333335,1.0833333333333333,1.1233333333333333,3.9583333333333335,3.834999999999999,3.081666666666667,1.2066666666666668,1.835,1.9183333333333332,2.8766666666666665,2.313333333333333,2.645,2.9983333333333335,1.75,4.2299999999999995,4.041666666666667,3.9166666666666665,4.165,4.0,3.605,4.185,1.0,1.2916666666666667,1.0,3.4983333333333335,4.123333333333334,3.4133333333333336,1.8966666666666665,1.935,3.145,2.8333333333333335,3.9783333333333335,2.9166666666666665,1.6666666666666667,1.9383333333333332,2.29,3.27,1.625,2.375,4.3133333333333335,1.0,3.5216666666666665,3.7083333333333335,3.938333333333333,4.0616666666666665,3.3333333333333335,3.3516666666666666,1.7299999999999998,3.561666666666667,1.6900000000000002,3.956666666666667,4.435,4.7316666666666665,3.565,3.821666666666667,4.478333333333333,2.4516666666666667,3.6566666666666663,3.6166666666666663,3.6766666666666663,4.53,1.778333333333333,4.335,3.435,3.93,4.66,3.615,2.481666666666667,4.405,3.0833333333333335,4.213333333333333,3.7516666666666665,4.783333333333333,2.9983333333333335,4.198333333333333,1.981666666666667,4.1433333333333335,3.2566666666666664,4.06,2.8166666666666664,4.3500000000000005,4.108333333333333,1.8216666666666663,1.68,3.4299999999999997,3.49,2.69,2.856666666666667,3.563333333333333,3.7383333333333337,4.55,4.194999999999999,3.525,4.18,4.788333333333333,4.198333333333333,4.196666666666666,3.5283333333333338,1.985,1.8266666666666669,4.5616666666666665,4.786666666666666,2.1233333333333335,1.78,4.361666666666667,1.4383333333333337,1.596666666666667,1.5,1.08,1.866666666666667,2.19,2.285,1.2466666666666668,1.035,4.886666666666667,4.81,4.591666666666667,3.965,4.566666666666666,4.706666666666667,3.1766666666666663,1.403333333333333,1.11,4.705,1.53,3.5416666666666665,1.4166666666666667,1.235,1.4633333333333336,4.375,2.486666666666667,1.965,1.0516666666666667,1.2833333333333334,1.4799999999999998,2.155,3.043333333333333,3.098333333333333,3.1016666666666666,2.24,4.803333333333334,4.183333333333334,3.4233333333333333,2.3733333333333335,4.205,4.631666666666667,4.046666666666667,True,True,False,True,True,True,True,True
29-1241,"Ophthalmologists, Except Pediatric","Ophthalmologists, Except Pediatric","Ophthalmologists, Except Pediatric",0.0588235294117647,0.4264705882352941,0.7941176470588235,0.1176470588235294,0.3382352941176471,0.5588235294117647,0.7086123,1,29-1069,True,,,,,base_00,5,base_00,False,1,3.75,2.0,3.62,3.38,4.12,2.5,1.0,1.25,1.25,1.75,3.12,3.88,3.88,3.0,2.0,1.38,1.5,2.0,4.25,3.75,3.12,3.0,2.88,2.88,4.25,2.0,3.0,4.12,4.12,3.12,3.12,2.0,4.25,2.25,2.25,2.88,3.38,1.88,2.0,4.0,4.0,2.75,1.62,1.5,2.0,2.88,1.88,3.0,3.0,2.38,4.25,4.0,4.0,4.12,4.0,3.75,4.25,1.5,1.88,1.0,3.75,4.0,3.38,2.12,2.12,3.12,3.0,4.0,3.0,2.75,2.0,3.0,3.62,1.88,2.62,4.25,1.5,3.88,3.88,4.0,4.0,3.0,3.0,2.0,3.88,2.0,4.0,4.63,4.68,2.94,3.52,4.37,4.02,3.79,3.62,4.07,4.64,2.54,4.13,4.32,3.86,4.63,3.61,2.66,4.73,3.76,4.32,3.94,4.72,2.97,4.46,3.13,3.85,2.71,3.7,2.48,4.55,4.5,2.31,2.6,3.77,3.58,2.95,2.98,3.51,3.55,4.63,3.05,3.52,4.91,4.99,4.45,4.7,3.42,1.46,1.27,4.55,4.97,1.78,2.88,4.86,1.83,2.41,1.05,1.0,1.21,1.4,1.39,1.0,1.0,5.0,5.0,4.99,3.67,4.94,4.92,4.13,1.0,1.0,4.92,1.0,4.42,1.0,1.0,1.0,4.92,1.65,2.56,1.0,1.61,1.27,3.7,4.12,3.17,4.64,2.57,4.54,4.61,3.6,1.89,4.13,4.24,4.81,True,True,False,True,True,True,True,True
29-1242,"Orthopedic Surgeons, Except Pediatric","Orthopedic Surgeons, Except Pediatric","Orthopedic Surgeons, Except Pediatric",0.0666666666666666,0.3333333333333333,0.6,0.0666666666666666,0.2333333333333333,0.4,-0.0504534,1,29-1067,True,,,,,base_00,5,base_00,False,1,,,,,,,,,,,,,,,,,,,,,,,,,,,,,,,,,,,,,,,,,,,,,,,,,,,,,,,,,,,,,,,,,,,,,,,,,,,,,,,,,,,,,,,,,,,,,,,,,,,,,,,,,,,,,,,,,,,,,,,,,,,,,,,,,,,,,,,,,,,,,,,,,,,,,,,,,,,,,,,,,,,,,,,,,,,,,,,,,,,,,,,,True,True,False,True,False,False,False,False
29-1243,Pediatric Surgeons,Pediatric Surgeons,Pediatric Surgeons,0.1111111111111111,0.3611111111111111,0.611111111111111,0.0555555555555555,0.2222222222222222,0.3888888888888888,-0.0504534,1,29-1067,True,,,,,base_00,5,base_00,False,1,,,,,,,,,,,,,,,,,,,,,,,,,,,,,,,,,,,,,,,,,,,,,,,,,,,,,,,,,,,,,,,,,,,,,,,,,,,,,,,,,,,,,,,,,,,,,,,,,,,,,,,,,,,,,,,,,,,,,,,,,,,,,,,,,,,,,,,,,,,,,,,,,,,,,,,,,,,,,,,,,,,,,,,,,,,,,,,,,,,,,,,,True,True,False,True,False,False,False,False
29-1291,Acupuncturists,Acupuncturists,Acupuncturists,0.1666666666666666,0.1666666666666666,0.1666666666666666,0.1666666666666666,0.3055555555555555,0.4444444444444444,0.7109566,1,29-1199,True,0.02,1,29-1199,True,base_00,5,base_00,False,1,3.25,1.88,3.0,2.0,3.88,1.75,1.0,1.88,1.12,2.0,2.62,3.25,3.0,2.88,1.0,1.75,1.75,1.75,3.62,3.0,2.88,2.0,2.0,2.5,3.88,1.0,2.0,3.88,3.88,2.88,2.62,1.0,3.88,1.0,1.25,1.0,3.0,1.0,1.12,3.25,3.0,2.25,1.0,1.88,1.88,2.75,1.88,2.0,2.75,1.88,3.75,3.25,3.12,3.88,3.25,3.12,3.75,1.0,1.62,1.0,2.75,3.5,2.62,1.75,1.88,2.0,2.0,3.25,2.0,1.38,1.75,1.62,2.62,1.25,1.88,3.25,1.0,2.25,3.75,3.75,3.62,2.88,2.88,1.38,3.0,1.38,3.12,3.45,4.72,3.0,3.21,2.86,1.59,2.17,2.03,3.17,4.54,1.28,4.24,2.17,3.1,4.31,2.21,2.9,3.62,2.36,3.5,3.07,4.17,2.81,3.21,1.21,3.64,3.75,4.18,3.03,3.17,3.54,1.52,1.45,2.66,3.39,2.71,2.03,3.62,2.86,4.28,3.03,2.31,3.29,4.59,2.21,3.83,2.64,1.59,1.18,4.7,4.66,1.71,1.93,4.21,1.21,1.11,1.14,1.14,1.64,1.04,1.66,1.14,1.0,4.67,4.79,3.86,3.61,3.55,4.0,3.04,1.0,1.0,4.57,1.28,3.14,1.07,1.14,1.04,4.89,2.17,2.67,1.14,1.59,1.79,3.21,2.39,3.78,4.46,2.32,4.41,3.03,2.54,1.21,2.18,2.78,3.11,True,True,True,True,True,True,True,True
29-1292,Dental Hygienists,Dental Hygienists,Dental Hygienists,0.0625,0.1875,0.3125,0.0,0.09375,0.1875,-0.416508,1,29-2021,False,0.68,1,29-2021,False,base_00,3,base_00,False,1,3.88,2.25,3.0,3.0,3.0,2.0,1.0,2.0,1.25,2.62,2.88,3.88,3.0,2.88,1.0,2.0,2.12,2.12,3.12,3.0,3.25,2.12,2.12,2.75,3.88,1.0,2.12,3.75,3.75,2.62,3.0,1.0,3.88,1.88,2.0,1.75,3.0,1.0,1.0,3.25,3.25,2.12,1.0,2.12,2.0,3.0,2.38,3.0,2.88,2.12,3.12,3.0,3.0,3.75,2.88,3.0,3.5,2.12,1.62,1.0,3.0,3.0,2.75,1.5,1.88,2.25,2.0,3.12,2.38,2.25,1.75,2.88,3.0,1.38,2.38,3.0,1.88,2.38,3.12,3.12,3.5,2.0,2.12,1.88,3.0,2.25,3.12,3.41,4.48,3.04,3.54,3.94,3.01,3.34,3.14,3.5,4.17,2.16,4.61,3.43,3.83,3.87,2.76,3.94,3.67,3.77,3.98,3.86,4.05,2.77,3.67,1.65,3.59,3.0,4.26,3.48,3.47,3.36,2.75,2.71,3.7,3.34,3.64,2.13,3.35,3.17,4.02,3.82,2.06,3.34,4.97,2.95,3.89,3.25,1.29,1.71,4.1,2.68,3.17,2.11,4.97,1.67,2.13,1.16,1.0,1.74,4.09,2.73,1.35,1.0,4.97,3.98,4.35,3.1,4.33,4.39,4.3,1.0,1.0,5.0,1.21,2.98,1.0,1.0,1.41,4.54,1.06,4.01,1.0,1.86,1.37,5.0,4.09,2.24,5.0,1.96,3.39,3.74,5.0,2.04,2.2,3.97,1.54,True,True,True,True,True,True,True,True
29-1299,"Healthcare Diagnosing or Treating Practitioners, All Other",,Naturopathic Physicians,0.1963141025641025,0.4963942307692307,0.796474358974359,0.1450320512820512,0.3157051282051282,0.486378205128205,0.7109566,1,29-1199,True,0.02,1,29-1199,True,first_detail,5,detail_mode,False,1,2.5,2.25,3.375,2.19,4.0600000000000005,1.81,1.0,1.31,1.125,1.31,3.0,2.75,3.25,3.31,1.0,1.0,1.0,2.0,4.0600000000000005,3.44,2.44,2.63,2.5,1.81,3.75,1.0,2.565,4.0,4.0600000000000005,3.125,3.06,1.0,4.125,1.0,1.06,1.06,3.06,1.0,1.0,3.875,3.875,2.88,1.0,1.0,1.435,2.685,1.875,2.875,2.88,1.815,4.0,3.94,3.5,4.0600000000000005,3.63,3.06,4.0600000000000005,1.0,1.185,1.0,3.185,3.69,3.315,1.75,1.75,2.69,2.75,3.25,2.565,1.375,2.315,2.0,3.0,1.685,1.935,3.935,1.0,3.37,3.63,3.875,4.0,3.12,3.0,1.815,3.06,1.25,3.75,4.045,4.68,3.2,3.3200000000000003,3.93,1.77,2.8,3.075,3.125,4.68,1.195,4.135,2.61,3.12,4.6,2.8600000000000003,2.4850000000000003,4.155,2.575,4.175000000000001,3.145,4.515000000000001,2.515,3.52,1.25,3.3600000000000003,3.21,4.115,2.33,3.64,3.12,1.61,1.38,2.955,2.99,2.565,2.295,3.325,3.68,4.175000000000001,3.92,2.92,3.185,4.71,3.43,4.225,3.1399999999999997,1.67,1.56,4.24,4.765000000000001,1.61,1.34,4.29,1.36,1.2200000000000002,1.175,1.04,1.44,1.14,2.375,1.1150000000000002,1.0,4.98,4.41,4.24,3.205,3.995,4.485,3.005,1.27,1.075,4.5600000000000005,1.04,2.71,1.04,1.02,1.0950000000000002,4.17,2.0549999999999997,2.07,1.02,1.18,1.665,2.615,3.7,2.355,3.505,2.045,4.67,3.72,2.365,1.09,2.92,3.955,3.985,True,True,True,True,True,True,True,True
29-2011,Medical and Clinical Laboratory Technologists,Medical and Clinical Laboratory Technologists,Medical and Clinical Laboratory Technologists,0.1408312807881773,0.3389516625615763,0.5370720443349754,0.1116841133004925,0.1977124384236453,0.283740763546798,0.2818067,1,29-2011,False,,,,,base_00,4,base_00,True,2,3.405,2.1575,3.4675,3.065,3.72,2.125,1.095,1.685,1.4075,1.8125,3.0,3.28,3.375,2.8125,1.03,1.5325,1.5,2.0925,3.7825,3.655,2.97,2.75,2.5325,2.28,4.0625,1.03,2.595,3.875,3.5,2.595,2.9675,1.03,3.75,2.125,2.155,1.75,3.25,1.03,1.0925,3.09,3.155,2.715,1.2825,1.53,2.0,2.4675,2.19,3.25,2.845,2.0625,3.9675,3.345,3.22,3.625,3.315,2.97,3.7525,2.2825,2.0925,1.0925,2.875,3.28,2.815,1.94,2.03,2.7175,2.78,3.25,2.25,2.655,1.6575,3.0925,2.5,1.7825,3.0,3.7525,2.0625,3.2825,2.7825,2.97,3.2775,2.5925,2.625,1.53,3.155,2.53,3.2475,3.82,2.67,2.965,2.6075,4.1925,3.3175,2.99,2.8825000000000003,2.6425,4.4025,1.785,3.32,2.94,3.935,4.1225000000000005,2.8375,3.1525,3.92,3.97,3.1225,3.06,3.975,2.6725,3.7475,1.73,3.605,2.96,1.8275,2.545,3.8025,2.61,2.6975,2.6325000000000003,2.5225,2.81,1.5825,2.41,2.5975,3.3825000000000003,4.08,4.125,2.5374999999999996,4.135,3.785,3.0175,2.6225,2.4625,1.1575,2.8225,3.66,4.7275,3.42,1.625,4.045,1.6,3.89,1.75,1.0125,1.6675,1.285,2.54,1.1825,1.0775,4.615,4.025,4.2075,3.4675,3.9825,4.7625,4.51,1.0825,1.025,4.9025,1.05,2.5375,1.0125,1.0125,2.275,3.455,1.5925,1.9975,1.05,1.2225,1.39,4.29,3.835,2.4450000000000003,4.355,2.0975,4.34,4.45,4.6675,1.9175,3.0175,3.955,2.7725,True,True,False,True,True,True,True,True
29-2012,Medical and Clinical Laboratory Technicians,Medical and Clinical Laboratory Technicians,Medical and Clinical Laboratory Technicians,0.0,0.1696428571428571,0.3392857142857142,0.0,0.0476190476190476,0.0952380952380952,-0.1273315,1,29-2012,False,,,,,base_00,3,base_00,False,1,3.31,2.565,3.185,3.12,3.31,2.25,1.06,2.125,1.375,2.12,2.88,3.685,2.935,2.565,1.0,1.875,1.875,2.25,3.06,3.63,3.185,2.44,2.31,2.69,4.0,1.0,2.56,3.685,3.5,2.44,2.94,1.0,3.63,2.06,2.44,1.935,3.06,1.06,1.06,3.12,3.12,2.5,1.625,2.06,2.0,2.44,2.625,3.0,2.815,2.19,3.5,3.12,2.94,3.69,3.185,3.0,3.44,2.25,2.31,1.125,2.685,3.06,2.63,1.81,2.06,2.565,2.375,3.185,2.25,2.815,1.75,3.0,2.25,1.75,2.87,3.44,1.875,3.185,2.625,2.94,3.25,2.435,2.185,1.81,3.06,2.565,3.06,3.36,2.525,2.75,2.59,3.915,3.56,2.795,2.905,2.645,4.085,1.6,3.2,2.755,3.9,4.08,2.88,3.165,3.615,3.965,3.095,3.045,4.1899999999999995,2.61,4.0600000000000005,1.675,3.56,2.64,2.135,2.71,3.86,2.51,2.69,2.58,2.41,2.5650000000000004,1.235,1.825,2.795,3.53,3.94,3.885,2.715,4.04,4.15,3.245,2.48,2.85,1.27,3.08,3.615,4.295,4.125,2.175,3.815,1.39,4.12,2.865,1.02,2.34,1.545,2.74,1.615,1.09,4.725,3.76,3.375,3.67,3.38,4.890000000000001,4.33,1.06,1.0,4.79,1.175,2.26,1.105,1.08,2.89,3.485,1.515,2.185,1.04,1.365,1.445,4.325,3.5149999999999997,2.86,4.195,2.35,4.335,4.12,4.83,1.83,2.875,4.145,2.97,True,True,False,True,True,True,True,True
29-2031,Cardiovascular Technologists and Technicians,Cardiovascular Technologists and Technicians,Cardiovascular Technologists and Technicians,0.0857142857142857,0.3571428571428571,0.6285714285714286,0.1142857142857142,0.1714285714285714,0.2285714285714285,-0.0909526,1,29-2031,False,0.23,1,29-2031,False,base_00,3,base_00,False,1,3.25,2.5,3.0,3.12,3.62,2.0,1.12,1.88,1.0,2.25,2.88,3.12,3.25,2.88,1.0,2.0,1.75,2.62,3.62,3.5,3.12,2.62,2.62,2.75,4.0,1.0,2.5,4.0,4.0,2.5,3.38,1.0,4.12,2.12,2.25,2.0,3.12,1.0,1.0,3.62,3.62,3.0,2.0,2.0,2.25,3.0,2.88,2.88,2.75,2.12,3.5,3.5,3.12,3.88,3.12,3.0,3.75,2.5,2.0,1.0,3.0,3.25,2.88,1.75,1.88,2.5,2.62,3.75,2.62,3.12,1.62,3.75,2.75,1.62,2.75,3.62,2.25,3.0,3.25,3.62,3.75,2.38,2.25,1.75,3.0,2.5,3.12,3.74,4.57,2.67,2.68,3.94,4.02,2.53,3.25,2.78,4.48,2.02,3.8,2.97,3.91,4.16,2.31,3.86,4.11,3.83,3.64,3.16,3.66,2.26,3.75,2.45,3.54,2.87,3.76,3.23,3.71,2.27,2.77,2.58,2.65,2.65,1.53,2.01,2.84,2.97,3.91,4.3,3.38,3.77,4.94,3.62,4.23,3.73,1.92,2.07,4.07,3.98,2.5,2.73,3.95,1.86,1.64,1.43,1.0,1.33,3.57,2.26,1.0,1.0,4.74,3.9,4.32,3.58,4.28,4.68,4.11,1.08,1.0,4.58,1.0,2.72,1.0,1.0,2.68,4.88,1.5,3.53,1.0,1.73,1.5,4.03,3.24,3.08,4.4,2.95,4.37,4.3,4.2,2.78,3.29,4.64,2.93,True,True,True,True,True,True,True,True
29-2032,Diagnostic Medical Sonographers,Diagnostic Medical Sonographers,Diagnostic Medical Sonographers,0.1052631578947368,0.3026315789473684,0.5,0.131578947368421,0.2894736842105263,0.4473684210526315,-0.264054,1,29-2032,False,0.35,1,29-2032,False,base_00,3,base_00,False,1,3.5,2.5,3.12,3.5,3.38,2.62,1.0,2.12,1.0,2.75,2.88,3.0,3.38,3.0,1.0,2.25,1.88,2.88,3.5,3.12,3.0,2.25,2.38,3.0,3.88,1.0,2.12,4.0,3.88,3.0,3.0,1.0,3.88,2.12,2.25,2.5,3.0,1.0,1.0,3.62,3.5,3.0,1.88,2.38,2.25,2.88,2.75,2.88,3.0,2.0,3.88,3.75,3.38,3.88,3.12,3.25,3.5,2.62,2.25,1.0,3.0,3.12,3.0,1.75,1.88,2.75,2.12,3.5,2.5,3.12,2.0,3.12,3.0,1.25,2.75,3.75,2.12,3.25,3.12,3.75,3.75,2.38,2.12,2.0,3.38,2.25,3.25,3.54,4.28,2.99,3.12,4.08,3.69,3.05,3.06,2.6,4.12,1.79,3.85,2.99,3.74,4.22,2.79,3.4,3.76,3.62,3.78,3.09,3.77,2.15,3.67,2.29,3.32,2.98,3.93,3.6,3.62,2.71,2.72,2.63,3.13,3.18,2.08,1.85,3.02,3.31,4.15,3.98,2.95,3.5,4.85,3.42,4.23,3.61,1.83,2.02,3.79,3.39,2.63,2.85,4.46,1.6,1.52,1.08,1.0,1.28,2.3,1.9,1.14,1.26,4.31,4.18,4.28,3.2,4.04,4.87,4.66,1.14,1.0,4.71,1.17,2.99,1.05,1.0,1.74,4.81,1.37,3.53,1.01,1.56,1.69,4.72,3.36,3.04,4.8,2.83,4.49,4.02,3.99,1.85,2.7,4.43,2.69,True,True,True,True,True,True,True,True
29-2033,Nuclear Medicine Technologists,Nuclear Medicine Technologists,Nuclear Medicine Technologists,0.064516129032258,0.2903225806451612,0.5161290322580645,0.1612903225806451,0.2580645161290322,0.3548387096774194,0.0855276,1,29-2033,False,0.13,1,29-2033,False,base_00,3,base_00,False,1,3.0,1.88,3.25,3.12,3.5,2.0,1.0,2.0,1.0,1.88,2.75,2.88,3.0,2.88,1.0,2.0,1.88,2.0,3.5,3.75,2.88,3.12,2.75,2.5,3.88,1.0,3.12,4.0,4.0,2.75,3.0,1.0,3.88,2.12,2.12,1.88,2.88,1.0,1.0,3.5,3.62,2.5,1.88,2.0,2.0,2.75,2.38,2.88,2.88,1.88,3.75,3.5,3.12,3.75,3.12,3.25,3.88,2.38,2.25,1.0,2.88,3.25,2.75,1.75,2.0,2.62,3.12,3.5,2.38,3.0,1.75,3.12,2.75,1.62,2.88,3.5,2.12,3.25,3.25,3.38,3.75,2.38,2.38,1.75,3.0,2.38,3.5,2.87,4.61,2.86,2.96,3.91,3.81,3.61,3.25,2.56,4.27,1.95,3.94,3.14,4.03,4.2,2.81,3.49,3.79,3.84,3.34,3.12,3.68,2.79,3.8,2.24,3.68,3.2,4.09,3.39,3.68,2.6,2.93,2.39,2.9,3.26,1.98,2.14,2.81,3.31,4.21,4.55,3.22,4.41,4.83,3.9,4.65,3.68,2.17,2.49,4.3,4.07,2.74,2.12,4.7,1.66,2.24,1.36,1.01,1.31,5.0,2.16,1.11,1.01,4.65,4.45,4.47,3.56,4.24,4.66,3.48,1.08,1.0,4.36,1.02,3.83,1.02,1.1,3.23,4.42,1.52,2.41,1.0,1.44,1.63,2.53,2.69,3.16,3.94,2.9,4.8,4.1,3.75,3.65,3.29,4.37,3.16,True,True,True,True,True,True,True,True
29-2034,Radiologic Technologists and Technicians,Radiologic Technologists and Technicians,Radiologic Technologists and Technicians,0.0,0.3771929824561403,0.7543859649122806,0.1052631578947368,0.2807017543859649,0.4561403508771929,-0.5559037,1,29-2034,False,,,,,base_00,3,base_00,False,1,3.12,2.62,3.12,3.12,3.62,2.25,1.25,2.12,2.0,2.62,2.88,2.75,3.12,2.38,1.62,2.0,1.88,2.5,3.5,3.62,2.75,2.12,2.75,2.75,4.0,1.75,2.25,4.0,3.88,2.25,3.12,2.0,4.0,2.0,2.38,2.38,3.12,1.75,1.88,3.5,3.5,2.62,1.62,2.12,2.75,2.62,2.75,2.62,3.12,2.5,3.62,3.0,2.88,3.75,2.62,3.12,3.25,1.88,2.25,1.0,2.75,3.0,2.75,1.38,1.62,2.62,2.0,3.38,2.38,3.25,1.38,3.12,2.25,1.75,3.0,3.5,1.75,2.12,3.5,3.62,3.5,2.5,2.38,1.62,3.0,2.62,3.0,2.67,4.87,3.24,2.58,3.81,4.02,2.89,3.02,2.33,4.04,1.69,3.85,2.38,3.38,3.9,2.6,3.95,3.69,3.75,3.27,3.04,3.43,2.27,3.82,2.51,3.45,2.39,3.95,3.69,2.96,2.46,2.71,2.27,2.97,2.71,1.55,2.06,2.8,3.42,4.04,4.29,3.13,3.4,4.97,3.73,4.55,3.97,2.66,2.39,3.87,4.42,2.97,2.39,4.88,2.01,2.37,1.13,1.0,1.3,4.4,2.96,1.13,1.12,4.5,4.01,4.78,4.0,4.32,4.67,3.89,1.18,1.0,4.5,1.02,3.22,1.05,1.05,2.13,4.72,1.94,3.42,1.02,1.58,1.97,3.69,2.59,3.63,4.46,3.64,4.83,3.66,3.78,4.17,3.3,4.65,3.08,True,True,False,True,True,True,True,True
29-2035,Magnetic Resonance Imaging Technologists,Magnetic Resonance Imaging Technologists,Magnetic Resonance Imaging Technologists,0.0444444444444444,0.3222222222222222,0.6,0.1333333333333333,0.2222222222222222,0.3111111111111111,-0.0727627,1,29-2035,False,,,,,base_00,3,base_00,False,1,3.12,2.88,3.12,3.25,3.25,2.12,1.0,1.88,1.38,2.38,3.0,3.12,3.12,2.88,1.0,2.0,1.88,2.62,3.25,3.25,3.12,2.5,2.62,2.5,4.0,1.0,2.5,4.0,4.0,2.62,3.12,1.12,3.62,2.88,2.75,2.25,3.12,1.0,1.25,3.25,3.25,2.62,1.62,2.0,2.25,2.62,2.25,2.75,2.88,2.0,3.88,3.5,3.12,3.75,3.12,3.0,3.38,1.75,2.0,1.0,3.0,3.0,2.75,1.5,2.12,2.12,2.62,3.75,2.62,3.25,1.25,3.62,2.88,1.75,2.62,3.88,1.75,2.75,3.12,3.12,3.62,3.0,2.88,1.5,3.0,2.62,3.12,3.61,4.43,3.64,3.43,4.0,3.91,3.0,3.09,2.96,4.48,2.09,3.36,2.95,4.0,4.04,3.35,3.9,3.7,3.74,3.22,3.18,4.18,2.83,3.96,1.95,3.61,3.22,4.24,3.3,3.91,2.96,3.04,2.59,2.91,3.09,2.09,2.61,3.52,3.7,4.17,4.52,3.09,4.0,4.61,3.26,3.48,4.0,2.26,2.59,4.04,4.52,1.64,1.57,4.09,1.52,1.91,2.52,1.26,1.68,1.35,4.26,1.09,1.78,4.61,4.3,3.61,4.65,3.65,4.83,4.0,1.43,1.17,4.74,1.39,3.17,1.26,1.35,3.73,3.91,2.13,2.57,1.04,1.74,1.96,3.36,3.74,2.57,3.57,2.65,4.65,3.91,3.91,1.74,3.43,3.87,3.04,True,True,False,True,True,True,True,True
29-2036,Medical Dosimetrists,Medical Dosimetrists,Medical Dosimetrists,0.15,0.45,0.75,0.1,0.3,0.5,-0.283854,1,29-2099,True,,,,,base_00,4,base_00,False,1,2.62,2.38,3.5,2.75,4.12,2.12,1.0,1.88,1.0,1.12,3.12,2.5,3.25,3.12,1.0,1.0,1.0,2.25,4.12,3.62,2.5,3.38,2.62,1.38,3.88,1.0,3.25,4.0,3.88,3.0,3.0,1.0,3.88,1.0,1.25,1.12,3.12,1.0,1.12,3.75,3.75,2.62,1.0,1.0,1.12,2.62,2.38,2.5,3.12,2.12,4.12,3.88,3.38,4.0,3.62,3.12,4.12,1.0,1.25,1.0,3.0,3.62,3.12,1.75,1.88,3.0,3.5,3.5,2.5,1.88,2.12,2.62,2.88,2.0,2.5,4.0,1.0,3.38,3.25,3.38,3.88,3.12,3.0,1.88,3.5,2.0,3.75,4.25,2.94,2.75,2.75,4.26,2.3,3.25,3.3,3.32,4.53,2.7,3.7,3.35,3.89,4.21,2.55,1.9,3.95,3.16,3.8,3.35,4.35,1.9,3.55,1.58,4.25,2.65,1.7,1.75,4.26,3.11,2.25,1.85,2.35,3.55,1.58,1.65,3.89,3.05,4.32,4.8,2.6,4.5,3.9,3.47,2.45,1.95,1.2,2.65,4.2,4.8,1.5,1.05,2.58,1.0,1.42,1.25,1.05,1.0,2.5,1.9,1.0,1.0,4.8,3.9,4.05,3.15,4.15,4.85,4.21,1.05,1.0,4.75,1.05,3.4,1.0,1.0,2.45,2.6,1.65,1.35,1.0,1.05,1.0,3.85,4.79,1.8,4.0,1.45,4.8,5.0,1.65,1.75,3.15,4.1,2.4,True,True,False,True,True,True,True,True
29-2042,Emergency Medical Technicians,Emergency Medical Technicians,Emergency Medical Technicians,0.1666666666666666,0.2083333333333333,0.25,0.0,0.2083333333333333,0.4166666666666666,-0.6863446,1,29-2041,True,0.049,1,29-2041,True,base_00,3,base_00,False,1,,,,,,,,,,,,,,,,,,,,,,,,,,,,,,,,,,,,,,,,,,,,,,,,,,,,,,,,,,,,,,,,,,,,,,,,,,,,,,,,,,,,,,,,,,,,,,,,,,,,,,,,,,,,,,,,,,,,,,,,,,,,,,,,,,,,,,,,,,,,,,,,,,,,,,,,,,,,,,,,,,,,,,,,,,,,,,,,,,,,,,,,True,True,True,True,False,False,False,False
29-2043,Paramedics,Paramedics,Paramedics,0.0769230769230769,0.1538461538461538,0.2307692307692307,0.0,0.1923076923076923,0.3846153846153846,-0.6863446,1,29-2041,True,0.049,1,29-2041,True,base_00,3,base_00,False,1,,,,,,,,,,,,,,,,,,,,,,,,,,,,,,,,,,,,,,,,,,,,,,,,,,,,,,,,,,,,,,,,,,,,,,,,,,,,,,,,,,,,,,,,,,,,,,,,,,,,,,,,,,,,,,,,,,,,,,,,,,,,,,,,,,,,,,,,,,,,,,,,,,,,,,,,,,,,,,,,,,,,,,,,,,,,,,,,,,,,,,,,True,True,True,True,False,False,False,False
29-2051,Dietetic Technicians,Dietetic Technicians,Dietetic Technicians,0.1739130434782608,0.5434782608695652,0.9130434782608696,0.0434782608695652,0.4130434782608695,0.7826086956521738,-0.1260282,1,29-2051,False,0.13,1,29-2051,False,base_00,3,base_00,False,1,2.62,2.75,3.12,2.25,3.5,2.12,1.0,2.0,1.38,2.25,2.88,2.75,3.0,3.12,1.25,1.88,2.0,2.38,3.25,3.12,2.62,2.88,2.12,2.12,3.25,1.25,2.88,3.75,3.75,3.0,2.75,1.38,3.25,1.88,1.88,2.0,2.88,1.12,1.38,3.25,3.12,2.38,1.62,2.12,2.12,2.75,2.38,2.75,2.88,2.12,3.25,3.12,3.12,3.25,3.12,3.0,3.12,1.0,1.0,1.0,3.12,3.12,3.12,2.12,2.12,2.75,2.88,3.12,2.88,2.12,2.25,2.75,2.88,1.5,2.88,3.12,1.0,2.0,3.12,3.12,3.38,2.75,2.75,1.75,3.0,2.0,3.12,3.75,4.42,3.25,3.02,4.11,3.16,3.33,3.81,3.23,4.14,2.39,4.06,3.43,4.53,4.8,3.43,3.67,4.46,4.26,3.11,3.71,4.2,3.15,4.24,3.05,4.08,3.03,3.05,3.28,4.2,3.78,2.1,2.39,3.66,3.64,2.68,3.17,3.65,3.91,4.13,3.0,3.74,3.0,4.78,4.39,4.1,3.57,1.62,2.75,4.19,3.22,3.1,2.46,4.43,2.49,2.4,1.58,1.58,3.15,1.0,4.05,3.08,1.08,4.64,4.15,3.8,4.54,3.59,4.45,3.37,1.31,1.06,4.73,1.63,3.42,1.17,1.24,1.41,4.08,2.51,3.05,1.0,2.41,2.61,3.19,2.5,3.85,2.93,3.65,3.79,4.31,3.85,1.24,4.15,4.72,2.95,True,True,True,True,True,True,True,True
29-2052,Pharmacy Technicians,Pharmacy Technicians,Pharmacy Technicians,0.2941176470588235,0.4264705882352941,0.5588235294117647,0.2352941176470588,0.4264705882352941,0.6176470588235294,0.0070256,1,29-2052,False,0.92,1,29-2052,False,base_00,3,base_00,False,1,3.0,2.62,3.62,2.12,3.12,1.75,1.0,2.0,1.12,2.12,2.88,3.12,2.88,2.5,1.0,2.0,2.0,1.75,3.0,3.75,3.0,2.88,2.38,2.0,4.0,1.0,3.12,4.0,4.0,2.12,3.12,1.0,3.75,1.12,1.5,1.5,3.0,1.0,1.0,3.38,3.88,2.25,1.88,2.12,2.0,3.0,2.88,2.75,2.12,2.0,4.0,3.12,3.12,4.0,3.12,3.0,3.25,1.0,1.0,1.0,2.25,3.12,2.88,1.75,2.12,2.5,3.0,3.12,2.0,2.12,1.75,2.25,2.5,1.5,2.12,3.75,1.0,1.88,3.12,3.12,3.75,2.38,2.12,1.75,3.0,1.75,3.0,3.63,3.61,3.12,3.29,3.85,2.92,3.21,2.95,2.62,4.05,1.93,3.96,3.2,4.1,4.28,2.78,2.98,3.84,3.21,3.61,3.18,3.64,2.99,3.91,1.98,3.64,2.83,3.93,2.74,4.09,2.73,2.07,2.07,3.46,3.03,2.29,2.18,2.54,3.66,3.67,4.17,3.63,4.01,4.84,3.79,3.75,4.3,1.68,2.44,3.51,4.66,3.06,1.73,3.39,1.33,1.83,1.38,1.1,1.7,1.01,3.05,1.25,1.0,4.56,3.28,3.86,3.4,3.99,4.98,4.39,1.47,1.0,4.93,1.11,2.95,1.05,1.06,2.29,4.07,1.68,2.68,1.26,1.36,2.03,4.06,1.86,4.54,3.67,3.83,5.0,4.26,2.52,1.78,3.39,4.45,2.89,True,True,True,True,True,True,True,True
29-2053,Psychiatric Technicians,Psychiatric Technicians,Psychiatric Technicians,0.0,0.12,0.24,0.16,0.34,0.52,-0.2203484,1,29-2053,False,0.043,1,29-2053,False,base_00,3,base_00,False,1,2.62,2.12,3.0,2.0,3.75,2.0,1.0,2.0,2.25,2.25,3.0,2.5,2.75,2.88,1.12,2.12,2.0,1.88,3.62,3.25,2.38,2.0,2.12,2.25,3.38,1.12,2.0,4.0,4.0,2.62,2.75,1.38,4.0,1.5,2.0,2.0,3.12,1.62,1.5,3.5,3.5,2.25,2.0,2.38,2.88,2.75,2.88,2.0,2.25,1.5,3.62,3.5,3.12,4.0,3.0,3.88,3.62,1.12,1.12,1.0,3.25,3.0,3.0,1.38,1.5,2.75,2.0,4.0,3.0,1.62,1.88,2.0,3.12,1.5,2.0,3.75,1.0,2.0,3.62,4.12,3.88,2.75,2.62,1.88,3.0,2.0,3.25,2.34,4.92,3.49,2.85,4.56,1.53,3.49,3.69,2.15,4.2,1.25,4.03,1.87,3.64,4.44,2.09,2.71,4.45,3.15,3.26,1.87,3.78,1.99,3.82,2.19,3.85,2.69,2.37,3.16,3.24,2.74,1.4,1.19,4.5,3.15,2.09,1.6,3.01,3.56,3.38,3.13,4.17,2.77,4.68,4.25,1.96,4.47,3.51,2.16,3.83,4.12,2.48,1.5,3.5,1.98,1.15,1.0,1.0,1.95,1.0,3.59,1.39,1.0,4.88,3.76,3.48,3.54,2.38,3.54,2.95,2.27,1.02,3.96,1.57,2.48,2.52,1.88,1.2,4.62,2.35,1.91,1.17,1.68,1.7,2.32,2.98,3.62,2.56,2.89,4.67,3.46,3.01,1.24,3.06,4.42,3.78,True,True,True,True,True,True,True,True
29-2055,Surgical Technologists,Surgical Technologists,Surgical Technologists,0.0333333333333333,0.0666666666666666,0.1,0.0,0.0166666666666666,0.0333333333333333,-0.4830476,1,29-2055,False,0.34,1,29-2055,False,base_00,3,base_00,False,1,3.5,2.88,3.0,3.0,3.0,2.75,1.0,2.0,1.0,2.75,3.0,3.0,3.12,2.88,1.5,2.0,2.0,2.88,3.0,3.25,3.38,2.5,2.75,3.0,3.75,1.0,3.12,4.0,3.25,2.5,3.25,1.0,3.75,2.0,2.0,2.25,3.38,1.12,1.12,3.12,3.62,2.75,2.0,2.38,2.75,2.88,3.0,3.12,3.0,2.0,3.0,3.0,3.0,3.38,3.0,3.12,3.12,3.0,2.38,1.0,3.0,3.0,3.0,2.0,3.0,2.88,2.62,3.75,2.62,3.0,2.0,3.25,2.62,1.12,2.88,3.0,2.5,2.25,3.0,3.0,3.12,2.5,2.88,1.88,3.12,2.75,2.88,2.85,4.49,3.41,2.4,4.34,3.21,3.45,3.45,2.89,3.35,2.43,3.93,3.01,4.42,4.52,2.8,4.42,4.36,4.4,3.37,3.54,3.93,2.76,4.06,2.17,3.76,2.05,3.0,3.71,3.35,2.64,2.75,2.73,3.02,3.0,1.7,1.98,3.05,3.73,4.1,2.85,2.99,4.26,4.67,3.97,4.05,3.13,1.52,1.89,4.1,3.1,4.22,3.09,4.29,2.45,3.35,2.86,1.0,2.99,2.72,2.62,1.47,1.0,4.5,3.78,4.66,4.35,4.51,4.87,4.01,1.07,1.0,4.61,1.14,3.19,1.01,1.12,1.89,4.95,1.57,3.05,1.03,2.28,1.81,3.68,2.15,4.27,4.66,3.16,3.97,3.82,4.57,3.62,3.98,4.82,2.59,True,True,True,True,True,True,True,True
29-2056,Veterinary Technologists and Technicians,Veterinary Technologists and Technicians,Veterinary Technologists and Technicians,0.0655737704918032,0.1639344262295082,0.2622950819672131,0.0655737704918032,0.1475409836065573,0.2295081967213114,-0.3623179,1,29-2056,False,0.029,1,29-2056,False,base_00,3,base_00,False,1,3.12,3.0,3.12,2.88,3.88,2.0,1.0,2.12,1.88,2.88,2.75,3.12,3.12,2.88,1.0,2.25,2.12,2.88,3.88,3.75,3.12,2.88,2.75,2.75,3.88,1.0,2.88,3.75,3.88,2.88,3.0,1.0,3.75,2.0,2.0,1.88,3.12,1.0,1.0,3.38,3.75,2.75,1.75,2.62,2.88,2.88,3.0,2.88,2.75,1.88,3.75,3.12,3.12,3.75,3.25,3.12,3.75,2.25,2.12,1.0,2.88,3.12,3.0,1.88,2.38,2.75,2.75,3.25,2.62,2.62,2.0,2.88,2.88,1.75,2.38,3.62,2.12,2.88,3.12,3.12,3.62,2.75,2.62,1.88,3.0,2.5,3.25,3.39,4.48,2.9,3.63,3.96,3.22,3.27,3.28,2.67,4.37,2.13,3.63,3.53,3.49,4.34,2.77,3.92,4.51,4.33,3.96,3.6,3.9,2.86,4.23,2.08,3.83,3.08,3.97,4.24,3.45,2.65,2.74,2.83,3.1,2.94,2.98,2.3,2.76,3.54,4.16,3.28,2.98,3.84,4.67,4.0,3.86,3.35,1.36,1.98,3.85,3.62,3.71,3.1,4.16,1.49,3.05,1.25,1.35,4.17,4.05,3.75,1.33,1.14,4.31,3.6,4.1,3.88,4.13,4.34,3.4,1.36,1.11,4.4,1.41,2.64,2.03,1.25,1.52,4.53,1.49,3.33,1.18,2.29,3.1,2.83,2.08,4.26,3.97,3.59,4.3,3.96,3.59,3.94,3.27,4.57,2.39,True,True,True,True,True,True,True,True
29-2057,Ophthalmic Medical Technicians,Ophthalmic Medical Technicians,Ophthalmic Medical Technicians,0.0526315789473684,0.3289473684210526,0.6052631578947368,0.0263157894736842,0.1052631578947368,0.1842105263157894,0.078734,1,29-2057,False,,,,,base_00,3,base_00,False,1,3.12,1.75,3.0,2.88,3.25,2.0,1.0,1.62,1.0,1.88,3.0,3.12,2.62,2.5,1.0,1.88,1.75,1.62,3.0,3.0,2.88,2.62,2.38,2.12,3.88,1.0,2.38,3.88,3.88,2.0,2.25,1.0,3.38,1.12,1.25,1.12,3.12,1.0,1.0,3.62,3.12,2.12,1.38,1.5,1.88,2.38,2.25,2.88,2.12,1.62,3.25,3.38,3.0,3.62,2.62,3.0,3.0,2.12,2.12,1.0,2.62,2.88,2.62,1.12,1.38,2.0,2.5,3.0,1.88,2.0,1.38,2.12,2.25,1.5,2.25,3.12,1.88,2.0,3.12,3.12,3.25,2.12,2.12,1.0,2.62,2.12,3.12,2.82,4.48,3.18,3.0,3.95,2.73,3.09,3.3,2.18,4.33,1.3,3.95,2.23,3.38,4.55,3.0,2.59,3.68,3.38,3.36,2.62,3.25,2.18,3.1,1.29,3.27,2.6,4.55,2.38,3.62,2.81,2.5,2.14,3.09,2.73,1.8,2.32,2.27,3.81,4.09,4.09,2.76,3.14,4.91,3.64,4.55,3.5,1.73,2.73,3.59,4.5,1.95,1.64,4.27,1.73,1.82,1.0,1.05,1.64,1.27,1.23,1.0,1.0,4.68,3.91,4.45,3.68,4.09,4.73,3.62,1.18,1.0,4.82,1.09,2.73,1.0,1.05,1.23,4.59,1.59,1.91,1.0,1.41,1.32,3.82,2.73,3.23,3.82,3.14,4.82,3.32,2.45,1.36,3.09,4.82,3.5,True,True,False,True,True,True,True,True
29-2061,Licensed Practical and Licensed Vocational Nurses,Licensed Practical and Licensed Vocational Nurses,Licensed Practical and Licensed Vocational Nurses,0.0789473684210526,0.25,0.4210526315789473,0.0526315789473684,0.25,0.4473684210526315,-0.5137373,1,29-2061,False,0.058,1,29-2061,False,base_00,3,base_00,False,1,3.0,2.75,3.12,2.88,3.75,2.12,1.0,2.12,2.0,2.88,2.88,3.0,3.0,2.88,1.0,2.62,2.38,2.5,3.75,3.25,3.0,2.75,3.0,2.88,3.75,1.0,2.88,4.0,4.0,2.62,2.88,1.12,4.0,1.88,2.25,2.38,3.0,1.0,1.12,3.88,3.75,2.88,1.88,2.88,3.12,3.0,3.12,2.75,2.62,2.12,4.0,3.38,3.38,3.88,3.25,4.0,3.75,1.0,1.12,1.0,3.12,3.62,3.12,1.62,1.88,2.88,2.88,3.88,2.88,2.62,1.75,2.62,2.88,1.25,2.0,3.75,1.0,2.62,4.12,4.0,3.88,3.0,2.88,1.75,3.62,1.75,3.25,3.64,4.57,3.32,3.22,4.12,2.57,3.59,3.64,3.32,4.47,2.01,3.53,2.93,3.68,4.43,3.63,2.85,4.14,3.69,3.44,3.47,4.2,2.48,4.01,1.92,4.2,2.87,3.07,3.54,3.75,2.79,2.19,2.09,3.79,3.44,1.88,2.37,2.93,3.6,4.15,3.77,3.48,3.42,4.83,4.04,3.62,4.0,2.88,2.21,3.94,3.78,2.69,1.65,4.67,1.35,1.69,1.05,1.0,2.13,1.41,2.96,1.25,1.04,4.62,3.77,4.33,4.24,4.21,4.71,3.9,1.09,1.0,4.14,1.25,2.69,1.16,1.02,1.77,4.67,1.76,3.24,1.0,1.89,2.04,3.27,2.42,3.75,3.38,3.58,4.72,4.38,3.99,2.0,3.85,4.69,3.52,True,True,True,True,True,True,True,True
29-2072,Medical Records Specialists,Medical Records Specialists,Medical Records Specialists,0.2352941176470588,0.6176470588235294,1.0,0.2352941176470588,0.5588235294117647,0.8823529411764706,0.5738765,1,29-2071,True,0.91,1,29-2071,True,base_00,3,base_00,False,1,,,,,,,,,,,,,,,,,,,,,,,,,,,,,,,,,,,,,,,,,,,,,,,,,,,,,,,,,,,,,,,,,,,,,,,,,,,,,,,,,,,,,,,,,,,,,,,,,,,,,,,,,,,,,,,,,,,,,,,,,,,,,,,,,,,,,,,,,,,,,,,,,,,,,,,,,,,,,,,,,,,,,,,,,,,,,,,,,,,,,,,,True,True,True,True,False,False,False,False
29-2081,"Opticians, Dispensing","Opticians, Dispensing","Opticians, Dispensing",0.0952380952380952,0.2857142857142857,0.4761904761904761,0.1428571428571428,0.238095238095238,0.3333333333333333,0.1013966,1,29-2081,False,0.71,1,29-2081,False,base_00,3,base_00,False,1,3.12,2.12,3.12,3.0,3.62,2.5,1.0,1.75,1.38,1.62,2.88,3.38,2.75,2.88,1.0,1.0,1.0,1.88,3.0,3.38,3.0,2.88,2.25,2.62,3.88,1.0,2.88,4.0,4.0,2.88,3.0,1.0,3.62,1.88,1.88,1.88,3.0,1.0,1.0,3.75,3.75,2.75,1.0,1.0,1.88,3.0,2.25,3.0,2.88,2.25,3.75,3.62,3.0,3.88,3.0,3.25,3.5,1.5,2.12,1.0,2.88,3.0,2.62,1.88,2.0,2.75,2.88,3.0,2.75,2.38,2.12,2.5,3.25,1.5,2.62,3.75,1.88,1.75,3.5,3.25,4.0,2.12,2.5,1.88,3.0,2.0,3.25,3.7,4.17,3.87,4.0,4.08,3.29,3.22,3.46,3.09,4.71,2.42,4.17,3.79,4.46,4.52,3.79,3.46,3.91,3.78,4.04,3.88,4.46,3.78,3.62,1.71,3.71,4.05,4.83,2.46,4.04,3.7,2.46,2.67,3.88,3.29,4.54,3.08,3.67,4.0,4.33,4.3,3.0,2.21,4.79,3.26,4.79,3.71,1.62,2.29,3.96,4.75,2.09,1.33,2.65,1.08,1.33,1.46,1.04,2.17,1.0,2.13,1.04,1.0,5.0,4.42,4.42,3.29,3.96,4.83,3.88,1.04,1.0,4.17,1.17,3.54,1.12,1.04,1.92,4.46,2.0,1.88,1.0,1.21,1.61,2.71,3.17,2.92,3.62,2.05,5.0,4.04,2.0,1.0,3.17,3.83,3.79,True,True,True,True,True,True,True,True
29-2091,Orthotists and Prosthetists,Orthotists and Prosthetists,Orthotists and Prosthetists,0.1724137931034483,0.2758620689655172,0.3793103448275862,0.0,0.1896551724137931,0.3793103448275862,0.066577,1,29-2091,False,0.0035,1,29-2091,False,base_00,5,base_00,False,1,3.0,2.12,3.38,3.0,4.0,2.25,1.0,2.0,1.75,2.12,3.0,3.0,2.88,3.25,1.38,1.75,1.75,1.88,4.0,3.75,3.0,2.88,2.12,2.88,4.0,1.38,2.38,4.0,4.0,3.12,2.75,1.38,4.0,1.75,2.0,1.75,3.12,1.38,1.5,3.62,3.62,2.38,1.38,2.0,2.12,2.75,2.25,2.62,3.88,2.0,4.0,3.88,3.75,4.0,3.75,3.25,4.0,1.88,2.25,1.0,3.12,3.25,3.12,1.75,2.0,2.5,3.0,3.38,2.75,2.25,3.12,3.0,3.0,1.38,3.0,4.0,2.0,2.88,3.75,3.75,4.0,2.88,2.88,2.88,3.12,2.12,4.0,3.4,4.48,3.19,3.76,4.15,3.62,3.24,3.24,3.1,4.5,3.05,3.95,3.11,3.95,4.1,3.21,3.48,3.86,4.05,3.9,3.53,4.48,3.35,3.57,2.57,4.1,3.85,4.38,3.29,4.1,3.38,2.76,3.24,3.38,3.63,2.76,2.75,4.05,3.38,4.05,4.14,2.86,2.81,4.52,3.42,3.86,3.19,1.71,1.71,4.19,5.0,4.48,2.05,3.67,1.33,3.67,4.38,1.05,3.33,1.1,3.81,1.48,1.48,4.9,4.52,4.62,4.0,3.9,4.19,3.0,2.19,1.19,4.43,1.67,3.57,1.29,1.33,1.71,4.67,2.33,2.3,1.24,1.62,2.52,2.43,2.67,3.43,4.15,2.62,4.9,4.29,4.55,2.57,3.76,4.1,4.1,True,True,True,True,True,True,True,True
29-2092,Hearing Aid Specialists,Hearing Aid Specialists,Hearing Aid Specialists,0.0,0.2,0.4,0.0,0.05,0.1,0.5648953,1,29-2092,False,,,,,base_00,3,base_00,False,1,3.12,3.12,3.12,2.88,3.38,1.75,1.0,1.0,1.0,1.5,2.75,3.12,3.12,2.62,1.0,1.0,1.0,3.12,3.25,3.12,3.12,2.25,2.62,2.12,3.5,1.0,2.25,4.0,4.0,2.5,3.0,1.0,3.75,1.12,1.5,1.38,3.0,1.5,1.0,3.88,3.62,2.75,1.0,1.0,1.75,2.5,1.88,2.5,2.88,1.38,3.5,3.12,3.12,3.88,3.12,3.0,3.12,2.12,2.0,1.0,3.5,3.12,3.0,1.62,2.0,2.0,2.12,3.12,2.75,1.62,1.62,2.62,3.12,1.5,2.88,3.25,2.25,1.75,3.62,3.25,3.38,2.88,2.88,1.75,3.0,2.62,3.12,3.19,4.66,2.31,3.68,3.62,2.9,2.74,2.53,2.86,4.12,2.22,4.13,2.91,3.1,4.34,2.26,2.71,4.16,3.62,3.91,3.21,4.05,2.8,3.12,2.0,3.55,3.26,4.37,2.31,2.98,3.05,3.78,2.29,3.29,3.21,3.99,2.01,3.12,2.73,4.26,4.3,3.09,2.37,4.68,3.27,4.9,3.23,1.1,1.98,4.26,4.87,1.1,1.3,2.98,1.29,1.0,1.21,1.0,1.12,1.0,2.03,1.0,1.0,4.1,4.54,4.69,3.03,4.31,4.19,3.02,1.36,1.0,4.69,1.0,3.51,1.0,1.0,1.4,4.05,2.33,1.69,1.0,1.23,1.55,2.24,4.11,2.24,3.5,1.83,4.65,3.94,3.0,1.0,3.34,3.98,3.45,True,True,False,True,True,True,True,True
29-2099,"Health Technologists and Technicians, All Other",,Neurodiagnostic Technologists,0.0636904761904761,0.4114087301587301,0.7591269841269841,0.1527777777777777,0.2751984126984126,0.3976190476190476,-0.19495065,2,29-2054;29-2099,True,0.1,1,29-2054,True,first_detail,3,detail_mode,False,1,2.6666666666666665,2.1233333333333335,3.08,2.42,3.6266666666666665,1.9166666666666667,1.0,1.7066666666666668,1.29,2.0433333333333334,2.92,2.83,3.0400000000000005,2.7900000000000005,1.0,1.96,1.7933333333333332,2.08,3.6266666666666665,3.4599999999999995,2.2933333333333334,2.4966666666666666,2.62,2.08,3.790000000000001,1.0,2.286666666666666,4.003333333333333,4.04,2.5033333333333334,2.9133333333333336,1.0,3.8333333333333335,1.5833333333333333,1.6666666666666667,1.5833333333333333,3.1199999999999997,1.08,1.0,3.6266666666666665,3.5833333333333335,2.6666666666666665,1.29,1.96,2.0,2.54,2.21,2.54,2.46,1.6666666666666667,3.75,3.4166666666666665,3.1233333333333335,4.0,3.1233333333333335,3.3333333333333335,3.5400000000000005,1.5,1.5,1.0,3.0400000000000005,3.1233333333333335,2.956666666666667,1.79,1.7533333333333332,2.67,2.29,3.2466666666666666,2.5,1.96,1.163333333333333,2.54,2.7900000000000005,1.663333333333333,2.04,3.5833333333333335,1.6266666666666667,2.21,3.5,3.6233333333333335,3.88,2.7533333333333334,2.6233333333333335,1.5433333333333332,3.1266666666666665,1.96,3.25,3.3800000000000003,4.546666666666667,3.233333333333333,3.3666666666666667,4.3500000000000005,2.8033333333333332,3.466666666666667,3.3766666666666665,2.563333333333333,4.526666666666666,1.6166666666666665,4.253333333333333,2.8033333333333332,3.8466666666666662,4.59,3.0133333333333336,2.953333333333333,4.096666666666667,3.1466666666666665,3.5399999999999996,3.063333333333333,4.1033333333333335,2.7466666666666666,3.7733333333333334,1.54,3.76,3.3833333333333333,3.9933333333333336,2.9133333333333336,3.8366666666666664,2.8266666666666667,2.4,2.07,3.3333333333333335,3.09,2.18,2.53,2.66,3.6533333333333338,4.13,4.326666666666667,3.206666666666667,3.08,4.753333333333334,3.53,4.43,3.763333333333333,2.1633333333333336,2.4266666666666667,3.6166666666666663,4.716666666666667,2.39,2.34,4.136666666666667,1.8,1.6833333333333331,1.16,1.0,1.2333333333333334,1.7700000000000002,2.75,1.29,1.0433333333333332,4.8999999999999995,4.126666666666666,3.9166666666666665,3.1133333333333333,3.813333333333334,4.54,3.846666666666667,1.2,1.0,4.77,1.1466666666666667,2.606666666666667,1.1,1.09,1.5533333333333337,4.303333333333334,1.78,2.236666666666667,1.0166666666666666,1.2966666666666666,1.7433333333333334,3.1133333333333333,3.533333333333333,2.74,3.526666666666667,2.69,4.676666666666667,3.6,3.1466666666666665,1.8,3.0,4.593333333333333,3.42,True,True,True,True,True,True,True,True
29-9021,Health Information Technologists and Medical Registrars,Health Information Technologists and Medical Registrars,Health Information Technologists and Medical Registrars,0.3125,0.65625,1.0,0.3125,0.53125,0.75,0.40171665,2,29-2071;29-9099,True,0.91,1,29-2071,True,base_00,3,base_00,False,1,,,,,,,,,,,,,,,,,,,,,,,,,,,,,,,,,,,,,,,,,,,,,,,,,,,,,,,,,,,,,,,,,,,,,,,,,,,,,,,,,,,,,,,,,,,,,,,,,,,,,,,,,,,,,,,,,,,,,,,,,,,,,,,,,,,,,,,,,,,,,,,,,,,,,,,,,,,,,,,,,,,,,,,,,,,,,,,,,,,,,,,,True,True,True,True,False,False,False,False
29-9091,Athletic Trainers,Athletic Trainers,Athletic Trainers,0.0930232558139534,0.2790697674418604,0.4651162790697674,0.3255813953488372,0.4069767441860465,0.4883720930232558,-0.3311363,1,29-9091,False,0.0071,1,29-9091,False,base_00,5,base_00,False,1,3.0,2.62,3.0,2.38,3.75,2.38,1.62,2.5,2.0,2.12,3.0,3.0,3.12,3.12,1.0,2.62,2.0,2.62,3.75,3.75,3.0,2.0,2.75,3.12,3.38,1.0,2.0,3.62,4.0,3.12,2.88,1.0,4.12,1.38,1.38,1.75,3.0,1.0,1.0,3.88,3.88,2.75,1.88,2.88,3.0,2.75,2.88,2.5,2.75,1.88,3.88,3.75,3.75,4.0,3.25,3.12,3.88,1.25,1.62,1.0,3.62,3.88,3.12,1.88,1.88,2.88,2.12,3.88,2.75,2.0,2.12,2.75,3.0,1.25,2.75,3.75,1.0,2.38,3.62,3.75,3.88,2.88,2.88,1.88,3.25,2.0,3.5,2.91,4.88,3.53,3.23,3.8,1.73,2.71,2.98,3.42,4.86,1.72,4.16,3.0,3.6,3.91,2.6,2.72,3.7,3.02,3.07,3.31,4.65,2.46,3.31,1.8,4.01,3.37,2.63,3.68,3.12,2.79,1.74,1.69,2.68,3.48,1.6,1.77,3.98,3.18,4.24,3.2,3.59,3.89,4.87,3.59,3.94,3.63,2.29,2.14,4.05,4.73,2.55,2.3,3.87,2.26,1.36,1.48,1.83,2.75,1.25,3.89,3.12,1.36,4.88,4.43,4.69,4.42,4.29,4.32,3.63,2.69,2.27,4.58,3.42,3.82,4.18,2.82,1.26,4.08,3.38,2.23,1.24,1.69,1.94,2.71,2.61,3.6,2.98,2.64,4.38,3.6,1.88,1.01,3.56,4.8,3.92,True,True,True,True,True,True,True,True
29-9092,Genetic Counselors,Genetic Counselors,Genetic Counselors,0.1052631578947368,0.5,0.894736842105263,0.3684210526315789,0.631578947368421,0.894736842105263,1.527667,1,29-9092,False,,,,,base_00,5,base_00,False,1,1.0,2.0,3.12,1.12,4.12,1.0,1.0,1.0,1.0,1.0,2.75,2.25,3.12,3.12,1.0,1.0,1.0,1.88,4.0,3.88,1.0,3.12,2.88,1.0,3.38,1.0,2.88,4.0,4.0,3.12,2.88,1.0,4.0,1.0,1.0,1.0,3.0,1.0,1.0,3.75,3.88,2.88,1.0,1.0,1.0,2.75,1.12,2.12,2.62,1.0,4.25,4.0,3.88,4.0,4.0,3.0,3.88,1.0,1.0,1.0,3.12,3.25,3.0,1.25,1.12,2.88,2.75,3.0,3.0,1.0,1.25,1.88,3.0,1.38,1.12,4.12,1.0,3.25,3.12,3.88,3.88,3.12,3.0,1.5,3.12,1.0,3.88,3.83,4.43,2.91,4.17,4.13,1.17,2.7,2.52,2.57,4.43,1.26,4.22,2.13,3.39,4.68,2.43,1.35,3.39,1.35,4.74,3.26,4.13,1.43,3.04,1.09,4.04,3.39,3.78,1.26,3.91,3.61,1.04,1.0,3.0,2.78,1.61,2.04,2.78,3.65,4.74,4.26,2.65,3.26,4.57,2.77,4.17,2.91,1.3,1.57,3.96,5.0,1.04,1.04,2.52,1.09,1.22,1.0,1.0,1.0,1.04,1.91,1.0,1.0,5.0,4.04,4.04,2.36,3.74,4.43,2.57,1.04,1.0,4.3,1.05,3.26,1.0,1.0,1.0,2.87,2.61,1.13,1.0,1.0,1.09,1.74,4.3,1.78,1.52,1.7,5.0,3.91,1.39,1.13,2.45,3.91,4.64,True,True,False,True,True,True,True,True
29-9093,Surgical Assistants,Surgical Assistants,Surgical Assistants,0.0,0.0392156862745098,0.0784313725490196,0.0,0.0392156862745098,0.0784313725490196,0.2295568,1,29-9099,True,,,,,base_00,3,base_00,False,1,4.0,3.12,3.12,3.62,3.5,2.75,1.25,2.5,2.62,2.88,3.0,4.0,3.25,2.88,1.88,2.5,2.38,3.25,3.5,3.62,3.5,2.5,3.0,3.38,4.0,1.0,2.75,4.12,3.88,2.88,3.38,1.0,3.88,2.25,3.12,2.0,3.5,1.25,1.12,3.88,3.75,3.0,1.88,2.62,3.0,3.0,3.12,3.75,3.12,3.0,3.75,3.25,3.0,4.0,3.25,3.38,3.62,1.0,1.75,1.25,2.62,3.12,3.12,1.88,2.12,2.38,2.5,3.62,2.75,2.88,1.5,3.25,2.75,1.5,2.75,3.62,1.0,2.62,3.38,3.12,3.75,2.75,2.62,1.62,2.88,2.12,3.12,3.31,4.97,3.35,3.0,4.4,3.82,3.0,3.4,3.24,3.74,2.24,4.4,3.54,4.13,4.47,3.14,4.33,4.61,4.33,3.58,3.75,4.54,2.69,4.52,2.38,3.9,2.6,3.82,4.33,3.67,3.37,2.47,2.31,3.26,2.95,2.54,1.9,3.35,3.61,4.27,3.53,3.33,4.26,4.76,4.25,3.99,3.15,1.98,2.0,4.12,4.23,3.74,3.07,4.46,2.71,3.79,2.77,1.02,2.32,3.55,3.42,1.18,1.07,4.43,3.51,3.59,3.99,3.49,4.6,3.69,1.02,1.01,4.91,1.34,3.0,1.01,1.01,1.82,4.87,1.96,2.88,1.05,1.58,1.64,2.98,1.96,4.32,4.49,2.63,3.72,3.33,4.99,3.56,3.95,4.7,2.66,True,True,False,True,True,True,True,True
29-9099,"Healthcare Practitioners and Technical Workers, All Other",,Midwives,0.1571428571428571,0.3785714285714285,0.6,0.1,0.25,0.3999999999999999,0.2295568,1,29-9099,True,,,,,first_detail,5,detail_mode,False,1,3.0,2.38,3.25,2.0,4.0,2.0,1.25,2.0,1.38,2.25,2.62,2.88,3.12,3.0,1.0,1.88,1.62,2.38,4.0,3.5,2.5,2.25,2.75,2.75,3.5,1.0,2.25,4.0,4.0,2.88,3.0,1.0,4.0,1.5,1.88,1.88,3.25,1.0,1.0,3.75,3.5,2.75,1.12,2.12,2.25,2.75,2.5,2.75,2.62,2.12,3.88,3.5,3.38,3.75,3.38,3.62,4.0,1.0,1.5,1.0,3.25,3.75,3.25,1.62,1.88,2.75,2.25,4.0,2.62,1.5,1.38,2.25,3.0,1.62,1.88,3.62,1.0,2.88,3.75,4.12,3.75,3.0,3.0,1.62,3.0,1.75,3.12,3.87,4.72,3.59,3.91,4.19,2.35,3.13,3.68,3.53,4.5,1.81,4.41,3.44,3.92,4.33,3.35,3.1,4.27,3.95,3.93,3.84,4.37,3.06,3.99,2.06,3.88,3.2,4.04,3.63,3.85,3.75,1.78,2.26,3.67,3.79,3.11,2.71,3.31,3.76,4.07,3.5,2.71,4.13,4.52,3.7,4.25,2.69,1.37,1.23,4.13,4.6,2.47,2.87,4.07,1.95,1.63,1.0,1.0,1.01,1.0,1.88,1.14,1.0,4.71,4.54,4.21,3.23,4.55,4.41,2.75,1.98,1.0,4.44,1.55,2.79,1.15,1.18,1.01,4.8,2.52,2.17,1.0,1.4,2.01,1.74,3.3,2.54,2.83,1.96,4.66,2.8,4.1,1.05,3.34,4.59,3.81,True,True,False,True,True,True,True,True
31-1121,Home Health Aides,Home Health Aides,Home Health Aides,0.0769230769230769,0.0769230769230769,0.0769230769230769,0.0,0.0384615384615384,0.0769230769230769,-0.644942,1,31-1011,False,0.39,1,31-1011,False,base_00,2,base_00,False,1,3.0,2.38,3.0,2.0,3.25,2.12,1.0,2.12,1.88,2.75,3.0,2.88,2.88,3.0,1.25,2.5,2.38,2.38,3.38,3.25,2.88,2.12,2.12,2.12,3.5,1.25,2.12,3.75,3.88,2.75,2.62,1.25,3.75,1.25,2.0,2.0,3.0,1.38,1.75,3.25,3.25,2.62,2.0,2.62,2.88,3.0,2.88,2.25,2.75,1.0,3.0,3.12,3.0,3.75,3.0,3.0,3.38,1.0,1.0,1.0,3.12,3.0,3.0,2.0,2.0,2.25,2.25,3.25,2.88,1.38,1.12,2.12,3.12,1.0,2.0,3.25,1.0,1.62,3.62,3.5,3.12,2.0,2.0,1.25,3.12,1.75,3.12,2.96,4.76,3.1,2.35,4.29,2.3,2.94,2.83,2.71,4.18,1.69,3.85,3.15,3.78,4.4,2.13,3.99,4.06,3.53,3.12,3.42,3.52,2.78,3.76,2.72,3.69,2.21,3.1,3.37,3.59,2.6,1.47,1.58,3.2,3.28,1.85,1.97,3.54,2.92,3.66,1.91,2.82,3.68,4.37,3.76,3.33,2.96,2.13,1.79,3.62,1.79,2.19,1.88,3.52,1.44,1.11,1.13,1.0,1.7,1.07,2.01,1.4,1.03,4.21,3.47,3.71,3.56,3.96,4.3,2.81,2.14,1.0,3.17,1.23,2.47,1.27,1.11,1.73,4.36,1.63,3.54,1.03,2.06,2.12,3.24,2.22,3.61,3.05,2.89,3.85,3.43,4.2,1.32,3.29,4.21,3.07,True,True,True,True,True,True,True,True
31-1122,Personal Care Aides,Personal Care Aides,Personal Care Aides,0.1666666666666666,0.2222222222222222,0.2777777777777778,0.2222222222222222,0.3333333333333333,0.4444444444444444,-0.5737774,1,39-9021,False,0.74,1,39-9021,False,base_00,2,base_00,False,1,2.62,2.5,2.88,2.0,3.25,2.12,1.0,2.0,2.0,2.5,2.88,2.38,2.38,2.38,1.5,2.25,2.25,2.38,3.0,3.0,2.12,2.0,2.25,2.5,3.12,1.5,2.12,3.88,3.88,2.38,2.38,1.5,3.75,1.5,2.0,2.0,3.0,1.5,1.5,3.12,3.12,2.12,1.5,2.75,2.88,2.88,3.0,2.12,2.25,1.5,3.25,3.0,2.88,3.38,2.88,3.12,3.25,1.0,1.0,1.0,3.0,2.88,2.75,1.38,1.75,2.25,2.0,3.25,2.38,2.0,1.12,2.38,2.38,1.12,2.0,2.88,1.0,1.75,4.0,3.88,3.0,2.12,2.25,1.25,3.0,1.88,2.88,3.3,4.95,3.59,4.02,4.12,2.74,3.74,3.76,3.61,4.01,2.45,4.44,3.31,4.11,4.74,2.99,3.9,3.86,3.56,3.82,3.52,3.96,2.78,3.66,3.16,4.0,2.83,3.9,4.07,3.54,2.7,2.34,2.49,3.37,3.28,3.18,2.5,3.65,4.22,3.8,3.47,3.0,3.74,4.3,3.14,3.62,2.74,1.93,2.22,3.12,2.2,2.44,2.68,4.13,1.32,1.23,1.15,1.13,1.49,1.19,2.91,2.63,1.1,4.27,3.16,4.07,3.76,4.07,3.74,3.55,2.18,1.13,3.19,1.61,2.49,1.41,1.3,1.63,4.85,1.94,3.49,1.19,2.34,3.34,3.12,2.12,4.05,2.31,4.02,3.74,4.08,3.23,2.24,2.82,3.95,2.71,True,True,True,True,True,True,True,True
31-1131,Nursing Assistants,Nursing Assistants,Nursing Assistants,0.0508474576271186,0.1016949152542373,0.1525423728813559,0.0338983050847457,0.135593220338983,0.2372881355932203,-0.9040212,1,31-1014,False,,,,,base_00,3,base_00,False,1,3.0,2.12,3.0,2.12,3.12,2.0,1.62,2.25,1.88,3.12,2.75,2.75,2.25,2.12,1.0,2.25,2.12,2.25,3.0,3.12,2.75,2.12,2.25,2.75,3.75,1.0,2.12,3.88,3.75,2.0,2.25,1.0,3.88,1.12,2.12,2.12,2.88,1.12,1.25,3.0,3.5,2.12,2.0,2.88,3.25,2.38,3.12,2.38,2.0,1.62,3.12,3.12,2.88,3.62,2.62,3.12,3.12,1.0,1.25,1.0,2.5,2.88,2.38,1.38,1.62,2.0,2.12,3.25,1.88,1.62,1.12,2.25,2.0,1.0,2.25,3.12,1.0,1.75,4.0,3.62,3.12,2.0,2.12,1.5,2.88,1.88,2.75,2.88,4.56,2.94,2.22,4.13,2.63,3.5,3.59,2.57,4.05,1.94,3.93,2.81,3.54,4.16,2.29,3.17,3.7,3.55,3.15,3.11,3.62,2.08,3.75,2.28,3.4,2.49,2.89,3.81,3.33,2.67,1.97,1.94,3.49,2.9,2.15,2.34,3.25,3.32,3.46,3.08,3.18,3.4,4.83,4.16,3.67,4.04,3.49,1.77,3.64,2.61,2.35,2.54,4.25,1.69,1.45,1.11,1.0,1.77,1.23,3.23,1.74,1.0,3.85,3.11,3.68,4.38,3.73,4.54,3.46,1.8,1.0,3.97,1.74,3.01,1.84,1.71,2.31,4.36,2.23,3.59,1.11,2.97,2.5,3.48,1.69,4.41,2.85,4.54,2.94,3.71,4.36,2.12,3.89,4.66,2.75,True,True,False,True,True,True,True,True
31-1132,Orderlies,Orderlies,Orderlies,0.0,0.0,0.0,0.0,0.046875,0.09375,-1.679232,1,31-1015,False,,,,,base_00,2,base_00,False,1,2.62,2.25,2.75,2.62,2.88,2.25,1.5,3.0,3.0,3.12,2.75,2.88,2.12,2.12,1.0,2.88,3.0,2.38,2.88,2.75,3.0,1.88,2.25,2.75,3.25,1.0,2.0,3.62,3.38,2.0,2.25,1.25,3.38,1.75,2.25,2.12,2.38,1.25,1.62,3.12,3.38,2.12,2.0,3.0,3.38,2.12,3.5,2.0,2.25,1.75,2.75,2.75,2.12,3.12,2.25,2.88,2.75,1.12,1.25,1.0,2.12,2.62,2.12,1.0,1.25,1.88,1.75,2.62,2.38,1.88,1.12,2.0,2.25,1.0,1.88,2.5,1.0,1.25,3.38,3.38,3.0,1.88,1.75,1.12,2.5,2.0,2.62,2.42,4.31,2.84,2.3,3.88,2.93,2.6,2.8,2.1,2.79,1.37,3.73,2.31,3.87,3.94,1.86,4.24,3.94,4.16,2.54,3.1,3.07,2.35,3.38,1.97,3.39,1.97,3.0,4.25,3.24,2.55,1.62,1.94,3.12,2.07,1.82,1.73,2.23,3.09,3.03,2.45,3.72,3.85,4.91,3.96,3.39,4.05,2.84,2.66,3.81,2.92,3.35,3.3,4.86,1.58,2.46,2.05,1.0,2.14,2.23,1.84,1.6,1.0,4.42,4.07,4.42,4.51,4.15,4.51,4.13,1.13,1.06,4.63,1.67,3.12,2.05,2.03,2.49,4.86,2.33,4.35,1.0,2.09,2.57,4.25,1.9,4.6,4.62,4.62,4.81,4.23,4.74,3.79,3.1,4.51,2.41,True,True,False,True,True,True,True,True
31-1133,Psychiatric Aides,Psychiatric Aides,Psychiatric Aides,0.125,0.125,0.125,0.0,0.125,0.25,-0.496565,1,31-1013,False,0.47,1,31-1013,False,base_00,2,base_00,False,1,2.75,3.0,3.0,2.12,3.62,2.12,1.0,2.12,2.25,2.38,3.12,2.75,3.0,2.88,1.5,2.62,2.38,2.62,3.5,3.25,2.75,2.12,2.12,2.88,3.12,1.62,2.12,3.88,4.0,2.75,3.0,1.62,3.88,2.0,2.75,2.75,3.12,1.5,2.0,3.5,3.38,2.75,2.12,2.75,2.88,2.88,3.0,2.75,2.38,1.88,3.75,3.12,3.25,3.75,3.12,3.25,3.38,1.0,1.0,1.0,3.12,3.12,2.88,1.88,1.88,2.25,2.12,3.75,3.0,2.0,1.25,2.0,3.0,1.12,2.0,3.12,1.0,1.75,3.88,3.88,3.88,2.0,2.38,1.62,2.88,2.0,3.12,2.68,4.65,3.4,2.45,4.46,1.97,3.12,3.59,3.03,4.41,1.34,3.74,2.5,3.81,4.85,2.83,2.69,4.03,3.18,3.72,2.78,4.07,2.08,4.15,2.9,3.87,3.15,2.89,3.31,2.78,2.84,1.76,1.69,4.09,2.98,1.92,2.1,3.68,4.35,4.11,2.96,4.06,3.79,4.81,4.03,3.19,4.08,3.69,1.89,3.75,3.87,2.96,2.29,4.17,1.78,1.1,1.07,1.0,2.0,1.27,3.38,1.77,1.0,4.5,3.65,3.46,3.85,3.63,3.72,3.72,2.61,1.0,3.77,1.51,1.91,2.79,1.6,1.07,4.55,2.81,3.11,1.03,1.7,1.78,2.9,3.05,3.22,2.75,3.12,3.75,3.71,3.69,1.97,3.35,4.52,3.09,True,True,True,True,True,True,True,True
31-2011,Occupational Therapy Assistants,Occupational Therapy Assistants,Occupational Therapy Assistants,0.1860465116279069,0.2674418604651162,0.3488372093023256,0.1395348837209302,0.2325581395348837,0.3255813953488372,-0.3153762,1,31-2011,False,0.028,1,31-2011,False,base_00,3,base_00,False,1,3.0,2.25,3.0,2.25,3.38,2.0,1.0,2.25,1.5,2.75,2.75,3.0,2.5,3.12,1.0,2.38,2.0,1.88,3.25,3.38,3.0,2.0,2.38,2.75,3.5,1.0,2.0,4.0,4.0,2.88,2.75,1.0,3.75,1.88,2.0,2.12,3.0,1.12,1.5,3.38,3.25,2.25,2.0,2.25,3.12,2.88,3.0,2.0,2.62,2.12,3.62,3.75,3.25,3.88,3.0,3.12,3.38,1.62,1.38,1.12,3.25,3.12,3.25,1.75,2.0,2.62,2.12,3.38,2.88,1.88,1.62,2.38,2.88,1.38,1.88,3.62,1.25,1.88,3.88,3.88,3.88,3.0,2.88,1.75,3.5,2.0,3.25,2.96,4.76,3.36,3.46,4.79,2.4,3.4,3.5,3.78,4.79,1.84,4.46,2.44,3.92,4.04,3.1,3.85,4.1,3.35,4.09,3.03,4.2,2.33,4.21,1.47,4.07,2.23,3.82,4.17,3.41,3.18,1.72,1.82,3.52,3.59,2.06,1.71,4.56,3.61,4.35,3.97,3.37,2.72,4.85,4.25,2.97,4.05,2.81,2.0,4.64,3.53,2.61,2.61,4.94,1.8,1.39,1.13,1.0,2.11,1.0,2.87,1.42,1.0,4.67,4.55,4.68,4.49,4.3,4.47,4.07,1.15,1.02,4.49,1.15,2.81,1.29,1.3,1.56,4.83,2.24,3.29,1.0,2.29,2.21,3.55,2.15,4.16,3.2,4.1,2.99,4.7,3.4,1.93,3.93,4.6,2.56,True,True,True,True,True,True,True,True
31-2012,Occupational Therapy Aides,Occupational Therapy Aides,Occupational Therapy Aides,0.2222222222222222,0.2407407407407407,0.2592592592592592,0.0,0.074074074074074,0.1481481481481481,-0.7734322,1,31-2012,False,0.27,1,31-2012,False,base_00,3,base_00,False,1,2.88,2.0,3.0,2.12,3.25,1.88,1.12,2.12,1.88,2.75,2.5,3.0,2.62,2.75,1.38,2.5,2.5,1.88,3.0,3.12,2.88,2.0,2.12,2.75,3.0,1.25,2.0,3.75,3.5,2.62,2.25,1.5,3.75,1.5,1.75,1.88,2.62,1.25,1.38,3.25,3.25,2.12,1.5,2.62,2.88,2.75,3.0,1.88,2.12,1.38,3.12,3.12,3.0,3.5,3.12,3.38,3.25,1.5,1.25,1.0,3.0,3.0,3.0,1.5,1.75,2.12,2.0,3.25,2.5,1.88,1.88,2.38,2.88,1.12,2.12,3.12,1.5,1.62,3.75,3.62,3.62,2.12,2.12,1.5,3.0,1.88,3.12,3.17,4.82,3.66,3.58,4.4,3.11,3.71,3.8,3.13,3.89,2.41,4.13,2.72,3.95,4.23,3.41,3.54,4.01,3.58,3.88,3.32,3.9,2.85,3.76,2.72,3.88,3.67,4.51,4.31,3.34,3.12,2.62,2.67,3.91,3.76,2.32,2.69,3.52,3.92,3.5,3.9,2.87,3.2,4.95,3.8,3.05,3.95,2.45,1.46,3.62,3.49,2.38,2.11,4.13,1.1,1.42,1.36,1.0,2.29,1.02,2.81,1.04,1.0,4.77,3.77,3.83,4.39,3.98,3.82,3.13,1.59,1.0,4.94,1.43,2.21,2.07,1.85,1.17,4.49,1.91,2.63,1.05,2.66,2.49,2.97,2.55,3.74,2.49,3.4,3.82,4.11,3.18,1.84,3.44,4.55,3.14,True,True,True,True,True,True,True,True
31-2021,Physical Therapist Assistants,Physical Therapist Assistants,Physical Therapist Assistants,0.1025641025641025,0.1538461538461538,0.2051282051282051,0.0,0.1025641025641025,0.2051282051282051,-0.5308535,1,31-2021,False,0.018,1,31-2021,False,base_00,3,base_00,False,1,3.12,2.38,3.0,2.38,3.25,2.0,1.0,2.25,1.62,2.88,3.0,3.0,2.75,3.0,1.0,2.38,2.12,2.12,3.25,3.12,3.0,2.0,2.12,3.0,3.75,1.0,2.0,4.0,4.12,2.75,3.0,1.0,3.75,2.0,2.0,1.75,3.25,1.0,1.0,3.88,3.88,2.5,1.75,2.5,3.12,2.88,3.0,2.12,3.0,2.12,3.75,3.25,3.25,4.0,3.12,3.12,3.25,1.75,2.12,1.0,3.12,3.12,2.88,1.88,1.88,2.62,2.25,3.75,2.25,2.12,1.88,2.75,3.0,1.75,2.62,3.25,1.62,2.38,3.25,3.75,3.75,2.75,2.75,1.88,3.0,2.12,3.25,3.17,4.99,3.23,3.26,4.91,2.66,3.16,3.71,3.13,4.79,2.2,4.63,2.68,4.22,4.21,2.69,3.67,4.65,3.55,3.52,3.49,4.1,2.05,3.6,2.15,3.66,2.56,4.46,4.68,3.51,2.95,2.95,2.19,2.79,3.16,2.18,1.57,3.52,3.4,4.27,4.14,3.25,3.85,4.95,4.11,4.09,3.37,2.16,1.43,4.46,2.86,2.78,2.1,4.3,1.02,1.77,1.06,1.01,1.84,1.0,1.96,1.08,1.0,4.92,3.91,4.9,3.01,4.61,3.36,3.21,1.03,1.0,4.94,1.02,2.49,1.08,1.0,1.02,4.97,2.46,3.59,1.0,1.78,2.31,3.6,2.23,3.82,3.57,3.29,4.26,3.52,3.57,1.64,2.46,4.62,3.21,True,True,True,True,True,True,True,True
31-2022,Physical Therapist Aides,Physical Therapist Aides,Physical Therapist Aides,0.1212121212121212,0.1818181818181818,0.2424242424242424,0.0606060606060606,0.1515151515151515,0.2424242424242424,-0.8823265,1,31-2022,False,0.61,1,31-2022,False,base_00,2,base_00,False,1,2.88,2.12,2.88,2.12,2.88,2.0,1.38,2.25,1.38,2.75,2.75,2.88,2.75,2.12,1.0,2.62,2.25,2.0,3.0,3.0,2.62,2.0,2.25,2.88,3.12,1.0,2.0,3.38,3.12,2.25,2.75,1.0,3.25,1.5,1.5,1.62,3.0,1.0,1.0,3.0,3.25,2.12,1.75,2.62,2.88,2.38,3.0,2.0,2.12,1.88,3.0,3.0,3.0,3.62,2.88,3.12,3.0,1.5,1.25,1.0,3.0,2.75,2.62,1.38,1.5,2.12,2.0,3.25,2.25,1.62,1.62,2.12,2.88,1.25,2.0,3.12,1.0,1.88,3.25,3.12,3.0,2.25,2.0,1.88,3.0,2.0,3.0,2.83,4.98,2.81,3.35,4.43,2.43,3.43,3.55,3.13,3.99,1.71,3.89,2.58,3.57,4.26,2.92,4.07,3.66,3.28,3.49,3.87,3.74,2.31,4.01,1.9,3.4,2.61,4.5,3.65,3.39,2.82,1.61,1.92,2.77,3.06,1.97,1.29,3.51,3.2,3.97,4.01,2.53,2.97,4.8,3.57,3.64,3.09,1.61,1.64,3.48,3.81,2.34,2.29,3.84,1.39,1.61,1.4,1.0,1.77,1.0,3.25,1.75,1.0,4.55,3.85,3.68,4.13,3.77,3.39,2.82,1.46,1.0,4.11,1.07,2.3,1.01,1.01,1.42,4.49,1.53,3.33,1.0,1.96,2.55,3.21,2.01,4.09,3.36,3.89,4.07,3.04,3.41,1.19,3.09,4.69,2.99,True,True,True,True,True,True,True,True
31-9011,Massage Therapists,Massage Therapists,Massage Therapists,0.074074074074074,0.074074074074074,0.074074074074074,0.074074074074074,0.1851851851851851,0.2962962962962963,-1.410233,1,31-9011,False,0.54,1,31-9011,False,base_00,3,base_00,False,1,3.12,1.62,2.75,2.0,3.12,1.88,1.88,3.75,1.88,3.25,2.12,3.12,2.25,2.75,1.0,1.75,2.0,1.62,3.0,2.88,3.5,2.0,2.12,3.38,3.0,1.0,1.88,3.62,3.62,2.75,2.0,1.0,3.38,1.0,1.12,1.25,3.12,1.0,1.25,3.12,3.0,2.12,1.5,3.12,3.0,2.25,3.75,1.75,2.0,2.25,3.12,3.12,3.0,3.62,3.0,2.38,3.0,1.0,1.0,1.0,2.25,3.12,2.75,1.38,1.62,1.75,2.0,3.0,2.0,1.0,1.62,1.38,2.0,1.0,1.75,3.0,1.0,1.75,3.25,3.25,3.62,2.12,2.25,1.75,2.88,1.38,3.0,2.69,4.6,2.5,3.04,3.0,1.58,2.19,2.62,3.0,3.81,1.15,4.2,2.12,3.81,4.19,2.27,3.35,3.64,2.62,3.16,3.38,3.88,3.23,3.15,1.15,3.31,3.27,4.52,4.23,2.81,2.92,1.46,1.5,3.12,3.04,2.08,1.96,3.19,2.69,3.58,2.27,2.31,2.62,4.62,1.73,4.15,2.19,1.35,1.31,4.58,3.62,1.28,1.69,2.23,1.92,1.04,1.04,1.08,1.5,1.04,1.58,1.12,1.04,4.77,4.54,4.32,2.81,3.73,3.04,3.23,1.0,1.0,4.69,1.42,3.27,1.2,1.36,1.08,4.31,1.4,3.96,1.08,2.71,1.88,4.35,2.04,4.23,3.54,1.62,4.23,2.28,1.58,1.0,1.65,2.5,2.69,True,True,True,True,True,True,True,True
31-9091,Dental Assistants,Dental Assistants,Dental Assistants,0.1333333333333333,0.2666666666666666,0.4,0.0,0.1,0.2,-0.5268759,1,31-9091,False,0.51,1,31-9091,False,base_00,3,base_00,False,1,3.12,2.25,3.0,3.0,3.38,2.12,1.38,2.12,1.25,2.5,2.88,3.12,2.38,2.75,1.12,2.0,1.75,2.0,3.0,3.25,3.0,2.12,2.0,2.75,4.12,1.0,2.38,3.88,4.0,2.62,2.88,1.0,3.12,1.75,1.88,1.88,3.0,1.0,1.5,3.12,3.75,2.12,1.75,2.12,2.12,3.0,2.38,2.88,2.38,2.0,3.5,3.12,3.12,3.88,3.0,2.88,3.0,1.88,2.0,1.0,3.12,2.88,2.5,1.75,2.12,2.25,2.12,3.12,2.5,2.12,1.75,2.62,2.5,1.38,2.5,3.25,1.88,2.0,3.12,3.12,3.38,2.38,2.12,1.75,2.75,2.0,3.0,3.2,4.49,3.57,2.98,4.1,2.84,3.4,3.32,3.16,3.81,2.39,3.75,3.28,3.57,4.55,3.14,3.57,4.37,4.18,3.34,3.91,4.02,2.79,4.02,2.19,3.92,2.95,4.17,3.12,3.54,3.19,2.75,2.72,3.26,4.0,3.05,2.47,3.17,3.54,3.85,4.45,3.54,3.0,4.81,4.3,3.82,3.68,1.8,1.93,3.44,3.86,3.11,2.6,3.69,2.11,3.05,1.64,1.0,2.45,4.46,3.1,1.56,1.05,4.42,3.52,3.73,4.47,3.34,4.37,3.93,1.0,1.0,3.96,1.48,2.35,1.0,1.12,2.02,4.77,3.19,3.8,1.01,1.6,1.85,3.85,2.58,3.69,4.31,3.68,4.5,3.44,4.88,3.32,3.32,4.6,2.83,True,True,True,True,True,True,True,True
31-9092,Medical Assistants,Medical Assistants,Medical Assistants,0.1794871794871795,0.358974358974359,0.5384615384615384,0.0512820512820512,0.141025641025641,0.2307692307692307,0.1497917,1,31-9092,False,0.3,1,31-9092,False,base_00,3,base_00,False,1,3.0,2.25,3.12,2.25,3.5,1.88,1.0,1.88,1.25,1.88,2.88,3.0,3.12,2.75,1.25,1.88,1.75,2.12,3.25,3.25,2.25,2.75,2.88,2.12,3.88,1.25,2.88,4.0,4.0,2.75,3.0,1.38,3.88,1.62,1.88,2.0,2.75,1.25,1.5,3.75,3.88,2.5,1.5,2.0,2.12,2.88,2.62,2.88,2.38,2.0,4.0,3.75,3.25,3.88,3.0,3.5,3.62,1.5,1.62,1.0,3.12,3.0,3.12,2.0,2.12,2.38,2.62,3.5,2.5,2.12,1.62,2.5,2.75,1.5,2.12,3.75,1.5,2.62,3.5,4.0,3.88,2.38,2.38,1.5,3.0,1.75,3.38,4.06,4.58,3.15,3.58,4.43,3.05,2.89,3.0,3.8,4.65,2.99,3.48,3.61,4.24,4.89,3.37,3.06,4.43,4.4,3.55,3.89,4.28,3.17,3.85,2.84,4.31,4.07,3.6,3.32,4.46,3.37,2.99,2.74,3.33,3.58,2.39,2.93,3.35,3.7,4.59,4.68,3.19,4.0,5.0,3.61,4.0,3.97,1.65,2.06,3.68,3.55,1.49,1.33,4.68,1.0,2.06,1.43,1.0,2.67,1.43,2.79,1.0,1.0,4.27,3.22,3.85,3.63,3.5,4.38,4.04,1.0,1.0,4.64,1.01,2.07,1.0,1.0,1.05,4.32,2.09,2.3,1.0,1.21,1.5,3.31,3.1,2.94,2.51,2.93,4.37,3.8,4.62,1.56,3.09,4.46,4.24,True,True,True,True,True,True,True,True
31-9093,Medical Equipment Preparers,Medical Equipment Preparers,Medical Equipment Preparers,0.074074074074074,0.1111111111111111,0.1481481481481481,0.0,0.037037037037037,0.074074074074074,-0.7308648,1,31-9093,False,0.78,1,31-9093,False,base_00,2,base_00,False,1,3.25,2.75,3.12,3.0,3.25,2.5,1.25,2.25,1.12,2.38,2.88,3.25,3.0,2.0,1.75,2.25,1.75,2.62,3.0,3.25,3.25,2.0,2.0,3.0,3.88,1.75,2.12,3.62,3.25,2.0,3.25,1.75,3.75,2.25,2.5,2.12,2.88,1.88,1.88,2.88,3.25,2.25,2.25,2.62,3.0,2.75,3.12,2.88,3.0,2.12,3.12,3.25,3.0,3.25,2.75,3.0,3.5,2.75,2.0,2.12,2.12,3.0,2.75,1.75,2.62,2.0,2.25,3.38,1.75,2.88,1.38,3.25,2.0,1.62,3.38,3.12,2.38,1.88,2.75,2.75,3.12,2.5,2.12,1.5,3.0,3.12,2.88,3.35,3.57,2.88,3.08,4.11,3.85,2.71,2.93,2.8,4.63,1.91,3.41,3.81,4.71,4.36,2.88,4.24,4.31,4.39,3.71,4.12,4.27,2.76,4.62,2.5,4.41,2.64,3.04,3.91,4.47,2.79,2.57,2.49,3.02,3.03,2.21,1.97,3.36,3.31,4.17,3.52,3.04,3.76,4.54,3.52,4.04,3.69,1.28,2.05,3.81,4.12,4.76,2.13,4.68,2.07,3.55,2.61,1.0,2.79,1.68,4.14,2.13,1.0,4.68,4.03,4.1,4.21,4.09,4.6,4.43,1.0,1.0,5.0,1.03,1.96,1.0,1.09,3.36,4.09,1.55,3.47,1.05,2.06,2.29,4.49,1.87,4.13,4.33,4.05,5.0,4.28,4.97,3.55,4.05,4.33,2.84,True,True,True,True,True,True,True,True
31-9094,Medical Transcriptionists,Medical Transcriptionists,Medical Transcriptionists,0.8214285714285714,0.875,0.9285714285714284,0.1428571428571428,0.2321428571428571,0.3214285714285714,1.06259,1,31-9094,False,0.89,1,31-9094,False,base_00,3,base_00,False,1,2.25,2.25,3.12,2.12,3.0,1.0,1.0,1.25,1.0,1.0,2.25,3.0,2.88,1.88,1.0,1.12,1.12,1.88,3.0,3.25,2.62,1.88,2.12,1.12,3.88,1.0,2.0,4.25,3.75,1.88,3.0,1.0,3.0,1.0,1.0,1.0,3.12,1.0,1.0,3.0,4.0,2.25,1.0,1.25,1.0,2.12,1.5,1.75,1.75,2.0,4.12,3.88,2.88,4.12,2.62,2.5,3.0,1.0,1.0,1.0,2.12,3.0,2.12,1.0,1.12,1.75,1.75,3.12,1.88,1.12,1.62,1.5,1.88,1.38,1.62,4.0,1.0,1.5,2.12,2.75,3.0,1.88,1.88,1.12,3.0,1.0,3.88,3.31,3.61,2.04,2.19,4.3,2.04,1.92,2.32,2.0,4.49,1.11,3.92,2.07,3.82,4.41,2.14,2.27,4.0,2.07,3.19,2.33,3.38,2.44,3.52,1.32,3.76,3.21,2.54,1.86,4.2,1.87,1.24,1.2,2.24,3.3,1.41,1.33,1.63,2.62,3.65,4.84,2.46,2.61,4.38,3.64,3.74,2.83,1.44,2.73,4.25,4.41,1.6,2.11,3.39,1.32,1.98,1.0,1.0,1.88,1.08,2.13,1.39,1.0,4.92,3.76,3.78,3.92,3.53,4.8,4.48,1.15,1.0,4.98,1.0,2.42,1.23,1.08,1.94,3.13,1.39,1.92,1.0,1.0,1.44,2.97,3.61,2.79,4.14,2.69,4.34,4.11,1.93,1.08,3.6,4.56,3.3,True,True,True,True,True,True,True,True
31-9095,Pharmacy Aides,Pharmacy Aides,Pharmacy Aides,0.24,0.38,0.52,0.08,0.14,0.2,-0.1552654,1,31-9095,False,0.72,1,31-9095,False,base_00,2,base_00,False,1,2.5,2.0,3.0,1.88,3.0,2.0,1.38,2.12,1.0,2.12,2.88,3.0,2.38,1.88,1.0,1.88,1.62,1.75,2.75,3.12,2.38,2.88,2.0,2.25,3.38,1.0,2.62,4.0,3.5,1.88,2.88,1.0,3.25,1.5,1.62,1.62,2.62,1.0,1.38,3.5,3.38,1.88,1.25,2.12,2.12,2.62,2.75,2.75,2.12,1.75,3.25,3.0,2.88,3.5,2.75,3.0,3.0,1.5,1.38,1.0,2.0,3.0,2.5,1.75,2.0,1.88,2.5,2.75,1.88,1.75,1.5,1.88,2.25,1.5,2.0,3.25,1.12,1.5,3.38,3.25,3.38,2.12,1.88,1.62,2.62,1.75,2.75,2.92,4.06,2.9,3.31,4.39,2.78,3.32,3.65,3.0,3.39,2.28,3.55,3.85,3.36,4.34,3.5,3.29,4.05,3.56,2.97,4.07,4.04,2.25,3.89,2.43,3.35,2.66,3.96,2.9,3.21,2.95,2.38,2.34,3.67,3.03,3.48,2.28,3.23,3.79,4.16,4.51,3.22,3.74,4.85,3.79,4.53,3.93,1.84,2.89,3.94,3.71,1.65,1.44,4.13,2.34,1.42,1.11,1.69,1.27,1.03,2.53,1.82,1.01,4.36,3.68,3.43,3.47,3.17,4.49,3.79,1.92,1.0,4.92,1.38,2.62,1.39,1.36,1.95,4.26,1.24,2.07,1.36,1.05,1.98,3.63,1.65,4.89,3.67,2.35,4.91,3.47,1.29,1.1,3.12,4.66,3.5,True,True,True,True,True,True,True,True
31-9096,Veterinary Assistants and Laboratory Animal Caretakers,Veterinary Assistants and Laboratory Animal Caretakers,Veterinary Assistants and Laboratory Animal Caretakers,0.1111111111111111,0.2222222222222222,0.3333333333333333,0.1481481481481481,0.1481481481481481,0.1481481481481481,-0.7735824,1,31-9096,False,0.86,1,31-9096,False,base_00,2,base_00,False,1,3.0,2.25,2.88,2.25,3.12,2.0,1.38,2.0,1.38,3.0,2.88,3.0,3.0,2.25,1.0,2.12,2.0,2.62,3.0,3.25,3.12,2.75,2.12,3.0,3.12,1.0,2.75,3.38,3.38,2.25,2.5,1.0,3.25,2.0,2.0,1.75,3.0,1.0,1.0,3.0,3.0,2.0,2.0,2.38,2.75,2.5,3.0,2.25,2.25,2.0,3.0,3.25,2.88,3.5,2.88,3.0,3.25,1.62,1.62,1.0,2.88,2.88,2.12,2.0,2.25,2.12,2.75,3.12,2.12,2.0,1.88,2.12,2.12,1.25,2.12,3.12,1.62,2.62,3.12,3.0,3.0,2.0,2.12,1.75,3.0,2.0,3.12,3.16,4.25,3.06,3.11,4.39,3.61,2.86,3.16,2.54,4.61,1.82,3.55,3.25,3.38,4.14,2.6,3.99,3.96,3.73,3.74,2.9,4.1,2.75,4.19,2.19,3.77,3.1,3.96,4.47,3.6,2.63,2.55,2.49,3.44,3.43,3.65,1.83,3.03,3.48,3.47,3.94,3.24,3.75,4.48,3.46,3.73,3.17,1.61,1.67,3.51,3.64,4.17,3.58,4.41,2.15,2.99,1.6,1.62,4.26,3.77,4.15,1.92,1.01,4.52,3.46,4.18,3.03,3.97,4.7,4.0,1.27,1.26,4.93,1.92,2.54,2.66,2.1,1.12,4.35,2.06,3.32,1.29,2.61,3.56,3.26,1.86,4.78,3.92,4.09,4.4,3.78,4.38,3.71,3.31,4.3,3.03,True,True,True,True,True,True,True,True
31-9097,Phlebotomists,Phlebotomists,Phlebotomists,0.1463414634146341,0.1829268292682926,0.2195121951219512,0.048780487804878,0.1097560975609756,0.1707317073170731,-0.2778475,1,31-9097,False,,,,,base_00,3,base_00,False,1,3.75,2.12,3.12,2.25,3.38,2.0,1.12,2.0,1.75,2.38,2.88,3.25,3.12,2.5,1.0,2.0,1.88,2.0,3.12,3.25,3.0,2.25,2.25,2.38,3.88,1.0,2.12,3.5,3.5,2.38,3.0,1.0,3.62,1.75,1.88,1.75,3.0,1.0,1.12,3.38,3.25,2.12,1.75,2.25,2.12,2.5,2.25,2.75,2.5,1.62,3.5,3.12,3.0,3.38,2.62,3.12,3.25,1.62,1.75,1.0,3.0,2.88,2.88,1.75,1.88,2.5,2.12,3.12,2.0,2.0,1.25,2.38,2.5,1.62,2.88,3.12,1.5,2.38,3.62,3.5,3.38,2.25,2.25,1.62,3.0,2.0,3.12,3.38,4.57,3.73,3.27,4.41,3.0,3.73,3.64,3.0,4.18,2.36,4.09,2.86,4.18,4.45,3.32,3.36,3.91,3.77,3.64,3.59,4.23,2.86,3.82,2.32,4.14,3.64,4.09,3.73,4.27,2.73,2.55,2.27,3.86,3.73,2.0,2.86,2.95,4.05,4.32,4.41,3.64,4.48,4.82,3.82,4.27,4.14,3.05,2.33,3.73,4.27,2.86,2.77,4.5,1.9,2.86,1.95,1.14,2.14,2.09,3.32,1.5,1.09,4.82,3.82,4.14,4.36,4.0,4.81,4.23,1.45,1.0,4.09,1.55,3.14,1.27,1.14,2.5,4.05,2.45,3.32,1.18,2.0,2.68,4.45,2.23,4.27,4.27,3.73,4.68,4.45,4.82,3.23,3.86,4.59,3.32,True,True,False,True,True,True,True,True
31-9099,"Healthcare Support Workers, All Other",,Speech-Language Pathology Assistants,0.1995614035087719,0.3651315789473684,0.5307017543859648,0.0526315789473684,0.1052631578947368,0.1578947368421052,0.1660077,1,31-9099,False,,,,,first_detail,2,detail_mode_tie_lower,True,2,2.75,2.44,3.0,2.62,3.375,1.62,1.06,1.56,1.31,1.75,2.815,2.75,2.94,2.81,1.25,1.5,1.375,2.685,3.25,3.435,2.685,2.12,2.44,2.0,3.75,1.19,2.12,3.875,3.875,2.5,2.875,1.25,3.75,1.69,1.625,1.56,2.935,1.25,1.375,3.56,3.625,2.435,1.25,1.5,1.81,2.875,2.185,2.625,2.565,1.81,3.75,3.5,3.12,3.81,3.125,2.94,3.25,2.13,1.815,1.0,3.0,3.06,2.875,1.5,1.815,2.185,2.0,3.25,2.31,2.19,1.375,2.62,2.5,1.315,2.125,3.685,2.0,1.875,3.19,3.375,3.435,2.56,2.5,1.685,2.94,2.065,3.12,3.165,4.23,3.2350000000000003,3.075,4.505,2.75,2.86,2.95,3.2649999999999997,4.29,1.96,3.9,2.8099999999999996,3.825,4.1850000000000005,2.4,3.21,4.035,3.21,3.3,3.115,3.86,2.24,4.2,2.49,3.865,2.825,3.22,3.1799999999999997,3.54,2.605,2.325,2.26,3.0549999999999997,3.245,2.08,1.89,3.56,3.42,4.125,3.63,2.245,3.185,4.75,3.61,3.4299999999999997,2.545,1.6800000000000002,2.225,3.78,4.065,2.81,1.785,3.455,1.33,2.08,1.25,1.0,1.37,1.75,2.035,1.17,1.0,4.805,3.465,3.92,3.895000000000001,3.53,4.4,3.375,1.59,1.0,3.905,1.015,2.59,1.03,1.0,2.06,4.43,1.715,2.37,1.02,1.56,1.995,3.005,2.665,3.58,3.665,2.935,3.755,3.595,3.17,2.075,2.505,4.32,3.0,True,True,False,True,True,True,True,True
33-1011,First-Line Supervisors of Correctional Officers,First-Line Supervisors of Correctional Officers,First-Line Supervisors of Correctional Officers,0.217391304347826,0.2826086956521739,0.3478260869565217,0.217391304347826,0.2826086956521739,0.3478260869565217,-0.5584278,1,33-1011,False,,,,,base_00,3,base_00,False,1,2.38,3.12,3.0,2.12,4.0,2.38,1.38,2.5,3.12,2.25,3.38,2.38,3.12,3.0,1.88,2.75,3.0,2.12,3.75,3.38,2.38,2.12,2.62,2.75,3.5,1.75,2.38,4.0,4.0,2.75,3.12,2.12,4.0,1.88,3.12,3.0,3.12,2.0,2.12,3.62,3.5,2.75,2.0,3.0,3.12,3.0,3.12,2.25,2.25,1.62,3.88,3.75,3.25,4.0,3.25,4.0,4.0,1.0,1.0,1.0,3.12,3.12,3.12,1.88,2.0,3.75,2.12,4.0,3.5,2.0,2.12,2.12,3.5,1.5,2.0,3.75,1.0,1.5,3.0,4.0,3.88,3.12,3.0,1.62,3.25,1.75,3.5,3.49,4.04,4.23,3.44,4.58,2.44,4.17,3.83,3.29,4.7,2.5,4.02,3.23,4.44,4.5,4.25,2.78,4.07,3.97,3.84,3.96,4.36,2.98,4.18,3.07,4.06,3.82,3.34,3.62,4.15,3.59,2.34,2.4,4.51,3.96,2.95,3.58,3.15,4.28,3.7,4.08,4.51,3.25,4.77,4.04,3.38,4.57,4.31,1.89,3.91,4.95,3.18,2.25,3.84,2.76,2.08,1.62,1.71,3.07,1.65,4.01,2.94,1.05,4.72,4.13,4.68,4.77,4.43,3.84,3.63,2.66,1.26,4.76,3.02,2.97,3.59,1.93,1.11,4.03,3.96,2.32,1.39,1.81,1.84,2.41,2.58,3.33,2.4,3.51,4.92,4.16,3.19,1.55,4.47,4.66,4.07,True,True,False,True,True,True,True,True
33-1012,First-Line Supervisors of Police and Detectives,First-Line Supervisors of Police and Detectives,First-Line Supervisors of Police and Detectives,0.1052631578947368,0.3289473684210526,0.5526315789473684,0.1578947368421052,0.3552631578947368,0.5526315789473684,-0.1923298,1,33-1012,False,0.0044,1,33-1012,False,base_00,2,base_00,False,1,3.0,2.88,3.25,2.88,3.88,2.5,1.0,2.12,2.38,2.0,3.0,2.75,3.12,3.12,1.88,2.12,2.0,2.5,3.88,3.75,3.0,2.62,3.0,2.88,3.5,1.88,2.5,4.0,4.0,3.0,3.0,2.12,4.0,2.38,2.88,2.88,3.5,1.88,2.25,3.62,3.62,3.0,2.0,2.12,2.75,2.88,2.75,2.5,2.75,2.0,4.0,3.88,3.88,4.0,3.75,3.88,4.0,1.5,1.5,1.0,3.88,3.75,3.75,2.5,2.5,4.0,2.38,4.0,3.25,2.5,2.12,2.5,3.88,1.5,2.12,4.0,1.5,1.5,3.5,4.0,4.0,3.12,3.12,1.5,3.5,2.0,3.75,3.78,4.2,3.93,4.18,4.41,2.87,3.94,3.81,3.8,4.48,2.65,4.23,3.17,4.03,4.7,4.19,3.3,4.2,3.2,3.8,3.39,4.34,3.4,3.54,4.19,3.86,4.05,4.32,3.41,3.95,3.86,2.52,2.57,4.14,3.71,3.3,3.64,3.55,3.9,4.13,4.08,4.23,3.85,4.7,4.1,4.79,4.37,3.44,1.94,4.08,4.95,3.0,2.15,3.54,3.35,2.47,3.83,2.06,2.52,1.27,3.77,3.52,1.33,4.95,4.43,4.46,4.26,4.61,4.25,3.4,4.6,1.55,4.03,3.13,3.19,4.32,2.78,1.25,4.19,3.09,2.48,1.58,1.74,2.01,2.77,3.48,2.82,3.24,2.55,5.0,3.5,3.67,3.06,4.21,4.35,3.72,True,True,True,True,True,True,True,True
33-1021,First-Line Supervisors of Fire Fighting and Prevention Workers,First-Line Supervisors of Firefighting and Prevention Workers,First-Line Supervisors of Firefighting and Prevention Workers,0.2264150943396226,0.4150943396226415,0.6037735849056604,0.320754716981132,0.4056603773584905,0.490566037735849,-0.593021,1,33-1021,False,0.0036,1,33-1021,False,base_00,3,base_00,False,1,3.12,2.88,3.38,3.0,3.75,2.38,1.75,2.75,3.12,3.0,3.25,3.0,3.0,3.5,2.5,2.75,3.0,2.62,3.75,3.62,3.25,2.62,2.88,3.0,4.0,2.12,2.5,4.12,4.25,3.25,3.25,2.12,4.12,2.38,2.88,2.62,3.25,2.12,2.5,3.62,3.62,3.0,2.12,2.88,3.12,3.0,3.25,3.0,3.12,2.25,3.62,3.62,3.25,4.0,3.5,3.62,3.88,2.25,2.25,1.25,3.5,3.62,3.12,2.0,2.5,3.62,2.5,3.62,3.12,2.62,1.75,3.0,3.12,1.75,2.5,3.62,2.0,1.62,3.62,3.75,3.62,2.75,3.0,1.75,3.5,2.25,3.25,3.5,4.61,4.2,4.02,4.37,3.71,4.28,4.19,3.99,4.33,2.75,4.02,3.73,3.75,4.46,4.4,4.1,4.37,4.48,3.68,4.02,4.61,3.78,4.38,4.45,4.23,3.92,4.58,4.37,3.84,3.72,2.61,3.59,4.19,4.1,3.05,3.72,3.7,4.34,4.31,3.4,3.28,4.44,4.74,4.51,4.59,3.28,2.6,1.66,4.34,4.55,3.96,3.35,3.73,3.71,3.78,3.9,3.21,3.42,1.44,4.29,4.05,2.31,4.65,4.49,4.32,4.8,4.63,4.33,3.13,4.54,2.89,3.8,4.01,3.51,4.54,3.0,1.62,4.23,3.13,2.8,2.27,2.25,2.42,2.62,2.5,3.16,3.22,2.84,4.62,3.53,4.27,3.89,4.62,4.74,3.66,True,True,True,True,True,True,True,True
33-1091,First-Line Supervisors of Security Workers,First-Line Supervisors of Security Workers,First-Line Supervisors of Security Workers,0.238095238095238,0.4047619047619047,0.5714285714285714,0.1428571428571428,0.2619047619047618,0.3809523809523809,,,,,,,,,base_00,2,base_00,False,1,2.38,2.75,3.0,2.62,3.88,2.38,1.12,2.0,2.0,2.12,3.88,2.25,3.62,3.12,1.88,2.0,1.88,2.88,4.0,3.5,2.25,2.12,2.75,2.5,3.88,2.75,2.25,4.0,4.0,2.62,3.25,2.38,4.0,2.12,2.25,2.38,3.5,2.12,2.38,3.62,3.88,3.25,1.12,2.38,2.12,2.75,2.75,2.88,2.5,2.25,3.75,3.62,3.12,4.0,3.62,3.62,3.88,1.88,1.62,1.0,3.25,3.88,3.0,2.38,2.38,3.75,2.0,3.75,3.12,2.0,1.88,2.38,3.25,1.62,2.38,3.88,1.75,1.25,3.12,3.62,3.88,3.0,2.75,1.5,3.62,2.0,3.62,3.13,3.4,3.95,3.38,4.64,2.39,4.32,3.98,3.06,3.82,1.59,3.57,2.88,3.84,3.98,4.12,2.22,4.6,3.58,3.04,3.44,4.61,2.59,3.8,3.25,3.79,3.01,3.45,3.38,3.74,3.03,2.59,2.35,3.89,3.43,2.67,3.24,3.29,3.48,3.43,3.9,3.84,3.21,4.98,4.47,4.77,3.25,2.23,3.24,4.63,4.91,3.15,2.11,1.59,1.98,1.39,2.07,1.26,1.79,1.09,3.1,3.37,1.09,4.57,4.63,4.71,4.62,4.73,4.7,3.68,3.63,1.53,3.47,2.78,3.17,3.66,2.61,1.17,3.75,2.41,1.77,1.26,2.5,1.61,2.92,2.95,2.78,2.75,2.5,4.95,3.41,3.22,1.3,4.82,4.86,3.55,True,False,False,True,True,True,True,True
33-2011,Firefighters,Firefighters,Firefighters,0.1052631578947368,0.1403508771929824,0.175438596491228,0.0701754385964912,0.087719298245614,0.1052631578947368,-1.320232,1,33-2011,False,0.17,1,33-2011,False,base_00,3,base_00,False,1,3.75,3.38,3.12,3.62,3.75,3.12,2.12,3.5,3.12,3.38,3.75,3.0,3.5,2.88,2.62,3.12,3.0,2.88,3.62,3.5,3.5,2.62,2.88,3.62,3.62,2.38,2.62,3.88,3.75,2.62,3.38,2.62,4.12,2.88,3.5,3.0,3.12,2.5,3.25,3.62,3.5,3.12,2.88,3.62,3.75,2.75,3.5,3.12,3.25,2.5,3.38,3.0,3.5,3.5,3.25,3.62,3.88,2.88,2.88,1.38,3.0,3.62,2.88,1.75,2.12,2.38,2.62,3.5,2.62,3.25,1.38,3.25,2.88,1.5,2.88,3.12,2.25,2.0,3.62,3.38,3.5,2.88,2.88,1.75,3.12,2.62,2.88,3.31,4.48,3.47,3.68,4.06,4.03,3.4,3.69,3.35,4.18,2.51,3.83,3.56,3.59,4.24,3.31,4.2,4.2,4.54,3.24,3.71,4.38,3.08,4.2,4.49,3.59,2.82,4.21,4.33,3.67,3.22,2.91,3.74,3.41,3.07,2.5,2.75,3.29,3.83,4.09,3.08,3.39,4.19,4.73,4.15,4.52,3.52,2.88,1.74,3.88,3.95,4.28,3.63,4.07,4.08,3.79,4.19,3.57,3.21,1.71,4.27,3.7,2.51,4.85,3.94,4.13,4.47,4.27,4.27,3.44,4.26,3.01,3.4,3.64,3.61,4.47,3.32,1.81,4.62,2.76,3.12,2.43,2.35,2.68,2.76,2.49,3.43,3.64,2.91,4.24,3.6,4.6,3.83,3.96,4.71,3.02,True,True,True,True,True,True,True,True
33-2021,Fire Inspectors and Investigators,Fire Inspectors and Investigators,Fire Inspectors and Investigators,0.1346153846153846,0.2884615384615385,0.4423076923076923,0.25,0.3846153846153846,0.5192307692307693,0.062793,1,33-2021,False,0.48,1,33-2021,False,base_00,3,base_00,False,1,2.62,2.5,3.5,2.25,3.88,2.5,1.12,2.25,2.12,2.25,3.12,2.25,3.5,3.12,2.25,1.75,2.25,2.38,3.75,3.75,2.5,2.38,2.62,2.38,3.62,2.0,2.5,4.0,3.88,3.0,2.88,2.38,4.12,1.88,2.0,2.0,3.38,2.0,2.38,3.38,3.38,2.62,1.25,2.25,2.25,2.62,2.75,3.12,2.75,2.25,4.0,4.0,3.12,3.62,3.12,3.0,3.5,1.12,1.12,1.0,3.25,3.12,3.0,2.12,2.12,2.62,2.5,3.25,2.88,2.12,1.88,2.62,3.25,1.62,2.75,3.38,1.25,1.88,3.25,3.38,3.5,2.75,3.0,1.88,3.0,2.38,3.5,3.66,3.64,3.08,4.53,4.33,2.41,3.3,3.39,3.31,4.59,2.48,4.05,3.37,4.66,4.46,3.02,3.11,4.32,4.38,3.99,3.55,4.2,2.71,3.85,3.42,4.01,3.34,4.61,3.74,3.71,3.09,1.84,2.2,3.45,3.83,2.43,2.46,3.16,3.33,4.53,3.94,3.43,3.11,4.92,3.89,4.68,3.23,1.79,2.01,4.68,4.9,3.43,2.52,2.65,3.23,2.54,2.67,2.52,2.27,1.32,3.54,3.43,1.38,4.95,4.54,4.4,3.66,4.44,4.53,3.08,4.68,1.57,4.12,3.53,3.13,4.33,3.03,1.13,3.5,2.58,2.45,2.03,1.75,1.91,2.65,2.51,3.25,2.52,3.15,4.92,3.94,3.82,2.18,3.46,4.19,3.86,True,True,True,True,True,True,True,True
33-2022,Forest Fire Inspectors and Prevention Specialists,Forest Fire Inspectors and Prevention Specialists,Forest Fire Inspectors and Prevention Specialists,0.125,0.21875,0.3125,0.25,0.375,0.5,-0.2144127,1,33-2022,False,0.048,1,33-2022,False,base_00,3,base_00,False,1,2.75,2.25,3.0,2.75,3.62,3.0,1.38,2.12,1.62,2.38,3.5,2.5,3.5,2.88,2.12,2.0,2.12,2.12,3.5,3.12,2.5,2.38,2.25,3.0,3.62,1.88,2.62,3.88,4.0,3.0,3.25,2.12,4.0,2.0,2.12,2.25,3.0,1.88,2.38,3.38,3.12,3.12,1.88,2.38,2.25,2.62,2.62,2.62,2.75,1.88,3.5,3.25,3.0,3.62,3.5,3.75,4.0,2.25,2.25,1.0,3.25,3.62,3.12,1.88,2.0,3.12,2.12,3.38,2.88,2.38,1.62,2.62,3.0,1.62,2.25,3.12,1.88,1.88,2.88,3.0,3.75,2.75,2.88,1.75,3.12,2.25,3.12,3.13,3.49,3.66,3.92,4.46,3.1,3.73,3.97,3.99,4.1,2.35,4.04,3.21,3.72,4.16,3.61,3.83,4.18,4.01,3.38,3.48,4.15,3.07,4.45,4.36,3.88,3.06,4.2,4.43,3.42,3.05,2.31,3.39,3.56,3.23,2.67,2.6,3.17,3.83,3.8,3.44,3.33,3.79,4.79,4.4,4.36,3.47,2.22,2.28,4.15,4.73,4.25,2.62,2.45,3.75,3.26,3.51,2.67,3.77,1.94,4.32,3.93,2.51,4.87,4.56,4.32,4.5,4.87,4.05,3.56,4.69,2.45,3.49,4.5,4.37,4.63,3.23,2.14,3.15,3.21,3.21,1.9,2.42,2.43,3.37,2.72,3.45,3.48,3.31,4.77,3.81,4.14,3.03,4.11,4.86,3.44,True,True,True,True,True,True,True,True
33-3011,Bailiffs,Bailiffs,Bailiffs,0.0357142857142857,0.0357142857142857,0.0357142857142857,0.0714285714285714,0.1607142857142857,0.25,-0.5103183,1,33-3011,False,,,,,base_00,3,base_00,False,1,2.0,2.12,2.12,1.75,3.12,2.12,1.0,2.12,2.38,2.12,2.88,2.0,2.38,2.0,1.5,2.0,2.0,2.0,3.0,3.0,2.0,1.38,2.12,2.38,3.38,1.5,1.75,3.62,3.75,2.0,2.38,1.62,3.88,1.5,2.5,2.38,3.75,1.62,1.75,3.75,3.62,2.38,2.12,2.25,3.0,2.62,3.0,2.12,2.0,1.25,3.0,2.75,2.75,3.25,2.88,2.88,3.0,1.0,1.0,1.0,2.25,3.25,2.12,1.25,1.38,2.38,1.5,3.38,2.75,1.5,1.12,2.0,2.88,1.12,1.88,2.88,1.0,1.0,2.88,4.0,3.38,1.88,1.5,1.25,3.0,1.25,2.25,3.14,4.06,3.8,3.97,4.46,2.72,3.48,3.16,2.91,4.05,1.74,3.9,2.52,3.35,4.05,3.14,2.84,4.27,3.74,3.19,3.92,4.4,2.3,4.38,3.31,3.67,3.16,4.26,3.94,3.41,3.03,1.98,1.82,4.51,2.89,2.56,2.82,2.98,3.49,4.35,3.57,3.4,2.97,4.62,3.68,4.4,3.97,3.02,1.64,3.3,3.62,1.85,1.41,1.94,1.81,1.2,1.18,1.0,1.32,1.16,2.35,1.56,1.0,4.37,3.76,3.78,3.45,3.27,4.08,3.04,2.16,1.0,4.24,1.98,2.47,2.11,1.41,1.0,3.93,2.66,1.87,1.06,1.86,1.5,2.22,2.91,3.41,2.17,2.54,3.75,3.24,2.31,1.1,2.44,4.42,3.03,True,True,False,True,True,True,True,True
33-3012,Correctional Officers and Jailers,Correctional Officers and Jailers,Correctional Officers and Jailers,0.2272727272727273,0.2613636363636363,0.2954545454545454,0.1136363636363636,0.2386363636363636,0.3636363636363636,-0.8875365,1,33-3012,False,,,,,base_00,2,base_00,False,1,3.0,3.0,2.88,2.88,3.75,2.62,1.25,3.0,3.0,3.0,3.25,2.88,3.25,2.88,2.0,2.75,2.5,2.88,3.75,3.25,3.0,2.0,2.5,3.0,3.62,2.0,2.12,4.0,4.0,2.25,3.0,2.12,4.0,2.12,3.0,2.88,3.38,2.0,2.12,3.75,3.62,2.88,2.75,3.12,3.0,3.0,3.0,2.75,2.88,2.0,3.38,3.0,3.25,4.0,3.25,3.5,3.75,1.62,1.5,1.0,3.0,3.25,3.0,1.5,1.62,2.5,2.0,4.0,3.25,2.12,1.38,2.75,3.38,1.5,2.25,3.62,1.62,1.38,3.0,4.0,3.88,2.75,2.62,1.62,3.0,2.12,3.0,3.2,3.75,3.76,3.38,4.21,2.79,3.21,3.57,3.59,4.11,2.37,3.73,2.83,3.84,4.03,3.83,2.74,3.86,3.65,3.15,3.3,4.36,3.28,3.84,3.18,3.89,3.44,3.08,3.4,3.62,3.47,2.65,2.85,4.21,3.3,2.49,3.49,3.63,3.96,3.87,3.81,4.37,3.79,4.67,3.88,4.17,4.75,4.33,2.17,4.01,4.49,3.04,2.38,4.08,3.19,2.01,1.89,1.76,2.42,1.85,4.12,2.35,1.17,4.93,4.22,4.29,4.34,4.25,4.5,4.25,3.23,1.39,4.49,2.33,3.22,2.87,1.9,1.63,4.17,3.27,2.07,1.13,2.08,1.72,2.59,3.28,3.43,3.67,3.13,4.85,4.45,4.07,2.44,3.8,4.57,4.05,True,True,False,True,True,True,True,True
33-3021,Detectives and Criminal Investigators,Detectives and Criminal Investigators,Detectives and Criminal Investigators,0.0883861236802413,0.397410759175465,0.7064353946706888,0.0772750125691301,0.3477375565610859,0.6182001005530418,0.2257696,1,33-3021,False,0.34,1,33-3021,False,base_00,3,base_00,True,2,2.4166666666666665,2.4166666666666665,3.5,2.1266666666666665,4.0,1.9966666666666668,1.1266666666666667,1.836666666666667,1.7066666666666668,1.75,3.206666666666667,2.1633333333333336,3.6666666666666665,3.2099999999999995,1.6666666666666667,1.7066666666666668,1.6266666666666667,2.0833333333333335,4.17,3.92,2.2466666666666666,2.6266666666666665,2.54,2.1233333333333335,3.88,1.7933333333333332,2.46,4.126666666666666,4.0,3.0400000000000005,3.0833333333333335,1.8733333333333333,3.9133333333333336,1.8333333333333333,1.8733333333333333,1.913333333333333,3.0833333333333335,1.6666666666666667,1.9166666666666667,3.8333333333333335,3.8333333333333335,2.92,1.75,1.71,1.8333333333333333,2.793333333333333,2.2066666666666666,2.54,2.793333333333333,2.04,4.0,3.8333333333333335,3.3733333333333335,4.126666666666666,3.5,3.206666666666667,3.956666666666667,1.0,1.1666666666666667,1.0,2.92,3.2900000000000005,2.8333333333333335,1.6233333333333333,1.6666666666666667,2.2066666666666666,2.3333333333333335,3.2099999999999995,2.8333333333333335,1.8766666666666667,1.7066666666666668,2.25,2.956666666666667,1.5833333333333333,1.79,3.959999999999999,1.0,1.836666666666667,3.043333333333333,3.293333333333333,4.043333333333333,2.706666666666667,2.6266666666666665,1.62,3.0,1.54,3.543333333333333,4.003333333333333,3.03,3.22,3.9966666666666666,4.513333333333333,2.11,2.9966666666666666,3.1133333333333333,3.296666666666667,4.34,1.8833333333333335,4.006666666666667,2.6799999999999997,3.61,4.61,2.8433333333333333,2.54,4.206666666666667,2.6533333333333333,3.733333333333333,3.193333333333334,4.253333333333333,2.1966666666666668,3.59,2.9133333333333336,3.943333333333334,3.3266666666666667,3.2000000000000006,2.8433333333333333,4.223333333333334,3.1666666666666665,1.7566666666666666,1.663333333333333,3.4233333333333333,3.0766666666666667,2.3699999999999997,2.18,3.6766666666666663,3.4,4.2700000000000005,4.173333333333333,3.063333333333333,3.276666666666667,4.276666666666666,3.696666666666667,3.826666666666666,3.1199999999999997,2.3833333333333333,2.1366666666666667,4.31,4.883333333333333,2.6,2.03,2.21,2.4933333333333336,2.12,2.06,1.53,1.9366666666666668,1.23,2.9166666666666665,2.56,1.153333333333333,4.573333333333333,4.443333333333333,3.82,3.143333333333333,3.78,4.506666666666667,3.63,3.466666666666667,1.4166666666666667,4.616666666666667,2.8000000000000003,2.966666666666667,3.0533333333333332,2.463333333333334,1.2533333333333332,3.4566666666666666,2.41,1.9266666666666667,1.28,1.5366666666666664,1.7,2.7266666666666666,3.9166666666666665,2.443333333333334,2.83,2.1366666666666667,4.646666666666667,3.5766666666666667,2.4233333333333333,1.8666666666666665,3.1333333333333333,4.343333333333333,3.6633333333333336,True,True,True,True,True,True,True,True
33-3031,Fish and Game Wardens,Fish and Game Wardens,Fish and Game Wardens,0.0909090909090909,0.2840909090909091,0.4772727272727273,0.0454545454545454,0.1590909090909091,0.2727272727272727,-0.4585168,1,33-3031,False,,,,,base_00,4,base_00,False,1,2.88,2.12,3.12,3.0,3.75,3.0,1.0,2.25,1.88,2.0,3.75,2.62,3.25,2.88,2.62,2.5,2.25,2.75,4.12,3.12,2.62,2.38,2.38,3.0,3.75,2.25,2.25,4.12,4.12,2.88,2.88,2.38,4.0,2.38,2.88,2.62,3.0,2.12,3.12,3.88,3.88,3.0,2.25,3.0,2.88,3.0,2.5,2.75,2.5,1.75,3.62,3.5,3.0,3.88,3.38,3.25,3.88,2.0,1.88,1.0,3.0,3.5,2.88,1.62,1.62,2.5,2.62,3.38,2.88,2.88,2.38,3.0,3.38,1.5,2.5,3.62,2.0,2.75,3.12,3.38,3.75,3.12,3.0,1.75,3.0,2.25,3.12,3.2,3.42,3.0,4.6,4.55,2.95,3.05,2.94,3.44,4.36,1.79,4.24,3.04,4.33,4.42,2.22,3.23,4.4,3.56,3.53,3.19,4.47,2.49,4.11,4.67,4.0,3.05,4.37,4.18,3.81,2.58,2.18,2.74,3.96,3.84,3.26,1.65,3.95,3.27,4.08,3.75,3.94,4.26,4.67,4.0,4.84,3.79,2.56,2.5,4.57,4.84,3.32,2.48,2.25,3.49,2.19,3.4,1.78,3.59,1.19,3.23,3.86,1.92,4.68,4.76,4.08,4.23,4.42,4.14,2.84,4.98,2.71,3.01,3.34,3.67,4.87,3.35,1.06,4.03,2.93,2.48,1.52,2.28,2.12,2.48,3.16,3.0,3.26,2.65,4.9,3.94,3.47,2.26,3.18,4.06,3.54,True,True,False,True,True,True,True,True
33-3041,Parking Enforcement Workers,Parking Enforcement Workers,Parking Enforcement Workers,0.1794871794871795,0.3205128205128205,0.4615384615384615,0.1025641025641025,0.3205128205128205,0.5384615384615384,-0.6239931,1,33-3041,False,0.84,1,33-3041,False,base_00,2,base_00,False,1,2.62,2.38,2.88,3.0,3.0,2.75,1.0,2.0,2.0,2.38,3.12,2.75,2.25,2.0,2.25,2.38,2.0,2.25,3.0,3.25,2.5,2.0,2.25,2.75,3.25,2.0,2.0,3.25,3.62,2.0,3.0,2.0,3.12,2.0,2.38,2.38,3.0,2.12,2.62,3.38,3.12,2.25,2.0,2.62,2.62,2.62,2.88,2.88,2.12,1.62,3.0,3.12,2.88,3.12,2.75,3.0,3.12,2.25,1.75,1.0,2.88,2.88,2.25,1.38,1.38,2.38,2.12,3.25,2.75,2.62,1.25,2.38,2.75,1.5,2.12,3.0,1.75,1.0,3.0,3.12,3.25,2.12,2.12,1.38,3.0,2.25,2.88,3.49,3.94,3.05,3.94,4.4,3.68,3.1,2.87,3.03,4.3,2.55,3.88,2.78,4.25,4.16,2.91,3.31,4.32,3.59,3.28,3.73,3.86,2.46,3.79,4.37,3.59,2.85,4.21,3.29,4.19,2.69,3.34,2.97,3.54,3.48,2.31,2.49,3.33,3.83,3.85,3.5,3.73,2.6,3.92,3.16,4.45,4.47,2.76,2.53,3.47,2.82,3.29,1.86,1.4,2.67,1.03,2.71,1.04,1.81,1.05,2.61,4.0,1.01,4.09,3.74,4.87,2.95,3.84,4.01,3.45,4.63,1.07,1.92,1.74,2.49,4.98,2.57,2.94,2.48,1.58,2.74,1.0,1.12,1.08,3.97,3.49,3.22,4.68,3.38,2.83,2.83,1.35,1.02,2.19,4.11,2.51,True,True,True,True,True,True,True,True
33-3051,Police and Sheriff's Patrol Officers,Police and Sheriff's Patrol Officers,Police and Sheriff's Patrol Officers,0.1773399014778325,0.3511904761904761,0.5250410509031198,0.1165845648604269,0.2473316912972084,0.3780788177339901,-0.6681123,1,33-3051,False,0.098,1,33-3051,False,base_00,3,base_00,False,1,2.75,2.815,3.13,2.56,4.0649999999999995,2.75,1.25,2.5,2.625,2.5,3.435,2.75,3.44,2.94,2.31,2.375,2.31,2.435,4.125,3.565,2.815,2.315,2.875,3.0,3.875,2.19,2.315,4.25,4.0600000000000005,2.81,3.185,2.25,4.25,2.44,2.81,2.685,3.25,2.315,2.38,3.88,3.685,3.0,2.31,2.5,2.875,3.0,2.88,2.75,2.56,2.13,3.88,3.56,3.565,3.94,3.185,3.5,3.875,1.06,1.125,1.0,2.935,3.62,2.62,1.75,1.815,2.75,2.25,3.56,3.19,2.315,1.31,2.5,3.37,1.5,1.935,3.75,1.0,1.63,3.25,3.88,3.94,2.56,2.38,1.56,3.125,1.75,3.435,3.96,3.5650000000000004,3.3,4.09,4.465,2.86,3.3200000000000003,3.34,3.26,4.34,1.975,3.975,3.25,4.265000000000001,4.654999999999999,3.33,2.9,4.529999999999999,3.505,3.8,4.045,4.48,2.655,4.06,3.89,3.595,3.56,4.58,3.58,4.195,3.14,2.27,2.165,4.12,3.25,2.645,2.44,3.165,3.67,4.25,4.4,4.125,3.92,4.795,4.015000000000001,4.824999999999999,4.484999999999999,3.475,2.65,3.965,4.609999999999999,3.78,2.905,3.46,3.87,2.905,3.655,1.79,2.965,2.45,3.82,3.79,1.2999999999999998,4.699999999999999,4.35,4.65,3.985,4.529999999999999,4.635,3.9,4.045,1.58,3.87,3.3899999999999997,3.205,4.275,2.97,1.57,4.095000000000001,2.47,2.54,1.4300000000000002,2.01,2.215,3.095,3.345,3.085,3.315,2.58,4.6899999999999995,3.91,3.44,2.475,3.165,4.58,3.805,True,True,True,True,True,True,True,True
33-3052,Transit and Railroad Police,Transit and Railroad Police,Transit and Railroad Police,0.0833333333333333,0.2499999999999999,0.4166666666666666,0.25,0.4375,0.625,-0.8205515,1,33-3052,False,0.57,1,33-3052,False,base_00,3,base_00,False,1,3.0,3.12,3.0,2.62,3.75,2.88,1.0,2.88,3.0,2.88,3.75,2.5,3.38,3.0,2.5,2.75,2.88,3.0,3.88,3.38,3.0,2.12,2.38,3.0,3.75,2.62,2.0,4.0,4.0,3.0,3.0,2.75,4.12,2.5,2.88,3.0,3.25,2.62,2.62,3.88,3.62,3.12,2.0,3.0,3.0,3.0,3.12,2.75,2.62,2.12,3.38,3.75,3.25,4.0,3.75,3.25,3.88,1.0,1.0,1.0,3.0,3.25,2.88,2.0,2.0,2.88,2.0,3.38,3.12,2.5,1.88,2.75,3.0,1.62,2.0,3.12,1.0,1.12,3.12,3.38,4.0,3.0,2.38,1.5,3.0,1.88,3.25,3.52,4.07,3.51,3.77,4.4,2.24,3.13,3.16,3.58,4.65,1.73,3.75,2.99,3.46,4.2,3.7,3.1,4.4,3.1,3.7,3.48,4.61,2.6,3.76,4.17,3.48,3.3,4.5,4.36,4.41,3.19,2.16,2.02,4.52,3.42,2.76,2.74,3.5,3.71,4.19,3.67,4.21,3.7,4.7,4.33,4.71,4.11,3.64,1.92,4.17,4.96,4.03,2.6,3.23,2.96,3.74,3.4,2.6,2.71,1.66,3.63,3.2,1.53,4.29,4.41,4.43,4.57,3.99,4.35,3.28,4.93,1.12,2.66,4.13,3.12,4.73,2.12,1.78,4.14,2.66,2.49,1.57,1.79,2.32,2.97,3.03,3.04,3.11,2.66,4.48,3.8,4.24,2.82,3.6,4.1,3.96,True,True,True,True,True,True,True,True
33-9011,Animal Control Workers,Animal Control Workers,Animal Control Workers,0.2666666666666666,0.35,0.4333333333333333,0.0,0.1333333333333333,0.2666666666666666,-0.5946321,1,33-9011,False,0.21,1,33-9011,False,base_00,2,base_00,False,1,3.0,2.0,3.0,2.62,3.62,2.25,1.25,2.0,2.0,2.12,3.0,2.5,2.75,2.75,2.0,2.0,2.0,2.0,3.25,3.0,3.0,2.0,2.0,3.0,3.0,2.0,2.0,3.88,4.0,2.62,2.12,2.12,4.0,2.0,2.0,2.0,3.0,2.0,2.25,3.25,3.0,2.0,2.0,2.12,3.0,2.88,2.75,2.0,2.0,1.88,3.0,3.0,2.88,3.75,2.88,3.0,3.5,1.0,1.0,1.0,2.62,3.0,2.75,1.62,1.75,2.0,2.0,3.0,2.75,2.0,1.5,2.0,2.88,1.12,1.75,3.0,1.0,1.12,3.0,3.0,3.62,2.0,2.0,1.12,3.0,1.25,3.0,3.76,3.46,3.35,4.54,4.42,2.19,3.32,3.44,3.2,4.58,1.88,4.04,2.62,4.0,4.31,3.19,3.96,4.0,3.54,3.42,3.36,4.72,3.0,3.68,4.38,4.27,3.62,4.56,4.15,4.15,3.48,1.77,2.33,4.08,3.54,2.68,2.46,3.73,3.73,3.92,3.73,4.35,3.96,4.58,3.27,4.77,4.64,3.0,1.35,4.27,4.92,4.58,3.5,4.42,3.85,2.96,3.12,1.96,4.19,1.15,4.58,4.0,1.31,4.96,4.54,4.58,3.69,4.31,4.08,3.54,4.96,1.4,3.96,4.15,2.27,4.92,3.81,1.15,3.81,2.69,2.88,1.38,2.62,2.54,2.81,2.92,3.15,3.77,2.81,5.0,3.96,4.44,2.42,2.8,4.0,4.38,True,True,True,True,True,True,True,True
33-9021,Private Detectives and Investigators,Private Detectives and Investigators,Private Detectives and Investigators,0.074074074074074,0.3888888888888888,0.7037037037037037,0.2222222222222222,0.3888888888888888,0.5555555555555556,0.7483108,1,33-9021,False,0.31,1,33-9021,False,base_00,3,base_00,False,1,2.12,2.12,3.12,2.38,3.88,2.25,1.0,1.38,1.25,1.5,3.12,2.25,3.25,3.0,1.88,1.38,1.38,2.25,4.12,3.5,2.0,2.5,2.12,2.12,4.0,1.5,2.38,4.0,4.0,3.0,3.0,1.75,4.0,1.62,2.0,2.0,3.38,1.75,1.88,3.62,3.62,2.75,1.0,1.12,1.38,2.75,2.25,2.12,2.25,1.75,3.88,3.88,3.38,4.12,3.75,3.0,3.88,1.0,1.25,1.0,2.25,3.38,2.5,1.75,1.88,2.25,2.25,3.38,2.88,2.12,1.88,1.88,2.88,1.75,1.75,3.88,1.0,1.5,3.0,3.5,4.0,2.88,2.75,1.62,3.0,1.38,3.62,4.12,1.92,2.56,3.99,4.12,1.82,2.94,2.52,3.69,4.5,1.72,3.89,3.06,4.09,4.75,2.5,1.8,4.6,2.94,3.39,3.87,4.31,2.82,3.79,3.47,3.81,3.82,3.22,2.4,3.96,2.53,2.4,1.95,3.08,3.78,2.54,1.72,3.48,2.8,4.03,4.34,2.82,2.83,4.33,3.09,4.19,3.02,1.69,2.01,4.39,4.8,1.48,1.63,1.3,1.9,1.29,1.35,1.22,1.43,1.0,2.0,2.23,1.09,4.16,4.61,3.98,2.3,4.13,4.74,3.43,3.25,1.39,3.87,2.23,2.88,2.72,1.94,1.41,3.05,2.0,1.76,1.05,1.37,1.47,2.74,4.2,1.9,2.66,1.83,4.93,4.32,1.27,1.05,3.18,3.31,3.9,True,True,True,True,True,True,True,True
33-9031,Gambling Surveillance Officers and Gambling Investigators,Gambling Surveillance Officers and Gambling Investigators,Gambling Surveillance Officers and Gambling Investigators,0.25,0.4375,0.625,0.0,0.3125,0.625,0.7283933,1,33-9031,False,0.95,1,33-9031,False,base_00,2,base_00,False,1,2.0,2.25,2.88,2.12,3.5,2.0,1.0,1.62,1.75,1.75,4.0,2.12,3.62,2.25,1.0,1.5,1.62,2.0,3.75,3.12,2.0,2.12,2.12,1.62,3.75,1.25,2.12,3.88,3.62,2.12,3.38,1.62,4.25,1.0,1.62,1.75,4.0,1.0,1.38,3.25,3.25,3.12,1.38,1.75,1.88,3.12,2.0,2.38,2.25,1.75,3.12,3.75,3.12,3.25,3.0,2.88,3.75,1.0,1.0,1.0,3.0,3.38,2.5,1.62,1.62,2.62,2.12,4.12,2.38,2.0,1.5,2.38,2.5,1.38,2.25,3.25,1.25,1.25,2.62,3.12,3.62,2.5,2.38,1.62,2.88,1.75,3.12,3.85,2.82,3.42,3.38,4.58,2.41,3.3,2.94,3.13,4.78,2.02,3.6,3.42,4.25,4.58,2.88,2.65,4.55,3.83,3.82,3.91,4.22,2.29,4.58,1.64,3.95,3.26,2.11,2.39,4.09,3.08,2.23,1.56,2.98,3.23,1.4,1.87,3.3,3.74,4.38,4.62,3.87,3.63,4.65,3.75,3.32,2.97,2.24,2.16,3.97,4.66,2.74,1.77,2.12,2.12,1.55,1.54,1.22,1.44,1.38,3.42,1.66,1.38,4.7,4.39,4.44,3.4,4.44,4.83,4.53,1.95,1.54,4.95,1.62,2.56,1.65,1.43,2.14,4.1,1.76,1.81,1.47,1.4,1.54,3.43,4.77,1.83,4.62,1.91,4.89,3.14,1.42,1.49,3.41,4.46,3.66,True,True,True,True,True,True,True,True
33-9032,Security Guards,Security Guards,Security Guards,0.1666666666666666,0.1666666666666666,0.1666666666666666,0.1666666666666666,0.2499999999999999,0.3333333333333333,-0.3908421,1,33-9032,False,0.84,1,33-9032,False,base_00,2,base_00,False,1,2.38,2.88,2.25,2.25,3.25,2.12,1.0,2.12,2.12,2.0,3.75,2.0,3.12,2.25,2.12,2.12,2.0,2.88,3.0,3.0,2.12,2.0,2.25,2.25,3.38,2.12,2.0,3.62,3.38,2.25,2.88,2.12,3.88,2.25,2.25,2.38,3.38,2.0,2.38,3.25,3.38,2.5,1.75,2.75,2.75,2.88,2.88,2.88,2.38,1.88,3.0,2.88,2.88,3.75,2.62,3.12,3.12,1.12,1.0,1.0,2.25,3.0,2.62,1.38,1.38,2.12,2.0,3.38,2.62,2.12,1.5,2.25,2.88,1.12,2.0,3.0,1.0,1.5,2.88,3.0,3.25,2.0,2.0,1.12,2.5,2.0,2.75,3.95,4.15,3.5,4.2,4.54,2.61,4.13,3.46,4.11,4.48,2.42,4.45,3.63,4.2,4.58,3.79,2.61,4.76,4.17,3.48,3.42,4.27,3.04,4.02,3.92,4.23,3.35,4.37,3.96,4.11,3.16,2.15,2.07,4.19,3.72,2.67,3.77,3.77,4.24,3.87,4.11,4.04,3.2,4.89,3.5,4.91,3.28,2.35,2.2,4.37,4.33,2.38,1.35,3.34,2.06,2.49,1.4,1.32,1.16,1.07,2.22,2.76,1.07,4.42,4.44,3.68,4.95,3.44,4.41,4.42,1.31,1.04,4.36,1.37,2.33,3.3,1.4,2.53,3.38,1.96,1.9,1.09,1.48,1.67,2.17,3.21,3.42,2.32,2.6,4.63,3.05,2.4,1.21,3.48,4.21,2.9,True,True,True,True,True,True,True,True
33-9091,Crossing Guards and Flaggers,Crossing Guards and Flaggers,Crossing Guards and Flaggers,0.0526315789473684,0.1052631578947368,0.1578947368421052,0.0,0.2631578947368421,0.5263157894736842,-0.5699511,1,33-9091,False,0.49,1,33-9091,False,base_00,2,base_00,False,1,2.75,2.38,2.38,1.75,3.0,2.25,1.25,2.0,1.5,2.0,3.12,2.0,2.0,1.88,2.12,2.12,1.88,2.25,2.88,2.88,2.38,1.38,2.0,2.25,2.88,1.62,1.5,3.5,3.5,1.88,2.25,2.0,3.5,1.62,2.75,1.75,3.12,1.62,2.0,3.12,3.0,2.0,1.88,2.38,1.88,2.75,2.88,2.0,1.88,1.5,2.38,2.38,2.25,2.88,2.38,2.75,2.75,1.0,1.0,1.0,1.88,2.75,1.88,1.38,1.5,1.62,1.62,2.88,2.12,1.0,1.25,1.62,2.12,1.0,1.25,2.25,1.0,1.0,2.75,3.0,3.12,1.88,1.75,1.0,2.0,1.38,2.0,2.57,3.44,2.44,2.63,3.29,2.01,2.14,2.19,2.44,2.53,1.56,2.81,2.51,2.84,3.52,1.61,2.81,2.87,2.64,2.42,2.73,2.9,1.8,3.07,2.05,2.66,2.19,3.44,3.39,2.71,2.29,1.35,1.47,3.01,2.69,1.8,1.47,2.33,2.45,2.74,1.98,2.53,4.09,4.1,2.32,4.46,3.29,1.46,1.44,3.74,1.92,4.4,1.01,1.73,2.8,1.16,2.84,1.0,2.13,1.2,4.07,4.42,1.0,3.72,4.25,4.22,2.91,3.67,3.9,2.09,1.67,1.02,1.44,2.87,1.26,4.99,1.63,1.13,4.12,1.18,2.34,1.01,2.17,1.2,3.79,1.19,4.82,3.73,4.1,2.03,2.21,4.03,1.1,2.06,3.33,1.77,True,True,True,True,True,True,True,True
33-9092,"Lifeguards, Ski Patrol, and Other Recreational Protective Service Workers","Lifeguards, Ski Patrol, and Other Recreational Protective Service Workers","Lifeguards, Ski Patrol, and Other Recreational Protective Service Workers",0.08,0.08,0.08,0.08,0.16,0.24,-0.4718385,1,33-9092,False,0.67,1,33-9092,False,base_00,2,base_00,False,1,2.5,2.5,2.5,2.0,3.12,2.38,1.38,2.12,2.0,2.5,3.5,2.0,3.12,2.25,2.0,2.88,2.38,2.12,3.0,3.0,2.12,1.5,2.25,2.75,3.0,1.25,1.75,3.25,3.5,2.0,3.0,1.88,4.0,1.75,2.12,2.25,3.25,2.0,2.12,3.25,3.12,3.0,2.0,3.0,2.88,3.0,3.0,1.88,2.0,1.0,2.75,2.62,2.75,3.12,3.0,3.0,3.0,1.25,1.38,1.0,2.75,3.0,3.12,1.12,1.25,2.0,1.38,3.75,2.0,1.38,1.25,2.12,2.5,1.0,1.88,2.88,1.25,1.5,3.25,3.38,3.5,1.88,2.0,1.0,2.38,1.62,2.5,2.34,4.59,3.29,3.34,3.82,2.66,3.02,3.18,2.47,3.91,1.87,3.43,2.75,2.66,3.85,3.3,3.19,3.74,4.06,2.62,3.0,3.88,2.79,3.53,2.83,3.25,2.38,4.1,4.44,2.98,3.06,1.58,2.52,2.88,2.64,2.02,2.43,2.63,3.55,3.82,2.5,2.98,4.06,4.5,3.21,3.94,3.42,1.43,1.99,3.67,4.18,3.14,2.46,3.49,2.98,2.75,1.81,1.93,2.89,1.7,3.38,3.54,2.06,4.55,3.82,4.11,4.24,4.08,3.65,2.77,2.35,1.7,3.89,3.4,2.43,3.69,3.08,1.64,3.99,2.4,2.19,1.19,2.17,1.85,2.56,3.2,3.08,2.6,2.97,3.54,2.98,3.33,1.44,3.35,4.59,2.35,True,True,True,True,True,True,True,True
33-9093,Transportation Security Screeners,Transportation Security Screeners,Transportation Security Screeners,0.0,0.26,0.52,0.04,0.23,0.42,-0.5068558,1,33-9093,False,,,,,base_00,2,base_00,False,1,2.88,2.88,3.12,2.62,3.5,2.25,1.25,2.38,1.88,2.62,3.12,3.0,3.5,2.38,1.88,2.5,2.25,2.62,3.5,3.25,3.0,2.0,2.5,3.0,3.38,1.12,2.0,3.5,3.5,2.5,3.25,1.38,4.12,2.75,2.88,2.5,3.62,1.25,1.25,3.38,3.38,2.88,2.38,2.62,2.88,2.75,2.75,2.88,2.62,2.12,3.12,2.75,2.88,3.25,2.75,3.25,3.25,2.0,1.88,1.0,2.88,3.12,2.5,1.62,1.88,2.5,1.88,3.38,2.62,2.62,1.88,2.75,3.0,1.5,2.5,3.0,1.62,1.75,3.0,3.25,3.38,2.12,2.38,1.0,2.62,2.25,2.88,2.81,2.85,3.23,2.81,3.93,3.12,3.07,3.11,2.44,3.07,1.26,3.26,2.7,3.74,4.22,3.22,3.89,4.11,3.3,3.15,2.81,3.7,2.44,3.41,1.63,2.63,2.35,4.0,3.93,2.78,2.58,2.85,2.04,3.11,2.7,1.7,2.46,2.26,3.52,3.59,3.0,3.74,3.85,4.54,3.07,4.22,4.63,2.78,2.63,2.63,3.85,4.04,2.56,3.19,3.15,2.63,2.52,1.26,2.44,3.74,4.41,2.67,1.19,4.41,3.0,3.81,3.3,3.63,4.33,3.7,1.3,1.04,4.7,2.81,2.48,1.89,2.04,2.88,4.44,2.59,3.3,1.22,1.96,2.41,4.07,1.96,4.3,4.26,3.48,2.96,3.41,4.74,1.11,2.89,4.58,2.67,True,True,False,True,True,True,True,True
33-9094,School Bus Monitors,School Bus Monitors,School Bus Monitors,0.1666666666666666,0.1666666666666666,0.1666666666666666,0.0,0.1944444444444444,0.3888888888888888,0.0764088,1,33-9099,True,,,,,base_00,2,base_00,False,1,,,,,,,,,,,,,,,,,,,,,,,,,,,,,,,,,,,,,,,,,,,,,,,,,,,,,,,,,,,,,,,,,,,,,,,,,,,,,,,,,,,,,,,,,,,,,,,,,,,,,,,,,,,,,,,,,,,,,,,,,,,,,,,,,,,,,,,,,,,,,,,,,,,,,,,,,,,,,,,,,,,,,,,,,,,,,,,,,,,,,,,,True,True,False,True,False,False,False,False
33-9099,"Protective Service Workers, All Other",,Retail Loss Prevention Specialists,0.0975609756097561,0.3780487804878049,0.6585365853658537,0.1463414634146341,0.3414634146341463,0.5365853658536586,0.0764088,1,33-9099,True,,,,,first_detail,2,detail_mode,False,1,2.12,2.25,3.0,2.0,3.75,2.12,1.0,1.88,2.0,1.75,3.25,2.5,3.25,2.75,1.75,2.0,1.88,2.38,3.62,3.25,2.12,2.5,2.5,2.38,3.38,1.88,2.38,4.0,3.75,2.5,2.75,1.88,4.0,1.88,2.38,2.12,3.38,1.88,2.12,3.5,3.62,2.75,2.0,2.12,2.12,2.5,2.38,2.38,2.5,1.38,3.5,3.12,3.25,3.5,3.0,3.12,3.75,1.0,1.12,1.0,2.88,3.38,2.88,2.0,1.88,2.88,2.62,3.5,2.75,1.88,1.38,2.62,2.75,1.62,2.38,3.25,1.0,1.25,2.88,3.38,3.5,3.0,2.88,1.62,3.0,2.25,3.12,4.17,3.27,3.4,3.21,4.36,2.28,2.92,3.63,3.41,4.34,1.82,3.91,3.18,4.28,4.35,3.56,2.54,4.43,3.54,3.34,3.57,4.23,2.95,4.07,2.63,4.1,3.61,2.81,2.97,4.4,3.13,2.45,1.91,3.55,3.52,2.41,2.11,3.31,3.72,4.0,3.91,3.63,3.5,4.76,3.56,4.25,3.74,3.21,2.2,3.87,4.38,1.9,1.36,1.46,1.41,1.22,1.24,1.64,1.48,1.13,1.93,1.28,1.1,4.56,4.51,4.09,3.9,4.16,4.3,3.78,1.62,1.04,4.55,1.36,3.55,1.5,1.25,1.89,3.9,3.0,1.98,1.6,1.39,1.79,2.33,3.09,2.73,3.18,2.57,4.75,3.45,1.6,1.12,3.05,4.76,2.62,True,True,False,True,True,True,True,True
35-1011,Chefs and Head Cooks,Chefs and Head Cooks,Chefs and Head Cooks,0.0952380952380952,0.2619047619047618,0.4285714285714285,0.1428571428571428,0.2619047619047618,0.3809523809523809,-0.2676433,1,35-1011,False,0.1,1,35-1011,False,base_00,3,base_00,False,1,3.12,2.5,3.25,2.62,3.88,2.0,1.62,2.38,1.75,3.0,3.0,3.12,2.88,3.25,1.88,2.0,2.0,2.0,3.75,4.0,3.12,3.0,3.0,2.75,3.75,1.5,3.12,4.0,4.12,3.38,3.0,1.75,4.12,2.0,2.12,2.0,3.38,1.75,1.75,3.88,3.75,2.25,2.0,2.38,2.12,3.25,3.12,3.0,3.25,2.38,3.5,3.12,3.38,3.62,3.25,4.12,3.75,2.0,2.12,1.0,3.62,3.62,3.25,3.12,3.25,3.88,3.0,4.0,3.12,2.5,2.62,2.88,3.0,1.5,3.25,3.5,2.0,1.75,3.75,3.88,3.88,3.0,3.0,1.62,3.88,2.12,3.12,3.08,2.96,3.91,3.0,3.79,3.08,4.08,4.04,3.12,3.17,2.21,3.79,3.21,3.46,3.91,3.88,3.43,3.71,3.38,2.71,3.25,3.88,3.71,3.61,2.54,3.92,3.0,3.38,3.67,3.0,3.17,2.0,2.67,3.71,3.78,2.52,3.38,3.71,4.13,3.25,3.21,3.75,2.96,4.58,3.88,3.79,3.88,2.04,1.78,3.62,4.88,3.75,3.04,2.17,3.25,3.33,3.88,1.17,4.54,1.0,4.39,4.39,1.33,4.87,3.67,4.61,4.04,4.12,3.62,3.79,2.04,1.54,4.79,3.04,3.88,1.96,2.08,1.96,4.21,3.21,3.12,1.33,2.33,2.17,4.38,1.71,4.62,4.5,3.35,4.54,4.75,4.67,1.87,3.91,4.46,3.79,True,True,True,True,True,True,True,True
35-1012,First-Line Supervisors of Food Preparation and Serving Workers,First-Line Supervisors of Food Preparation and Serving Workers,First-Line Supervisors of Food Preparation and Serving Workers,0.2222222222222222,0.5111111111111112,0.8,0.0444444444444444,0.2555555555555555,0.4666666666666667,-0.2575492,1,35-1012,False,0.63,1,35-1012,False,base_00,2,base_00,False,1,2.88,2.88,3.0,2.0,3.75,2.0,1.12,2.0,1.38,2.12,3.0,2.75,2.75,3.0,1.0,2.0,1.88,1.88,3.0,3.0,2.5,2.75,2.75,2.62,3.0,1.12,2.88,4.0,4.0,2.75,2.88,1.12,3.88,1.62,2.0,1.5,3.0,1.12,1.75,3.62,3.5,2.12,1.62,2.62,2.12,3.0,3.0,2.62,3.0,2.0,3.12,3.0,3.0,3.75,3.0,3.88,3.12,1.38,1.25,1.0,3.75,3.0,3.12,2.88,3.0,4.0,3.0,3.88,3.12,2.0,1.75,2.38,3.0,1.25,2.88,3.25,1.38,1.0,3.62,3.12,3.88,3.0,3.0,1.5,3.12,2.0,3.0,3.27,3.24,3.79,3.58,3.78,2.9,3.76,3.72,3.01,3.29,2.4,3.91,3.19,3.93,4.39,3.93,3.19,3.79,3.63,3.39,3.73,3.67,3.37,3.64,2.41,3.82,3.76,3.88,3.63,2.94,3.11,3.14,2.88,3.84,3.74,3.08,3.42,3.18,3.95,3.37,3.48,3.16,2.93,4.58,3.92,4.1,3.46,1.98,2.71,3.66,3.07,1.28,1.1,1.12,1.14,1.08,1.08,1.0,2.64,1.0,1.61,1.37,1.07,3.85,3.74,3.27,3.85,2.81,4.1,3.58,1.15,1.15,4.68,1.72,2.69,1.21,1.17,1.82,4.36,3.58,2.52,1.05,1.5,1.88,3.72,1.87,3.75,3.17,3.48,4.7,3.44,2.98,1.3,3.7,4.43,1.99,True,True,True,True,True,True,True,True
35-2011,"Cooks, Fast Food","Cooks, Fast Food","Cooks, Fast Food",0.0,0.0,0.0,0.0,0.0263157894736842,0.0526315789473684,-0.7131837,1,35-2011,False,0.81,1,35-2011,False,base_00,2,base_00,False,1,2.62,2.0,2.12,1.75,2.88,1.25,1.0,2.12,2.0,2.12,2.0,2.12,2.0,2.0,1.0,2.0,2.0,1.75,2.38,3.12,2.88,2.0,2.0,2.12,3.12,1.0,2.0,3.62,2.88,2.0,2.12,1.0,2.88,1.5,1.62,1.62,2.88,1.0,1.0,2.88,3.0,2.12,1.62,2.5,2.25,2.62,2.88,2.12,2.0,1.88,2.88,2.38,2.38,3.0,2.0,2.75,2.62,1.0,1.0,1.0,2.12,2.38,2.0,1.62,1.5,2.0,2.0,2.62,2.12,1.75,1.25,2.12,2.25,1.0,1.75,2.62,1.0,1.0,3.0,2.75,2.75,2.0,2.0,1.25,2.5,1.0,2.0,2.22,2.02,2.53,2.47,3.0,2.4,2.52,2.49,2.33,2.33,1.66,2.23,2.03,2.04,3.0,2.39,2.99,2.86,2.11,2.34,2.48,2.83,2.27,2.84,1.66,2.54,1.73,2.64,2.99,2.88,2.3,1.71,1.97,2.52,2.2,2.35,1.67,2.79,2.74,2.8,2.14,2.94,3.9,3.27,3.16,3.54,3.68,2.27,2.18,2.19,1.63,1.38,1.64,1.43,1.05,1.43,1.43,1.43,2.6,1.21,2.27,3.15,1.21,4.93,3.09,3.49,3.27,3.75,3.9,2.1,1.01,1.0,2.97,1.73,2.28,1.05,1.0,2.05,3.58,3.41,1.87,1.21,1.22,1.54,2.42,1.42,4.37,2.37,2.11,3.56,3.26,2.42,1.0,3.15,3.87,1.83,True,True,True,True,True,True,True,True
35-2012,"Cooks, Institution and Cafeteria","Cooks, Institution and Cafeteria","Cooks, Institution and Cafeteria",0.0344827586206896,0.1206896551724137,0.2068965517241379,0.0344827586206896,0.0862068965517241,0.1379310344827586,-0.6360813,1,35-2012,False,0.83,1,35-2012,False,base_00,2,base_00,False,1,3.0,2.5,3.12,2.88,3.12,2.12,1.38,2.12,1.25,2.38,2.75,3.0,2.25,2.5,1.0,2.0,1.88,2.5,3.0,3.12,3.0,2.75,2.12,2.75,3.25,1.0,2.62,3.12,3.25,2.62,2.75,1.12,3.12,1.88,2.0,1.88,3.0,1.0,1.12,3.12,3.0,2.0,1.88,2.75,2.12,3.0,3.0,2.75,3.0,2.25,3.0,2.88,2.88,3.0,3.0,3.0,3.0,1.25,1.5,1.0,2.75,3.12,2.75,2.25,2.62,3.0,2.88,3.12,2.5,2.88,1.88,3.12,2.62,1.0,3.12,2.88,1.0,1.0,3.12,2.88,3.12,2.5,2.38,1.62,3.0,2.0,2.75,3.21,3.68,2.94,2.73,3.82,3.09,3.29,2.85,2.79,3.16,1.3,3.65,3.16,3.65,3.98,3.0,3.36,3.76,3.85,3.07,3.38,3.56,2.65,3.8,1.97,3.76,2.2,2.72,3.53,3.39,2.95,1.34,1.9,3.02,3.1,2.14,2.28,2.73,3.34,3.2,2.02,2.81,3.25,4.62,3.73,3.21,3.31,1.54,2.0,3.86,2.07,2.6,1.81,2.7,1.41,1.81,1.57,1.0,4.23,1.0,3.61,2.44,1.0,4.8,3.65,3.78,4.01,3.34,3.92,2.61,1.22,1.0,4.62,1.55,1.97,1.09,1.27,2.23,3.79,1.79,3.21,1.06,1.83,2.05,3.72,1.52,4.72,4.29,4.06,3.17,4.4,3.84,1.17,3.78,4.47,2.35,True,True,True,True,True,True,True,True
35-2013,"Cooks, Private Household","Cooks, Private Household","Cooks, Private Household",0.16,0.24,0.32,0.16,0.28,0.4,-0.7867444,1,35-2013,False,0.3,1,35-2013,False,base_00,3,base_00,False,1,3.0,1.88,3.0,2.75,3.12,2.0,1.38,2.12,2.0,2.0,2.75,3.12,2.5,3.25,1.0,2.0,2.0,2.0,3.0,3.12,3.12,2.0,2.12,2.88,3.38,1.0,2.25,3.0,3.12,3.0,2.62,1.0,3.25,1.88,2.0,1.88,3.0,1.0,1.0,2.88,3.0,2.12,1.0,2.0,2.88,2.38,3.0,2.88,2.62,2.38,3.0,2.88,2.88,3.0,3.0,2.88,3.25,1.0,1.75,1.0,2.12,3.0,2.75,2.5,2.88,2.62,2.25,3.0,2.12,2.38,2.12,2.38,2.75,1.25,2.25,3.0,1.12,1.38,3.12,3.0,3.0,2.25,2.25,1.62,3.0,2.0,2.88,2.36,2.77,2.5,3.0,2.73,2.62,2.69,2.23,2.8,2.85,1.27,3.92,3.28,3.28,3.92,2.65,3.19,3.4,2.77,1.96,3.0,3.65,3.46,3.44,2.42,3.96,3.15,3.12,3.62,3.08,2.04,1.24,1.65,2.77,3.16,3.08,1.76,3.73,2.65,3.32,2.54,2.19,2.46,3.62,2.04,2.96,1.88,1.04,1.54,3.88,4.42,1.77,1.64,1.12,1.54,1.46,2.04,1.04,3.27,1.0,2.38,2.0,1.0,3.62,4.04,3.38,3.23,3.58,3.58,2.77,2.65,1.0,4.0,1.88,3.12,1.73,1.81,1.31,2.5,1.88,2.27,1.15,1.46,1.96,3.65,1.5,4.77,4.62,2.31,3.73,4.15,3.16,1.04,2.77,2.42,2.46,True,True,True,True,True,True,True,True
35-2014,"Cooks, Restaurant","Cooks, Restaurant","Cooks, Restaurant",0.027027027027027,0.0945945945945946,0.1621621621621621,0.081081081081081,0.1216216216216216,0.1621621621621621,-0.7418264,1,35-2014,False,0.96,1,35-2014,False,base_00,2,base_00,False,1,3.0,2.38,2.88,3.0,2.88,1.75,1.75,2.12,1.88,2.62,2.75,3.0,2.38,2.62,1.0,2.12,2.0,2.25,2.5,3.0,3.38,2.0,2.12,2.75,3.5,1.0,2.25,3.0,3.0,2.25,3.0,1.12,3.12,1.62,2.0,2.0,3.0,1.12,1.5,3.0,3.0,2.0,1.88,2.62,2.38,3.0,3.0,3.0,2.75,2.5,2.62,2.38,2.75,2.88,2.38,2.62,3.0,1.0,1.75,1.0,2.0,2.62,2.0,2.0,2.0,2.25,2.25,3.0,2.12,2.25,1.5,2.5,2.12,1.0,2.38,2.75,1.0,1.38,2.38,2.5,3.0,2.38,2.0,1.0,3.0,1.5,2.25,1.55,1.77,2.15,1.6,2.64,2.3,2.37,2.12,1.68,1.41,1.25,2.17,2.12,2.35,2.87,2.33,3.39,2.67,2.41,1.79,2.75,2.54,1.84,2.8,1.63,2.64,1.5,1.99,2.99,2.71,1.92,1.35,1.49,1.87,1.69,1.41,1.33,2.18,2.57,1.98,1.48,2.48,2.59,4.11,3.63,2.67,2.59,1.19,2.3,3.81,1.73,1.86,1.81,1.0,1.59,1.84,1.52,1.11,3.8,1.0,2.53,3.01,1.0,3.42,3.78,4.01,3.87,3.96,4.1,3.26,1.44,1.18,4.71,1.57,2.59,2.07,1.49,2.42,3.97,1.34,2.72,1.31,2.2,1.94,4.06,1.23,4.76,4.55,3.49,2.05,3.03,4.81,1.27,3.67,4.08,1.35,True,True,True,True,True,True,True,True
35-2015,"Cooks, Short Order","Cooks, Short Order","Cooks, Short Order",0.0,0.0,0.0,0.0,0.0,0.0,-0.5933817,1,35-2015,False,0.94,1,35-2015,False,base_00,2,base_00,False,1,3.0,2.62,2.88,3.0,2.75,1.88,1.25,2.12,1.75,2.75,2.88,3.0,2.38,2.12,1.0,2.0,2.0,2.25,2.62,3.12,3.12,2.12,2.5,2.5,3.5,1.0,2.25,3.5,2.88,2.0,2.62,1.12,3.0,1.75,2.0,1.88,3.0,1.12,1.12,2.88,2.75,2.0,1.62,2.5,2.0,3.0,3.25,2.75,2.25,1.88,2.75,2.12,2.38,3.12,2.62,3.0,2.88,1.0,1.25,1.0,2.38,2.62,2.0,1.75,2.0,2.25,2.12,2.88,2.25,2.0,1.0,2.25,2.25,1.0,2.25,3.12,1.0,1.0,3.0,2.62,3.0,1.75,1.88,1.12,3.12,1.88,2.25,2.22,2.24,2.52,1.93,3.14,2.74,2.51,2.48,2.31,1.91,1.7,3.09,3.21,3.1,3.4,2.21,2.64,2.93,3.18,2.78,3.26,3.11,1.82,2.78,1.56,3.01,1.16,2.87,2.79,3.65,1.78,1.13,1.8,2.53,2.83,2.41,1.48,2.42,2.64,3.26,1.65,2.0,1.86,3.66,3.52,2.42,2.35,1.11,1.42,3.27,1.14,2.89,2.63,1.06,1.14,2.03,1.63,1.08,4.02,1.0,2.26,3.76,1.0,4.66,4.11,3.43,3.13,3.17,3.33,2.55,1.01,1.01,4.45,2.36,2.57,1.84,1.13,1.84,4.06,1.38,2.87,1.59,1.86,2.16,3.81,1.3,4.75,3.25,3.48,2.59,3.52,3.34,1.1,3.31,3.92,2.0,True,True,True,True,True,True,True,True
35-2021,Food Preparation Workers,Food Preparation Workers,Food Preparation Workers,0.0185185185185185,0.037037037037037,0.0555555555555555,0.0,0.0462962962962962,0.0925925925925925,-1.226416,1,35-2021,False,0.87,1,35-2021,False,base_00,2,base_00,False,1,2.88,2.0,2.62,2.0,2.62,2.0,1.25,2.0,1.75,2.5,2.38,2.88,2.0,1.88,1.0,2.0,1.88,1.88,2.5,2.75,2.88,1.88,1.88,2.12,3.0,1.0,2.0,3.0,2.88,1.88,2.0,1.12,2.62,1.38,1.62,1.25,2.62,1.0,1.75,2.88,2.88,2.0,1.5,2.5,2.25,2.12,3.0,2.25,2.0,1.88,2.25,1.88,2.0,3.0,2.0,2.88,2.75,1.0,1.12,1.0,2.0,2.38,2.0,1.5,1.5,2.0,2.0,2.5,1.88,1.75,1.0,2.0,2.0,1.0,2.12,2.62,1.0,1.0,3.0,2.62,2.88,2.0,1.88,1.0,3.0,1.88,1.88,2.38,2.52,3.07,1.79,3.26,2.42,2.81,2.97,2.16,2.43,1.64,3.4,3.37,3.59,3.94,3.38,3.24,2.9,3.01,1.61,2.53,3.66,2.16,3.19,2.14,3.25,1.93,2.63,3.43,2.53,2.22,1.73,1.5,1.97,2.16,1.77,1.71,2.26,3.2,2.43,1.88,1.65,3.11,4.18,3.61,2.27,1.94,1.28,2.5,2.74,1.99,1.37,1.22,1.81,1.21,2.27,1.3,1.17,2.6,1.17,1.36,1.96,1.21,4.1,2.93,3.17,3.36,3.01,4.15,3.27,1.17,1.21,4.68,1.26,1.95,1.7,1.61,2.17,3.29,1.78,2.5,1.37,1.8,1.69,3.25,1.59,4.42,3.59,3.43,3.01,3.91,4.18,1.34,2.74,3.89,2.13,True,True,True,True,True,True,True,True
35-3011,Bartenders,Bartenders,Bartenders,0.1111111111111111,0.1944444444444444,0.2777777777777778,0.0833333333333333,0.1388888888888889,0.1944444444444444,-0.6159883,1,35-3011,False,0.77,1,35-3011,False,base_00,2,base_00,False,1,3.12,3.0,2.88,2.5,3.0,2.12,1.0,2.12,1.38,2.62,2.88,3.0,2.75,2.75,1.0,2.75,2.12,2.0,3.0,3.25,3.12,2.25,3.0,2.75,3.25,1.0,2.5,3.75,3.88,2.88,2.75,1.12,3.0,1.75,1.75,1.75,3.0,1.12,1.25,3.12,3.25,2.12,1.75,2.5,2.25,2.88,3.0,2.62,2.5,2.0,3.0,3.0,3.0,3.75,3.0,3.12,3.12,1.12,1.25,1.0,3.0,2.88,2.88,2.25,2.38,2.5,2.25,3.0,2.88,1.62,1.0,2.0,3.12,1.25,2.25,3.0,1.0,1.0,3.62,3.25,3.12,2.25,2.25,1.5,3.0,1.88,2.75,2.7,3.44,3.33,3.12,3.49,2.11,3.46,3.16,2.7,3.2,1.54,3.99,3.77,3.31,3.74,3.45,3.65,3.41,3.62,2.39,3.61,3.45,3.55,3.23,1.9,3.4,2.61,4.07,3.36,2.94,2.72,1.9,1.97,3.29,3.0,3.28,2.56,3.33,3.66,3.22,2.57,2.89,1.42,4.7,3.21,4.25,3.93,2.31,2.03,3.46,1.97,1.94,2.08,1.14,2.16,1.43,1.04,1.34,2.71,1.0,2.7,1.56,1.0,4.2,4.03,3.65,2.78,3.28,3.88,3.09,1.02,1.02,3.95,1.43,2.36,1.19,1.18,1.16,4.14,1.69,3.23,1.11,1.45,2.17,3.73,1.44,4.57,3.69,3.7,2.87,1.75,1.16,1.0,2.11,3.64,2.86,True,True,True,True,True,True,True,True
35-3023,Fast Food and Counter Workers,Fast Food and Counter Workers,Fast Food and Counter Workers,0.063048245614035,0.0970394736842105,0.1310307017543859,0.0893640350877192,0.1154057017543859,0.1414473684210526,-0.5078111,2,35-3021;35-3022,True,0.94,2,35-3021;35-3022,True,base_00,2,base_00,False,1,2.87,2.5,2.375,2.5,2.565,1.75,1.06,2.19,1.62,2.375,2.44,2.685,2.375,2.31,1.0,2.125,1.94,2.315,2.37,2.935,2.875,2.06,2.375,2.375,3.125,1.0,2.31,3.375,3.31,2.25,2.375,1.125,2.87,1.815,2.25,1.56,2.75,1.125,1.435,3.25,3.19,2.31,1.375,2.37,2.185,3.0,2.94,2.31,2.065,2.06,2.56,2.375,2.25,3.25,2.13,3.0,2.69,1.56,1.31,1.0,2.125,2.38,2.19,1.625,1.815,2.06,2.06,2.94,2.19,2.185,1.06,2.25,2.375,1.06,1.935,2.69,1.5,1.0,3.19,3.06,3.0,1.875,1.815,1.315,2.5,1.81,2.31,2.26,2.9299999999999997,2.47,2.595,3.625,3.28,2.745,2.565,2.5650000000000004,2.375,1.4300000000000002,3.37,2.42,2.435,3.435,2.3899999999999997,3.215,3.0,2.62,2.2750000000000004,2.84,3.01,2.265,3.075,1.565,2.96,1.7799999999999998,3.91,3.135,2.705,2.2750000000000004,1.95,2.0,3.21,2.4850000000000003,2.92,1.87,2.385,3.16,2.605,2.545,3.2,2.0549999999999997,4.779999999999999,3.43,4.385,4.135,2.12,2.54,3.82,2.26,2.005,2.4450000000000003,1.375,2.08,1.085,1.215,1.0699999999999998,3.315,1.065,3.13,3.05,1.065,4.32,4.22,3.4850000000000003,3.085,3.115,3.88,3.405,2.065,1.325,4.025,1.825,2.23,1.795,1.69,1.975,4.18,2.41,2.985,1.48,1.675,2.44,4.105,1.605,4.605,3.76,3.165,3.4450000000000003,2.27,2.155,1.1349999999999998,2.9850000000000003,4.41,2.03,True,True,True,True,True,True,True,True
35-3031,Waiters and Waitresses,Waiters and Waitresses,Waiters and Waitresses,0.0816326530612244,0.183673469387755,0.2857142857142857,0.2040816326530612,0.2244897959183673,0.2448979591836734,-0.9481003,1,35-3031,False,0.94,1,35-3031,False,base_00,2,base_00,False,1,3.0,2.62,2.62,2.12,3.0,1.75,1.38,2.5,1.88,2.75,2.75,2.88,2.25,2.12,1.0,2.88,2.12,2.0,2.75,3.0,3.0,2.12,2.62,2.5,3.0,1.0,2.0,3.88,3.75,2.0,2.0,1.12,3.12,1.12,1.5,1.0,2.88,1.12,1.75,3.75,3.75,2.0,1.62,3.25,2.75,3.25,3.25,2.25,2.25,1.12,2.88,2.62,2.5,3.5,2.62,3.12,2.88,1.0,1.0,1.0,2.12,2.75,2.0,1.62,1.75,1.88,2.12,3.0,2.12,1.38,1.0,2.0,2.75,1.12,2.25,2.75,1.0,1.0,3.88,3.38,3.5,2.0,2.0,1.0,2.75,1.75,2.12,2.32,3.16,2.43,2.35,3.62,2.17,3.06,2.96,1.95,1.32,1.12,3.16,2.57,3.05,3.27,2.38,3.67,3.88,2.79,2.65,3.47,2.65,2.04,2.78,1.32,2.56,1.59,3.99,3.76,2.33,2.08,1.74,1.29,3.03,1.79,3.05,1.48,2.75,2.42,3.09,3.0,2.65,1.72,4.82,3.91,3.46,3.12,1.23,2.64,3.45,1.81,1.63,1.32,1.09,1.23,1.08,1.0,1.09,1.64,1.0,1.92,1.37,1.0,4.52,3.4,3.39,3.9,3.05,3.54,3.05,1.0,1.02,4.3,1.49,2.45,2.31,1.51,1.24,3.91,2.83,2.29,1.02,1.86,1.64,3.63,1.27,4.67,3.77,4.47,3.61,2.79,3.38,1.0,3.08,4.46,1.79,True,True,True,True,True,True,True,True
35-3041,"Food Servers, Nonrestaurant","Food Servers, Nonrestaurant","Food Servers, Nonrestaurant",0.074074074074074,0.1296296296296296,0.1851851851851851,0.0,0.1111111111111111,0.2222222222222222,-0.7270206,1,35-3041,False,0.86,1,35-3041,False,base_00,2,base_00,False,1,2.88,2.12,2.25,2.0,2.88,2.0,1.0,2.12,1.38,2.38,2.62,2.25,2.12,2.0,1.0,2.38,2.38,2.0,2.88,2.88,2.88,2.0,2.12,2.25,3.12,1.0,2.12,3.5,3.12,2.0,2.12,1.0,2.88,2.0,2.0,1.62,3.0,1.0,1.5,3.0,3.0,2.0,1.75,2.25,2.38,2.25,2.88,2.12,2.12,1.88,2.75,2.5,2.0,3.0,2.12,2.88,2.88,1.12,1.12,1.0,2.12,2.75,2.0,1.88,1.88,2.25,2.0,2.75,2.12,2.0,1.5,2.12,2.12,1.12,2.12,2.88,1.0,1.0,3.0,2.88,3.0,2.0,2.0,1.75,2.88,2.0,2.0,3.17,3.64,3.21,3.21,3.82,3.08,2.93,2.73,2.28,2.79,1.63,3.44,2.44,3.15,4.27,2.78,3.79,4.38,3.29,2.48,3.08,3.31,2.92,3.33,1.69,3.31,2.19,4.09,3.93,3.15,2.68,1.7,1.65,3.21,2.26,2.31,1.93,2.69,3.25,2.9,2.8,2.9,2.64,4.31,3.92,3.66,3.83,1.97,2.09,3.89,2.73,1.85,1.59,2.48,1.48,1.34,1.16,1.27,2.28,1.0,3.18,2.96,1.12,4.68,3.78,3.91,3.99,3.65,3.93,3.67,1.09,1.0,3.52,1.52,3.23,1.38,1.35,2.55,4.41,2.45,4.21,1.81,2.53,2.5,3.59,1.37,4.7,4.14,4.56,3.32,4.43,3.06,1.12,3.64,4.36,2.36,True,True,True,True,True,True,True,True
35-9011,Dining Room and Cafeteria Attendants and Bartender Helpers,Dining Room and Cafeteria Attendants and Bartender Helpers,Dining Room and Cafeteria Attendants and Bartender Helpers,0.0,0.0,0.0,0.0,0.0,0.0,-1.927078,1,35-9011,False,0.91,1,35-9011,False,base_00,2,base_00,False,1,3.12,2.12,2.5,2.0,2.62,2.0,1.88,2.88,1.5,3.0,2.88,2.88,2.0,2.0,1.0,2.62,2.25,2.12,2.5,3.0,3.12,2.0,2.0,2.88,3.0,1.0,2.0,3.0,3.0,2.0,2.0,1.12,2.5,1.12,1.38,1.75,2.38,1.0,1.5,3.0,3.0,1.88,1.88,3.12,3.0,2.25,3.5,2.12,2.25,1.88,2.12,2.0,2.12,3.0,2.0,3.0,2.75,1.0,1.0,1.0,2.0,2.88,2.0,2.0,2.0,2.25,1.88,2.88,2.0,1.75,1.12,2.12,2.0,1.12,2.0,2.38,1.0,1.0,3.0,2.88,2.88,2.0,2.0,1.12,2.25,2.0,2.0,2.43,3.34,2.9,2.45,3.93,2.34,3.09,3.17,2.82,2.42,1.98,3.73,2.65,2.49,3.39,2.57,2.86,3.29,2.62,2.5,3.03,3.03,2.57,2.86,1.82,3.04,2.04,3.86,2.62,2.88,2.27,2.17,2.35,3.27,3.13,2.69,2.4,2.99,3.13,2.74,3.04,2.96,1.88,4.76,2.78,3.94,3.57,1.52,1.69,3.14,1.77,1.67,1.31,1.73,1.86,1.14,1.02,1.0,2.71,1.0,1.88,2.26,1.0,4.46,3.12,3.28,3.41,3.6,3.88,2.25,1.0,1.0,3.8,1.2,2.83,1.31,1.24,1.66,4.42,2.71,3.62,1.04,2.73,1.89,4.15,1.27,4.84,4.52,4.86,3.57,2.87,3.46,1.04,2.79,4.62,1.82,True,True,True,True,True,True,True,True
35-9021,Dishwashers,Dishwashers,Dishwashers,0.0,0.0,0.0,0.0,0.0,0.0,-1.738612,1,35-9021,False,0.77,1,35-9021,False,base_00,2,base_00,False,1,3.0,2.0,2.62,2.75,2.0,1.88,1.12,2.0,1.75,3.0,2.5,2.75,2.0,2.0,1.38,2.62,1.88,1.75,2.0,2.88,3.62,1.62,1.88,2.88,3.0,1.38,1.75,2.88,2.75,1.88,2.0,1.62,2.75,2.25,2.0,1.88,2.62,1.5,1.75,2.62,2.75,1.62,2.25,2.75,2.75,2.0,3.0,1.88,1.88,1.5,2.0,1.88,1.88,2.62,1.88,2.75,2.5,2.0,1.5,1.0,2.0,2.25,2.0,1.5,1.5,1.88,1.5,2.5,1.88,2.88,1.0,2.5,1.88,1.0,2.38,2.0,1.88,1.0,2.12,2.5,2.5,1.88,1.88,1.0,2.62,2.0,1.75,2.43,2.84,2.73,1.74,3.04,2.63,2.48,2.53,2.36,1.97,1.91,2.49,2.38,2.85,2.85,2.23,3.4,2.79,3.11,1.87,3.31,2.99,2.3,2.89,2.32,2.6,2.25,2.14,3.04,2.09,2.48,2.21,2.56,2.42,2.63,1.69,2.22,2.19,3.07,2.17,1.95,2.09,1.81,3.85,3.38,2.3,1.54,1.28,1.6,3.38,2.14,1.42,1.98,1.38,1.31,1.29,1.22,1.24,2.48,1.21,1.84,1.77,1.25,4.39,2.69,2.34,4.08,2.31,3.24,1.89,1.38,1.22,4.64,1.75,2.01,1.93,1.84,2.68,3.38,1.96,2.29,1.4,1.48,1.55,3.38,1.86,4.2,3.61,3.16,2.22,3.35,3.45,1.21,2.49,3.77,1.79,True,True,True,True,True,True,True,True
35-9031,"Hosts and Hostesses, Restaurant, Lounge, and Coffee Shop","Hosts and Hostesses, Restaurant, Lounge, and Coffee Shop","Hosts and Hostesses, Restaurant, Lounge, and Coffee Shop",0.0571428571428571,0.2285714285714285,0.3999999999999999,0.1999999999999999,0.3285714285714285,0.4571428571428571,-0.0565477,1,35-9031,False,0.97,1,35-9031,False,base_00,2,base_00,False,1,2.0,2.12,2.62,1.88,3.0,1.88,1.0,1.75,1.25,1.88,2.88,2.25,2.12,2.0,1.0,2.12,2.0,1.88,3.0,2.88,2.12,2.0,2.12,2.0,3.0,1.0,2.0,4.0,4.0,1.88,2.0,1.25,3.0,1.12,1.12,1.12,2.88,1.0,1.38,3.12,3.25,2.12,1.5,2.0,2.0,2.88,2.88,1.88,2.0,1.12,3.0,2.38,2.62,3.5,1.88,2.88,2.75,1.0,1.0,1.0,2.38,2.12,2.0,1.12,1.12,2.0,1.88,2.88,2.62,1.25,1.0,1.75,2.62,1.0,2.0,2.88,1.0,1.0,3.12,3.0,3.12,2.0,1.88,1.0,2.62,1.25,2.12,2.57,3.32,2.79,2.83,3.17,2.74,3.17,2.67,2.15,2.61,1.55,3.96,3.11,2.59,3.86,2.19,3.22,3.66,3.45,2.22,3.72,3.2,2.42,3.58,1.34,2.84,1.64,3.61,3.7,2.74,2.14,1.75,1.33,3.58,2.01,2.77,1.93,2.15,2.77,2.56,2.09,2.97,2.05,4.81,3.61,3.93,3.6,1.4,2.08,3.73,1.58,1.67,1.42,1.03,1.13,1.07,1.0,1.07,2.53,1.0,2.35,1.48,1.0,4.72,4.16,4.19,3.03,3.48,3.84,2.71,1.11,1.0,4.67,1.16,2.2,1.48,1.45,1.23,4.21,2.1,2.49,1.04,1.16,2.12,4.2,1.74,4.82,3.42,4.47,4.24,2.18,3.01,1.0,2.8,4.66,2.38,True,True,True,True,True,True,True,True
37-1011,First-Line Supervisors of Housekeeping and Janitorial Workers,First-Line Supervisors of Housekeeping and Janitorial Workers,First-Line Supervisors of Housekeeping and Janitorial Workers,0.1632653061224489,0.2653061224489795,0.3673469387755101,0.0816326530612244,0.2551020408163265,0.4285714285714285,-0.5854128,1,37-1011,False,0.94,1,37-1011,False,base_00,2,base_00,False,1,2.75,1.88,3.12,2.5,3.12,2.0,1.12,2.25,1.38,2.25,3.0,2.5,2.62,2.75,1.25,2.12,2.0,1.88,3.0,3.25,3.0,2.12,2.12,2.5,3.25,1.5,2.5,3.62,3.88,2.62,2.5,1.5,3.25,1.75,1.88,1.75,2.62,1.38,1.75,3.25,3.25,2.12,1.75,2.5,2.75,2.25,2.88,2.5,2.12,1.88,3.0,3.0,2.88,3.12,3.12,3.25,3.12,2.12,2.0,1.0,3.12,3.0,3.12,2.38,2.75,3.38,2.12,3.25,3.0,2.0,1.88,2.25,2.88,1.0,3.0,3.0,1.88,1.0,3.12,3.12,3.25,2.38,2.62,1.38,3.25,2.12,2.88,3.24,4.13,4.19,2.43,4.55,3.24,4.44,4.09,3.36,3.47,2.63,4.06,3.44,3.77,4.2,4.37,3.64,3.85,4.37,3.8,3.55,4.11,4.04,3.73,2.56,3.89,3.84,3.69,3.51,3.61,3.59,3.05,2.78,3.78,3.91,3.32,3.67,3.28,4.27,3.74,3.74,3.19,2.87,4.45,4.07,3.08,2.41,1.65,2.13,3.76,4.61,2.91,2.12,2.82,2.0,3.3,1.56,1.59,2.14,1.05,3.46,1.67,1.19,4.81,3.63,3.75,4.33,3.78,4.01,3.43,1.73,1.65,4.59,2.39,3.0,2.38,1.63,2.44,3.07,3.0,3.14,1.33,1.55,2.86,3.33,2.41,3.76,3.24,3.7,4.54,4.36,3.39,1.2,4.52,4.62,3.06,True,True,True,True,True,True,True,True
37-1012,"First-Line Supervisors of Landscaping, Lawn Service, and Groundskeeping Workers","First-Line Supervisors of Landscaping, Lawn Service, and Groundskeeping Workers","First-Line Supervisors of Landscaping, Lawn Service, and Groundskeeping Workers",0.1454545454545454,0.3545454545454545,0.5636363636363636,0.0727272727272727,0.2454545454545454,0.4181818181818181,-0.5548871,1,37-1012,False,0.57,1,37-1012,False,base_00,3,base_00,False,1,3.12,2.88,2.88,3.0,3.12,2.62,1.62,2.12,1.88,2.38,3.12,3.0,3.12,3.0,2.0,2.25,2.0,2.38,3.12,3.12,3.0,2.38,2.38,3.0,3.38,2.12,2.62,4.0,3.88,2.88,3.12,2.0,3.75,2.38,2.38,2.12,3.0,2.0,2.0,3.25,3.25,2.25,1.62,2.25,3.0,3.12,2.88,2.88,3.25,2.0,3.25,3.12,3.12,3.88,3.12,3.75,3.75,2.25,2.25,1.38,3.25,3.25,3.12,2.25,2.88,3.88,2.88,4.0,2.88,3.0,2.12,3.0,3.12,1.62,3.12,3.12,2.12,1.62,3.12,3.25,3.75,2.88,2.88,1.88,4.0,2.25,3.0,2.89,2.74,3.87,3.64,4.32,3.59,4.36,3.97,3.51,4.0,3.08,3.82,3.53,4.17,4.26,4.15,3.95,4.16,4.08,3.59,3.83,4.33,3.86,4.16,4.32,4.08,3.02,3.76,3.96,3.72,3.55,3.05,3.54,3.5,4.44,2.79,3.6,3.65,3.82,3.97,2.93,3.51,3.53,4.57,4.53,4.1,3.29,1.79,2.37,4.33,4.1,3.94,2.55,1.51,2.43,2.89,4.13,2.12,4.45,1.11,4.33,4.18,2.41,4.78,4.11,4.44,4.49,4.13,4.01,2.95,4.23,3.36,2.86,3.44,3.45,4.95,3.09,2.67,3.52,1.91,3.39,1.94,2.44,2.74,2.76,2.34,3.72,4.08,3.67,4.53,4.29,4.31,2.45,4.43,4.65,3.42,True,True,True,True,True,True,True,True
37-2011,"Janitors and Cleaners, Except Maids and Housekeeping Cleaners","Janitors and Cleaners, Except Maids and Housekeeping Cleaners","Janitors and Cleaners, Except Maids and Housekeeping Cleaners",0.0,0.0,0.0,0.0,0.0277777777777777,0.0555555555555555,-1.436201,1,37-2011,False,0.66,1,37-2011,False,base_00,3,base_00,False,1,3.0,2.0,2.62,2.62,2.75,2.0,1.25,2.12,1.5,3.0,2.75,2.75,2.12,2.12,1.5,2.75,2.25,2.0,2.5,2.88,3.0,1.5,1.88,2.88,3.25,1.0,1.5,3.0,3.0,2.12,2.12,1.0,3.0,2.0,2.0,1.75,2.88,1.0,1.25,2.88,2.75,2.0,1.75,2.75,3.0,2.12,3.25,2.12,2.25,1.88,2.25,2.25,2.62,3.0,2.25,2.75,2.75,2.0,2.0,1.0,2.12,2.38,2.12,1.38,1.5,2.12,1.38,2.75,2.0,2.0,1.12,2.25,2.12,1.25,2.0,2.5,2.0,1.0,2.5,2.62,3.0,2.0,1.88,1.25,2.75,2.12,2.38,2.73,2.97,2.95,2.17,4.15,2.78,3.34,3.52,3.26,3.1,1.69,3.0,2.88,3.17,3.63,2.76,3.6,3.41,3.73,2.95,3.02,3.72,3.08,3.47,2.32,3.88,2.33,2.82,3.78,3.22,2.84,2.69,2.87,3.07,3.3,2.21,2.39,3.33,3.29,3.05,2.76,1.98,2.38,3.71,3.02,2.22,2.7,1.79,1.8,4.52,3.37,2.88,2.02,3.22,1.74,1.71,1.6,1.55,2.29,1.0,2.32,2.64,1.02,4.4,4.43,3.03,3.9,2.72,3.23,2.84,1.66,1.57,4.23,2.18,1.85,2.68,1.71,1.64,3.0,1.54,2.96,1.55,2.47,3.0,3.29,1.81,4.03,4.11,4.52,2.91,2.96,4.63,2.11,2.9,3.15,2.73,True,True,True,True,True,True,True,True
37-2012,Maids and Housekeeping Cleaners,Maids and Housekeeping Cleaners,Maids and Housekeeping Cleaners,0.0,0.0,0.0,0.0588235294117647,0.0588235294117647,0.0588235294117647,-1.480657,1,37-2012,False,0.69,1,37-2012,False,base_00,2,base_00,False,1,2.38,2.0,2.12,2.0,2.62,2.0,1.62,2.88,1.25,3.0,2.75,2.5,2.0,2.0,1.0,2.75,2.25,2.0,2.62,2.88,2.75,2.0,2.0,2.5,3.0,1.0,2.0,3.0,3.0,2.0,2.0,1.0,2.88,1.5,1.38,1.5,2.88,1.0,1.0,2.88,2.88,2.0,1.88,3.0,2.88,2.0,3.12,2.62,2.0,1.88,2.5,2.0,2.12,2.75,2.12,3.0,2.75,1.0,1.25,1.0,2.12,2.12,2.12,1.62,1.88,2.12,1.88,2.75,2.12,1.62,1.12,2.0,2.12,1.0,2.0,2.62,1.0,1.0,3.12,2.88,2.75,2.0,2.0,1.0,3.0,1.88,2.12,2.19,3.4,2.55,2.32,3.31,2.46,2.68,2.48,2.27,2.6,1.41,2.83,2.06,2.62,3.29,2.08,3.17,2.83,2.85,2.8,2.46,2.52,2.56,2.82,1.53,3.06,1.56,3.31,3.85,2.65,1.89,2.02,2.3,2.63,2.64,1.97,1.76,2.19,2.55,2.56,1.72,2.06,1.76,3.76,2.9,3.29,2.97,1.44,2.06,3.34,1.59,3.74,1.26,2.79,1.26,2.2,1.29,1.18,1.6,1.04,1.83,1.1,1.11,4.41,3.21,2.67,3.17,2.52,3.63,2.74,1.2,1.04,4.29,1.31,2.62,1.31,1.38,1.8,3.01,1.5,4.49,1.15,1.95,3.57,4.77,1.31,4.79,4.04,4.49,2.48,3.9,4.09,1.52,2.6,3.91,1.88,True,True,True,True,True,True,True,True
37-2021,Pest Control Workers,Pest Control Workers,Pest Control Workers,0.1666666666666666,0.25,0.3333333333333333,0.0833333333333333,0.2291666666666666,0.375,-0.7255374,1,37-2021,False,0.66,1,37-2021,False,base_00,2,base_00,False,1,3.0,2.5,3.25,3.0,3.62,2.88,1.25,2.25,1.62,3.0,3.5,2.88,3.25,2.88,2.12,2.88,2.88,2.88,3.5,3.25,3.0,2.75,2.12,2.88,4.0,2.25,2.75,3.75,3.75,2.75,2.88,2.25,3.62,2.25,2.5,2.25,3.0,2.12,2.62,3.75,3.62,2.38,2.0,2.62,2.88,3.0,3.0,3.0,3.0,2.12,3.25,3.62,3.12,3.75,3.25,3.12,3.75,2.25,2.12,1.0,2.88,3.12,2.75,2.12,2.12,3.0,2.62,3.62,3.12,3.0,1.88,3.0,3.12,1.0,2.62,3.0,2.25,2.0,3.25,3.38,3.62,2.88,2.62,1.62,3.5,2.5,3.62,2.86,2.5,2.53,3.87,4.0,2.74,2.48,2.75,3.09,3.64,1.72,3.69,3.18,3.53,4.3,2.6,3.53,4.29,4.15,2.78,3.12,4.05,2.74,3.79,4.2,3.59,2.7,3.89,3.75,3.32,2.51,1.86,2.73,3.25,3.53,3.25,1.97,3.36,2.93,3.74,2.5,2.72,3.27,4.38,2.48,4.0,2.89,1.52,2.04,4.35,1.66,4.54,3.52,2.05,3.2,3.49,2.09,2.62,3.6,1.47,2.93,3.62,1.46,4.7,4.48,4.38,2.84,4.19,4.11,3.42,4.95,1.3,3.21,3.18,3.04,4.67,2.88,1.87,2.88,1.56,3.19,2.02,2.41,2.86,3.72,2.31,3.85,4.13,3.97,4.64,4.14,4.06,2.99,2.15,3.17,2.67,True,True,True,True,True,True,True,True
37-3011,Landscaping and Groundskeeping Workers,Landscaping and Groundskeeping Workers,Landscaping and Groundskeeping Workers,0.0,0.024390243902439,0.048780487804878,0.0,0.024390243902439,0.048780487804878,-1.824293,1,37-3011,False,0.95,1,37-3011,False,base_00,2,base_00,False,1,3.12,2.25,2.38,3.12,2.75,2.62,1.75,2.75,2.12,3.12,2.88,2.75,2.62,2.0,2.0,2.75,2.5,2.12,2.75,2.88,3.38,1.5,2.0,3.62,3.0,1.75,1.88,2.88,2.75,2.0,2.38,2.0,3.0,2.62,2.5,2.25,2.88,1.88,2.12,2.88,2.88,2.12,2.12,3.0,3.12,2.0,3.25,2.38,3.0,1.62,2.25,1.75,2.25,2.75,2.25,2.75,2.88,2.12,2.12,1.12,2.0,2.5,2.12,1.12,1.5,2.12,1.75,2.5,1.88,3.12,1.25,2.75,2.0,1.0,2.0,2.25,2.25,1.62,2.5,2.5,2.88,1.88,1.88,1.62,2.62,2.12,1.75,2.28,3.31,3.14,1.62,2.83,3.79,2.96,2.69,2.49,1.95,1.27,3.65,2.47,3.22,3.6,1.94,3.9,3.41,3.45,1.73,2.66,3.44,1.89,2.75,3.34,3.44,1.56,2.26,3.62,2.4,1.67,1.56,3.39,2.24,3.08,2.04,1.58,3.38,2.65,3.55,1.25,3.2,2.91,3.19,2.89,2.26,3.3,1.77,2.49,3.17,1.5,4.2,2.67,1.34,1.92,2.12,4.47,2.1,3.51,1.68,4.74,4.74,2.36,3.98,2.53,2.72,3.31,3.17,3.19,2.28,3.22,3.86,1.58,2.01,2.75,4.98,1.65,3.85,4.03,1.29,3.01,1.71,2.12,2.71,3.18,1.83,4.33,4.27,4.01,2.41,3.28,4.54,2.05,3.16,3.98,1.72,True,True,True,True,True,True,True,True
37-3012,"Pesticide Handlers, Sprayers, and Applicators, Vegetation","Pesticide Handlers, Sprayers, and Applicators, Vegetation","Pesticide Handlers, Sprayers, and Applicators, Vegetation",0.0,0.0555555555555555,0.1111111111111111,0.0555555555555555,0.0555555555555555,0.0555555555555555,-0.8847935,1,37-3012,False,0.97,1,37-3012,False,base_00,2,base_00,False,1,3.38,2.38,3.0,3.38,3.25,3.0,1.12,2.25,1.5,2.38,2.88,2.88,2.5,2.5,2.0,2.25,2.0,2.38,3.0,3.0,3.12,2.25,2.0,3.12,3.5,1.88,2.88,3.25,3.12,2.38,2.5,1.88,3.25,2.75,2.5,2.25,3.0,2.0,2.12,3.0,3.25,2.25,1.88,2.12,3.0,2.62,2.88,2.88,2.75,2.0,3.12,2.62,2.88,3.25,3.0,3.0,3.12,2.88,2.25,1.0,2.38,3.0,2.25,1.75,1.88,2.5,2.25,2.88,2.38,3.0,1.25,3.0,2.38,1.0,2.38,3.0,2.25,2.0,2.5,3.0,3.12,2.12,2.12,1.38,3.12,2.25,2.5,2.82,2.85,3.08,3.65,3.66,3.48,2.93,2.67,3.03,3.95,1.83,3.49,3.31,3.55,4.08,2.74,4.01,4.01,3.89,2.91,3.33,3.74,2.99,4.18,4.31,3.61,2.79,4.01,4.02,3.33,2.78,1.94,3.49,3.15,3.39,3.23,2.22,3.09,3.2,3.53,2.31,2.77,3.82,3.62,3.58,3.99,3.04,1.51,1.7,3.79,2.64,4.39,2.77,1.36,2.72,4.12,3.5,1.81,3.86,1.28,3.67,3.61,2.51,4.23,4.28,4.53,3.3,4.37,4.21,3.16,4.67,2.83,2.14,3.19,2.91,4.76,1.29,2.34,2.14,2.0,2.86,1.43,2.07,1.81,3.42,2.53,3.37,4.21,3.2,4.2,4.17,4.66,2.37,3.12,3.6,2.87,True,True,True,True,True,True,True,True
37-3013,Tree Trimmers and Pruners,Tree Trimmers and Pruners,Tree Trimmers and Pruners,0.048780487804878,0.0609756097560975,0.073170731707317,0.0,0.0609756097560975,0.1219512195121951,-1.727035,1,37-3013,False,0.77,1,37-3013,False,base_00,2,base_00,False,1,3.75,3.0,2.88,4.0,3.25,3.12,1.75,3.38,1.75,3.75,3.25,3.12,3.0,2.5,2.0,3.0,3.25,2.62,3.12,3.0,3.88,2.0,1.88,3.88,3.5,1.75,1.88,3.62,3.12,2.25,2.5,2.5,3.88,3.0,3.88,2.88,3.38,2.12,3.0,3.0,3.0,2.0,2.88,3.25,3.75,2.88,3.5,2.75,3.12,2.62,2.62,2.5,2.62,2.88,3.12,3.0,3.25,2.75,2.88,1.25,3.0,2.75,2.25,1.88,1.88,2.75,1.88,3.12,2.25,3.75,1.38,3.62,2.38,1.0,2.75,2.62,2.25,1.75,2.88,2.62,3.0,2.25,2.0,1.62,2.75,2.75,2.5,2.56,3.08,2.77,2.44,3.43,3.88,2.75,2.42,2.92,2.11,1.97,2.74,3.15,3.6,4.11,2.7,4.01,3.83,4.74,2.91,3.44,3.83,2.42,3.96,4.56,2.83,1.89,2.74,4.22,2.92,2.26,1.9,3.41,2.58,3.03,2.25,1.65,3.07,3.28,3.45,1.44,2.52,3.79,4.22,3.04,3.43,2.38,1.56,1.43,4.37,1.93,3.56,2.66,1.02,2.9,2.92,4.41,3.82,3.73,1.08,4.67,4.19,1.71,4.72,4.39,4.49,3.96,4.32,3.82,3.02,4.19,3.05,1.08,2.14,3.51,4.91,1.83,2.03,3.36,1.46,3.57,2.74,2.52,2.59,3.53,2.03,4.22,3.75,3.38,3.9,3.71,5.0,2.96,3.95,4.23,1.83,True,True,True,True,True,True,True,True
39-1013,First-line Supervisors of Gambling Services Workers,First-Line Supervisors of Gambling Services Workers,First-Line Supervisors of Gambling Services Workers,0.3076923076923077,0.4326923076923077,0.5576923076923077,0.173076923076923,0.3365384615384615,0.5,0.4955934,2,39-1011;39-1012,True,,,,,base_00,2,base_00,False,1,2.38,2.62,2.88,2.5,3.62,1.5,1.38,2.12,2.38,2.12,3.25,2.62,3.0,2.75,2.0,2.12,2.12,2.25,3.25,3.38,2.38,2.62,3.12,2.38,3.62,1.62,2.88,4.0,3.88,2.5,2.75,1.62,3.75,1.62,1.75,1.62,3.5,1.75,1.75,3.75,3.75,3.0,1.62,2.25,2.25,2.88,2.75,2.62,2.38,2.25,3.5,3.5,3.0,3.75,3.25,3.38,3.62,1.75,1.75,1.25,3.25,3.12,2.75,1.88,1.88,3.38,2.62,3.88,3.12,2.12,1.5,2.38,3.0,1.88,2.12,3.62,1.75,1.25,3.88,3.5,3.75,3.0,2.75,1.5,3.5,1.88,3.38,2.63,2.83,3.23,2.51,3.85,2.13,2.9,3.18,2.34,3.34,1.36,3.34,2.27,3.55,3.76,3.65,2.56,3.17,2.41,2.77,2.91,3.36,1.94,3.01,1.44,3.22,2.95,4.51,2.85,3.03,2.45,1.98,1.75,3.54,2.71,2.22,2.28,2.29,3.0,2.98,3.66,4.28,3.38,4.85,3.78,4.9,4.4,2.48,2.55,3.64,4.6,3.64,1.85,2.06,2.57,1.03,1.33,1.05,1.6,1.0,4.42,1.21,1.22,4.42,3.69,4.24,3.59,4.34,4.54,4.35,1.03,1.02,4.84,1.36,3.55,1.25,1.63,2.44,4.46,2.12,2.12,1.05,1.6,1.82,3.14,1.87,4.23,2.85,3.94,3.73,4.0,1.42,1.07,4.29,4.73,3.47,True,True,False,True,True,True,True,True
39-1014,"First-line Supervisors of Entertainment and Recreation Workers, Except Gambling Services","First-Line Supervisors of Entertainment and Recreation Workers, Except Gambling Services","First-Line Supervisors of Entertainment and Recreation Workers, Except Gambling Services",0.1578947368421052,0.3684210526315789,0.5789473684210527,0.2631578947368421,0.3421052631578947,0.4210526315789473,0.4303075,1,39-1021,True,0.076,1,39-1021,True,base_00,2,base_00,False,1,,,,,,,,,,,,,,,,,,,,,,,,,,,,,,,,,,,,,,,,,,,,,,,,,,,,,,,,,,,,,,,,,,,,,,,,,,,,,,,,,,,,,,,,,,,,,,,,,,,,,,,,,,,,,,,,,,,,,,,,,,,,,,,,,,,,,,,,,,,,,,,,,,,,,,,,,,,,,,,,,,,,,,,,,,,,,,,,,,,,,,,,True,True,True,True,False,False,False,False
39-1022,First-Line Supervisors of Personal Service Workers,First-Line Supervisors of Personal Service Workers,First-Line Supervisors of Personal Service Workers,0.1034482758620689,0.4137931034482758,0.7241379310344828,0.2413793103448275,0.3620689655172414,0.4827586206896551,0.4303075,1,39-1021,True,0.076,1,39-1021,True,base_00,3,base_00,False,1,2.12,2.5,3.0,1.62,3.5,1.75,1.0,2.0,1.5,2.0,2.88,2.0,2.62,3.0,1.0,2.0,1.88,2.0,3.12,3.12,2.0,2.12,2.0,1.88,3.25,1.0,2.0,4.0,4.0,3.0,2.5,1.0,3.88,1.0,1.0,1.25,3.0,1.0,1.0,3.75,3.75,2.0,1.0,2.12,1.88,2.88,2.62,2.0,2.12,2.0,3.75,3.25,3.12,3.88,3.12,3.75,3.88,1.0,1.0,1.0,3.25,3.25,3.12,2.12,2.12,3.75,2.12,3.25,3.0,1.88,1.88,2.25,3.5,1.25,2.62,3.62,1.0,1.38,3.62,3.75,3.75,3.0,3.0,1.62,3.75,1.88,3.25,3.27,3.27,3.53,3.53,4.26,2.43,3.35,3.1,3.18,4.06,1.76,3.53,3.31,4.02,4.48,3.36,2.86,4.24,3.9,3.39,3.59,4.06,2.67,3.84,2.3,3.32,3.87,3.46,2.75,3.51,2.7,2.03,1.85,3.42,3.46,2.84,3.54,3.07,3.71,3.62,4.14,3.64,3.67,5.0,4.7,4.0,3.77,1.75,1.99,4.81,4.43,2.5,1.79,3.13,1.98,1.82,1.64,1.0,2.17,1.02,4.26,1.99,1.0,4.53,4.57,4.51,4.52,4.66,4.73,3.54,2.97,1.59,4.72,2.45,2.8,2.78,1.33,1.27,3.96,2.39,2.7,1.28,1.58,2.78,2.88,3.12,3.04,2.5,2.75,4.84,4.4,2.92,1.87,4.92,4.83,3.61,True,True,True,True,True,True,True,True
39-2011,Animal Trainers,Animal Trainers,Animal Trainers,0.0689655172413793,0.1034482758620689,0.1379310344827586,0.1379310344827586,0.1379310344827586,0.1379310344827586,-0.9167759,1,39-2011,False,0.1,1,39-2011,False,base_00,2,base_00,False,1,2.88,2.62,3.0,2.75,3.12,2.88,1.12,2.62,1.38,2.88,3.0,2.88,2.88,3.12,1.75,3.0,2.12,2.62,3.0,3.25,3.0,2.0,2.38,3.0,3.0,1.75,2.0,3.38,3.62,3.12,2.88,2.0,3.75,2.25,2.62,2.75,3.0,2.0,2.0,3.25,3.12,2.62,2.5,3.0,2.88,2.75,3.0,2.38,2.62,2.12,3.0,3.0,3.25,3.12,3.0,3.0,3.38,1.0,1.12,1.0,3.75,3.12,3.5,1.75,2.0,2.62,1.88,3.12,2.5,1.75,1.75,2.0,2.88,1.12,2.12,2.88,1.0,1.75,3.0,3.0,3.5,2.88,2.88,1.75,3.0,1.75,2.88,2.59,3.1,3.4,3.67,3.85,1.68,3.17,2.93,3.31,3.53,1.36,3.84,2.54,2.96,3.68,2.83,3.36,3.82,2.54,3.59,3.65,4.18,2.69,3.3,2.55,3.5,3.01,3.99,4.13,2.69,3.59,1.33,1.45,3.23,3.3,3.3,2.13,3.91,4.03,3.32,2.62,2.97,2.75,4.23,3.73,3.9,2.71,1.5,1.34,4.51,3.81,2.53,1.58,1.73,1.94,1.5,1.75,1.18,3.23,1.37,3.19,3.48,1.28,4.52,4.78,3.72,3.6,4.0,3.45,2.57,2.57,2.07,2.96,3.15,2.81,4.19,3.5,1.06,3.48,2.87,3.21,1.04,1.93,2.21,3.4,1.86,4.3,3.15,3.63,4.03,2.89,2.43,1.1,3.31,3.62,2.99,True,True,True,True,True,True,True,True
39-2021,Animal Caretakers,Animal Caretakers,Animal Caretakers,0.1818181818181818,0.2727272727272727,0.3636363636363636,0.1515151515151515,0.1818181818181818,0.2121212121212121,-0.8890408,1,39-2021,False,0.82,1,39-2021,False,base_00,2,base_00,False,1,2.88,2.38,2.62,2.0,3.0,2.0,1.25,2.12,1.5,2.88,2.88,2.62,2.62,2.12,1.0,2.12,1.88,1.88,3.0,3.12,2.75,2.0,2.12,2.25,3.12,1.0,2.0,3.25,3.12,2.0,2.12,1.12,3.12,1.0,1.5,1.62,2.62,1.75,1.5,3.0,3.0,2.0,1.88,2.75,3.12,2.12,3.0,2.0,2.0,1.38,2.88,2.5,2.38,3.0,2.62,3.0,2.75,1.5,1.62,1.12,2.12,3.0,2.0,1.75,1.75,2.0,2.0,3.12,2.0,1.62,1.0,1.88,1.88,1.25,2.0,3.0,1.25,1.5,3.0,2.75,2.88,2.12,2.12,1.62,2.5,1.88,2.75,2.42,3.27,2.59,3.24,4.22,2.14,2.62,2.73,2.89,3.58,1.35,3.57,2.64,3.01,4.38,2.24,3.85,4.01,3.55,3.22,3.12,3.71,2.49,3.8,2.4,3.6,2.59,3.36,4.19,3.45,2.49,1.56,1.82,2.92,2.96,2.23,1.68,3.36,2.98,3.38,2.93,3.21,3.32,4.76,3.36,3.62,3.23,1.37,1.12,3.79,3.37,3.89,2.93,3.57,1.89,2.32,1.7,1.51,3.87,1.04,4.6,3.04,1.13,4.88,3.64,4.19,3.2,3.86,3.53,3.15,3.07,1.11,4.77,2.86,2.2,4.03,2.66,1.08,3.65,2.28,3.28,1.49,2.29,2.73,3.1,1.54,4.31,3.46,3.52,3.98,3.32,2.89,1.32,2.98,4.56,3.08,True,True,True,True,True,True,True,True
39-3011,Gambling Dealers,Gambling Dealers,Gambling Dealers,0.1351351351351351,0.1351351351351351,0.1351351351351351,0.1081081081081081,0.1486486486486486,0.1891891891891892,0.0605832,1,39-3011,False,0.96,1,39-3011,False,base_00,2,base_00,False,1,2.88,2.62,2.75,2.12,3.12,1.88,1.38,2.0,1.12,2.12,2.88,3.12,2.75,2.12,1.0,1.88,1.75,1.88,2.88,3.12,3.0,2.88,2.25,2.12,3.38,1.0,2.88,3.75,3.75,2.12,2.88,1.25,3.25,1.0,1.25,1.38,3.0,1.12,1.12,3.5,3.5,2.75,1.12,2.0,1.88,2.75,2.75,2.62,2.38,2.0,2.62,2.25,2.25,3.38,2.25,2.88,2.75,1.12,1.0,1.0,2.62,2.5,2.0,1.5,1.25,2.12,2.75,3.0,2.38,1.25,1.0,1.62,2.62,1.0,1.62,3.0,1.0,1.0,3.12,3.12,3.38,1.5,1.62,1.12,2.5,1.38,2.25,1.81,2.55,2.62,2.61,3.43,2.12,2.23,2.43,1.46,1.97,1.15,3.37,1.43,2.65,3.02,2.09,2.96,2.85,1.78,2.46,2.47,2.37,1.86,2.17,1.27,1.65,1.57,3.75,2.53,2.43,2.2,1.4,1.08,2.71,1.98,1.86,1.22,1.75,2.49,2.37,1.51,3.1,2.53,4.62,3.2,4.41,4.33,2.16,1.43,2.56,2.01,2.82,1.39,2.06,1.9,1.07,1.0,1.0,1.0,1.0,3.62,1.44,1.0,4.53,2.38,4.25,2.57,3.63,4.65,3.72,1.0,1.0,4.63,1.1,3.53,1.0,1.01,1.78,4.51,2.76,3.1,1.0,2.27,1.13,4.14,1.67,4.57,4.54,2.42,1.41,2.32,1.07,1.0,2.32,4.39,1.91,True,True,True,True,True,True,True,True
39-3012,Gambling and Sports Book Writers and Runners,Gambling and Sports Book Writers and Runners,Gambling and Sports Book Writers and Runners,0.2307692307692307,0.2692307692307693,0.3076923076923077,0.0769230769230769,0.2307692307692307,0.3846153846153846,0.4652752,1,39-3012,False,0.91,1,39-3012,False,base_00,2,base_00,False,1,2.38,2.25,2.62,1.88,3.12,2.0,1.12,1.38,1.0,1.5,3.12,2.75,2.38,2.12,1.0,1.75,1.0,1.88,3.0,3.25,2.62,3.0,2.25,2.0,3.62,1.0,3.0,4.0,3.75,2.0,2.75,1.12,3.38,2.0,2.0,1.25,2.88,1.0,1.12,3.38,3.38,2.38,2.0,2.12,1.5,2.88,2.25,2.38,2.0,1.25,3.0,3.0,2.62,3.5,2.5,3.0,2.88,1.0,1.0,1.0,2.25,2.62,2.25,1.75,1.75,2.38,3.0,3.12,2.25,1.62,1.12,2.0,2.5,1.38,1.88,2.75,1.0,1.25,2.88,3.0,3.12,1.88,1.88,1.0,2.38,1.75,2.88,2.06,3.23,2.59,3.1,3.59,2.31,3.01,2.57,1.95,2.51,1.39,3.51,2.07,2.71,3.66,2.52,2.15,3.17,2.63,2.61,2.57,2.98,2.02,3.14,1.46,2.33,2.78,4.12,2.32,3.32,1.97,2.1,1.89,2.84,2.36,2.72,1.99,2.35,3.02,3.05,2.75,2.45,2.1,4.62,3.15,4.14,3.34,1.41,2.76,3.23,1.51,3.22,1.3,1.49,2.24,1.0,1.12,1.05,1.14,1.0,3.68,1.21,1.0,4.21,3.06,3.3,2.98,3.53,4.34,4.28,1.0,1.0,4.71,1.33,3.09,1.0,1.0,2.57,4.4,2.82,2.42,1.08,1.6,1.36,4.04,2.07,3.96,3.96,3.23,2.74,2.71,1.78,1.0,2.69,4.44,2.06,True,True,True,True,True,True,True,True
39-3021,Motion Picture Projectionists,Motion Picture Projectionists,Motion Picture Projectionists,0.0909090909090909,0.1818181818181818,0.2727272727272727,0.0,0.0757575757575757,0.1515151515151515,-0.3786598,1,39-3021,False,0.97,1,39-3021,False,base_00,2,base_00,False,1,3.0,2.75,2.88,3.12,2.75,1.88,1.0,1.88,1.25,2.0,4.0,3.0,2.75,2.0,1.75,2.0,1.38,2.75,2.75,3.0,3.0,1.38,1.88,2.62,3.88,1.88,1.75,3.12,3.12,2.0,3.0,1.62,3.12,2.62,3.0,1.75,3.0,1.75,1.5,3.0,3.0,2.0,1.5,1.88,2.0,2.75,2.0,3.0,2.62,1.62,3.0,2.62,2.12,3.0,2.88,2.88,2.88,2.75,2.12,1.25,2.0,2.88,2.0,1.0,1.5,1.88,1.5,2.88,2.0,3.0,1.88,3.12,2.12,1.38,2.75,3.0,2.88,1.0,2.5,2.88,3.0,2.12,2.12,1.12,2.88,2.88,2.12,2.07,1.92,2.37,2.39,3.82,3.58,2.44,1.89,1.6,2.16,1.86,2.73,1.96,2.36,3.59,2.29,3.02,3.04,3.74,1.8,2.59,3.16,2.08,3.36,1.22,2.77,2.08,3.15,2.65,2.74,2.19,3.15,2.8,2.2,2.83,1.53,1.67,1.95,3.01,2.98,4.14,2.55,2.5,3.52,2.56,2.87,2.47,1.13,3.34,3.55,3.55,2.21,1.66,1.06,2.39,1.35,1.33,1.6,1.57,1.01,2.56,1.46,1.01,4.33,3.98,3.68,2.36,3.42,4.3,2.61,1.46,1.11,4.73,1.39,2.13,1.81,1.17,2.7,2.36,1.53,1.45,1.44,1.4,1.5,2.57,2.86,2.84,3.39,2.52,3.85,3.56,1.52,1.12,2.71,3.46,2.8,True,True,True,True,True,True,True,True
39-3031,"Ushers, Lobby Attendants, and Ticket Takers","Ushers, Lobby Attendants, and Ticket Takers","Ushers, Lobby Attendants, and Ticket Takers",0.1142857142857142,0.1428571428571428,0.1714285714285714,0.1428571428571428,0.1999999999999999,0.2571428571428571,-0.2420959,1,39-3031,False,0.96,1,39-3031,False,base_00,2,base_00,False,1,2.25,2.25,2.5,2.0,2.88,2.0,1.0,2.0,1.38,2.0,2.75,2.5,2.5,2.25,1.0,2.0,2.0,2.12,2.75,2.75,2.5,1.88,2.12,2.0,3.12,1.38,1.88,3.25,3.25,2.25,2.62,1.12,3.0,1.62,1.62,1.5,2.88,1.0,1.5,3.38,3.0,2.12,1.38,2.12,2.12,2.5,2.62,2.5,2.0,1.62,2.88,2.25,2.62,3.12,2.5,3.0,2.75,1.0,1.0,1.0,1.62,2.38,1.62,1.0,1.0,2.38,1.88,2.75,2.88,1.62,1.25,2.0,2.88,1.38,2.0,2.75,1.0,1.0,3.25,3.38,3.25,2.0,2.0,1.0,2.5,1.88,2.25,2.04,3.11,2.47,3.0,3.17,2.86,2.52,2.57,1.84,2.75,1.28,3.17,2.21,2.32,3.57,2.31,2.41,3.26,2.54,2.32,2.48,2.96,2.2,2.66,1.25,2.3,2.32,3.98,2.56,2.32,2.06,2.02,1.82,3.11,2.4,2.89,1.74,2.27,2.82,2.89,2.7,3.32,1.72,4.86,3.14,4.54,3.93,2.61,2.19,2.67,2.28,2.19,1.22,1.64,2.03,1.08,1.13,1.85,1.97,1.53,3.89,1.96,1.01,4.69,3.68,3.28,1.84,3.08,3.74,2.91,1.17,1.0,4.78,1.4,1.8,1.63,1.28,1.88,4.26,1.97,2.05,1.07,1.24,1.3,3.31,2.04,4.12,2.95,3.19,3.7,2.46,1.65,1.0,1.96,3.95,2.37,True,True,True,True,True,True,True,True
39-3091,Amusement and Recreation Attendants,Amusement and Recreation Attendants,Amusement and Recreation Attendants,0.1923076923076923,0.2115384615384615,0.2307692307692307,0.3076923076923077,0.3653846153846154,0.4230769230769231,-0.5246153,1,39-3091,False,0.72,1,39-3091,False,base_00,2,base_00,False,1,2.75,2.25,2.25,2.62,2.75,2.0,1.0,1.88,2.0,2.0,2.75,2.0,2.0,2.0,1.62,2.0,2.0,2.12,2.75,2.88,2.62,2.12,2.0,2.5,3.0,1.0,2.12,3.75,3.75,2.0,2.12,1.12,3.5,1.5,1.5,1.75,2.88,1.12,1.5,3.88,3.38,2.12,1.38,2.12,2.0,2.25,2.75,2.0,2.12,1.88,2.75,2.62,2.38,3.0,2.12,2.88,2.75,1.75,1.12,1.0,2.12,2.62,2.12,1.0,1.38,2.0,2.0,2.88,2.0,2.25,1.12,2.38,2.38,1.25,1.88,2.38,1.75,1.0,3.12,3.0,3.25,2.0,2.0,1.38,2.62,2.0,2.5,2.38,3.13,2.79,3.06,3.64,2.14,2.47,3.07,2.69,2.88,1.56,3.33,2.07,3.12,3.87,2.12,2.73,3.26,3.68,2.89,3.23,3.36,1.92,2.64,1.66,3.11,2.55,4.45,3.37,3.33,1.93,1.67,1.74,2.78,2.85,3.24,1.91,3.55,3.34,3.0,3.24,2.82,2.12,4.94,3.64,4.85,3.48,1.61,1.79,3.11,2.45,1.96,1.58,1.3,1.94,1.11,1.16,1.32,1.66,1.0,2.87,3.09,1.14,4.99,3.47,3.2,2.87,3.31,2.89,3.09,1.18,2.11,2.64,3.17,1.3,3.78,3.33,1.78,3.86,3.47,2.77,1.07,1.73,1.9,3.39,2.26,4.1,3.2,3.55,2.33,1.98,1.62,1.17,2.51,4.18,1.84,True,True,True,True,True,True,True,True
39-3092,Costume Attendants,Costume Attendants,Costume Attendants,0.1111111111111111,0.2638888888888889,0.4166666666666666,0.0,0.2361111111111111,0.4722222222222222,-0.4533608,1,39-3092,False,0.61,1,39-3092,False,base_00,2,base_00,False,1,3.0,2.25,3.12,2.25,3.0,2.0,1.0,2.12,1.62,2.25,2.5,3.0,2.5,3.12,1.5,2.0,1.88,2.12,3.0,3.12,2.88,1.62,1.62,2.25,3.25,1.0,1.75,3.62,3.62,3.0,2.25,1.0,3.25,1.62,2.0,1.5,3.0,1.0,1.0,3.12,3.0,2.0,1.38,2.12,2.25,2.0,2.38,2.75,2.5,2.0,3.0,2.88,2.5,3.12,2.25,3.12,2.88,1.0,1.12,1.0,2.5,2.38,1.88,1.88,2.0,2.25,1.5,3.12,2.75,2.0,2.12,1.88,2.75,1.0,2.0,2.88,1.0,1.0,2.88,3.0,3.12,2.12,2.38,1.62,2.75,1.62,2.5,2.67,3.19,2.65,1.95,4.19,3.04,3.39,3.02,2.61,2.88,2.1,3.78,3.09,2.16,4.17,2.86,4.07,4.04,3.12,3.14,3.14,4.1,2.7,3.34,1.55,3.71,2.29,1.6,3.63,3.17,2.54,1.46,2.13,2.98,2.81,1.45,1.99,4.24,2.76,3.09,2.4,2.59,2.18,4.47,3.82,2.75,2.42,1.29,1.51,4.14,3.84,3.39,2.58,1.3,2.78,1.77,1.8,1.44,2.81,1.0,3.06,1.24,1.05,4.73,4.2,3.53,2.87,3.33,4.08,3.18,2.01,1.0,4.78,2.11,2.52,1.46,1.39,1.72,4.05,1.76,2.76,1.46,1.33,2.17,3.67,3.02,3.16,4.86,2.51,3.48,4.21,1.98,1.53,3.68,4.83,2.63,True,True,True,True,True,True,True,True
39-3093,"Locker Room, Coatroom, and Dressing Room Attendants","Locker Room, Coatroom, and Dressing Room Attendants","Locker Room, Coatroom, and Dressing Room Attendants",0.064516129032258,0.064516129032258,0.064516129032258,0.064516129032258,0.1451612903225806,0.2258064516129032,-0.3454376,1,39-3093,False,0.43,1,39-3093,False,base_00,2,base_00,False,1,2.12,1.5,2.0,2.0,2.75,1.0,1.0,1.5,1.0,2.25,2.12,2.0,1.75,2.0,1.0,2.0,1.88,1.25,2.62,2.75,2.0,1.25,1.62,2.0,2.88,1.0,1.38,3.38,3.25,1.75,1.75,1.0,2.88,1.0,1.0,1.0,2.25,1.0,1.12,3.38,3.5,1.75,1.5,2.12,2.0,2.0,2.88,2.0,1.5,1.0,2.75,2.75,2.12,3.5,2.0,2.75,2.5,1.0,1.12,1.0,2.0,2.25,1.38,1.0,1.25,2.0,1.38,2.75,2.5,1.5,1.25,1.62,2.25,1.0,1.25,2.62,1.0,1.0,3.5,3.12,3.62,1.0,1.38,1.0,2.38,1.0,2.25,1.7,2.7,2.18,2.46,2.98,2.05,2.59,2.39,1.48,1.4,1.24,3.87,1.74,2.29,3.87,1.82,2.89,3.0,2.27,1.79,3.19,2.69,2.25,2.81,2.14,2.36,1.42,3.79,3.08,2.11,1.87,1.59,1.6,2.96,1.75,1.69,1.69,2.32,2.16,2.38,1.46,2.76,1.69,4.73,3.06,4.42,3.46,1.39,1.65,3.63,1.18,2.82,1.22,1.5,1.25,1.17,1.28,1.01,1.57,1.2,1.99,1.69,1.02,4.43,3.87,3.31,3.31,2.88,3.22,2.78,1.06,1.14,4.7,1.47,1.56,1.65,1.3,1.25,3.56,1.19,2.63,1.1,1.53,1.89,3.38,1.96,4.16,3.97,3.25,3.54,3.24,1.78,1.15,2.98,3.95,2.11,True,True,True,True,True,True,True,True
39-4011,Embalmers,Embalmers,Embalmers,0.04,0.04,0.04,0.0,0.04,0.08,-0.7311451,1,39-4011,False,,,,,base_00,3,base_00,False,1,3.38,2.12,2.75,3.0,3.25,2.5,1.0,1.88,1.5,2.25,2.88,3.0,2.75,2.75,2.0,2.0,2.0,2.12,3.12,3.25,3.12,2.0,2.0,2.88,4.0,2.0,2.0,3.62,3.38,2.38,2.38,2.0,3.62,2.0,2.0,2.0,2.88,2.0,2.0,3.25,3.38,2.0,1.62,2.0,2.88,2.38,3.0,3.0,3.12,2.0,3.0,3.0,3.0,3.75,2.88,3.0,3.12,1.5,1.62,1.0,2.62,3.0,2.12,2.0,2.0,2.75,2.0,3.0,2.38,2.12,2.0,2.75,2.25,1.25,2.25,3.0,1.5,2.62,3.12,3.12,3.88,2.12,2.12,1.88,3.12,2.0,3.12,2.96,4.55,2.5,3.85,3.82,3.27,3.06,2.53,2.96,4.41,1.64,3.84,3.08,4.04,4.16,2.11,4.3,3.93,3.37,2.83,3.52,4.3,2.72,3.8,3.63,3.7,3.18,3.9,3.68,3.95,2.07,1.63,2.11,2.88,3.14,2.23,1.7,3.27,2.82,4.0,3.35,4.02,4.06,4.56,4.39,4.62,3.38,1.67,1.73,4.31,4.65,4.34,2.1,4.4,2.36,4.27,1.96,1.28,1.59,1.14,2.49,3.0,1.0,4.97,4.49,4.68,3.74,4.66,4.57,3.54,4.07,1.26,4.86,2.7,2.57,3.7,2.69,1.58,4.25,3.39,2.77,1.26,1.02,1.79,2.59,2.56,3.32,3.67,2.69,4.94,4.74,3.93,3.05,3.73,4.14,4.23,True,True,False,True,True,True,True,True
39-4012,Crematory Operators,Crematory Operators,Crematory Operators,0.0,0.0416666666666666,0.0833333333333333,0.0,0.125,0.25,,,,,,,,,base_00,2,base_00,False,1,,,,,,,,,,,,,,,,,,,,,,,,,,,,,,,,,,,,,,,,,,,,,,,,,,,,,,,,,,,,,,,,,,,,,,,,,,,,,,,,,,,,,,,,,,,,,,,,,,,,,,,,,,,,,,,,,,,,,,,,,,,,,,,,,,,,,,,,,,,,,,,,,,,,,,,,,,,,,,,,,,,,,,,,,,,,,,,,,,,,,,,,True,False,False,True,False,False,False,False
39-4021,Funeral Attendants,Funeral Attendants,Funeral Attendants,0.1777777777777777,0.1777777777777777,0.1777777777777777,0.1555555555555555,0.2333333333333333,0.3111111111111111,-0.5445412,1,39-4021,False,0.37,1,39-4021,False,base_00,2,base_00,False,1,2.25,1.75,2.0,2.12,2.88,2.12,1.12,2.0,1.62,2.0,2.75,2.0,2.0,2.25,1.75,2.0,1.75,1.88,2.62,2.88,2.0,1.88,2.12,2.5,3.12,1.62,2.0,3.25,3.25,1.88,1.88,1.75,2.88,1.88,1.88,1.88,2.25,1.5,2.0,3.12,3.0,2.0,1.38,2.0,2.75,2.25,2.5,2.0,2.12,1.5,3.0,2.75,2.0,3.12,2.25,3.0,2.62,1.88,1.5,1.0,2.0,2.38,2.0,1.5,1.5,1.75,1.75,3.0,1.88,2.12,1.62,2.12,2.0,1.25,2.0,2.75,1.25,1.25,3.25,3.25,3.0,2.0,1.88,1.25,2.38,2.0,2.25,2.38,4.24,2.49,3.49,4.14,2.57,2.84,2.91,1.81,3.03,1.64,3.86,2.11,2.87,3.88,1.95,4.02,3.29,3.0,2.94,2.73,3.33,2.27,3.33,3.85,2.75,2.39,4.41,3.49,2.7,2.14,1.76,2.16,2.5,2.16,1.93,1.51,2.45,2.61,2.7,2.5,2.02,2.55,4.21,3.21,4.0,2.2,1.31,1.68,3.16,3.28,1.71,1.06,2.07,1.18,1.52,1.01,1.05,1.15,1.0,1.57,2.1,1.0,4.53,3.6,3.52,2.0,3.26,4.05,2.5,3.59,1.04,3.8,2.32,1.47,3.23,2.0,1.27,3.25,2.2,1.65,1.13,1.3,1.51,2.06,2.76,3.3,1.91,2.56,3.75,3.66,1.63,1.47,2.11,4.22,2.67,True,True,True,True,True,True,True,True
39-4031,"Morticians, Undertakers, and Funeral Arrangers","Morticians, Undertakers, and Funeral Arrangers","Morticians, Undertakers, and Funeral Arrangers",0.0930232558139534,0.1627906976744186,0.2325581395348837,0.0,0.0930232558139534,0.1860465116279069,-0.1903759,1,39-4031,False,,,,,base_00,3,base_00,False,1,2.88,2.38,3.0,2.88,3.12,2.25,1.12,2.12,1.75,2.25,2.75,2.62,2.75,3.12,1.75,2.0,1.75,2.12,3.0,3.25,2.88,2.62,2.25,2.75,3.25,1.75,2.62,3.75,4.0,3.0,2.12,2.0,3.62,1.88,1.88,2.0,3.12,1.75,2.12,3.75,3.75,2.12,1.38,2.12,2.62,2.88,2.38,2.12,2.75,2.12,3.12,3.12,3.0,4.12,3.0,3.75,3.12,1.0,1.25,1.0,3.0,3.12,2.75,2.62,2.5,3.0,2.75,3.0,3.12,2.62,2.38,2.75,3.12,1.38,2.5,3.25,1.0,1.75,3.88,4.12,3.75,3.0,2.88,1.62,3.38,1.75,3.25,2.73,4.43,2.79,4.07,4.33,3.02,3.71,3.72,2.92,4.46,2.0,4.53,2.9,3.73,4.57,3.46,4.22,3.52,3.32,3.35,3.64,4.35,3.09,2.97,3.61,4.36,4.1,4.69,3.86,3.77,3.91,1.93,2.27,3.96,4.37,3.59,2.8,3.83,2.74,3.95,3.7,2.85,3.28,4.73,3.85,4.56,2.89,1.65,1.28,4.27,3.67,3.84,1.67,3.19,1.58,2.8,1.25,1.06,1.2,1.01,2.01,2.64,1.01,4.78,4.24,4.4,3.74,4.65,4.54,3.41,4.05,1.04,4.56,2.48,2.54,3.49,2.46,1.08,3.76,2.9,1.82,1.14,1.15,1.64,2.02,2.81,3.12,2.99,2.31,4.79,3.74,3.26,1.87,3.8,4.25,3.72,True,True,False,True,True,True,True,True
39-5011,Barbers,Barbers,Barbers,0.088235294117647,0.1617647058823529,0.2352941176470588,0.0,0.0735294117647058,0.1470588235294117,-0.7294621,1,39-5011,False,0.8,1,39-5011,False,base_00,3,base_00,False,1,3.88,2.0,2.25,3.0,2.88,2.12,1.12,2.25,1.25,2.25,2.12,3.38,2.0,2.75,1.0,1.62,1.62,1.75,2.75,2.75,3.38,1.75,2.0,2.38,3.62,1.0,1.88,3.62,3.25,2.5,2.0,1.0,3.0,1.38,1.5,1.25,3.12,1.0,1.0,3.12,3.25,1.88,1.0,2.12,1.88,2.75,3.0,2.5,3.0,2.25,2.75,2.25,2.5,3.38,2.25,2.5,2.88,2.0,1.88,1.0,1.62,3.0,1.88,1.75,2.0,2.0,1.88,2.88,2.0,1.88,2.12,2.0,2.25,1.0,1.88,2.75,1.88,1.25,3.12,3.12,3.12,1.75,1.62,1.5,2.62,2.0,2.0,2.44,3.46,1.96,3.06,2.35,2.93,2.51,2.22,2.56,1.71,1.25,3.75,2.59,3.2,3.02,1.89,3.45,2.64,3.13,2.27,3.21,3.39,2.11,2.61,1.49,2.52,1.67,4.67,3.85,2.75,2.41,2.58,2.68,2.79,3.03,2.27,1.74,3.88,2.08,3.27,1.43,2.24,2.44,4.81,2.94,3.37,2.56,1.68,2.12,4.24,1.6,2.64,1.54,3.35,1.49,1.0,1.04,1.0,3.31,1.0,2.53,1.03,1.07,4.29,4.79,2.92,3.33,4.36,4.37,2.83,1.34,1.0,3.66,1.05,4.37,1.0,1.0,1.69,4.79,2.28,3.02,1.0,2.93,1.51,4.38,1.88,4.62,4.92,2.44,4.59,2.39,2.48,1.02,2.53,3.23,1.73,True,True,True,True,True,True,True,True
39-5012,"Hairdressers, Hairstylists, and Cosmetologists","Hairdressers, Hairstylists, and Cosmetologists","Hairdressers, Hairstylists, and Cosmetologists",0.0526315789473684,0.0789473684210526,0.1052631578947368,0.0,0.0526315789473684,0.1052631578947368,-0.6824517,1,39-5012,False,0.11,1,39-5012,False,base_00,3,base_00,False,1,3.88,2.25,3.0,2.88,3.0,2.0,1.12,2.25,1.38,2.75,2.38,3.88,2.88,3.25,1.0,1.88,1.62,2.0,3.0,3.0,3.88,2.38,2.0,2.88,4.0,1.0,2.12,3.75,3.75,3.75,2.62,1.0,3.12,1.0,1.0,1.0,3.0,1.0,1.0,3.25,3.62,2.5,1.0,2.12,2.0,2.88,2.88,3.12,3.5,2.0,3.0,2.88,3.25,3.88,3.0,2.88,3.38,1.38,1.75,1.0,2.88,3.25,2.88,1.5,1.88,2.5,2.38,3.0,2.75,1.38,2.5,2.0,2.88,1.38,1.62,3.0,1.0,1.62,3.62,3.12,3.75,2.25,2.25,1.75,3.0,1.5,2.88,3.0,3.93,2.96,3.56,3.38,2.48,2.97,3.23,2.65,3.33,2.06,3.98,2.76,2.77,3.59,2.6,3.17,3.53,2.37,3.37,2.4,3.79,2.5,3.22,2.2,3.56,2.67,4.27,3.49,2.56,3.09,2.36,2.34,3.62,3.2,3.99,2.3,3.83,3.54,3.9,2.95,2.64,2.26,4.82,3.42,4.48,2.71,1.07,1.6,4.7,2.2,3.19,1.07,2.28,1.22,2.26,1.18,1.0,2.94,1.0,2.23,1.18,1.08,4.83,4.76,3.86,3.52,3.72,4.27,3.61,1.0,1.0,4.41,1.2,3.57,1.0,1.0,1.49,4.69,1.85,3.97,1.0,2.21,1.88,4.71,1.77,4.61,5.0,2.63,4.97,3.41,3.45,1.0,2.94,3.91,2.19,True,True,True,True,True,True,True,True
39-5091,"Makeup Artists, Theatrical and Performance","Makeup Artists, Theatrical and Performance","Makeup Artists, Theatrical and Performance",0.048780487804878,0.3414634146341463,0.6341463414634146,0.048780487804878,0.2439024390243902,0.4390243902439024,-0.4596138,1,39-5091,False,0.01,1,39-5091,False,base_00,3,base_00,False,1,3.88,2.38,3.25,2.38,3.25,2.12,1.5,2.25,1.5,2.5,3.12,3.75,2.75,3.5,2.12,1.88,2.0,1.88,3.0,3.38,3.62,2.25,2.25,2.38,4.12,1.0,2.25,4.0,3.88,3.5,2.75,1.0,3.38,1.0,1.0,1.0,3.38,1.0,1.0,3.12,3.38,2.38,1.62,2.0,2.0,2.5,2.88,3.88,3.62,2.12,3.5,3.12,3.12,3.5,3.0,3.12,3.25,1.0,2.0,1.0,2.62,3.25,2.75,2.88,2.75,2.5,2.12,3.12,2.38,1.12,2.38,2.0,2.88,1.38,2.25,3.62,1.0,1.5,3.0,3.0,3.75,2.5,2.38,1.75,3.0,1.62,2.88,2.48,3.62,3.1,3.05,4.43,1.71,3.52,3.5,2.9,3.43,1.75,4.6,2.71,2.75,4.38,3.1,3.35,3.24,3.15,2.52,3.33,4.24,3.29,3.9,1.9,3.95,3.24,2.86,3.19,2.95,2.95,1.52,1.65,3.38,3.81,2.57,2.58,4.57,3.43,3.7,2.57,2.48,2.43,4.62,3.19,3.05,2.67,1.33,1.29,4.15,4.79,2.67,3.25,1.81,3.6,1.86,1.95,1.48,2.19,1.0,3.29,3.19,1.15,4.86,4.15,3.19,4.48,3.3,3.9,2.38,2.1,1.38,4.29,3.52,4.3,3.67,3.57,1.33,4.95,1.95,3.24,1.33,2.1,1.86,3.76,2.29,4.05,4.48,2.62,4.2,4.5,2.38,1.7,3.19,4.57,3.05,True,True,True,True,True,True,True,True
39-5092,Manicurists and Pedicurists,Manicurists and Pedicurists,Manicurists and Pedicurists,0.0555555555555555,0.0833333333333333,0.1111111111111111,0.0,0.0555555555555555,0.1111111111111111,0.0335124,1,39-5092,False,0.95,1,39-5092,False,base_00,2,base_00,False,1,3.12,2.0,2.5,2.88,2.5,1.62,1.0,1.5,1.0,1.0,2.38,3.12,2.12,2.25,1.0,1.0,1.0,2.0,2.62,2.62,3.0,1.38,1.75,2.25,3.5,1.0,1.75,2.88,3.0,2.62,2.0,1.0,2.75,1.25,1.12,1.12,2.88,1.0,1.0,2.88,3.0,2.0,1.0,1.12,1.38,2.62,1.5,2.75,2.5,1.38,2.5,2.12,2.75,3.0,2.25,2.75,2.5,1.0,1.5,1.0,2.12,2.38,2.12,1.38,1.5,2.0,1.88,2.62,2.5,1.12,1.5,1.5,2.62,1.0,1.75,2.75,1.0,1.0,3.0,3.0,3.0,2.0,2.0,1.75,2.75,1.38,2.12,1.4,2.97,2.37,2.13,2.25,2.25,2.31,1.75,1.78,2.24,1.71,3.2,2.1,2.16,2.66,2.03,2.08,2.69,2.33,2.24,2.66,2.09,2.29,1.74,1.84,2.48,1.78,3.45,2.45,1.68,2.52,1.92,1.76,3.01,2.45,2.43,1.86,2.67,2.19,2.73,2.0,1.44,1.69,4.5,2.88,2.4,1.95,1.18,1.07,3.46,1.25,4.65,1.24,2.07,1.23,1.82,1.0,1.0,2.49,1.0,1.28,1.01,1.0,3.84,3.9,2.03,3.55,1.96,3.78,1.85,1.0,1.0,4.17,1.0,2.56,1.0,1.0,1.68,4.58,1.11,2.42,1.0,1.09,1.35,4.54,4.05,2.1,4.04,1.59,2.9,2.23,3.45,1.08,2.91,3.47,1.64,True,True,True,True,True,True,True,True
39-5093,Shampooers,Shampooers,Shampooers,0.1428571428571428,0.1428571428571428,0.1428571428571428,0.0,0.0714285714285714,0.1428571428571428,-0.905371,1,39-5093,False,0.79,1,39-5093,False,base_00,2,base_00,False,1,3.12,1.62,2.5,2.38,2.75,1.5,1.25,2.38,1.0,2.38,2.25,2.88,2.25,1.88,1.0,1.5,1.38,1.75,2.62,2.62,3.0,1.62,1.62,2.25,3.12,1.0,1.62,3.62,3.38,2.0,1.88,1.0,2.75,1.0,1.0,1.0,2.75,1.0,1.0,3.25,2.88,1.75,1.25,2.25,2.25,2.5,2.75,2.38,2.0,1.75,2.62,2.5,2.25,3.12,2.12,2.75,2.5,1.0,1.38,1.0,2.12,2.5,2.0,1.38,1.38,2.0,1.62,2.75,2.25,1.25,1.12,2.12,2.38,1.0,1.5,2.5,1.0,1.0,3.0,2.75,3.25,1.5,1.5,1.38,2.5,1.38,2.38,2.41,3.53,2.54,2.9,3.75,2.31,3.05,2.47,2.39,2.34,1.7,3.3,2.82,2.21,3.07,2.76,2.76,3.19,3.14,2.73,2.65,2.86,2.12,3.76,1.54,3.28,2.32,3.65,3.18,2.74,2.5,1.68,1.47,3.18,2.82,3.0,2.23,2.78,2.85,3.25,1.75,1.9,1.82,4.92,3.38,4.03,2.89,1.24,1.8,3.42,1.29,2.49,1.78,1.4,1.09,1.42,1.07,1.02,1.45,1.05,1.54,1.21,1.03,4.54,3.62,4.11,2.98,4.36,4.73,2.54,1.21,1.02,4.95,1.51,2.71,1.32,1.18,1.79,4.63,1.38,2.66,1.04,1.62,1.43,4.42,1.46,4.79,4.57,3.16,3.88,3.33,3.04,1.06,2.8,4.45,2.33,True,True,True,True,True,True,True,True
39-5094,Skincare Specialists,Skincare Specialists,Skincare Specialists,0.0606060606060606,0.1969696969696969,0.3333333333333333,0.0606060606060606,0.106060606060606,0.1515151515151515,-0.2628396,1,39-5094,False,0.29,1,39-5094,False,base_00,3,base_00,False,1,3.25,2.12,3.0,2.88,3.5,2.0,1.0,2.0,1.12,2.25,2.38,3.12,2.75,3.0,1.12,1.5,1.25,1.88,3.0,3.0,3.0,1.62,2.0,2.38,3.88,1.0,1.75,3.88,3.88,2.88,2.38,1.0,3.25,1.25,1.38,1.25,3.12,1.0,1.0,3.5,3.5,2.12,1.0,2.0,2.0,2.38,2.25,2.88,2.62,2.12,3.25,3.0,3.0,3.5,3.0,3.0,3.12,1.0,1.88,1.0,2.88,2.88,2.75,1.5,1.75,2.0,2.0,3.25,2.62,2.0,2.0,2.12,2.75,1.25,2.12,3.12,1.0,1.38,3.62,3.12,3.75,2.38,2.25,1.38,3.0,1.5,2.88,2.94,4.53,3.46,3.28,4.26,3.51,3.79,3.59,3.14,2.87,2.07,4.36,3.13,3.9,3.85,2.51,3.41,3.47,4.09,2.62,4.0,3.34,2.98,4.2,1.69,4.32,3.9,3.95,3.73,3.03,3.97,2.06,1.89,3.79,4.25,4.32,2.26,3.46,3.96,4.32,3.88,2.45,2.49,4.99,3.3,4.58,2.41,1.25,1.42,3.97,3.29,2.49,2.22,3.62,1.66,2.13,1.44,1.01,2.15,1.24,1.48,1.0,1.11,5.0,4.34,4.68,3.26,4.05,3.86,3.14,1.01,1.01,4.99,1.12,3.59,1.01,1.01,2.18,4.67,1.71,2.65,1.01,1.23,1.92,3.49,2.83,3.2,4.15,1.94,4.1,2.59,3.9,1.76,2.65,3.9,2.61,True,True,True,True,True,True,True,True
39-6011,Baggage Porters and Bellhops,Baggage Porters and Bellhops,Baggage Porters and Bellhops,0.074074074074074,0.1481481481481481,0.2222222222222222,0.2592592592592592,0.2777777777777778,0.2962962962962963,-1.272015,1,39-6011,False,0.83,1,39-6011,False,base_00,2,base_00,False,1,2.75,2.88,2.75,2.88,2.88,2.5,1.12,2.62,1.88,3.0,2.75,2.62,2.25,2.38,1.88,2.62,2.12,2.0,2.88,2.88,2.88,2.0,2.0,3.25,3.0,1.75,2.12,3.75,3.75,2.38,2.62,1.88,3.0,2.12,2.12,2.0,3.0,2.0,2.62,3.12,3.5,2.0,2.0,3.0,3.5,3.0,3.75,2.0,2.25,1.75,2.88,2.75,2.25,3.62,2.88,3.0,3.0,1.62,1.5,1.0,2.5,2.75,2.25,1.88,1.88,2.12,2.0,2.88,2.25,2.38,1.12,2.38,2.25,1.25,2.0,2.88,1.62,1.0,3.75,2.88,3.62,2.12,2.0,1.25,2.88,2.0,2.75,2.92,4.08,3.3,3.8,3.9,3.51,3.02,3.29,2.56,3.38,1.65,3.52,2.83,3.2,4.22,2.69,4.35,3.98,4.03,2.84,3.43,3.59,2.58,3.37,4.27,3.34,2.52,4.68,3.86,3.4,3.23,1.9,2.64,3.09,3.48,3.2,2.36,2.89,3.26,3.38,3.17,2.98,3.01,4.41,3.27,4.35,3.64,1.67,1.91,3.83,2.71,2.66,1.6,1.38,2.36,1.0,1.49,1.35,2.01,1.0,2.77,2.95,1.42,4.15,4.33,3.9,3.72,3.51,3.29,3.12,4.75,1.48,4.73,2.57,1.98,4.78,3.48,1.99,4.13,1.55,2.58,1.1,2.34,1.7,2.54,1.79,4.18,3.06,4.01,4.23,2.38,1.54,1.3,3.28,4.28,1.95,True,True,True,True,True,True,True,True
39-6012,Concierges,Concierges,Concierges,0.1333333333333333,0.4666666666666667,0.8,0.6666666666666666,0.7,0.7333333333333333,0.855832,1,39-6012,False,0.21,1,39-6012,False,base_00,2,base_00,False,1,1.5,2.12,2.88,1.0,3.5,1.5,1.0,1.25,1.38,1.0,2.62,1.5,2.38,3.0,1.0,1.5,1.38,2.0,3.0,3.12,1.12,2.0,2.62,1.38,3.0,1.0,2.0,4.12,4.12,3.0,2.0,1.12,3.5,1.0,1.0,1.0,2.88,1.0,1.38,3.88,3.88,2.25,1.0,1.38,1.62,2.75,2.0,2.0,1.88,1.75,3.0,3.0,2.88,4.0,2.88,3.5,3.0,1.0,1.0,1.0,2.0,3.0,2.0,1.75,1.75,2.0,2.0,3.0,2.75,1.0,1.25,1.38,3.0,1.25,1.25,3.0,1.0,1.0,4.0,4.0,4.0,2.0,2.0,1.75,3.0,1.25,2.75,2.9,3.86,3.32,4.18,3.95,1.68,3.43,3.23,2.77,3.77,1.5,4.35,3.0,3.27,4.59,3.41,2.09,3.73,2.57,2.91,3.62,4.1,2.41,3.09,2.0,3.82,3.14,4.18,2.36,3.27,3.45,1.5,1.36,3.27,3.45,3.05,2.59,3.9,3.38,3.95,3.73,3.14,1.95,4.73,3.5,4.27,3.27,1.82,2.0,4.5,5.0,1.76,1.36,1.29,1.41,1.18,1.09,1.23,1.32,1.0,2.73,1.55,1.05,4.82,4.41,3.23,3.05,3.27,3.76,2.45,2.05,1.27,4.64,1.77,2.77,1.57,1.64,1.09,3.64,2.91,1.77,1.23,1.68,1.68,2.24,2.91,3.36,2.18,2.45,4.91,3.86,1.41,1.09,3.18,4.0,3.81,True,True,True,True,True,True,True,True
39-7011,Tour Guides and Escorts,Tour Guides and Escorts,Tour Guides and Escorts,0.1538461538461538,0.2692307692307693,0.3846153846153846,0.3076923076923077,0.3461538461538461,0.3846153846153846,0.357096,1,39-7011,False,,,,,base_00,3,base_00,False,1,1.5,2.0,2.38,1.38,2.88,1.62,1.0,1.5,1.12,1.25,3.12,1.38,2.25,2.25,1.25,1.88,1.75,1.88,2.88,2.88,1.5,2.0,2.75,1.38,3.0,1.12,2.0,4.0,4.12,2.25,2.0,1.0,3.0,1.0,1.0,1.0,2.88,1.12,1.88,3.88,3.12,2.0,1.38,2.0,1.5,2.75,2.25,2.0,2.0,1.25,3.12,2.88,2.25,3.25,2.12,3.0,2.88,1.0,1.0,1.0,2.38,2.75,2.25,1.0,1.25,2.0,2.0,3.0,2.12,1.12,1.75,1.75,2.62,1.0,1.25,3.0,1.0,1.0,3.12,3.25,3.88,1.62,1.88,1.62,3.0,1.0,2.25,2.39,2.67,2.48,4.0,3.62,1.61,2.66,2.27,2.36,2.63,1.12,3.94,2.3,2.62,4.23,1.97,1.97,3.99,2.33,3.29,2.34,3.14,1.66,2.66,1.88,2.32,1.83,4.29,2.22,2.94,1.89,1.46,1.2,2.27,2.82,1.92,1.39,2.94,3.15,3.29,2.39,2.3,1.9,4.45,3.99,4.37,2.34,1.4,1.42,3.91,3.27,1.92,1.75,1.07,1.5,1.65,1.65,1.27,1.94,1.04,2.12,2.45,1.12,4.49,4.06,3.64,2.54,3.25,3.82,2.09,2.29,1.71,3.43,2.09,2.2,2.76,2.19,1.59,4.14,4.49,1.85,1.28,1.7,1.32,1.96,2.05,3.8,2.14,3.55,3.09,3.41,1.36,1.04,2.38,4.21,2.41,True,True,False,True,True,True,True,True
39-7012,Travel Guides,Travel Guides,Travel Guides,0.16,0.38,0.6,0.32,0.4,0.48,0.6083829,1,39-7012,False,,,,,base_00,2,base_00,False,1,2.38,2.38,3.12,2.12,3.25,2.25,1.0,1.62,1.62,1.5,3.0,2.12,2.75,2.88,1.75,1.62,1.5,2.25,3.12,3.25,2.12,2.25,2.38,2.12,3.38,1.75,2.5,4.0,4.0,3.0,2.75,2.0,3.38,1.62,2.12,2.0,3.0,1.75,2.62,3.88,3.88,2.62,1.0,1.88,1.62,3.0,2.12,2.12,2.62,1.5,3.88,3.12,3.12,3.88,3.12,3.75,3.12,1.0,1.5,1.0,2.75,3.12,2.75,2.62,2.75,2.88,2.5,3.0,3.12,2.12,2.0,2.0,3.75,1.88,2.12,3.25,1.12,1.0,4.12,3.88,4.0,2.75,2.62,1.75,3.25,1.5,3.12,2.75,3.58,2.7,4.52,3.19,2.77,2.7,3.0,3.21,3.59,1.53,4.23,3.0,2.88,4.35,2.56,3.19,4.39,3.13,2.87,3.54,4.09,2.72,4.27,2.89,3.33,2.79,4.62,3.35,3.23,2.32,2.07,2.08,3.53,3.28,3.22,1.86,4.13,3.44,3.57,2.82,2.76,2.49,4.81,4.16,4.34,2.96,1.61,2.29,4.88,4.72,1.79,1.62,1.77,1.72,1.59,1.87,1.75,1.99,1.28,2.36,2.44,1.57,4.41,4.77,4.61,4.01,4.2,4.29,3.15,3.07,2.32,3.69,2.41,2.67,3.2,2.4,2.01,3.38,2.87,1.85,1.3,1.69,1.75,2.51,3.54,2.8,2.87,2.4,4.91,4.07,2.03,1.97,4.06,4.38,3.7,True,True,False,True,True,True,True,True
39-9011,Childcare Workers,Childcare Workers,Childcare Workers,0.1108722358722358,0.1414312039312039,0.1719901719901719,0.2374078624078623,0.3404484029484029,0.4434889434889435,-0.3834794,1,39-9011,False,0.084,1,39-9011,False,base_00,2,base_00,False,1,2.56,2.315,2.94,1.56,3.37,2.125,1.185,2.31,1.69,2.75,2.935,2.56,2.88,3.06,1.5,2.435,2.0,2.125,3.25,3.0,2.37,1.81,2.62,2.5,3.06,1.5,2.0,3.94,3.875,3.0,2.5,1.5,3.75,1.5,1.56,1.87,3.06,1.62,1.625,3.375,3.435,2.62,1.685,2.435,2.565,2.94,2.69,2.25,2.685,1.63,3.25,3.0,3.0,3.5,3.19,3.31,3.37,1.0,1.0,1.0,3.125,3.31,3.125,1.5,1.625,2.315,1.87,3.69,2.875,1.44,1.5,1.88,3.25,1.0,1.94,3.0,1.0,1.37,3.565,3.565,3.435,2.25,2.63,1.815,3.19,1.63,3.0,2.205,4.475,3.17,2.555,3.8,1.58,3.1900000000000004,2.77,2.855,3.185,1.325,3.86,2.095,2.85,3.69,2.735,3.05,3.295,2.97,2.56,2.7,3.95,2.42,3.25,2.125,3.55,2.075,2.405,3.72,2.72,2.475,1.465,1.485,3.53,3.5,2.03,1.63,3.795,3.3200000000000003,3.285,1.82,3.29,3.065,4.57,3.285,2.675,2.925,1.99,1.495,4.175000000000001,3.02,1.975,1.79,2.79,1.475,1.35,1.0,1.02,2.51,1.0,3.1449999999999996,1.905,1.015,4.609999999999999,4.255000000000001,3.4,3.575,3.4850000000000003,3.27,2.565,2.785,1.02,3.92,1.41,2.45,3.08,2.4400000000000004,1.13,4.414999999999999,1.585,3.19,1.06,1.995,3.2,2.9,2.495,3.715,2.86,3.105,3.4000000000000004,3.185,2.08,1.0,3.095,3.85,2.965,True,True,True,True,True,True,True,True
39-9031,Exercise Trainers and Group Fitness Instructors,Exercise Trainers and Group Fitness Instructors,Exercise Trainers and Group Fitness Instructors,0.0,0.0147058823529411,0.0294117647058823,0.1470588235294117,0.2352941176470588,0.3235294117647059,-2.111948,1,39-9031,False,0.085,1,39-9031,False,base_00,3,base_00,False,1,2.75,2.0,3.0,1.88,3.0,1.75,3.0,3.12,3.0,3.88,3.0,2.0,2.12,3.0,1.0,3.88,3.0,1.88,3.0,3.0,3.0,1.88,2.25,3.0,3.0,1.0,2.0,3.0,3.88,3.0,2.0,1.62,3.0,1.5,1.38,1.38,3.0,1.0,1.75,3.62,3.0,2.0,1.88,3.88,3.12,2.88,3.62,1.88,2.0,1.75,3.0,2.88,3.0,3.25,2.62,3.0,3.0,1.5,1.75,1.0,4.0,3.0,3.12,1.0,1.38,2.12,1.75,3.0,2.0,1.62,2.0,1.88,2.88,1.12,1.88,3.0,1.12,1.75,3.75,3.12,3.62,2.25,2.12,1.75,3.0,1.88,2.62,2.52,3.9,3.86,2.4,3.67,2.33,2.33,2.76,3.48,2.86,1.62,4.14,2.24,3.29,3.95,2.52,3.57,3.05,3.43,3.24,2.71,3.57,2.14,3.05,1.48,3.81,2.76,4.1,4.52,2.76,3.0,1.86,1.8,2.9,3.15,3.1,2.05,4.1,4.0,4.24,2.67,2.67,2.48,4.76,3.71,4.38,2.95,1.45,1.48,4.33,4.14,2.19,1.7,2.05,2.14,1.0,1.14,1.1,1.71,1.0,3.62,2.1,1.14,4.76,4.62,3.76,3.57,3.75,2.95,3.1,1.52,1.33,5.0,2.29,3.57,2.29,1.86,1.43,4.19,3.67,3.76,1.05,3.35,2.52,3.62,1.86,4.45,3.48,3.52,3.62,2.95,1.43,1.21,2.33,3.52,2.57,True,True,True,True,True,True,True,True
39-9032,Recreation Workers,Recreation Workers,Recreation Workers,0.119047619047619,0.238095238095238,0.3571428571428571,0.0952380952380952,0.25,0.4047619047619047,-0.2441154,1,39-9032,False,0.0061,1,39-9032,False,base_00,4,base_00,False,1,2.0,2.25,3.12,1.62,3.25,2.0,1.12,2.12,1.88,2.12,3.12,2.0,2.62,3.12,1.25,2.88,2.12,2.0,3.0,3.12,1.75,2.25,2.0,2.5,3.62,1.0,2.12,4.0,4.0,3.12,2.62,1.0,3.62,1.0,1.62,1.38,3.0,1.0,1.0,3.88,3.62,2.62,1.62,2.88,2.38,3.0,2.75,2.12,2.62,1.62,3.38,3.12,3.12,4.0,3.12,4.0,3.25,1.0,1.38,1.0,3.75,3.0,3.12,2.0,2.62,3.12,2.12,3.75,3.0,1.62,2.0,2.0,3.12,1.38,1.88,3.12,1.0,1.62,4.0,4.0,4.0,2.88,2.75,1.88,3.25,1.88,3.12,3.51,3.71,3.64,3.61,4.38,2.47,3.99,3.96,3.72,4.01,1.67,4.18,3.26,3.79,4.56,3.31,3.06,3.62,3.28,3.54,3.72,4.18,3.76,4.13,2.48,4.16,3.57,3.92,3.65,4.0,3.56,2.41,2.34,3.88,4.3,3.14,3.36,4.52,3.71,4.05,3.86,3.02,3.4,4.81,3.88,3.54,3.54,2.28,1.77,4.34,3.47,2.59,2.04,2.47,1.45,1.51,1.14,1.14,1.64,1.0,3.56,1.45,1.0,4.59,4.1,3.65,3.59,3.57,3.29,3.44,2.28,1.06,4.32,1.85,2.38,2.18,1.75,1.08,3.86,2.94,2.19,1.18,1.72,1.66,2.24,2.91,2.94,2.24,2.58,4.54,3.3,2.27,1.44,2.85,4.49,3.21,True,True,True,True,True,True,True,True
39-9041,Residential Advisors,Residential Advisors,Residential Advisors,0.1,0.24,0.38,0.18,0.28,0.38,0.4746119,1,39-9041,False,0.064,1,39-9041,False,base_00,3,base_00,False,1,1.88,2.12,2.75,1.38,3.38,1.88,1.0,1.88,1.25,1.88,3.0,2.0,2.62,2.88,1.38,1.88,1.88,2.25,3.12,3.0,2.0,2.0,2.0,2.0,3.12,1.38,2.0,4.0,4.0,2.88,2.5,1.38,4.0,1.38,1.75,1.75,3.0,1.38,1.62,3.75,3.62,2.5,1.62,2.0,2.0,2.88,2.0,2.12,2.5,1.25,3.38,3.12,3.0,3.88,3.12,3.75,3.62,1.0,1.0,1.0,2.88,3.12,2.75,2.12,2.25,2.88,2.0,3.75,3.62,1.75,2.0,2.0,3.38,1.38,2.0,3.12,1.0,1.38,3.62,4.0,3.75,2.75,2.75,1.88,3.62,1.75,3.0,3.11,4.75,3.53,3.49,4.18,1.86,3.81,3.61,3.46,3.93,1.7,4.35,2.99,3.89,4.09,3.29,2.71,4.12,3.69,3.12,3.24,4.0,3.05,4.02,2.23,4.43,3.75,3.47,3.12,3.72,2.92,1.84,1.66,3.7,3.73,2.56,2.65,3.31,3.45,3.29,3.57,4.13,3.48,4.57,3.62,3.43,3.42,2.55,1.55,4.09,4.6,1.52,1.38,1.97,1.81,1.11,1.03,1.03,1.53,1.02,2.77,2.04,1.02,4.49,3.85,3.55,4.18,3.67,3.52,3.24,2.78,1.25,3.81,1.59,2.32,2.86,2.19,1.02,3.46,2.81,1.45,1.03,1.41,1.38,1.84,3.19,2.75,1.94,2.83,4.19,3.67,2.48,1.37,3.78,4.33,2.9,True,True,True,True,True,True,True,True
41-1011,First-Line Supervisors of Retail Sales Workers,First-Line Supervisors of Retail Sales Workers,First-Line Supervisors of Retail Sales Workers,0.081081081081081,0.4864864864864865,0.8918918918918919,0.1621621621621621,0.4054054054054054,0.6486486486486487,0.0191826,1,41-1011,False,0.28,1,41-1011,False,base_00,2,base_00,False,1,2.25,2.12,3.0,1.88,3.12,1.5,1.0,2.12,1.5,2.0,2.88,2.5,2.88,3.0,1.0,2.0,2.0,2.38,3.0,3.12,2.38,2.62,2.75,2.38,3.12,1.0,2.88,3.88,3.88,3.0,2.62,1.0,3.25,1.38,1.38,1.5,3.0,1.12,1.25,3.88,3.75,2.62,1.5,2.0,2.0,2.75,2.5,2.5,2.38,2.0,3.0,3.0,3.0,3.88,3.0,3.5,3.5,1.0,1.0,1.0,3.25,3.12,3.0,2.5,2.62,3.25,2.75,3.5,3.25,1.5,2.5,1.88,3.25,1.75,2.12,3.0,1.0,1.0,3.75,3.5,3.75,3.0,3.0,1.88,3.12,1.38,3.0,3.17,3.12,3.89,3.67,3.82,2.28,3.81,3.59,2.73,2.95,1.17,3.81,2.46,3.17,3.8,3.67,2.9,3.73,2.39,3.01,3.16,3.93,2.59,3.35,1.64,3.56,3.14,4.08,2.8,2.89,2.78,1.57,1.44,3.89,3.44,3.28,3.08,2.67,4.09,3.13,3.24,3.55,1.67,4.85,4.38,4.55,3.59,1.37,1.95,4.15,4.09,2.38,1.82,1.38,1.2,1.4,1.27,2.15,1.78,1.0,2.46,1.84,1.0,4.95,4.3,4.22,3.79,3.95,3.99,3.59,1.62,1.17,4.68,1.77,2.86,2.05,1.38,1.22,3.63,1.95,2.34,1.41,1.38,2.49,2.71,2.31,3.86,3.49,3.11,4.74,4.22,1.67,1.0,3.71,4.76,3.58,True,True,True,True,True,True,True,True
41-1012,First-Line Supervisors of Non-Retail Sales Workers,First-Line Supervisors of Non-Retail Sales Workers,First-Line Supervisors of Non-Retail Sales Workers,0.1111111111111111,0.537037037037037,0.9629629629629628,0.1851851851851851,0.4444444444444444,0.7037037037037037,1.316195,1,41-1012,False,0.075,1,41-1012,False,base_00,4,base_00,False,1,1.38,2.0,3.5,1.5,3.75,1.75,1.0,1.25,1.12,1.0,2.88,2.12,2.75,3.5,1.0,1.0,1.0,1.88,3.75,3.62,1.5,3.12,2.62,1.0,3.62,1.0,3.0,4.0,4.0,2.88,2.62,1.0,3.5,1.12,1.25,1.0,2.75,1.0,1.12,3.88,4.0,2.38,1.0,1.25,1.0,2.62,1.75,1.75,2.75,1.38,3.75,3.5,3.5,4.0,3.62,3.88,3.62,1.0,1.0,1.0,3.25,3.88,3.25,2.88,2.88,4.0,3.0,4.0,3.62,1.62,2.0,1.75,3.75,1.5,2.25,3.62,1.0,1.0,3.12,3.88,4.0,3.12,3.12,1.5,3.88,1.12,3.62,3.83,2.9,4.4,3.76,4.57,2.81,3.86,3.85,4.06,3.54,1.4,3.75,2.83,3.75,4.38,4.38,2.27,4.28,2.71,3.39,3.72,4.39,2.93,3.56,2.39,3.75,3.21,2.9,2.18,3.75,3.5,1.95,1.7,3.77,3.79,3.72,3.22,3.22,4.21,3.54,4.25,3.51,2.24,4.7,4.56,4.23,3.14,1.25,2.11,4.19,5.0,2.07,1.86,1.02,2.09,1.23,1.54,1.51,1.55,1.0,3.15,2.7,1.05,4.91,4.05,4.54,3.55,4.61,4.22,3.69,3.33,1.29,4.65,2.37,3.54,2.87,2.33,1.78,3.05,3.45,2.24,1.34,1.37,1.88,3.23,3.71,2.49,2.96,2.57,4.97,4.64,1.54,1.11,4.44,4.66,3.91,True,True,True,True,True,True,True,True
41-2011,Cashiers,Cashiers,Cashiers,0.1395348837209302,0.2093023255813953,0.2790697674418604,0.2325581395348837,0.3604651162790697,0.4883720930232558,-0.2480887,1,41-2011,False,0.97,1,41-2011,False,base_00,2,base_00,False,1,2.5,2.0,2.75,2.38,2.62,1.5,1.0,2.0,1.88,2.12,2.12,2.62,2.0,2.0,1.0,2.0,2.0,2.0,2.62,3.0,2.5,2.38,2.62,2.12,3.25,1.0,2.62,3.5,3.5,2.0,2.38,1.0,3.0,1.5,1.5,1.75,2.88,1.0,1.0,3.12,3.0,2.0,1.0,2.12,2.12,2.88,2.5,2.12,1.88,1.75,3.12,2.38,2.0,3.0,2.0,2.75,2.75,1.0,1.0,1.0,2.38,2.5,2.0,1.5,1.38,2.0,2.62,2.62,2.38,1.5,1.0,1.88,2.38,1.0,1.38,2.75,1.0,1.25,3.12,3.0,3.0,2.0,2.0,1.0,2.62,1.38,2.12,2.36,2.42,2.43,3.03,3.03,2.49,2.14,2.14,1.73,2.37,1.46,3.13,2.01,2.57,4.19,1.91,2.68,2.95,2.02,2.14,2.27,2.75,2.17,2.92,1.64,2.42,2.6,4.02,2.58,2.29,2.18,1.53,1.34,2.44,1.94,2.43,1.95,2.23,2.67,2.57,2.87,2.43,1.93,4.96,3.51,3.72,4.11,1.74,1.82,3.2,2.76,2.19,1.74,1.72,1.61,1.0,1.43,1.13,1.28,1.0,2.94,1.8,1.03,4.56,3.45,4.06,2.68,3.09,3.9,3.34,1.5,1.0,3.92,1.61,2.29,2.21,1.92,1.86,3.35,2.83,2.73,1.16,1.76,2.23,3.22,1.98,4.08,3.55,2.6,4.53,3.06,1.66,1.0,2.82,4.02,2.17,True,True,True,True,True,True,True,True
41-2012,Gambling Change Persons and Booth Cashiers,Gambling Change Persons and Booth Cashiers,Gambling Change Persons and Booth Cashiers,0.238095238095238,0.2619047619047618,0.2857142857142857,0.0,0.3095238095238095,0.6190476190476191,-0.0500926,1,41-2012,False,0.83,1,41-2012,False,base_00,2,base_00,False,1,3.0,2.75,2.88,2.12,3.0,2.0,1.12,2.0,1.12,2.12,2.88,3.0,2.62,2.25,1.0,2.0,2.0,2.5,3.0,3.25,2.88,3.12,2.25,2.0,3.38,1.0,3.12,3.5,3.38,2.0,3.0,1.0,3.25,2.0,2.0,1.75,2.88,1.62,1.12,3.12,3.25,2.12,1.62,2.0,2.0,2.75,2.5,2.25,2.12,2.12,3.12,2.88,2.0,3.0,2.88,3.0,2.88,1.62,1.62,1.0,2.38,2.75,2.0,2.12,2.0,2.25,2.88,2.88,2.62,2.0,1.12,2.38,2.62,1.25,2.25,3.12,2.0,1.0,3.0,3.0,3.0,2.0,2.0,1.0,2.38,2.12,2.75,2.89,3.14,3.31,2.85,4.02,2.67,3.21,3.38,2.3,3.4,2.63,3.87,2.49,3.95,4.08,3.17,2.84,3.26,3.12,2.87,3.3,3.72,2.81,3.23,1.77,3.45,3.06,4.4,3.01,3.83,2.83,2.68,2.65,3.96,2.81,1.98,1.93,2.23,3.42,3.4,3.78,3.35,2.55,4.87,2.82,4.28,4.61,2.27,2.03,3.26,1.85,3.56,1.61,2.08,2.1,1.48,1.36,1.0,1.66,1.0,4.55,1.25,1.2,4.71,3.11,4.23,2.58,4.23,4.84,4.46,1.0,1.36,4.05,1.14,2.86,1.36,1.37,1.99,3.8,1.86,2.76,1.01,1.81,1.62,4.56,1.85,4.43,3.17,2.72,4.0,3.38,1.5,1.0,2.63,3.67,2.99,True,True,True,True,True,True,True,True
41-2021,Counter and Rental Clerks,Counter and Rental Clerks,Counter and Rental Clerks,0.2580645161290322,0.532258064516129,0.8064516129032258,0.5483870967741935,0.6774193548387096,0.8064516129032258,0.0784367,1,41-2021,False,0.97,1,41-2021,False,base_00,2,base_00,False,1,2.12,2.25,2.75,2.38,2.88,2.0,1.0,2.0,1.38,2.12,2.88,2.38,2.75,2.62,1.5,2.0,2.0,2.12,2.88,3.12,2.0,2.62,2.38,2.38,3.38,1.5,2.88,4.0,3.88,2.25,2.75,1.62,3.12,2.0,2.0,2.0,3.0,1.62,1.5,3.62,3.62,2.12,1.5,2.0,2.0,2.12,2.38,2.0,2.0,2.12,3.25,3.0,2.75,3.75,2.75,3.0,3.12,1.62,1.62,1.0,2.5,2.88,2.12,2.0,2.12,2.38,2.25,3.0,2.88,2.0,1.0,2.38,2.88,1.38,1.62,3.25,1.62,1.0,3.38,3.12,3.38,2.0,2.0,1.62,3.0,1.62,3.0,2.97,3.19,2.91,3.39,3.84,2.66,2.69,2.97,2.96,4.23,2.03,3.18,2.84,2.78,3.44,2.54,2.89,3.76,3.36,3.03,3.27,3.77,2.97,3.18,3.42,3.19,2.55,4.44,2.67,4.1,2.47,2.45,2.71,3.37,2.35,3.52,2.08,3.21,3.03,2.87,3.7,3.8,1.93,4.91,3.53,4.43,4.03,1.63,2.12,3.61,3.99,3.4,1.52,1.41,1.56,1.37,1.16,1.01,2.07,1.0,3.63,2.45,1.0,5.0,3.94,4.04,2.64,3.36,4.0,3.68,2.94,1.0,4.64,1.85,2.66,2.83,1.96,1.45,3.7,1.66,1.61,1.13,1.28,1.65,2.82,3.06,3.19,3.12,2.44,5.0,3.27,1.67,1.0,3.33,4.52,2.48,True,True,True,True,True,True,True,True
41-2022,Parts Salespersons,Parts Salespersons,Parts Salespersons,0.1714285714285714,0.3428571428571428,0.5142857142857142,0.2857142857142857,0.3428571428571428,0.3999999999999999,-0.1184909,1,41-2022,False,0.98,1,41-2022,False,base_00,2,base_00,False,1,2.88,2.62,3.12,2.12,3.0,1.75,1.0,1.88,1.62,2.25,2.88,3.0,3.0,2.75,1.75,2.0,1.88,2.12,3.25,3.5,2.88,2.75,2.62,2.75,3.88,1.5,2.88,4.0,4.0,2.75,3.0,1.62,3.25,1.75,1.75,1.88,3.0,1.62,1.88,3.62,3.75,2.88,1.12,2.0,2.62,2.75,2.75,2.75,2.75,1.75,3.75,3.38,2.88,4.0,2.88,2.88,3.25,1.88,2.12,1.0,2.88,3.0,2.38,1.5,2.12,2.12,2.75,3.12,2.88,2.0,1.25,2.25,3.75,1.38,2.12,3.62,1.88,1.0,3.62,3.38,4.0,2.25,2.12,1.5,3.0,2.0,3.0,3.18,2.97,2.93,4.3,3.95,3.01,3.42,3.16,3.18,4.0,2.74,3.92,2.53,2.87,4.36,3.02,3.46,3.84,2.73,3.44,2.99,4.23,3.22,3.66,3.21,3.7,3.53,4.28,3.05,3.7,3.0,2.81,2.53,3.56,3.55,3.69,2.63,3.29,3.4,3.91,4.48,3.72,2.54,5.0,3.96,4.84,3.99,1.97,1.8,4.13,4.45,3.92,2.87,1.04,3.11,1.86,2.56,2.22,2.16,1.0,4.28,3.81,1.01,4.24,4.55,3.99,3.33,4.12,4.02,4.01,2.52,2.75,4.24,4.38,2.57,3.3,2.03,1.36,3.95,1.91,2.64,1.92,1.58,1.83,3.1,2.6,3.83,2.48,3.35,4.78,4.07,2.9,1.01,4.16,4.88,2.92,True,True,True,True,True,True,True,True
41-2031,Retail Salespersons,Retail Salespersons,Retail Salespersons,0.0789473684210526,0.3421052631578947,0.6052631578947368,0.2631578947368421,0.3552631578947368,0.4473684210526315,0.0873069,1,41-2031,False,0.92,1,41-2031,False,base_00,2,base_00,False,1,2.25,2.12,2.88,2.0,2.88,1.88,1.0,1.88,1.5,1.88,2.38,2.38,2.25,2.88,1.0,2.0,2.0,2.0,2.88,3.0,2.0,2.62,2.75,2.0,3.0,1.0,2.62,3.88,4.0,2.88,2.5,1.0,3.12,1.38,1.5,1.0,2.88,1.0,1.0,3.62,3.62,2.12,1.5,2.0,1.88,2.75,2.5,2.12,2.5,1.38,3.0,3.0,3.0,3.75,2.75,3.0,3.12,1.0,1.0,1.0,2.88,2.88,2.62,2.12,2.0,2.38,2.62,3.0,3.5,2.0,1.5,2.0,3.88,1.25,2.0,3.0,1.0,1.0,3.75,3.5,3.75,2.0,2.0,1.88,3.0,1.75,3.0,2.75,3.05,2.51,2.82,3.65,2.97,2.88,2.79,2.82,2.73,1.42,4.01,2.7,2.75,4.09,2.33,3.44,3.6,2.53,2.99,3.37,3.88,1.88,3.33,1.85,3.14,2.38,4.71,3.01,3.1,2.26,1.88,1.88,3.45,2.6,4.4,1.57,3.08,2.64,3.55,3.46,3.08,2.36,4.89,3.61,4.6,3.88,1.55,2.16,4.08,3.89,2.26,1.43,1.76,1.78,1.22,1.34,1.56,1.7,1.0,2.12,1.94,1.0,4.88,3.43,4.15,2.7,4.03,4.15,3.53,2.37,1.24,4.16,1.61,3.7,2.58,1.7,1.14,3.74,1.98,2.12,1.45,1.33,1.78,2.76,2.14,4.07,3.12,3.76,4.61,3.42,1.5,1.0,2.85,4.35,2.66,True,True,True,True,True,True,True,True
41-3011,Advertising Sales Agents,Advertising Sales Agents,Advertising Sales Agents,0.1794871794871795,0.5384615384615384,0.8974358974358974,0.4358974358974359,0.6923076923076923,0.9487179487179488,1.162588,1,41-3011,False,0.54,1,41-3011,False,base_00,4,base_00,False,1,1.38,2.0,3.0,1.88,3.12,2.0,1.0,1.0,1.0,1.0,2.75,1.62,2.88,3.25,1.25,1.0,1.0,2.0,3.12,3.0,1.0,2.75,2.38,1.88,3.38,1.25,2.75,4.0,4.12,3.25,2.75,1.25,3.12,1.38,1.38,1.38,3.0,1.5,1.38,4.12,4.0,2.75,1.0,1.0,1.0,2.88,2.0,2.5,2.88,1.12,3.88,3.5,2.88,3.75,3.0,3.12,3.25,1.0,1.0,1.0,2.25,3.25,2.62,2.0,2.0,2.38,2.75,3.0,3.75,2.0,2.12,2.0,4.0,1.88,1.62,3.38,1.0,1.0,3.88,3.88,4.12,3.0,2.12,1.88,3.0,1.0,3.12,2.98,2.36,2.57,4.72,3.98,1.47,2.54,2.76,3.45,3.32,1.25,4.52,2.76,3.05,4.24,2.3,1.63,3.21,1.76,2.98,3.27,3.97,2.16,3.14,2.53,4.19,3.54,4.27,2.09,3.47,3.23,1.4,1.06,4.1,3.35,4.94,1.82,4.31,2.36,3.7,4.12,3.01,2.0,4.79,3.04,4.81,3.15,1.08,1.7,4.66,5.0,1.2,1.24,1.13,1.52,1.0,1.0,1.11,1.04,1.0,2.23,2.39,1.0,4.71,4.55,4.33,1.51,4.19,4.03,2.67,4.06,1.06,3.37,1.93,4.49,2.74,1.64,1.28,3.2,2.91,1.11,1.0,1.08,1.13,1.99,3.59,2.4,1.99,2.15,5.0,4.46,1.02,1.01,2.4,4.34,4.12,True,True,True,True,True,True,True,True
41-3021,Insurance Sales Agents,Insurance Sales Agents,Insurance Sales Agents,0.1515151515151515,0.5757575757575758,1.0,0.3333333333333333,0.5303030303030303,0.7272727272727273,1.341258,1,41-3021,False,0.92,1,41-3021,False,base_00,4,base_00,False,1,1.0,1.88,3.12,1.5,3.25,1.38,1.0,1.0,1.0,1.0,2.38,1.75,2.88,2.88,1.0,1.0,1.0,1.75,3.12,3.12,1.0,3.12,2.25,1.38,3.5,1.0,3.0,4.0,4.0,2.75,2.62,1.0,3.25,1.0,1.0,1.0,2.75,1.0,1.0,3.75,3.62,2.5,1.0,1.0,1.0,2.62,1.75,1.75,2.0,1.5,4.0,3.62,3.0,3.88,2.88,3.0,3.75,1.0,1.0,1.0,2.62,3.0,2.75,1.25,1.12,2.0,3.0,2.88,3.25,1.75,1.88,1.75,3.62,1.75,1.12,4.0,1.0,1.12,3.38,3.12,3.88,2.75,2.75,1.75,3.5,1.0,3.62,3.26,2.05,2.06,3.25,3.29,1.46,2.34,2.61,3.33,3.14,1.42,4.22,2.46,3.47,4.02,2.21,1.67,3.11,2.07,3.02,3.13,3.46,2.08,3.04,1.99,3.68,3.31,3.41,1.66,3.36,2.62,1.46,1.22,3.02,3.22,4.01,1.6,3.13,2.16,3.3,3.88,3.45,2.98,4.73,3.26,4.97,3.14,1.13,2.76,4.11,5.0,1.71,1.77,1.38,1.69,1.06,1.0,1.12,1.18,1.13,2.14,1.39,1.0,4.93,3.88,4.81,1.82,4.43,4.7,3.79,3.5,1.0,4.06,2.06,3.85,2.35,1.64,1.0,3.44,2.22,1.25,1.0,1.19,1.19,2.16,4.6,1.92,1.91,1.74,5.0,4.52,1.37,1.0,2.14,3.67,3.87,True,True,True,True,True,True,True,True
41-3031,"Securities, Commodities, and Financial Services Sales Agents","Securities, Commodities, and Financial Services Sales Agents","Securities, Commodities, and Financial Services Sales Agents",0.2115384615384615,0.6057692307692308,1.0,0.2692307692307693,0.5192307692307693,0.7692307692307693,1.256298,1,41-3031,False,0.016,1,41-3031,False,base_00,4,base_00,False,1,1.12,2.25,3.25,1.12,3.75,1.25,1.0,1.0,1.0,1.12,2.5,1.0,2.88,3.25,1.12,1.0,1.0,2.0,3.38,3.38,1.12,3.25,2.5,1.12,3.38,1.12,3.12,4.12,3.88,3.0,2.75,1.12,3.5,1.0,1.12,1.12,2.88,1.12,1.38,3.62,3.5,2.75,1.0,1.0,1.0,2.38,1.88,1.62,2.0,1.88,3.62,3.5,3.5,3.75,3.38,2.88,3.75,1.12,1.12,1.12,2.88,3.62,2.62,3.12,2.0,2.75,3.12,3.62,3.0,1.12,2.0,1.62,3.5,1.88,1.38,3.5,1.0,1.25,3.25,3.38,3.5,3.25,3.12,1.62,3.12,1.12,3.38,3.9,2.03,2.66,3.98,3.85,1.53,2.76,2.74,3.08,3.63,1.11,4.23,2.91,3.96,4.27,2.56,1.26,3.7,1.58,3.75,3.4,4.08,2.47,3.19,1.51,3.88,3.08,3.49,1.62,4.08,2.95,1.24,1.19,3.29,2.99,3.73,1.69,3.17,2.59,4.01,4.42,2.9,3.33,4.69,3.07,4.28,2.81,1.23,2.59,4.43,4.96,1.14,1.0,1.04,1.16,1.0,1.0,1.03,1.05,1.0,2.14,1.2,1.01,4.71,4.33,4.3,2.1,4.3,4.55,3.17,1.96,1.01,4.16,1.57,3.9,1.19,1.26,1.24,2.98,2.27,1.2,1.03,1.0,1.11,2.2,4.27,1.95,2.31,1.55,4.93,3.86,1.03,1.01,3.01,4.11,3.35,True,True,True,True,True,True,True,True
41-3041,Travel Agents,Travel Agents,Travel Agents,0.125,0.5625,1.0,0.25,0.5625,0.875,1.133598,1,41-3041,False,0.099,1,41-3041,False,base_00,3,base_00,False,1,1.62,2.62,3.0,1.5,3.12,1.62,1.0,1.38,1.0,1.0,2.12,2.25,2.5,3.0,1.0,1.0,1.0,1.75,3.0,3.25,1.75,2.88,2.88,1.0,3.88,1.0,3.0,4.0,3.88,3.0,2.12,1.0,3.5,1.0,1.0,1.12,3.12,1.0,1.0,4.0,4.12,2.25,1.0,1.0,1.0,2.88,2.12,1.75,2.25,2.12,3.88,3.12,3.12,4.12,3.0,3.12,3.12,1.0,1.12,1.0,2.62,3.38,2.5,2.12,1.75,1.88,2.88,3.0,3.12,1.62,1.75,1.75,3.62,1.75,1.25,4.0,1.0,1.25,4.12,3.75,4.0,2.38,2.25,1.75,3.0,1.0,3.12,3.5,2.4,2.62,4.23,3.78,1.44,2.78,1.96,2.41,3.76,1.55,3.93,2.82,2.58,4.56,2.46,1.59,2.83,2.18,3.3,3.43,3.53,2.42,2.62,1.48,3.47,3.76,4.07,1.34,3.89,2.55,1.71,1.87,3.42,2.95,3.76,2.22,3.03,2.93,3.8,4.6,3.07,3.38,4.45,3.19,4.43,2.6,1.31,3.8,4.32,4.98,1.16,1.0,1.01,1.11,1.0,1.0,1.0,1.0,1.0,2.17,1.04,1.0,4.05,4.03,3.74,2.55,3.88,4.78,3.12,1.11,1.0,3.13,1.06,3.87,1.06,1.0,1.22,3.19,1.54,1.6,1.0,1.14,1.2,3.08,4.86,1.67,3.71,1.02,5.0,3.73,1.0,1.0,3.41,3.43,4.06,True,True,True,True,True,True,True,True
41-3091,"Sales Representatives of Services, Except Advertising, Insurance, Financial Services, and Travel","Sales Representatives of Services, Except Advertising, Insurance, Financial Services, and Travel","Sales Representatives of Services, Except Advertising, Insurance, Financial Services, and Travel",0.3333333333333333,0.6333333333333333,0.9333333333333332,0.3333333333333333,0.5666666666666667,0.8,1.302674,1,41-3099,False,,,,,base_00,2,base_00,False,1,,,,,,,,,,,,,,,,,,,,,,,,,,,,,,,,,,,,,,,,,,,,,,,,,,,,,,,,,,,,,,,,,,,,,,,,,,,,,,,,,,,,,,,,,,,,,,,,,,,,,,,,,,,,,,,,,,,,,,,,,,,,,,,,,,,,,,,,,,,,,,,,,,,,,,,,,,,,,,,,,,,,,,,,,,,,,,,,,,,,,,,,True,True,False,True,False,False,False,False
41-4011,"Sales Representatives, Wholesale and Manufacturing, Technical and Scientific Products","Sales Representatives, Wholesale and Manufacturing, Technical and Scientific Products","Sales Representatives, Wholesale and Manufacturing, Technical and Scientific Products",0.0789473684210526,0.4983130904183536,0.9176788124156546,0.3852901484480431,0.573549257759784,0.761808367071525,0.8911985,1,41-4011,False,0.25,1,41-4011,False,base_00,4,base_00,True,2,1.375,1.81,3.0,1.625,3.44,1.94,1.0,1.06,1.0,1.19,3.0,2.065,2.875,3.06,1.06,1.06,1.06,1.81,3.06,3.06,1.25,2.88,2.69,1.56,3.25,1.0,2.88,4.0,4.25,3.0,2.56,1.06,3.25,1.0,1.0,1.0,2.815,1.0,1.375,3.81,3.75,2.815,1.0,1.125,1.125,2.37,1.94,2.185,2.69,1.19,3.75,3.565,3.31,3.81,3.25,3.31,3.44,1.0,1.435,1.0,2.88,3.12,2.75,2.25,2.06,2.37,2.815,3.06,3.625,1.875,2.06,1.94,3.935,1.75,1.94,3.685,1.0,1.44,3.685,3.69,4.125,2.815,2.435,1.94,3.0,1.31,3.25,3.065,2.21,2.35,3.7,3.685,1.735,2.9850000000000003,2.6799999999999997,3.155,2.935,1.985,4.1850000000000005,2.92,3.1950000000000003,4.12,2.06,1.755,3.2750000000000004,2.465,3.07,2.815,3.435,2.01,2.9299999999999997,2.12,3.72,2.96,2.465,1.955,3.17,2.66,1.615,1.34,3.12,3.0549999999999997,3.97,1.7399999999999998,2.845,2.63,3.34,3.825,2.9850000000000003,2.635,4.76,3.82,4.375,2.925,1.265,2.14,4.62,4.99,2.225,1.62,1.115,1.82,1.735,1.755,1.74,1.41,1.13,2.8550000000000004,1.92,1.1,4.17,4.145,4.24,2.395,4.005,4.26,2.885,3.385,1.67,3.76,2.61,3.835,2.425,1.58,1.46,2.83,1.91,1.5550000000000002,1.29,1.19,1.275,2.0549999999999997,3.815,2.425,2.03,1.955,4.995,3.575,1.955,1.145,2.845,4.415,3.305,True,True,True,True,True,True,True,True
41-4012,"Sales Representatives, Wholesale and Manufacturing, Except Technical and Scientific Products","Sales Representatives, Wholesale and Manufacturing, Except Technical and Scientific Products","Sales Representatives, Wholesale and Manufacturing, Except Technical and Scientific Products",0.2413793103448275,0.6206896551724138,1.0,0.4827586206896551,0.7068965517241379,0.9310344827586208,0.8224681,1,41-4012,False,0.85,1,41-4012,False,base_00,4,base_00,False,1,2.0,1.88,3.12,2.12,3.12,1.88,1.12,1.38,1.38,1.62,2.25,2.12,2.38,3.12,1.62,1.5,1.38,1.62,3.0,3.12,2.12,2.38,2.25,2.0,3.12,1.5,2.38,3.88,4.0,3.0,2.12,1.62,3.12,1.5,1.62,1.75,2.38,1.38,1.5,3.88,3.75,2.12,1.25,1.5,1.38,2.25,2.0,1.88,2.12,1.5,3.75,3.62,3.12,4.0,3.12,3.12,3.5,1.0,1.0,1.0,2.75,3.12,2.25,1.88,1.88,1.88,2.25,3.12,3.75,1.75,1.75,1.62,3.75,1.5,1.25,3.38,1.0,1.0,3.12,3.75,4.0,2.25,2.25,1.62,3.0,1.0,3.25,2.81,2.95,2.58,3.94,4.22,2.44,2.76,2.19,2.96,3.92,1.48,4.27,2.99,3.02,4.47,2.45,3.24,4.19,2.01,2.58,3.15,4.41,2.81,4.04,4.0,3.71,3.31,3.79,3.45,3.75,2.31,1.07,1.05,3.66,3.12,4.88,1.15,3.93,2.22,4.4,4.07,3.31,1.88,5.0,4.32,4.91,3.58,1.11,2.43,4.61,4.77,3.03,1.66,1.07,1.74,1.07,1.33,1.09,1.52,1.0,2.17,2.53,1.0,4.65,4.51,4.72,2.29,4.32,3.75,3.44,4.33,1.5,4.63,1.69,4.04,2.74,1.17,1.14,3.07,2.08,2.31,1.17,1.4,1.88,2.49,3.35,2.74,2.38,2.52,4.99,3.78,1.82,1.0,3.22,4.91,3.37,True,True,True,True,True,True,True,True
41-9011,Demonstrators and Product Promoters,Demonstrators and Product Promoters,Demonstrators and Product Promoters,0.0512820512820512,0.1282051282051282,0.2051282051282051,0.2051282051282051,0.3974358974358974,0.5897435897435898,0.1235652,1,41-9011,False,0.51,1,41-9011,False,base_00,2,base_00,False,1,2.12,2.75,3.0,1.75,3.12,2.0,1.0,2.12,1.5,2.12,2.88,2.38,2.62,2.75,1.0,2.0,2.0,2.62,3.0,3.0,2.0,2.12,2.62,2.25,3.12,1.0,2.12,3.88,3.88,2.88,2.75,1.0,3.0,1.62,1.62,1.0,3.0,1.0,1.38,3.88,3.75,2.25,1.0,2.12,2.25,2.75,2.75,2.75,2.88,1.5,3.0,3.0,2.88,3.88,3.0,3.0,3.0,1.0,1.0,1.0,2.38,3.0,2.75,1.62,1.62,2.38,2.12,3.0,2.38,1.75,2.0,2.12,3.5,1.12,2.12,3.25,1.0,1.0,3.25,3.0,3.88,2.12,2.25,1.88,3.0,2.0,3.0,2.8,2.67,2.64,4.07,3.81,2.58,2.73,3.26,2.73,2.85,1.91,4.14,2.74,2.52,3.58,2.43,3.08,3.26,3.14,3.01,3.49,3.36,2.1,2.68,1.6,3.13,2.68,4.74,3.13,2.56,2.61,1.75,1.5,2.41,2.48,4.72,2.16,3.31,3.07,2.99,2.02,2.87,2.19,4.82,3.2,4.44,3.45,1.14,1.45,3.62,3.64,1.79,1.86,1.0,1.35,1.0,1.41,1.12,1.72,1.0,2.31,1.41,1.0,4.27,4.04,3.77,2.78,3.69,3.34,2.91,1.3,1.01,4.11,1.24,3.1,1.32,1.41,1.48,3.69,3.0,2.77,1.11,1.91,2.01,3.68,1.6,4.51,4.06,2.11,3.33,3.82,2.56,1.0,2.4,3.85,3.17,True,True,True,True,True,True,True,True
41-9012,Models,Models,Models,0.1333333333333333,0.2333333333333333,0.3333333333333333,0.0666666666666666,0.4,0.7333333333333334,-1.122021,1,41-9012,False,0.98,1,41-9012,False,base_00,2,base_00,False,1,1.88,1.38,2.38,1.0,2.0,1.38,1.5,2.0,1.25,2.62,2.25,1.38,1.62,2.25,1.5,2.75,2.75,1.25,2.25,2.12,1.5,1.62,1.75,2.62,2.38,1.0,1.62,2.88,2.75,2.5,1.38,1.25,2.25,1.12,1.25,1.5,2.62,1.0,1.62,2.75,2.75,1.25,1.25,2.25,1.88,2.12,2.75,2.25,2.12,1.0,2.25,2.38,1.88,2.75,1.88,2.62,2.62,1.0,1.0,1.0,1.25,2.12,1.12,1.0,1.0,1.5,1.25,1.88,2.0,1.0,1.38,1.0,2.0,1.0,1.12,2.5,1.0,1.0,1.88,2.88,2.75,1.75,1.12,1.5,2.5,1.0,2.0,1.26,1.87,1.33,1.67,2.42,1.26,1.9,1.63,1.5,2.26,1.22,3.16,1.25,1.5,2.82,1.49,2.29,2.11,1.57,1.74,1.84,1.99,1.24,1.74,1.26,2.63,1.6,2.55,4.43,1.85,1.64,1.21,1.21,1.6,2.97,1.82,1.31,3.52,1.53,2.06,1.38,1.73,2.22,4.69,2.66,2.16,1.6,1.17,1.33,2.67,3.45,2.49,2.3,1.07,3.0,1.23,1.01,1.02,1.17,1.07,1.71,1.42,1.0,3.98,3.73,2.94,1.2,2.95,2.76,2.57,1.34,1.01,4.77,1.44,1.65,1.38,1.47,1.09,3.34,2.12,2.83,1.02,3.04,1.74,1.93,3.38,2.6,1.51,1.14,3.0,1.67,1.02,1.01,1.95,3.32,1.77,True,True,True,True,True,True,True,True
41-9021,Real Estate Brokers,Real Estate Brokers,Real Estate Brokers,0.0,0.5,1.0,0.125,0.421875,0.71875,1.149681,1,41-9021,False,0.97,1,41-9021,False,base_00,4,base_00,False,1,1.12,1.75,2.62,1.38,3.62,1.75,1.0,1.0,1.0,1.0,2.62,1.25,2.25,2.75,1.0,1.0,1.0,1.5,3.25,3.0,1.12,2.88,2.0,1.38,3.62,1.0,2.12,4.0,4.0,2.5,2.12,1.0,3.38,1.0,1.12,1.12,2.38,1.0,1.38,3.62,3.62,2.0,1.0,1.0,1.0,2.12,2.12,1.75,2.0,1.75,4.0,3.5,3.62,3.88,3.0,3.12,3.88,1.0,1.0,1.0,2.5,3.38,2.5,2.12,1.75,2.62,2.88,3.12,3.62,1.75,1.62,1.75,3.5,1.5,2.62,3.88,1.0,1.12,3.25,3.38,4.0,2.38,2.25,1.38,3.0,1.62,3.38,3.74,2.52,2.86,3.79,3.61,1.69,3.01,2.48,3.22,3.74,1.29,4.32,3.05,3.72,4.38,2.6,1.47,3.75,2.72,3.02,3.41,3.75,2.81,3.2,2.26,3.81,3.8,3.17,1.62,3.71,3.21,1.6,1.19,3.53,3.0,3.78,2.27,3.73,2.79,4.28,3.9,3.14,3.15,4.69,3.9,4.46,3.2,1.24,2.7,4.84,5.0,1.48,1.16,1.22,1.6,1.29,1.03,1.33,1.07,1.0,2.06,2.51,1.03,4.78,4.89,4.59,2.23,4.39,4.03,3.04,4.63,1.21,4.75,2.27,4.6,3.87,2.01,1.37,3.16,2.76,1.11,1.03,1.08,1.1,1.92,3.67,2.37,1.92,1.93,5.0,3.92,1.13,1.0,3.16,4.26,4.16,True,True,True,True,True,True,True,True
41-9022,Real Estate Sales Agents,Real Estate Sales Agents,Real Estate Sales Agents,0.0,0.4375,0.875,0.2857142857142857,0.4107142857142857,0.5357142857142857,0.8649445,1,41-9022,False,0.86,1,41-9022,False,base_00,3,base_00,False,1,1.62,1.88,3.12,1.75,3.25,2.25,1.12,1.38,1.25,1.25,3.12,1.75,3.0,3.0,1.75,1.25,1.25,1.88,3.12,3.12,1.5,3.0,2.62,1.88,3.0,1.75,2.88,4.0,4.0,2.88,2.5,1.88,3.0,1.75,1.75,1.75,2.62,1.88,1.88,3.88,3.88,2.75,1.5,1.38,1.38,2.5,2.25,2.62,2.75,1.5,3.88,3.38,3.12,4.0,3.12,3.75,3.62,1.0,1.0,1.0,2.62,3.25,2.5,2.12,1.75,2.75,3.12,3.0,3.88,1.75,1.75,1.75,3.62,1.62,2.12,3.38,1.0,1.12,3.5,3.75,4.0,2.62,2.62,1.62,3.38,1.75,3.38,3.5,3.26,3.32,4.3,3.85,1.6,3.5,3.74,3.6,3.65,1.55,4.4,2.4,3.55,4.3,2.95,2.0,3.42,2.79,3.8,3.2,4.35,2.8,3.3,3.7,4.3,3.63,4.2,2.55,3.45,3.63,1.75,1.6,4.65,3.95,4.3,2.58,3.85,3.16,4.21,4.4,3.29,3.4,4.95,3.84,3.86,3.21,1.62,2.25,4.71,5.0,1.79,1.43,1.16,1.76,1.16,1.14,1.24,1.47,1.0,2.14,2.37,1.0,4.72,4.57,4.35,2.14,4.43,4.05,2.9,4.48,1.05,3.95,2.29,4.85,3.32,2.95,1.15,3.84,2.67,1.42,1.33,1.11,1.67,1.95,3.24,2.74,1.9,2.32,4.95,4.52,1.3,1.24,2.89,3.63,4.26,True,True,True,True,True,True,True,True
41-9031,Sales Engineers,Sales Engineers,Sales Engineers,0.1590909090909091,0.5113636363636364,0.8636363636363636,0.3181818181818182,0.5340909090909091,0.75,1.145416,1,41-9031,False,0.0041,1,41-9031,False,base_00,4,base_00,False,1,1.88,2.0,3.62,1.75,4.0,2.12,1.0,1.0,1.0,1.0,2.75,2.12,2.88,3.62,1.0,1.0,1.0,1.88,4.0,3.75,1.88,3.12,3.0,1.38,3.62,1.0,3.25,4.0,4.12,3.38,2.75,1.0,3.75,1.0,1.0,1.0,2.88,1.0,1.0,4.12,4.0,3.0,1.0,1.0,1.0,2.62,1.75,2.5,2.88,1.5,4.0,3.88,3.75,4.0,3.88,3.38,4.0,1.0,1.88,1.0,3.38,4.0,3.0,2.38,2.25,2.62,3.0,2.88,3.88,1.62,2.75,1.88,4.12,1.88,1.88,4.0,1.0,2.12,3.75,4.0,4.12,3.62,3.5,2.75,3.5,1.75,3.75,3.55,2.0,2.54,4.44,3.96,1.7,2.51,2.34,3.25,3.3,2.23,4.0,4.07,3.62,4.4,2.44,1.42,4.21,1.75,3.42,3.15,3.85,1.83,2.23,1.82,3.63,2.86,2.59,1.54,3.39,3.52,1.9,1.58,2.99,2.67,4.32,1.61,3.95,3.34,3.87,4.19,2.95,2.66,4.56,4.01,4.57,2.31,1.0,1.62,4.42,5.0,1.35,1.06,1.0,1.16,1.39,1.68,1.03,1.0,1.0,1.87,1.18,1.06,4.46,4.46,4.56,2.69,4.48,3.97,2.93,1.89,1.18,4.65,1.57,3.72,1.18,1.4,1.11,2.13,2.69,1.08,1.0,1.06,1.06,2.06,3.72,2.05,1.56,1.53,4.87,4.02,1.82,1.03,3.56,4.19,2.76,True,True,True,True,True,True,True,True
41-9041,Telemarketers,Telemarketers,Telemarketers,0.611111111111111,0.8055555555555555,1.0,0.2222222222222222,0.5277777777777778,0.8333333333333333,1.118129,1,41-9041,False,0.99,1,41-9041,False,base_00,2,base_00,False,1,1.62,2.12,2.25,1.5,2.75,1.25,1.0,1.0,1.0,1.0,1.62,1.75,1.88,2.25,1.0,1.0,1.0,1.75,2.62,2.62,1.5,1.62,1.88,1.0,2.88,1.0,1.75,4.0,4.0,2.25,1.5,1.0,2.88,1.0,1.0,1.0,3.12,1.0,1.0,3.75,3.62,1.75,1.0,1.0,1.0,2.12,1.62,1.5,1.62,1.62,3.12,2.75,2.0,4.0,2.38,2.5,3.0,1.0,1.0,1.0,2.25,2.38,1.5,1.25,1.25,1.62,1.38,2.25,3.0,1.12,1.38,1.25,4.12,1.25,1.12,3.25,1.0,1.0,3.5,3.25,4.12,1.75,1.62,1.25,2.38,1.0,2.5,3.81,3.7,2.2,4.46,4.21,1.92,2.49,2.62,3.68,3.36,1.39,3.94,2.71,3.56,4.34,2.56,2.0,4.0,2.16,3.47,3.18,4.02,1.67,3.24,1.43,3.64,2.55,3.0,1.31,4.08,2.8,1.8,1.56,3.75,3.04,4.85,1.22,3.54,2.89,4.17,3.61,2.51,1.88,4.88,2.54,4.45,4.17,1.25,3.09,3.43,3.82,1.34,1.22,1.0,1.4,1.0,1.0,1.05,1.0,1.0,3.86,1.4,1.0,3.62,3.53,3.25,2.2,3.2,4.58,4.17,1.14,1.05,4.51,1.21,3.94,1.28,1.09,1.94,3.38,1.79,1.23,1.0,1.0,1.02,3.54,4.85,1.54,3.47,1.29,4.93,3.74,1.0,1.0,2.44,3.28,2.49,True,True,True,True,True,True,True,True
41-9091,"Door-to-Door Sales Workers, News and Street Vendors, and Related Workers","Door-to-Door Sales Workers, News and Street Vendors, and Related Workers","Door-to-Door Sales Workers, News and Street Vendors, and Related Workers",0.1739130434782608,0.2608695652173913,0.3478260869565217,0.5217391304347826,0.5217391304347826,0.5217391304347826,1.107101,1,41-9091,False,0.94,1,41-9091,False,base_00,2,base_00,False,1,1.12,1.5,2.5,1.12,2.88,1.0,1.0,1.0,1.0,1.0,2.38,1.62,2.12,2.88,1.0,1.0,1.0,1.5,2.75,3.0,1.25,2.12,2.25,1.12,2.88,1.12,2.0,3.88,4.0,2.88,1.5,1.0,2.88,1.0,1.0,1.0,2.5,1.0,1.25,3.5,3.5,1.75,1.0,1.25,1.38,2.5,2.12,1.75,2.0,1.5,3.0,3.12,2.62,3.38,2.62,3.25,2.88,1.0,1.0,1.0,2.38,3.0,2.25,1.62,1.75,1.88,1.88,2.75,3.25,1.38,1.75,1.38,4.0,1.62,1.12,3.0,1.0,1.0,3.62,3.75,4.0,2.0,2.12,1.75,2.75,1.0,2.88,1.88,2.54,3.65,3.83,3.3,1.42,2.65,3.57,3.0,2.92,1.12,4.26,2.08,2.17,3.71,3.39,2.38,2.62,1.58,2.57,2.46,2.75,2.25,2.67,2.13,3.65,3.04,4.46,2.18,2.83,2.61,1.29,1.12,3.08,3.3,4.58,2.48,2.88,3.39,3.0,3.52,2.54,1.46,4.48,2.92,4.7,2.71,1.25,1.88,4.75,4.48,1.46,1.46,1.29,1.62,1.17,1.17,1.08,1.5,1.04,1.83,1.71,1.0,4.14,4.79,2.92,1.67,2.58,2.96,2.04,2.79,1.0,2.83,1.83,3.21,1.62,1.79,1.04,3.67,3.7,1.54,1.04,1.26,1.25,1.79,2.96,3.08,2.43,1.71,4.55,3.04,1.38,1.0,2.21,3.05,3.14,True,True,True,True,True,True,True,True
43-1011,First-Line Supervisors of Office and Administrative Support Workers,First-Line Supervisors of Office and Administrative Support Workers,First-Line Supervisors of Office and Administrative Support Workers,0.0833333333333333,0.4895833333333333,0.8958333333333333,0.2291666666666666,0.53125,0.8333333333333333,1.038688,1,43-1011,False,0.014,1,43-1011,False,base_00,3,base_00,False,1,1.38,2.75,3.25,1.0,3.62,1.88,1.0,1.5,1.25,1.5,2.88,2.62,2.75,3.38,1.0,1.38,1.25,2.5,3.5,3.62,1.5,2.75,2.5,1.75,3.5,1.0,2.62,4.12,4.0,3.38,2.62,1.0,3.75,1.0,1.0,1.0,3.0,1.0,1.0,3.88,3.88,2.62,1.0,1.38,1.5,2.88,1.62,2.12,2.62,1.5,4.0,3.88,3.75,4.0,3.38,4.0,3.88,1.0,1.0,1.0,3.75,3.75,3.62,2.5,2.75,3.75,2.75,4.0,3.62,1.12,2.38,2.25,3.62,1.88,2.88,4.0,1.0,1.0,3.62,4.0,4.0,3.0,3.12,1.5,3.75,2.0,3.75,3.98,3.19,3.97,3.59,4.2,2.33,3.6,3.66,3.51,3.98,1.4,3.7,2.96,3.95,4.29,3.73,2.68,3.95,2.98,3.44,3.69,4.21,3.69,3.75,1.94,3.71,3.48,3.05,2.72,4.2,3.47,1.85,1.75,3.86,3.34,2.41,3.75,3.55,3.63,3.65,4.47,3.44,2.92,4.7,4.07,4.0,3.15,1.24,2.33,4.41,4.55,1.73,1.11,1.37,1.12,1.16,1.15,1.18,1.14,1.0,2.39,1.21,1.03,4.93,4.03,3.96,2.61,3.97,4.23,3.07,1.3,1.01,3.83,1.35,2.94,1.21,1.09,1.1,2.89,2.04,1.5,1.05,1.11,1.22,3.17,4.3,2.14,2.39,1.68,4.93,4.04,1.4,1.04,4.36,4.53,3.6,True,True,True,True,True,True,True,True
43-2011,"Switchboard Operators, Including Answering Service","Switchboard Operators, Including Answering Service","Switchboard Operators, Including Answering Service",0.5161290322580645,0.6290322580645161,0.7419354838709677,0.3870967741935484,0.4838709677419355,0.5806451612903225,0.9832644,1,43-2011,False,0.96,1,43-2011,False,base_00,2,base_00,False,1,2.12,2.75,2.5,2.0,3.0,1.12,1.0,1.38,1.0,1.0,2.75,2.38,2.25,2.0,1.0,1.0,1.0,2.12,3.0,3.0,2.0,1.88,2.25,1.5,3.38,1.0,1.88,4.12,4.12,2.0,2.75,1.0,2.88,1.0,1.12,1.62,3.12,1.0,1.0,4.0,4.0,2.38,1.0,1.0,1.0,2.62,1.75,2.0,1.88,1.88,3.0,3.0,2.5,4.0,2.5,3.0,2.75,1.0,1.0,1.0,2.0,2.62,2.0,1.0,1.0,1.88,1.88,2.88,2.12,1.75,1.38,2.0,2.38,1.25,1.62,3.0,1.0,1.0,3.12,3.5,3.88,2.0,1.88,1.0,2.75,1.5,2.75,2.35,2.54,2.02,2.92,4.04,1.17,1.9,2.72,1.53,3.25,1.16,3.14,1.62,3.44,4.48,1.93,1.3,4.17,1.88,2.07,2.49,2.9,2.18,2.95,1.17,2.11,3.7,3.96,1.35,3.25,1.93,1.46,1.17,2.67,2.03,1.31,1.57,1.87,2.18,3.07,3.79,3.59,2.03,4.98,3.31,4.39,4.34,1.75,2.31,3.55,4.61,2.06,1.28,1.67,1.47,1.01,1.06,1.0,1.13,1.28,2.54,1.08,1.0,4.6,3.71,4.49,2.72,3.48,3.93,3.58,1.23,1.04,4.33,1.22,2.44,1.3,1.05,1.08,3.75,1.61,1.88,1.0,1.0,1.33,3.61,3.69,2.34,2.92,2.21,5.0,3.22,1.06,1.0,2.55,4.35,3.8,True,True,True,True,True,True,True,True
43-2021,Telephone Operators,Telephone Operators,Telephone Operators,0.8421052631578947,0.894736842105263,0.9473684210526316,0.3684210526315789,0.5526315789473684,0.7368421052631579,1.019712,1,43-2021,False,0.97,1,43-2021,False,base_00,2,base_00,False,1,2.0,2.5,2.5,2.0,2.88,1.5,1.0,1.5,1.0,1.0,2.0,2.62,2.5,1.88,1.0,1.0,1.0,2.12,2.88,2.75,2.0,2.0,2.0,1.0,3.0,1.0,1.88,4.0,4.12,1.88,2.25,1.0,3.0,1.62,1.88,1.5,3.0,1.0,1.0,4.0,4.0,2.12,1.0,1.0,1.0,2.0,1.88,1.88,1.62,1.62,3.0,2.75,2.25,4.0,2.62,2.5,3.0,1.0,1.0,1.0,2.0,2.25,2.0,1.38,1.38,2.0,1.88,2.75,1.88,1.25,1.12,1.75,2.0,1.38,1.12,3.0,1.0,1.0,3.5,3.12,4.0,2.0,1.88,1.25,2.5,1.0,2.25,2.83,3.19,2.76,3.31,3.91,2.09,1.91,2.29,2.71,4.04,1.64,3.49,2.67,3.09,4.49,2.17,1.75,3.28,2.47,3.57,3.25,2.87,1.8,2.87,1.36,3.09,2.47,4.11,1.99,4.06,2.31,2.29,1.51,2.83,2.68,1.63,2.28,2.37,3.28,3.86,4.38,3.14,2.32,5.0,3.92,4.68,3.9,1.72,2.63,3.69,4.48,1.68,1.06,1.42,1.65,1.0,1.0,1.0,1.0,1.42,3.52,1.61,1.42,4.6,3.72,4.18,3.27,3.74,4.17,3.86,1.0,1.0,4.27,1.02,2.7,1.0,1.08,2.69,2.9,2.69,2.28,1.0,1.44,1.0,4.11,3.82,2.46,3.48,1.7,5.0,3.69,1.64,1.08,3.12,4.67,2.97,True,True,True,True,True,True,True,True
43-3011,Bill and Account Collectors,Bill and Account Collectors,Bill and Account Collectors,0.3928571428571428,0.6964285714285714,1.0,0.1071428571428571,0.4285714285714285,0.75,1.271991,1,43-3011,False,0.95,1,43-3011,False,base_00,2,base_00,False,1,1.38,2.12,3.0,1.38,2.88,1.5,1.0,1.12,1.0,1.0,2.5,2.12,2.38,2.5,1.0,1.0,1.0,2.12,2.88,2.88,1.38,2.62,2.12,1.0,3.25,1.0,2.75,3.75,3.75,2.5,2.62,1.0,3.0,1.0,1.0,1.0,3.0,1.0,1.0,3.62,3.62,2.0,1.0,1.0,1.0,2.25,1.38,2.0,2.12,1.25,3.62,3.5,2.88,3.88,2.88,2.88,3.12,1.0,1.0,1.0,2.38,2.88,2.12,1.5,1.5,2.12,2.62,3.0,3.0,1.0,1.12,1.88,3.38,1.25,1.62,3.12,1.0,1.0,3.0,3.38,3.88,2.25,2.0,1.0,3.0,1.5,3.25,2.8,2.32,2.5,3.13,3.9,1.43,2.3,2.83,2.77,3.92,1.16,3.58,2.61,2.91,3.65,2.88,1.98,3.3,2.56,2.74,2.85,3.42,2.31,3.18,1.05,3.95,3.47,2.5,2.14,3.05,2.24,1.21,1.15,3.66,2.62,1.86,1.55,2.41,2.98,3.1,4.16,3.57,3.1,4.9,3.34,3.97,4.63,1.38,2.86,3.37,3.96,1.46,1.0,1.31,1.06,1.0,1.03,1.01,1.17,1.0,2.96,1.12,1.0,3.8,3.24,4.27,2.25,4.16,4.04,4.3,1.5,1.0,4.83,1.09,3.52,1.17,1.0,1.09,2.79,1.77,1.29,1.0,1.0,1.01,2.66,4.64,1.76,2.12,1.69,4.62,3.9,1.0,1.0,2.61,3.5,3.75,True,True,True,True,True,True,True,True
43-3021,Billing and Posting Clerks,Billing and Posting Clerks,Billing and Posting Clerks,0.6904761904761905,0.7738095238095237,0.8571428571428571,0.1904761904761904,0.4166666666666666,0.6428571428571428,1.333455,1,43-3021,False,0.96,1,43-3021,False,base_00,3,base_00,False,1,1.88,2.12,3.12,1.75,3.12,1.0,1.0,1.62,1.0,1.0,2.12,1.88,2.88,2.12,1.0,1.0,1.0,1.62,3.0,3.5,1.88,2.88,2.5,1.0,3.62,1.0,3.12,3.38,3.5,2.0,2.62,1.0,3.25,1.0,1.0,1.12,2.75,1.12,1.0,3.25,3.38,2.38,1.0,1.0,1.0,2.12,2.25,1.75,1.88,2.38,3.62,3.38,2.75,3.12,2.88,2.75,3.12,1.38,1.38,1.0,2.12,2.88,2.38,1.5,1.62,2.25,3.25,3.12,2.25,1.5,1.25,1.88,2.12,2.0,1.75,3.62,1.5,1.12,2.88,2.88,3.12,2.25,2.25,1.25,3.12,1.62,3.0,3.24,2.6,2.43,3.79,4.28,1.63,2.65,2.27,2.28,3.6,1.26,2.73,1.84,3.9,4.53,1.89,2.11,2.77,1.59,2.85,1.72,3.39,1.5,2.86,1.49,3.72,3.75,2.17,1.6,4.28,2.27,1.31,1.24,2.78,2.54,1.53,1.43,2.48,2.54,4.09,4.67,2.26,1.93,4.32,2.58,3.33,2.96,1.26,2.19,4.18,4.73,2.5,1.06,1.59,2.08,1.02,1.0,1.0,1.05,1.05,3.25,1.21,1.0,4.0,4.09,3.61,1.81,3.37,4.29,4.34,1.88,1.0,4.1,1.0,2.02,1.27,1.05,1.65,2.59,1.07,1.51,1.05,1.31,1.28,3.45,4.63,2.07,3.09,1.82,4.72,3.93,1.21,1.0,2.3,4.03,3.71,True,True,True,True,True,True,True,True
43-3031,"Bookkeeping, Accounting, and Auditing Clerks","Bookkeeping, Accounting, and Auditing Clerks","Bookkeeping, Accounting, and Auditing Clerks",0.6046511627906976,0.8023255813953488,1.0,0.1395348837209302,0.313953488372093,0.4883720930232558,1.039749,1,43-3031,False,0.98,1,43-3031,False,base_00,3,base_00,False,1,2.0,1.88,3.12,2.0,3.0,1.0,1.0,1.38,1.0,1.0,2.62,2.5,2.75,2.12,1.0,1.0,1.0,1.75,3.12,3.12,2.0,3.88,2.38,1.0,3.88,1.0,3.5,4.0,3.5,1.88,2.88,1.0,3.5,1.0,1.0,1.0,3.0,1.0,1.0,3.0,3.12,2.25,1.0,1.0,1.0,2.0,1.75,1.75,2.0,1.62,3.88,3.62,2.75,3.25,2.88,2.88,3.25,1.0,1.0,1.0,2.12,2.75,2.0,2.0,1.75,2.12,3.38,3.0,2.25,1.12,1.38,1.62,2.25,1.38,1.12,3.25,1.0,1.12,2.88,2.75,3.12,2.12,2.12,1.12,3.0,1.0,3.12,3.13,2.16,2.19,3.57,3.82,1.89,2.57,2.38,2.57,4.05,1.09,3.97,2.48,3.34,4.26,1.91,1.79,3.7,1.67,2.75,2.23,3.48,2.73,3.33,1.27,3.71,3.68,3.08,1.65,3.72,2.47,1.17,1.13,3.01,2.64,1.6,2.1,2.43,2.41,3.44,4.46,2.99,2.44,4.48,3.38,3.61,2.68,1.09,2.36,3.8,4.92,1.5,1.45,1.17,1.44,1.0,1.01,1.02,1.02,1.0,3.21,1.54,1.0,4.55,3.75,3.92,2.05,3.68,4.68,4.65,1.53,1.0,4.81,1.34,2.76,1.4,1.11,1.28,2.77,1.89,1.51,1.0,1.02,1.21,4.14,4.46,2.07,2.96,1.98,4.79,3.87,1.11,1.0,2.97,3.92,3.79,True,True,True,True,True,True,True,True
43-3041,Gambling Cage Workers,Gambling Cage Workers,Gambling Cage Workers,0.3870967741935484,0.4193548387096774,0.4516129032258064,0.3225806451612903,0.4193548387096774,0.5161290322580645,0.4026518,1,43-3041,False,0.39,1,43-3041,False,base_00,2,base_00,False,1,2.12,2.38,2.88,2.0,3.25,1.38,1.0,2.0,1.38,2.25,2.12,2.25,2.5,2.12,1.0,2.0,1.62,1.62,3.0,3.25,2.12,3.62,2.62,2.0,3.88,1.0,3.62,3.88,3.88,2.12,2.88,1.0,3.62,1.25,1.12,1.12,3.12,1.0,1.12,3.75,3.25,2.0,1.25,2.12,2.0,2.38,2.88,2.0,2.0,1.5,3.12,3.0,2.38,3.25,2.25,2.88,3.0,1.0,1.0,1.0,2.88,2.88,2.38,1.88,1.5,2.25,3.25,3.0,2.88,2.0,1.12,2.12,2.88,1.25,2.0,3.0,1.0,1.0,3.0,3.0,3.5,2.0,2.0,1.0,3.0,1.38,3.0,2.92,2.46,3.12,2.92,3.64,3.04,3.2,3.1,2.27,3.42,1.63,3.21,2.47,3.58,4.04,2.88,2.86,3.41,3.01,3.03,2.71,3.57,2.81,2.95,1.36,2.85,2.92,3.9,3.17,3.27,2.18,2.15,1.88,3.1,2.25,1.82,2.21,2.14,3.49,3.25,4.07,3.22,3.98,4.96,3.63,4.6,4.07,1.63,2.36,3.0,2.4,2.78,1.34,1.6,2.0,1.0,1.0,1.0,1.11,1.0,3.73,1.51,1.0,3.88,3.26,3.98,3.01,3.86,4.97,4.84,1.0,1.0,4.93,1.25,2.94,1.29,1.02,2.34,4.06,1.95,2.55,1.04,1.56,1.67,4.11,2.33,4.05,4.23,2.72,3.34,4.07,1.14,1.0,3.05,4.28,2.97,True,True,True,True,True,True,True,True
43-3051,Payroll and Timekeeping Clerks,Payroll and Timekeeping Clerks,Payroll and Timekeeping Clerks,0.6756756756756757,0.8378378378378379,1.0,0.1621621621621621,0.4864864864864865,0.8108108108108109,1.257632,1,43-3051,False,0.97,1,43-3051,False,base_00,3,base_00,False,1,1.88,2.0,2.88,1.5,3.12,1.0,1.0,1.38,1.0,1.0,2.12,2.0,2.75,2.12,1.0,1.0,1.0,2.0,3.12,3.38,2.0,3.5,2.12,1.0,3.75,1.0,3.38,3.88,3.62,2.12,2.88,1.0,3.25,1.0,1.0,1.0,3.0,1.0,1.0,3.0,3.0,2.0,1.0,1.0,1.0,2.0,2.0,2.0,2.0,1.75,3.88,3.75,2.75,3.75,3.0,2.75,3.12,1.0,1.0,1.0,2.25,2.88,2.25,1.25,1.0,2.0,3.25,3.0,2.0,1.0,1.25,1.88,2.0,1.88,1.62,3.88,1.0,1.0,3.0,2.88,3.12,2.12,2.0,1.38,2.88,1.0,3.12,3.45,2.9,1.77,2.81,4.0,1.86,2.07,2.72,2.25,3.86,1.33,3.59,2.04,3.73,4.25,1.96,1.78,3.49,1.69,3.02,2.52,3.62,1.69,2.95,1.43,3.65,4.19,1.66,1.69,4.32,2.32,1.36,1.33,2.7,2.49,1.63,2.18,2.73,2.8,3.7,4.37,2.35,2.25,3.82,2.36,2.29,2.73,1.32,2.79,3.64,4.65,1.41,1.1,1.23,1.12,1.0,1.0,1.02,1.03,1.0,2.33,1.03,1.0,4.83,3.49,3.86,1.81,3.88,4.91,4.57,1.28,1.0,4.43,1.14,2.42,1.12,1.06,1.32,2.7,1.88,1.39,1.04,1.17,1.15,3.0,4.79,1.99,2.98,1.63,4.69,4.25,1.23,1.0,2.23,4.5,4.0,True,True,True,True,True,True,True,True
43-3061,Procurement Clerks,Procurement Clerks,Procurement Clerks,0.2571428571428571,0.6142857142857142,0.9714285714285714,0.2571428571428571,0.4571428571428571,0.6571428571428571,1.487838,1,43-3061,False,0.98,1,43-3061,False,base_00,2,base_00,False,1,1.62,2.0,3.0,1.0,3.5,1.0,1.0,1.5,1.25,1.5,2.12,1.62,2.25,2.88,1.0,1.0,1.0,1.88,3.5,3.75,1.62,3.12,2.0,1.5,3.88,1.0,2.5,4.0,4.0,2.38,2.75,1.0,3.5,1.0,1.0,1.0,2.88,1.0,1.0,3.62,3.38,2.12,1.0,1.0,1.5,2.5,1.75,2.0,2.0,1.5,3.88,3.75,3.25,3.88,3.5,3.12,3.75,1.0,1.0,1.0,2.5,3.5,2.38,2.38,2.38,2.75,3.0,3.62,2.88,1.0,1.88,1.25,2.88,1.38,1.62,4.0,1.0,1.0,3.12,3.62,4.0,2.25,2.25,1.5,3.0,1.0,3.62,3.61,2.91,2.89,3.69,4.25,2.23,2.52,2.05,3.13,3.43,1.57,3.93,2.41,3.23,4.19,2.64,2.54,3.69,2.28,2.74,2.79,3.67,3.1,3.32,1.57,3.53,3.73,2.38,2.31,3.97,2.66,1.75,1.44,3.13,3.47,2.33,2.06,2.71,2.7,3.86,4.48,2.55,2.08,4.58,3.13,3.4,2.37,1.0,1.99,4.36,5.0,2.46,1.4,1.12,1.38,1.02,1.01,1.01,1.06,1.05,2.79,2.25,1.0,4.29,4.35,4.46,2.47,3.98,4.85,4.57,1.48,1.15,3.8,2.13,1.76,1.33,1.29,1.18,3.01,1.22,1.38,1.14,1.39,1.36,2.62,4.23,2.07,1.75,2.03,4.94,3.42,1.7,1.01,2.61,4.26,3.14,True,True,True,True,True,True,True,True
43-3071,Tellers,Tellers,Tellers,0.3125,0.5416666666666666,0.7708333333333333,0.2291666666666666,0.3333333333333333,0.4375,0.4727723,1,43-3071,False,0.98,1,43-3071,False,base_00,2,base_00,False,1,2.75,2.12,3.0,2.38,3.12,1.62,1.0,1.62,1.25,1.62,2.75,2.75,2.88,2.88,1.0,1.75,1.25,2.0,3.0,3.62,2.12,3.12,2.12,2.0,3.5,1.0,3.88,4.0,3.88,2.25,3.0,1.0,3.62,1.88,1.88,1.5,3.25,1.0,1.0,3.75,3.88,2.5,1.5,1.62,2.0,2.88,2.25,2.25,2.12,2.0,3.25,3.25,2.88,3.5,2.88,2.88,3.12,1.0,1.0,1.0,2.88,2.88,2.25,1.62,1.5,2.38,3.0,3.12,2.5,2.0,1.12,2.0,2.75,1.25,1.88,3.12,1.0,1.0,3.12,3.12,3.25,2.12,2.38,1.38,3.0,1.5,3.0,3.7,3.32,2.62,3.26,4.16,2.89,2.93,2.87,2.81,3.65,1.97,4.2,3.13,4.16,4.06,2.69,2.52,3.8,2.99,3.32,3.48,3.92,2.54,3.55,1.77,3.47,2.75,4.32,2.51,3.98,2.55,2.42,1.75,3.93,3.19,3.67,2.1,2.8,2.7,3.87,4.28,3.36,3.2,4.96,3.8,4.06,3.91,2.29,2.45,3.77,4.83,1.75,1.55,2.35,1.74,1.22,1.11,1.38,1.2,1.18,2.38,1.08,1.07,4.88,3.67,4.33,3.56,4.15,4.8,4.72,1.25,1.1,4.69,1.16,3.31,1.22,1.19,1.86,4.02,2.42,2.2,1.02,1.54,1.5,4.57,3.13,3.55,4.11,2.26,4.88,3.53,1.05,1.06,3.2,4.53,3.42,True,True,True,True,True,True,True,True
43-4011,Brokerage Clerks,Brokerage Clerks,Brokerage Clerks,0.5333333333333333,0.7666666666666666,1.0,0.7333333333333333,0.8,0.8666666666666667,1.144877,1,43-4011,False,0.98,1,43-4011,False,base_00,3,base_00,False,1,2.0,2.12,2.88,2.0,3.25,1.62,1.0,1.0,1.0,1.0,2.62,2.88,2.88,2.62,1.0,1.0,1.0,2.0,3.12,3.5,2.0,3.12,2.5,1.0,3.75,1.0,3.12,4.0,3.88,2.62,2.75,1.0,3.38,1.0,1.0,1.0,3.12,1.0,1.0,3.62,3.62,2.62,1.0,1.0,1.0,2.75,1.12,2.0,2.12,1.25,3.75,3.62,3.0,3.88,2.88,2.88,3.38,1.0,1.0,1.0,2.5,3.0,2.62,2.0,1.88,2.62,3.0,3.12,2.88,1.12,1.75,1.88,2.5,2.0,1.12,3.75,1.0,1.0,3.0,3.0,3.88,2.88,2.5,1.0,3.5,1.0,3.12,3.3,2.05,2.12,3.99,3.2,1.3,1.99,2.17,2.23,3.08,1.01,3.78,2.69,3.71,4.3,1.69,1.41,3.38,1.68,2.76,2.19,3.55,1.64,2.7,1.05,3.33,2.95,1.94,1.55,4.09,2.24,1.01,1.02,2.55,2.05,2.38,1.13,2.07,2.37,3.45,4.19,3.21,3.16,4.84,3.12,4.44,2.82,1.11,3.28,4.11,5.0,1.74,1.28,1.03,1.31,1.0,1.0,1.0,1.0,1.11,3.43,1.15,1.0,4.67,3.88,3.89,1.41,3.87,4.73,4.51,1.0,1.0,4.54,1.0,2.81,1.0,1.0,1.71,3.71,1.32,1.31,1.0,1.11,1.08,3.44,4.11,2.36,3.21,1.73,5.0,4.61,1.0,1.0,2.69,4.35,2.76,True,True,True,True,True,True,True,True
43-4021,Correspondence Clerks,Correspondence Clerks,Correspondence Clerks,0.9642857142857142,0.9642857142857142,0.9642857142857142,0.5714285714285714,0.7321428571428571,0.8928571428571428,1.149758,1,43-4021,False,0.86,1,43-4021,False,base_00,2,base_00,False,1,1.12,1.88,3.0,1.0,3.25,1.25,1.0,1.12,1.0,1.0,2.5,1.75,2.75,3.0,1.0,1.0,1.0,1.62,3.12,3.25,1.12,2.62,2.12,1.0,3.62,1.0,2.75,3.75,3.62,2.88,2.5,1.0,3.38,1.0,1.0,1.0,3.0,1.0,1.0,3.38,3.12,2.62,1.0,1.0,1.0,2.25,1.75,1.75,2.0,2.0,4.0,4.12,2.75,3.75,2.88,2.88,3.38,1.0,1.0,1.0,2.25,3.25,2.62,1.38,1.5,2.25,2.75,2.88,2.62,1.12,1.25,1.38,2.75,1.38,1.5,3.75,1.0,1.25,3.0,3.12,3.5,2.12,2.12,1.25,3.0,1.0,4.0,3.27,2.73,2.25,3.75,4.13,2.0,2.46,2.54,2.54,3.98,1.27,3.76,2.62,2.71,4.07,2.22,1.98,3.54,2.2,2.94,2.55,3.63,2.3,3.14,1.46,3.98,4.0,3.08,1.93,3.92,2.42,1.53,1.24,2.75,2.72,1.78,1.54,2.53,2.54,3.3,4.52,3.17,2.39,4.79,3.32,3.82,3.04,1.17,3.04,4.59,5.0,1.24,1.1,1.21,1.1,1.0,1.0,1.0,1.0,1.05,3.29,1.0,1.0,4.76,4.16,3.94,2.61,4.0,4.52,4.6,1.19,1.0,4.3,1.0,2.41,1.05,1.0,1.84,2.96,1.49,1.67,1.0,1.36,1.21,3.62,4.63,1.97,2.45,1.98,4.74,3.83,1.19,1.0,3.15,4.38,4.04,True,True,True,True,True,True,True,True
43-4031,"Court, Municipal, and License Clerks","Court, Municipal, and License Clerks","Court, Municipal, and License Clerks",0.4363636363636363,0.7,0.9636363636363636,0.3090909090909091,0.5909090909090908,0.8727272727272727,1.166267,1,43-4031,False,0.46,1,43-4031,False,base_00,2,base_00,False,1,2.12,2.0,3.12,1.88,3.38,1.0,1.0,1.75,1.0,1.0,2.5,2.12,2.88,2.5,1.0,1.0,1.0,1.88,3.25,3.38,2.12,2.5,2.5,1.0,3.62,1.0,2.5,3.88,3.75,2.25,2.38,1.0,3.38,1.0,1.12,1.25,2.88,1.0,1.0,3.38,3.5,2.38,1.0,1.0,1.0,2.5,2.25,1.88,1.88,2.75,3.5,3.38,2.62,3.62,2.88,3.0,3.25,1.25,1.38,1.0,2.38,3.0,2.5,1.75,1.5,2.75,2.38,3.0,2.12,1.5,1.25,1.75,2.38,1.75,1.75,3.38,1.25,1.12,3.12,3.25,3.62,2.5,2.25,1.5,3.12,1.25,3.38,3.27,2.73,2.64,3.71,4.11,2.23,2.66,2.77,2.49,4.02,1.52,3.73,2.22,3.63,4.28,2.35,2.1,3.26,2.27,2.99,2.37,3.5,2.28,3.33,1.29,3.64,3.64,4.15,1.85,4.06,2.52,1.73,1.48,3.11,2.97,1.31,1.91,2.53,3.17,3.8,4.62,3.2,2.62,4.79,3.44,4.41,3.88,2.02,2.57,4.21,4.65,1.66,1.59,1.29,1.46,1.03,1.01,1.0,1.17,1.01,2.49,1.31,1.01,4.74,3.88,3.63,2.65,3.49,4.36,4.24,1.26,1.02,4.21,1.2,2.05,1.19,1.13,1.43,3.27,2.34,2.04,1.08,1.28,1.41,3.53,4.24,2.26,3.04,1.81,4.85,4.08,1.12,1.0,2.62,4.2,4.24,True,True,True,True,True,True,True,True
43-4041,"Credit Authorizers, Checkers, and Clerks","Credit Authorizers, Checkers, and Clerks","Credit Authorizers, Checkers, and Clerks",0.35,0.65,0.95,0.25,0.5750000000000001,0.9,1.440296,1,43-4041,False,0.97,1,43-4041,False,base_00,2,base_00,False,1,1.12,2.12,2.75,1.0,3.25,1.5,1.0,1.75,1.0,1.0,2.12,1.12,2.75,2.25,1.75,1.0,1.0,1.62,3.25,3.0,1.25,2.62,2.12,1.0,3.5,1.0,2.62,3.62,3.5,2.12,2.38,1.0,3.5,1.0,1.0,1.0,2.62,1.0,1.12,3.25,3.25,2.5,1.0,1.0,1.0,2.25,2.12,1.62,1.88,2.12,3.5,3.12,2.62,3.62,2.75,3.0,3.25,1.0,1.0,1.0,2.75,3.0,2.5,1.88,1.75,2.62,2.5,3.0,2.38,1.12,1.25,1.0,2.62,1.62,1.25,3.62,1.0,1.12,3.0,3.12,3.62,2.12,2.12,1.0,3.12,1.0,3.12,3.66,2.62,3.08,4.37,4.33,1.23,3.18,3.44,2.85,4.16,1.21,4.08,3.01,3.28,4.53,2.41,1.2,3.19,1.43,3.46,2.59,3.68,3.0,2.29,1.17,3.83,3.33,3.44,1.83,4.1,1.97,1.21,1.05,3.75,2.6,3.05,2.02,2.3,3.5,3.92,4.42,4.13,3.16,4.88,3.77,4.66,3.84,1.4,2.97,4.53,4.82,1.71,1.58,1.01,2.94,1.0,1.17,1.0,1.26,1.0,3.15,1.8,1.07,4.7,4.38,4.51,2.58,4.52,4.7,4.33,1.42,1.0,4.12,2.04,3.24,1.15,1.14,1.33,3.48,1.63,1.59,1.0,1.06,1.28,3.88,4.67,1.86,2.34,1.88,5.0,4.67,1.02,1.0,3.73,4.63,4.5,True,True,True,True,True,True,True,True
43-4051,Customer Service Representatives,Customer Service Representatives,Customer Service Representatives,0.1363636363636363,0.5681818181818182,1.0,0.5454545454545454,0.7045454545454546,0.8636363636363636,0.9562519,1,43-4051,False,0.55,1,43-4051,False,base_00,2,base_00,False,1,2.0,2.25,2.75,1.88,3.25,1.25,1.0,1.38,1.25,1.38,2.25,2.38,2.75,2.75,1.0,1.25,1.12,2.0,3.12,3.12,2.0,2.75,2.5,1.25,3.62,1.0,2.38,4.12,4.12,2.75,2.38,1.0,3.88,1.0,1.0,1.0,2.88,1.0,1.0,4.0,4.0,2.38,1.0,1.25,1.38,2.25,1.38,2.0,2.12,1.5,3.38,3.62,2.88,4.0,3.12,2.88,3.25,1.0,1.0,1.0,2.75,2.88,2.62,1.38,1.38,2.38,2.25,3.0,3.0,1.0,1.62,1.75,3.0,1.5,1.12,3.38,1.0,1.0,4.0,3.0,3.88,2.25,2.25,1.88,3.12,1.0,3.0,3.48,2.43,2.76,4.51,4.59,2.28,3.86,3.11,2.78,3.91,1.73,3.69,2.94,3.07,4.21,2.79,2.69,3.62,2.36,3.8,2.48,3.98,2.67,3.65,1.85,4.02,3.95,4.37,2.55,4.3,2.71,1.92,1.46,4.01,3.25,2.74,2.55,2.94,4.02,4.16,4.54,3.32,2.16,4.85,3.6,4.79,4.21,1.71,2.26,3.37,4.33,1.44,1.08,1.68,1.11,1.25,1.16,1.43,1.26,1.0,2.65,1.21,1.02,3.61,3.05,3.89,2.36,3.86,4.53,4.45,1.15,1.12,4.83,1.2,2.91,1.29,1.12,1.4,3.24,1.65,2.12,1.08,1.13,1.52,4.2,4.0,3.23,3.99,1.94,5.0,4.55,1.48,1.06,2.91,4.03,2.57,True,True,True,True,True,True,True,True
43-4061,"Eligibility Interviewers, Government Programs","Eligibility Interviewers, Government Programs","Eligibility Interviewers, Government Programs",0.4,0.68,0.96,0.28,0.62,0.96,1.226286,1,43-4061,False,0.7,1,43-4061,False,base_00,3,base_00,False,1,1.88,1.88,3.12,1.88,3.62,1.0,1.0,1.12,1.0,1.0,2.25,1.88,2.62,2.75,1.0,1.0,1.0,1.75,3.62,3.38,1.88,2.62,2.12,1.0,3.25,1.0,2.25,4.0,4.25,2.5,2.25,1.0,3.38,1.0,1.0,1.0,2.88,1.0,1.0,3.88,3.75,2.12,1.0,1.0,1.0,2.25,1.75,1.75,2.12,1.62,3.88,3.88,3.12,4.0,3.12,3.12,3.5,1.0,1.0,1.0,2.12,3.25,2.5,1.12,1.0,2.25,2.25,3.12,3.0,1.0,1.0,1.5,2.88,1.25,1.0,3.88,1.0,1.25,3.62,3.75,4.25,2.12,2.25,1.25,3.0,1.0,3.75,3.75,2.73,2.34,3.96,4.3,1.07,2.62,2.91,2.65,4.37,1.18,3.62,2.25,4.43,4.64,2.39,1.22,3.11,1.38,3.75,2.69,3.95,2.21,2.89,1.52,3.91,3.45,4.59,1.57,4.47,2.04,1.34,1.17,3.42,3.14,1.3,1.79,2.82,2.3,4.15,4.7,2.38,2.67,4.42,3.01,4.28,2.96,1.63,1.96,3.65,5.0,1.35,1.0,1.17,1.08,1.05,1.0,1.0,1.0,1.0,2.41,1.15,1.0,3.95,3.63,4.37,2.71,3.77,4.64,4.36,1.61,1.0,3.96,1.26,2.26,1.38,1.16,1.16,2.6,1.83,1.53,1.0,1.09,1.18,3.54,4.68,1.88,3.02,1.63,4.75,4.28,1.36,1.38,2.76,4.25,4.08,True,True,True,True,True,True,True,True
43-4071,File Clerks,File Clerks,File Clerks,0.6764705882352942,0.7941176470588235,0.9117647058823528,0.1764705882352941,0.4705882352941176,0.7647058823529411,0.2839743,1,43-4071,False,0.97,1,43-4071,False,base_00,2,base_00,False,1,2.62,1.75,4.0,2.0,3.12,1.38,1.12,1.88,1.25,2.0,2.88,2.62,3.0,3.0,1.0,2.0,2.0,1.62,3.0,4.25,2.5,2.12,2.38,2.12,4.0,1.12,2.25,3.88,3.75,2.88,3.38,1.0,3.0,1.12,1.25,1.0,3.38,1.0,1.0,3.25,3.12,2.5,1.12,2.0,2.0,2.38,2.38,2.0,2.0,2.25,4.12,3.5,2.88,3.38,2.88,2.88,3.0,1.0,1.12,1.0,2.25,2.75,2.25,1.88,2.0,2.25,2.12,3.12,2.38,2.0,1.75,1.75,2.25,1.5,2.0,3.88,1.0,1.0,3.12,3.0,3.25,2.0,2.25,1.38,3.0,1.12,3.12,4.19,3.17,2.66,3.87,4.09,2.69,3.23,3.62,3.43,4.16,1.58,4.27,2.38,3.94,4.14,2.91,2.56,3.84,2.36,3.72,3.39,4.18,2.53,3.82,2.27,4.5,3.98,3.38,2.58,4.47,3.09,1.75,1.85,3.77,3.73,2.31,2.54,3.13,3.59,4.28,4.56,2.86,2.91,4.65,3.19,3.89,2.88,1.43,2.02,3.76,4.21,1.44,1.14,1.58,1.06,1.09,1.0,1.07,1.24,1.19,1.98,1.12,1.0,4.78,3.43,3.2,2.45,2.92,4.16,4.06,1.19,1.05,4.02,1.22,1.9,1.19,1.16,1.83,2.97,1.66,1.77,1.09,1.1,1.79,3.06,4.18,2.37,2.58,2.49,5.0,4.15,1.52,1.17,2.63,4.11,3.39,True,True,True,True,True,True,True,True
43-4081,"Hotel, Motel, and Resort Desk Clerks","Hotel, Motel, and Resort Desk Clerks","Hotel, Motel, and Resort Desk Clerks",0.2051282051282051,0.5,0.7948717948717948,0.2051282051282051,0.3974358974358974,0.5897435897435898,0.6063127,1,43-4081,False,0.94,1,43-4081,False,base_00,2,base_00,False,1,2.12,2.25,3.0,2.0,3.0,1.38,1.0,1.5,1.5,1.38,2.75,2.5,2.25,2.88,1.0,1.38,1.5,2.0,2.88,3.0,2.12,2.75,2.12,1.5,3.25,1.0,2.75,3.88,3.88,2.88,2.12,1.0,3.25,1.0,1.0,1.0,2.88,1.0,1.75,3.38,3.38,2.12,1.0,1.38,1.62,2.25,2.12,2.12,2.0,1.25,3.0,3.0,2.75,3.38,3.0,3.12,2.88,1.0,1.0,1.0,2.88,3.0,2.62,1.62,1.38,3.0,2.62,3.0,2.88,1.12,1.0,2.12,2.88,1.75,2.0,3.0,1.0,1.0,3.62,3.75,3.75,2.25,2.25,1.88,3.0,1.38,2.88,3.21,3.18,3.06,3.3,4.24,1.99,3.3,3.0,2.63,3.47,1.42,3.91,2.35,3.11,4.47,2.92,2.63,3.94,2.56,2.8,3.13,4.29,2.58,3.16,1.72,3.37,3.42,4.41,2.57,3.75,2.7,1.7,1.58,4.08,2.57,3.31,2.22,2.87,3.19,3.61,4.55,3.81,2.3,4.95,3.97,4.72,4.27,1.84,2.64,3.98,4.67,1.56,1.15,1.1,1.22,1.0,1.15,1.15,1.17,1.17,2.56,1.31,1.16,4.84,4.2,4.31,3.29,3.95,4.14,3.88,1.42,1.2,4.37,1.16,2.63,1.42,1.25,1.45,3.54,2.43,2.15,1.05,1.69,1.34,3.79,2.26,3.95,3.28,2.3,4.84,3.2,1.38,1.0,3.77,4.8,3.73,True,True,True,True,True,True,True,True
43-4111,"Interviewers, Except Eligibility and Loan","Interviewers, Except Eligibility and Loan","Interviewers, Except Eligibility and Loan",0.5172413793103449,0.6724137931034483,0.8275862068965517,0.3103448275862069,0.4310344827586206,0.5517241379310345,1.297031,1,43-4111,False,0.94,1,43-4111,False,base_00,3,base_00,False,1,2.0,2.12,3.12,2.0,3.25,1.12,1.0,1.12,1.0,1.0,2.25,2.0,2.25,2.38,1.5,1.0,1.0,2.0,3.25,3.38,2.0,2.25,2.25,1.12,3.38,1.0,2.25,3.88,4.0,2.5,2.0,1.0,3.25,1.0,1.0,1.12,3.25,1.0,1.0,3.88,3.88,2.12,1.0,1.0,1.0,2.25,1.62,2.0,2.12,1.38,3.5,3.38,2.88,4.0,3.12,3.0,3.25,1.0,1.0,1.0,2.88,2.62,2.88,1.5,1.5,2.88,2.25,3.0,3.0,1.0,1.88,2.0,3.0,1.88,1.12,3.5,1.0,1.0,3.25,3.38,3.88,2.25,2.12,1.25,3.25,1.0,3.25,4.22,3.68,3.6,4.21,4.62,1.91,3.55,3.67,3.9,4.38,1.64,4.36,2.56,4.47,4.4,3.32,1.98,3.7,2.28,3.57,3.81,4.32,2.99,3.11,2.05,4.35,4.38,4.22,2.35,4.3,3.34,2.09,1.92,3.94,3.19,1.95,3.11,3.15,3.86,4.19,4.93,3.8,2.34,5.0,3.85,4.36,3.97,1.98,2.63,3.76,4.92,2.74,2.5,3.48,2.5,1.41,1.03,1.0,1.28,1.01,4.14,1.27,1.13,4.78,3.76,4.13,3.53,4.14,4.67,4.63,1.42,1.0,4.23,1.33,3.08,1.28,1.28,1.93,4.16,2.14,1.87,1.0,1.24,1.75,3.91,4.59,1.81,2.92,2.0,4.73,4.2,1.16,1.09,3.55,4.92,3.36,True,True,True,True,True,True,True,True
43-4121,"Library Assistants, Clerical","Library Assistants, Clerical","Library Assistants, Clerical",0.3275862068965517,0.5344827586206896,0.7413793103448276,0.2413793103448275,0.4396551724137931,0.6379310344827586,0.2038919,1,43-4121,False,0.95,1,43-4121,False,base_00,2,base_00,False,1,2.25,2.12,3.0,2.0,2.88,1.38,1.0,2.0,1.12,2.12,2.62,2.5,2.75,2.12,1.0,2.0,2.0,2.0,2.88,3.38,2.0,2.0,2.5,2.0,3.25,1.12,2.0,3.38,3.62,2.12,3.0,1.12,3.12,1.0,1.0,1.0,3.0,1.0,1.88,3.12,3.12,2.12,1.0,2.0,2.12,2.88,2.62,2.0,2.38,1.62,3.62,3.0,2.25,3.25,2.88,3.0,3.0,1.25,1.0,1.0,2.75,2.75,2.5,1.88,2.0,2.25,2.12,2.88,2.0,1.0,1.12,1.75,2.12,1.5,2.0,3.25,1.25,1.0,3.38,2.88,3.0,2.0,2.0,1.38,2.88,1.25,3.0,2.71,3.31,2.86,2.76,4.12,1.88,2.76,2.47,2.39,3.45,1.2,4.15,2.28,2.73,4.19,2.27,4.04,3.2,2.25,2.82,2.82,3.24,2.84,3.81,1.06,3.26,3.23,3.86,2.59,3.81,2.05,2.12,1.09,2.92,2.97,1.51,1.56,3.09,2.57,4.11,4.65,3.12,1.55,4.54,3.28,3.84,3.15,1.37,2.26,4.0,4.77,1.86,1.23,2.35,2.0,1.01,1.0,1.13,1.63,1.0,3.05,1.31,1.0,4.82,3.9,3.9,2.65,3.49,4.17,3.7,1.1,1.01,4.44,1.67,2.44,1.45,1.3,1.49,3.9,2.78,2.76,1.35,1.33,2.16,3.52,3.12,2.78,3.51,2.5,4.58,3.38,1.43,1.1,2.68,4.35,3.38,True,True,True,True,True,True,True,True
43-4131,Loan Interviewers and Clerks,Loan Interviewers and Clerks,Loan Interviewers and Clerks,0.1875,0.59375,1.0,0.125,0.5,0.875,1.364395,1,43-4131,False,0.92,1,43-4131,False,base_00,3,base_00,False,1,1.38,2.0,3.0,1.5,3.62,1.38,1.0,1.25,1.0,1.0,2.75,2.62,2.88,3.0,1.0,1.0,1.0,2.12,3.62,3.75,1.38,3.12,2.12,1.0,3.75,1.0,3.0,4.12,4.0,2.62,2.75,1.0,3.75,1.0,1.0,1.0,3.12,1.0,1.0,4.0,4.0,2.75,1.0,1.0,1.0,2.88,1.62,2.12,2.62,1.38,4.12,3.62,3.38,4.12,3.5,3.0,3.75,1.0,1.0,1.0,3.0,3.38,2.62,2.12,1.25,2.0,3.12,3.0,2.88,1.0,2.0,1.88,3.0,1.75,1.75,3.88,1.0,1.12,3.0,3.38,4.0,2.5,2.5,1.75,3.25,1.5,3.62,4.0,2.34,2.53,3.62,4.12,2.01,2.17,2.94,2.87,3.32,1.05,4.01,2.57,4.35,4.41,1.95,1.72,3.87,3.18,3.54,2.64,4.02,2.12,3.29,1.04,3.96,3.53,4.38,1.56,4.35,1.96,1.84,1.52,3.29,2.69,3.18,1.51,3.21,2.21,4.0,4.92,3.63,2.43,4.97,3.74,4.73,3.72,1.27,2.96,4.46,4.32,1.85,1.12,1.66,1.08,1.0,1.03,1.0,1.01,1.02,2.73,1.01,1.0,4.64,4.42,4.62,2.25,4.07,4.7,4.31,1.91,1.0,4.91,1.25,3.99,1.05,1.04,1.51,2.78,2.16,1.52,1.0,1.0,1.24,3.15,4.69,2.0,2.85,1.82,5.0,4.53,1.0,1.0,3.6,4.11,4.53,True,True,True,True,True,True,True,True
43-4141,New Accounts Clerks,New Accounts Clerks,New Accounts Clerks,0.28,0.56,0.8400000000000001,0.52,0.6,0.68,1.174998,1,43-4141,False,0.99,1,43-4141,False,base_00,3,base_00,False,1,1.88,2.12,2.88,1.88,3.25,1.0,1.0,1.38,1.25,1.0,2.25,2.38,2.5,2.62,1.0,1.25,1.12,1.75,3.12,3.12,1.88,3.0,2.62,1.0,3.75,1.0,2.88,4.0,4.0,2.12,2.75,1.0,3.12,1.0,1.0,1.0,2.75,1.0,1.0,3.62,3.62,2.5,1.0,1.25,1.0,2.5,1.88,1.62,2.0,1.5,3.75,3.0,2.75,4.0,2.75,3.12,3.12,1.0,1.0,1.0,2.38,3.0,2.5,1.38,1.12,2.12,2.88,3.12,2.38,1.25,1.38,1.62,3.0,1.62,1.62,3.5,1.0,1.0,3.38,3.25,4.0,2.38,2.0,1.25,2.88,1.0,3.0,2.6,3.07,2.96,3.3,4.1,2.31,2.66,2.78,2.66,2.7,1.16,4.06,1.89,3.89,4.36,3.03,1.97,3.37,2.37,2.46,2.85,3.88,1.78,3.65,1.38,3.3,2.68,3.78,2.21,3.49,2.28,1.14,1.13,3.67,2.47,3.3,2.08,2.29,2.99,3.42,3.66,3.08,3.07,4.89,3.83,4.47,3.25,1.31,3.05,3.46,4.87,1.75,1.34,1.1,1.63,1.0,1.0,1.0,1.0,1.0,2.54,1.0,1.0,4.69,3.32,3.96,2.41,3.85,4.67,4.43,1.0,1.0,4.16,1.14,3.02,1.46,1.16,1.1,3.86,1.8,2.46,1.0,1.08,1.49,3.58,3.42,2.97,3.32,2.62,4.9,3.97,1.0,1.0,2.68,4.1,3.48,True,True,True,True,True,True,True,True
43-4151,Order Clerks,Order Clerks,Order Clerks,0.4285714285714285,0.7142857142857143,1.0,0.4285714285714285,0.6,0.7714285714285714,0.8388861,1,43-4151,False,0.98,1,43-4151,False,base_00,2,base_00,False,1,1.88,2.38,3.12,1.62,3.12,1.5,1.0,1.62,1.0,1.38,2.62,1.88,3.0,2.5,1.0,1.0,1.12,1.75,3.12,3.25,1.75,2.62,2.25,1.25,4.0,1.0,2.88,4.0,4.0,2.25,3.12,1.0,3.5,1.12,1.38,1.12,3.0,1.0,1.0,3.88,4.0,2.88,1.0,1.12,1.0,2.75,2.0,2.5,2.12,2.0,3.75,3.38,3.0,4.0,2.88,3.0,3.12,1.0,1.0,1.0,2.38,3.12,2.38,1.62,1.75,2.12,3.0,3.12,2.88,1.62,1.5,1.62,3.0,1.38,2.25,3.5,1.0,1.0,3.5,3.0,3.88,2.25,2.12,1.25,2.88,1.5,3.12,3.93,3.15,2.76,3.85,4.76,2.81,3.13,3.4,2.88,4.38,1.91,3.72,3.05,3.99,4.76,2.07,2.45,3.41,3.04,3.13,3.4,4.37,2.49,4.73,2.08,4.66,4.43,2.82,2.28,4.51,2.99,1.71,2.14,3.85,3.3,3.08,1.88,3.23,3.94,4.2,4.31,2.81,1.61,4.32,3.67,4.01,2.96,1.21,2.48,4.39,4.78,2.27,1.42,1.0,1.88,1.63,1.25,1.47,1.02,1.0,3.46,1.49,1.0,4.6,3.81,3.52,2.61,3.34,4.11,3.47,1.93,1.04,4.98,1.56,2.54,1.65,1.0,1.61,3.48,1.32,2.05,1.02,1.17,1.13,3.14,4.19,2.45,1.64,2.33,4.53,4.16,2.32,1.45,3.39,4.01,3.1,True,True,True,True,True,True,True,True
43-4161,"Human Resources Assistants, Except Payroll and Timekeeping","Human Resources Assistants, Except Payroll and Timekeeping","Human Resources Assistants, Except Payroll and Timekeeping",0.2758620689655172,0.6206896551724138,0.9655172413793104,0.1379310344827586,0.4655172413793103,0.7931034482758621,1.353098,1,43-4161,False,0.9,1,43-4161,False,base_00,3,base_00,False,1,1.0,1.88,3.12,1.0,3.25,1.25,1.0,1.38,1.0,1.0,2.75,1.75,2.75,2.88,1.0,1.0,1.0,1.75,3.0,3.25,1.0,2.0,2.12,1.0,3.62,1.0,2.0,4.0,4.0,2.5,2.5,1.0,3.38,1.0,1.0,1.0,2.62,1.0,1.0,3.75,3.5,2.25,1.0,1.0,1.0,2.62,1.62,1.75,2.0,1.38,3.88,3.75,3.0,4.0,3.0,3.0,3.38,1.0,1.0,1.0,2.5,3.0,2.5,1.62,1.62,2.38,2.0,3.38,2.62,1.25,1.75,1.75,2.88,1.75,1.25,4.0,1.0,1.12,3.0,3.38,3.75,2.25,2.25,1.62,3.12,1.0,3.5,3.5,3.29,2.83,4.0,4.65,2.03,2.95,2.79,3.09,4.35,1.27,4.55,2.64,4.1,4.43,2.45,2.05,4.07,2.27,3.52,3.03,3.96,2.85,4.07,1.43,4.69,4.35,2.93,2.16,4.47,2.86,1.6,1.32,3.43,3.34,2.53,3.2,2.72,2.96,3.88,4.64,3.76,2.27,4.91,3.89,3.99,3.5,1.94,2.55,4.22,5.0,1.84,1.28,1.54,1.45,1.05,1.05,1.03,1.29,1.0,2.29,1.22,1.02,4.53,3.98,3.41,2.91,3.73,4.72,4.36,1.33,1.0,3.75,1.38,2.91,1.06,1.02,1.13,3.13,1.77,1.63,1.02,1.04,1.52,3.46,4.27,2.08,2.44,2.1,4.93,4.27,1.12,1.0,3.12,4.63,3.51,True,True,True,True,True,True,True,True
43-4171,Receptionists and Information Clerks,Receptionists and Information Clerks,Receptionists and Information Clerks,0.2,0.5333333333333333,0.8666666666666667,0.4333333333333333,0.5833333333333334,0.7333333333333333,1.013186,1,43-4171,False,0.96,1,43-4171,False,base_00,2,base_00,False,1,2.0,2.25,2.62,2.0,2.62,1.25,1.0,1.12,1.0,1.0,2.75,2.25,2.38,2.5,1.12,1.0,1.0,2.12,2.75,2.75,2.0,2.38,2.5,1.5,3.12,1.0,2.5,3.88,4.0,2.38,2.62,1.0,2.75,1.0,1.0,1.0,3.0,1.0,1.12,3.75,3.88,2.12,1.0,1.0,1.25,2.88,1.38,2.0,2.12,1.25,3.62,3.38,2.75,3.75,2.75,3.0,3.12,1.0,1.0,1.0,2.62,2.38,2.12,1.38,1.38,2.0,2.0,2.88,2.25,1.0,1.12,1.62,2.62,1.38,1.88,3.12,1.0,1.0,3.62,3.12,3.88,2.0,2.0,1.0,2.88,1.38,3.0,2.19,3.68,2.51,3.61,4.14,2.41,3.24,2.36,2.46,3.43,1.3,3.6,1.96,2.98,4.37,2.45,2.06,2.76,2.52,3.09,2.78,3.9,2.04,2.94,1.34,3.29,3.37,4.29,2.02,3.57,2.37,1.75,1.12,3.66,3.28,2.12,2.2,2.42,2.48,3.46,4.57,3.25,1.96,4.88,2.67,4.32,3.45,1.57,2.32,3.86,4.49,2.43,1.08,2.88,1.01,1.0,1.0,1.0,1.32,1.0,2.82,1.21,1.0,4.38,3.95,4.56,1.92,4.3,3.72,3.74,1.02,1.0,4.34,1.12,1.51,1.02,1.01,1.47,3.3,2.05,1.93,1.0,1.3,1.48,3.79,4.06,2.39,3.64,2.05,5.0,2.71,1.27,1.07,2.16,4.13,2.99,True,True,True,True,True,True,True,True
43-4181,Reservation and Transportation Ticket Agents and Travel Clerks,Reservation and Transportation Ticket Agents and Travel Clerks,Reservation and Transportation Ticket Agents and Travel Clerks,0.1142857142857142,0.4571428571428571,0.7999999999999999,0.3714285714285714,0.5285714285714286,0.6857142857142857,0.227312,1,43-4181,False,0.61,1,43-4181,False,base_00,2,base_00,False,1,2.38,2.25,3.0,2.12,3.12,1.38,1.0,2.0,1.25,1.75,2.88,2.88,2.88,2.88,1.62,2.0,1.88,2.25,3.0,3.62,2.12,2.62,2.38,2.12,3.38,1.0,2.38,4.0,4.12,2.75,2.75,1.0,3.12,2.0,2.0,1.38,3.0,1.0,1.12,4.0,4.0,2.62,1.12,2.12,2.38,2.88,2.25,2.25,2.12,1.5,3.62,3.12,3.0,4.0,3.0,3.12,3.38,1.0,1.0,1.0,2.88,3.12,2.62,1.38,1.38,2.25,2.62,3.0,2.88,1.5,1.75,2.12,3.25,1.88,1.88,3.5,1.0,1.0,4.0,3.62,4.0,2.75,2.38,1.5,3.12,1.38,3.12,3.39,3.69,2.46,4.11,4.25,2.95,2.85,2.64,2.01,3.79,1.28,4.29,3.32,4.42,4.65,2.7,3.87,4.38,3.66,3.7,2.92,4.42,2.13,4.03,2.15,3.27,3.23,4.72,4.12,3.75,2.93,1.5,1.29,4.08,2.31,2.67,1.53,2.64,3.06,4.08,4.83,3.64,3.45,4.99,3.23,4.62,4.02,1.54,3.61,2.68,3.13,3.04,1.24,1.49,1.54,1.04,1.21,1.16,1.82,1.06,3.82,2.04,1.0,4.6,4.05,4.61,2.64,3.97,4.68,4.92,2.17,1.71,4.75,1.15,2.24,2.94,1.12,2.62,4.24,3.47,1.89,1.0,1.9,1.44,3.52,3.03,3.26,3.04,2.56,4.56,4.49,2.76,1.16,2.35,4.44,2.7,True,True,True,True,True,True,True,True
43-5011,Cargo and Freight Agents,Cargo and Freight Agents,Cargo and Freight Agents,0.2061177815894796,0.5273013150371642,0.8484848484848485,0.2152658662092623,0.4288164665523156,0.6423670668953687,1.405415,1,43-5011,False,0.99,1,43-5011,False,base_00,2,base_00,False,1,1.88,2.25,3.06,1.75,3.19,1.94,1.0,1.5,1.56,1.62,2.63,2.06,3.0,2.69,1.5,1.5,1.5,2.125,3.06,3.25,1.75,2.69,2.435,1.625,3.375,1.5,2.935,3.94,3.94,2.5,3.0,1.56,3.31,1.56,1.625,1.56,2.94,1.5,1.62,3.0,3.0,2.56,1.0,1.56,1.625,2.815,1.685,2.31,2.565,1.56,3.88,3.25,2.935,3.44,3.06,3.375,3.315,1.56,1.56,1.06,2.625,2.875,2.375,1.88,2.12,2.31,2.625,3.25,3.185,1.56,1.875,2.315,3.0,1.5,1.935,3.5,1.5,1.0,3.125,3.125,3.435,2.625,2.5,1.565,3.185,1.75,3.125,3.4749999999999996,2.685,2.865,3.66,3.665,3.2249999999999996,3.245,2.88,3.115,3.875,3.0549999999999997,3.655,3.56,3.675,4.305,2.98,3.435,3.895000000000001,3.395,3.44,3.765,4.055,2.77,3.875,2.9800000000000004,3.4400000000000004,2.9299999999999997,3.31,3.145,3.5700000000000003,3.04,2.73,2.975,3.64,3.37,3.25,2.69,3.56,2.915,3.3049999999999997,3.705,3.3499999999999996,3.01,4.585000000000001,3.235,3.935,3.545,1.5499999999999998,2.03,3.97,4.62,1.925,1.295,1.185,1.6800000000000002,1.42,1.76,1.39,1.33,1.25,2.56,2.05,1.62,4.455,3.865,3.975,2.545,3.83,4.0,3.58,1.93,1.51,4.21,1.935,3.465,1.7599999999999998,1.51,1.985,3.08,2.1,1.735,1.4449999999999998,1.335,1.625,2.59,4.355,1.94,2.795,1.73,4.775,4.455,2.13,1.69,3.5,4.01,3.42,True,True,True,True,True,True,True,True
43-5021,Couriers and Messengers,Couriers and Messengers,Couriers and Messengers,0.2413793103448275,0.3103448275862069,0.3793103448275862,0.0,0.1551724137931034,0.3103448275862069,-0.9591126,1,43-5021,False,0.94,1,43-5021,False,base_00,2,base_00,False,1,3.0,2.5,3.12,3.0,3.0,3.0,1.62,2.38,1.75,2.75,3.25,3.12,2.25,2.12,2.5,2.62,2.0,2.12,3.0,3.12,3.12,2.12,2.12,3.25,3.25,2.0,2.0,3.62,3.62,2.25,3.0,2.12,3.12,2.75,2.75,3.0,2.88,1.88,2.75,3.12,3.25,2.0,2.25,2.75,2.88,2.88,2.88,2.25,2.38,1.88,3.25,3.12,2.62,3.25,2.62,2.75,3.0,1.75,1.12,1.0,1.88,2.88,2.12,1.62,1.62,1.88,2.5,2.75,2.12,2.62,1.38,2.5,2.38,1.0,1.88,3.0,1.12,1.12,3.0,2.75,3.25,2.0,2.0,1.38,3.25,1.88,3.0,2.56,2.59,1.41,2.83,3.64,2.68,1.34,1.39,1.41,3.99,1.26,3.35,2.32,3.0,4.16,1.41,3.61,3.25,2.01,2.34,2.46,2.66,2.08,3.01,3.98,2.7,1.85,2.7,3.13,2.68,1.64,1.74,1.87,2.29,2.32,1.35,1.79,2.09,1.76,2.54,1.82,2.98,2.73,4.69,3.01,3.37,3.42,2.35,2.37,4.15,4.42,3.81,1.85,3.92,3.01,2.0,1.4,1.2,2.69,1.82,2.86,2.76,1.18,4.72,4.79,3.44,3.52,3.33,4.14,3.48,4.07,2.21,3.93,2.49,2.98,3.65,1.63,1.44,2.81,1.62,2.07,1.21,1.38,1.85,3.7,4.23,2.43,3.64,2.68,4.96,4.71,3.47,1.0,3.44,4.11,3.14,True,True,True,True,True,True,True,True
43-5031,Public Safety Telecommunicators,Public Safety Telecommunicators,Public Safety Telecommunicators,0.40625,0.65625,0.90625,0.4375,0.59375,0.75,0.9074452,1,43-5031,False,0.49,1,43-5031,False,base_00,2,base_00,False,1,2.12,3.12,3.0,2.12,3.75,2.0,1.0,1.38,1.38,1.88,2.62,2.5,3.0,3.0,1.12,1.5,1.5,2.75,3.5,3.75,2.25,2.0,2.88,2.0,3.25,1.0,2.0,4.25,4.38,2.75,3.0,1.0,4.0,1.38,2.5,2.12,3.88,1.0,1.25,4.12,3.88,3.0,1.38,1.5,1.62,3.25,2.12,2.25,2.25,2.0,3.75,3.25,3.12,4.38,3.25,3.75,3.75,1.5,1.5,1.12,3.0,3.38,2.75,1.88,2.0,2.5,2.0,3.12,2.88,2.0,2.0,2.5,3.12,1.88,2.0,3.62,1.62,1.38,3.75,3.88,4.12,2.62,2.0,1.75,2.88,2.12,3.0,3.59,4.21,3.54,4.78,4.39,2.54,3.21,3.3,3.61,4.77,1.47,3.81,3.33,3.6,4.63,3.03,2.19,4.11,3.35,4.14,3.22,4.41,2.68,3.72,2.02,3.96,4.02,4.38,1.99,4.49,2.96,2.65,2.2,3.9,3.28,2.38,3.3,3.17,3.65,4.37,4.89,4.68,3.81,4.99,3.95,4.99,4.71,3.33,2.13,3.8,4.71,2.7,1.04,1.38,2.26,1.03,1.01,1.01,1.02,1.02,3.59,1.04,1.0,4.17,4.33,4.78,3.72,4.73,4.82,4.87,1.06,1.02,5.0,1.16,2.41,1.03,1.03,1.79,2.78,1.18,1.14,1.01,1.01,1.02,4.38,4.99,1.74,4.61,1.41,5.0,4.22,1.02,1.0,3.66,4.82,3.5,True,True,True,True,True,True,True,True
43-5032,"Dispatchers, Except Police, Fire, and Ambulance","Dispatchers, Except Police, Fire, and Ambulance","Dispatchers, Except Police, Fire, and Ambulance",0.3478260869565217,0.6739130434782609,1.0,0.3478260869565217,0.6521739130434783,0.9565217391304348,1.234523,1,43-5032,False,0.96,1,43-5032,False,base_00,2,base_00,False,1,1.75,2.5,3.0,2.0,3.75,1.62,1.0,1.12,1.0,1.0,2.88,2.62,2.75,2.88,1.0,1.0,1.0,2.25,3.0,3.12,2.0,2.25,2.62,1.0,3.75,1.0,2.25,4.0,4.0,2.75,2.88,1.0,3.62,1.0,1.0,1.12,3.25,1.0,1.12,4.0,4.0,2.88,1.0,1.0,1.0,2.88,1.62,1.75,2.25,1.5,3.62,3.62,3.0,4.0,3.12,3.88,3.12,1.0,1.0,1.0,2.75,3.12,2.75,1.75,1.88,2.38,2.12,3.88,2.62,1.25,1.62,2.0,2.75,1.38,2.0,3.75,1.0,1.12,3.12,3.12,4.0,2.88,2.75,1.62,3.75,1.62,3.12,3.24,2.88,3.09,3.42,3.89,2.35,3.85,2.79,3.12,3.66,1.49,3.8,2.94,3.18,4.68,3.13,2.01,4.35,2.89,2.98,3.67,3.92,2.11,3.69,2.23,3.48,3.03,3.48,1.84,3.28,2.52,1.73,1.86,3.64,3.29,2.43,2.29,3.0,3.42,3.31,4.12,3.86,2.3,4.92,4.79,3.86,4.44,1.91,2.43,4.29,4.61,2.21,1.46,1.11,1.5,1.34,1.37,1.28,1.34,1.01,2.62,1.76,1.27,4.97,4.51,4.85,4.25,4.7,4.58,4.5,3.25,1.34,3.72,2.03,3.01,2.12,1.39,2.0,3.48,1.7,1.73,1.17,1.32,1.4,3.83,4.18,2.29,3.38,2.14,5.0,4.48,1.71,1.31,4.69,4.69,3.93,True,True,True,True,True,True,True,True
43-5041,"Meter Readers, Utilities","Meter Readers, Utilities","Meter Readers, Utilities",0.3333333333333333,0.4374999999999999,0.5416666666666666,0.0833333333333333,0.3541666666666666,0.625,-0.9723772,1,43-5041,False,0.85,1,43-5041,False,base_00,2,base_00,False,1,3.0,2.25,2.88,3.0,2.75,2.75,1.0,2.12,1.75,3.0,3.0,2.75,2.5,2.12,2.38,2.88,2.38,2.12,2.88,3.12,2.88,2.62,2.12,3.0,3.5,2.0,2.62,3.25,3.25,2.25,3.12,2.0,3.0,2.5,2.38,2.5,2.88,2.0,2.25,3.0,3.0,2.25,2.5,2.75,2.88,2.25,3.12,2.75,2.25,2.25,3.0,2.75,2.75,3.0,2.88,2.62,3.0,2.0,1.62,1.12,2.5,2.62,2.38,1.88,1.88,2.12,2.38,2.88,2.38,2.88,1.5,2.88,2.5,1.88,2.38,3.0,2.0,1.12,3.0,2.75,3.0,2.0,2.0,1.5,3.0,2.5,2.62,2.88,2.55,2.24,3.7,3.85,2.55,2.42,2.66,2.19,4.34,1.92,3.49,3.16,3.05,4.09,2.01,3.5,3.45,3.8,2.7,2.76,3.44,1.74,3.36,4.03,3.08,2.44,3.42,3.94,3.72,2.19,2.23,2.26,2.75,2.95,1.85,1.64,2.56,2.72,3.13,3.41,3.26,3.0,3.76,3.4,4.06,3.92,2.44,2.63,3.57,2.18,4.18,3.52,2.08,4.0,2.7,3.54,1.88,3.49,1.65,3.77,4.64,2.2,3.58,3.82,3.83,3.63,3.61,4.33,3.9,4.39,2.24,1.62,3.03,2.42,5.0,1.37,3.12,2.46,1.39,3.82,1.73,2.83,3.42,4.09,2.42,3.79,4.57,3.64,3.77,3.97,3.86,1.28,3.42,3.91,2.4,True,True,True,True,True,True,True,True
43-5051,Postal Service Clerks,Postal Service Clerks,Postal Service Clerks,0.1481481481481481,0.3148148148148147,0.4814814814814814,0.1481481481481481,0.2777777777777778,0.4074074074074074,-0.5186997,1,43-5051,False,0.95,1,43-5051,False,base_00,2,base_00,False,1,3.0,2.5,3.12,2.25,3.12,2.0,1.0,2.12,1.62,2.75,2.88,3.0,2.62,2.0,1.25,2.12,1.88,2.12,3.0,3.12,3.12,3.0,2.25,2.5,3.5,1.0,3.0,4.0,3.88,2.0,3.0,1.0,3.0,1.62,1.62,1.25,3.0,1.0,1.12,3.38,3.38,2.75,1.88,2.5,2.75,2.75,3.12,2.12,2.12,1.88,3.38,2.88,2.62,3.38,2.75,2.75,3.0,1.0,1.0,1.0,2.0,2.88,2.12,1.88,1.88,2.12,2.75,3.0,2.25,1.75,1.5,2.0,2.62,1.62,2.0,3.12,1.0,1.0,3.12,3.0,3.25,2.0,2.0,1.5,3.0,1.88,2.88,2.98,2.53,2.6,3.61,3.83,2.55,2.77,2.77,2.26,3.47,1.57,3.59,2.93,3.84,3.98,2.31,3.72,3.95,2.7,3.41,3.16,3.4,2.38,3.23,2.22,3.28,2.9,4.0,3.32,3.65,2.84,1.88,1.76,3.05,2.41,3.3,2.03,2.55,2.99,3.61,3.66,3.45,2.28,4.61,2.98,4.43,3.96,2.1,2.57,2.91,2.69,3.19,2.71,1.69,2.16,1.56,1.79,1.21,2.07,1.13,3.8,1.69,1.29,3.73,3.13,3.48,2.96,3.58,4.28,3.96,1.63,1.36,4.44,2.07,2.17,1.8,1.75,1.77,4.28,1.92,3.34,1.08,1.49,2.04,3.97,1.84,4.34,3.86,2.83,3.89,3.67,2.05,1.01,3.0,4.06,2.55,True,True,True,True,True,True,True,True
43-5052,Postal Service Mail Carriers,Postal Service Mail Carriers,Postal Service Mail Carriers,0.2051282051282051,0.2307692307692307,0.2564102564102564,0.1794871794871795,0.3461538461538461,0.5128205128205128,-1.064715,1,43-5052,False,0.68,1,43-5052,False,base_00,2,base_00,False,1,3.0,2.38,3.0,2.88,2.75,2.38,1.5,2.12,1.75,2.88,2.75,2.88,2.75,2.0,2.0,2.25,2.0,2.0,2.75,3.12,2.88,1.62,2.12,2.88,3.12,2.0,1.75,3.0,2.88,2.0,2.75,2.0,3.0,2.12,2.0,2.12,2.88,2.0,2.25,3.0,3.0,2.0,1.75,2.75,2.88,2.5,3.0,2.0,2.0,2.0,3.0,2.25,2.0,3.0,2.25,2.75,3.0,1.0,1.0,1.0,1.12,2.62,1.75,1.12,1.38,1.0,1.62,2.62,2.0,2.25,1.75,2.25,2.0,1.0,1.75,2.62,1.0,1.0,2.62,3.0,3.0,2.0,2.0,1.0,2.88,1.12,2.12,1.67,1.89,1.88,3.35,2.91,1.49,1.5,1.51,1.61,2.67,1.23,2.95,2.07,2.34,3.48,1.55,3.94,2.9,2.26,1.94,2.2,2.6,1.36,2.7,4.21,2.55,2.22,3.46,4.08,2.41,1.78,1.4,1.61,2.34,1.58,2.13,1.25,1.72,2.16,2.48,1.74,2.73,2.93,3.78,1.96,4.05,3.01,1.44,2.42,2.67,1.22,3.18,1.78,1.33,2.75,1.33,1.83,1.01,3.16,1.04,3.07,4.06,1.0,4.24,3.38,3.93,2.69,3.73,4.5,4.26,4.77,2.15,4.1,2.99,2.24,4.91,2.31,1.13,3.29,1.5,3.36,1.01,1.85,1.71,4.64,2.71,3.48,4.18,3.12,2.6,4.12,2.06,1.0,1.75,2.87,2.47,True,True,True,True,True,True,True,True
43-5053,"Postal Service Mail Sorters, Processors, and Processing Machine Operators","Postal Service Mail Sorters, Processors, and Processing Machine Operators","Postal Service Mail Sorters, Processors, and Processing Machine Operators",0.1,0.1,0.1,0.05,0.125,0.2,-1.185001,1,43-5053,False,0.79,1,43-5053,False,base_00,2,base_00,False,1,2.88,2.25,3.12,2.88,3.0,2.0,1.75,2.38,1.5,2.88,2.62,3.0,2.38,2.0,1.0,2.0,1.88,2.25,2.88,3.12,3.38,2.0,2.12,3.12,3.75,1.12,2.0,3.0,3.0,1.88,3.12,1.12,3.0,2.25,2.5,2.0,2.88,1.0,1.25,3.0,3.0,2.12,1.88,2.38,3.12,2.0,3.0,2.0,2.0,2.38,3.12,2.5,2.12,2.88,2.5,3.0,3.0,1.62,1.12,1.0,2.25,2.88,2.12,1.0,1.0,2.12,2.0,3.12,1.75,2.75,1.5,2.88,2.0,1.62,2.25,3.0,1.38,1.0,2.5,2.75,3.0,2.12,1.88,1.0,2.88,2.12,2.25,2.6,2.59,2.86,1.79,3.74,3.07,2.6,2.23,2.06,2.64,1.6,3.3,2.16,2.65,3.52,1.8,3.79,3.18,2.59,2.54,2.76,2.91,1.36,3.0,2.24,2.58,1.87,1.8,3.79,3.08,2.57,1.98,1.97,2.2,1.94,1.34,1.45,2.09,2.72,2.95,2.98,2.95,2.33,3.8,3.02,1.41,3.43,1.47,3.73,3.1,1.74,4.11,2.45,1.19,2.16,1.21,2.51,1.05,2.6,1.02,4.4,1.77,1.0,4.25,3.24,3.36,3.11,3.09,4.04,3.66,1.14,1.07,4.99,2.02,2.57,1.37,1.26,3.93,3.5,1.29,3.66,1.08,1.78,2.49,4.54,1.85,4.31,4.51,3.75,1.93,4.69,3.6,1.01,2.55,4.04,2.09,True,True,True,True,True,True,True,True
43-5061,"Production, Planning, and Expediting Clerks","Production, Planning, and Expediting Clerks","Production, Planning, and Expediting Clerks",0.2692307692307693,0.5961538461538461,0.9230769230769232,0.1538461538461538,0.5192307692307693,0.8846153846153847,0.6999103,1,43-5061,False,0.88,1,43-5061,False,base_00,2,base_00,False,1,2.0,2.12,3.12,2.0,3.5,2.0,1.0,1.75,1.0,1.5,2.88,2.25,2.75,2.75,1.0,1.38,1.38,2.12,3.0,3.88,2.0,2.62,1.75,1.5,3.62,1.0,2.75,3.88,3.75,2.5,3.0,1.0,3.75,2.0,1.75,1.5,3.25,1.0,1.12,3.0,3.38,2.38,1.5,1.5,1.5,2.62,2.0,2.12,2.5,1.88,3.62,3.5,2.75,3.5,3.12,3.0,3.38,1.0,1.12,1.0,2.12,2.88,2.38,2.25,2.62,2.5,2.62,3.12,2.62,1.5,1.62,2.12,2.62,1.88,2.25,3.62,1.0,1.12,2.62,2.88,3.62,2.88,2.75,1.88,3.5,2.0,3.12,3.57,2.29,2.31,2.63,4.28,2.11,3.34,2.44,2.72,3.49,2.05,3.15,2.84,3.41,4.08,2.3,2.13,3.75,2.68,3.23,2.87,3.73,2.86,3.75,1.93,3.62,3.05,1.63,1.99,3.84,2.45,1.68,1.36,1.76,3.35,1.66,1.52,3.04,2.38,3.06,4.35,3.07,3.19,4.29,3.56,3.46,2.91,1.4,1.91,4.41,4.52,2.31,1.12,1.04,1.61,1.29,1.69,1.05,1.08,1.42,3.52,2.12,1.08,4.92,4.59,4.23,3.07,4.03,4.46,3.48,1.44,1.61,4.25,2.33,2.42,1.9,1.27,3.39,2.75,2.18,1.63,1.16,1.04,1.27,3.19,4.15,2.19,2.83,2.17,4.76,4.55,4.23,1.19,3.34,4.72,2.98,True,True,True,True,True,True,True,True
43-5071,"Shipping, Receiving, and Inventory Clerks","Shipping, Receiving, and Inventory Clerks","Shipping, Receiving, and Inventory Clerks",0.2857142857142857,0.5,0.7142857142857142,0.1904761904761904,0.3571428571428571,0.5238095238095237,-0.7463213,1,43-5071,False,0.98,1,43-5071,False,base_00,2,base_00,False,1,3.12,2.25,3.0,2.62,3.0,2.25,1.25,1.88,1.75,2.75,2.88,2.88,2.5,2.75,2.0,2.0,1.88,2.0,3.0,3.25,3.0,2.25,2.12,2.75,3.75,2.0,2.38,3.12,3.25,2.12,3.0,2.0,3.25,2.12,2.0,2.0,3.0,2.0,2.0,3.0,3.0,2.12,1.88,2.25,2.75,2.12,2.88,2.75,2.38,2.12,3.0,3.0,2.38,3.12,2.88,2.88,3.0,1.0,1.25,1.0,2.5,2.88,2.12,1.88,2.0,2.12,2.25,3.0,2.38,2.0,1.38,2.25,2.75,1.62,2.12,3.12,1.0,1.0,2.62,2.88,3.25,2.12,2.12,1.88,3.0,2.0,2.62,2.62,2.51,2.92,2.61,4.22,3.08,3.1,2.74,2.58,3.87,1.84,3.28,2.78,3.27,4.3,2.8,3.87,3.47,3.21,3.35,3.16,3.27,2.79,2.8,3.32,3.67,3.05,2.86,3.83,3.33,2.6,2.11,2.16,3.18,3.31,2.68,2.4,2.84,3.39,3.59,3.25,3.32,2.46,4.48,3.96,4.19,2.86,1.25,2.74,4.37,4.83,2.47,1.74,1.17,1.97,1.9,1.63,1.62,2.77,1.02,2.96,2.79,1.49,4.86,4.14,3.48,4.07,3.36,4.44,4.37,1.82,1.58,2.61,4.55,3.03,2.17,1.46,3.08,2.82,1.64,2.73,1.89,1.58,2.25,2.7,2.91,3.25,3.2,3.05,4.45,4.57,3.54,1.73,4.02,4.26,3.27,True,True,True,True,True,True,True,True
43-5111,"Weighers, Measurers, Checkers, and Samplers, Recordkeeping","Weighers, Measurers, Checkers, and Samplers, Recordkeeping","Weighers, Measurers, Checkers, and Samplers, Recordkeeping",0.2068965517241379,0.293103448275862,0.3793103448275862,0.1724137931034483,0.2758620689655172,0.3793103448275862,-0.1860789,1,43-5111,False,0.95,1,43-5111,False,base_00,2,base_00,False,1,2.88,2.5,3.38,2.62,3.12,1.88,1.0,2.0,1.62,2.38,3.0,3.0,3.12,2.12,1.5,2.0,2.0,2.25,3.0,3.25,2.75,3.0,2.5,2.25,4.0,1.5,3.0,3.25,3.25,2.25,3.25,1.62,3.38,1.88,2.38,1.62,3.25,1.62,1.62,3.0,3.12,2.25,1.62,2.0,2.25,2.75,2.38,2.75,2.5,1.5,3.38,3.12,2.75,3.0,2.88,3.0,3.38,1.75,1.75,1.0,2.5,2.88,2.75,1.62,1.62,2.38,2.88,3.12,2.5,2.0,1.25,2.62,2.88,1.75,3.0,3.25,1.62,1.5,3.0,3.0,3.12,2.38,2.25,1.38,2.88,1.75,2.88,3.57,2.75,3.57,3.14,4.4,3.76,3.73,3.44,2.94,4.36,2.29,3.51,3.87,3.87,4.11,3.2,3.78,3.88,3.89,3.44,3.91,3.77,2.8,4.29,2.88,4.05,3.1,2.49,3.37,4.23,2.8,2.83,2.72,3.05,3.19,2.37,2.57,2.78,3.62,4.06,3.89,2.87,3.01,4.42,3.55,3.24,2.58,1.26,2.34,3.52,3.13,3.09,1.89,1.04,2.91,2.09,3.45,1.94,2.07,1.03,3.98,3.44,1.49,4.61,3.52,3.11,3.54,3.05,4.52,4.17,1.86,1.78,3.62,2.73,2.09,1.65,1.81,3.8,3.33,2.48,2.87,1.5,1.9,1.77,3.41,2.36,3.83,4.19,2.95,3.7,4.26,4.03,1.47,3.02,4.11,2.68,True,True,True,True,True,True,True,True
43-6011,Executive Secretaries and Executive Administrative Assistants,Executive Secretaries and Executive Administrative Assistants,Executive Secretaries and Executive Administrative Assistants,0.3783783783783784,0.6486486486486487,0.918918918918919,0.6216216216216217,0.7432432432432433,0.8648648648648649,1.079643,1,43-6011,False,0.86,1,43-6011,False,base_00,3,base_00,False,1,1.75,2.25,3.12,1.62,3.12,1.25,1.0,1.25,1.25,1.12,2.88,2.62,3.0,3.0,1.0,1.0,1.0,1.88,3.0,3.38,1.88,2.88,2.75,1.62,3.88,1.0,2.62,4.0,4.0,3.0,3.12,1.0,3.25,1.0,1.0,1.25,3.0,1.0,1.0,3.88,4.0,2.62,1.0,1.0,1.38,2.88,1.5,1.88,2.25,2.12,4.0,4.0,3.12,4.0,2.88,3.38,3.25,1.0,1.12,1.0,2.88,3.12,2.88,1.88,2.0,2.38,2.75,3.12,3.0,1.25,1.5,1.75,2.88,1.88,2.12,4.0,1.12,1.38,3.75,3.25,3.88,2.75,2.62,1.75,3.25,1.0,3.75,2.82,3.47,2.71,4.45,4.64,1.96,3.2,2.84,2.65,3.79,1.25,4.53,2.51,3.36,4.5,2.39,2.77,3.92,2.28,2.86,2.93,3.67,2.73,3.42,1.42,4.49,4.43,3.1,2.22,3.98,2.32,1.68,1.5,3.14,4.26,2.04,1.78,3.73,2.3,4.15,4.41,2.89,2.07,4.7,4.23,3.86,2.54,1.23,2.06,4.68,4.96,1.84,1.15,1.32,1.39,1.01,1.0,1.01,1.09,1.0,2.68,1.3,1.0,4.65,4.26,3.26,2.11,3.35,4.5,3.83,1.21,1.0,4.36,1.13,2.41,1.15,1.15,1.13,2.55,1.41,1.59,1.0,1.08,1.19,3.28,4.42,1.96,3.43,1.85,4.99,3.86,1.07,1.0,2.32,4.6,4.07,True,True,True,True,True,True,True,True
43-6012,Legal Secretaries and Administrative Assistants,Legal Secretaries and Administrative Assistants,Legal Secretaries and Administrative Assistants,0.3913043478260869,0.6956521739130435,1.0,0.5217391304347826,0.7608695652173912,1.0,1.014541,1,43-6012,False,0.98,1,43-6012,False,base_00,3,base_00,False,1,2.0,2.25,3.0,2.0,3.0,1.38,1.0,1.38,1.0,1.0,2.75,2.0,2.12,2.75,1.0,1.0,1.0,2.0,2.88,3.12,2.0,2.12,2.12,1.0,4.0,1.0,2.12,4.0,3.88,2.62,2.38,1.0,3.0,1.0,1.0,1.0,3.12,1.0,1.0,3.75,3.75,2.12,1.0,1.0,1.0,2.5,2.0,2.0,2.25,2.12,4.0,3.88,2.75,4.0,2.88,3.0,3.0,1.0,1.0,1.0,2.12,2.75,2.25,1.25,1.0,2.12,2.12,3.0,2.12,1.0,1.25,2.0,2.38,1.38,2.0,4.0,1.0,1.0,3.0,3.0,3.75,2.0,2.0,1.38,3.25,1.25,3.88,3.91,3.12,2.79,3.82,4.41,2.08,2.79,2.6,2.79,3.98,1.19,4.09,2.48,2.99,3.87,2.41,2.28,3.76,2.72,3.38,2.72,3.76,1.49,3.93,1.42,4.19,4.48,2.93,2.26,4.26,2.23,1.52,1.21,2.52,3.82,1.65,2.0,3.12,2.95,3.72,4.33,2.74,2.44,4.38,2.9,3.56,3.06,1.41,1.94,3.82,5.0,1.48,1.17,1.0,1.39,1.0,1.0,1.0,1.06,1.0,3.39,1.22,1.0,4.06,3.61,3.38,2.42,3.3,4.43,4.19,1.75,1.0,3.8,1.1,1.92,1.02,1.08,1.53,2.48,1.33,1.55,1.17,1.09,1.42,3.06,4.14,2.41,2.56,2.26,4.25,4.01,1.0,1.0,1.92,3.71,3.94,True,True,True,True,True,True,True,True
43-6013,Medical Secretaries and Administrative Assistants,Medical Secretaries and Administrative Assistants,Medical Secretaries and Administrative Assistants,0.3333333333333333,0.6666666666666666,1.0,0.3703703703703703,0.611111111111111,0.8518518518518519,1.217982,1,43-6013,False,0.81,1,43-6013,False,base_00,2,base_00,False,1,2.0,1.88,3.0,1.88,3.12,1.12,1.0,1.25,1.0,1.0,2.12,2.75,2.12,2.12,1.0,1.0,1.0,1.62,3.12,3.12,2.0,2.12,2.12,1.0,3.38,1.0,2.12,4.0,4.0,2.0,2.12,1.0,3.0,1.0,1.0,1.0,2.88,1.0,1.0,3.75,3.75,1.88,1.0,1.0,1.0,2.88,1.5,1.88,2.0,1.5,4.0,3.12,2.25,3.88,3.12,3.12,3.12,1.0,1.0,1.0,2.12,2.88,2.12,1.38,1.62,2.62,2.12,3.0,1.88,1.25,1.62,1.75,2.12,1.38,1.12,3.5,1.0,1.12,3.62,3.0,4.0,2.0,2.0,1.25,3.12,1.0,3.12,3.51,4.09,2.58,3.56,4.23,2.42,3.55,2.8,2.99,3.98,1.48,4.01,2.45,3.75,4.25,2.35,2.49,3.31,2.35,3.5,3.27,4.02,3.08,2.9,1.68,3.87,4.1,4.29,2.07,4.36,2.87,1.74,1.49,3.42,3.93,3.11,2.67,2.98,2.89,3.89,4.46,3.45,2.09,4.73,3.89,3.6,3.93,1.53,2.11,4.04,4.83,1.87,1.58,3.42,1.22,1.05,1.02,1.0,1.02,1.45,2.25,1.09,1.0,4.84,3.81,3.51,2.76,3.52,4.53,4.6,1.07,1.0,4.04,1.0,2.35,1.0,1.0,1.39,3.34,2.21,1.68,1.0,1.09,1.2,3.04,4.59,1.81,3.43,1.69,4.9,3.95,1.81,1.37,3.0,4.4,4.15,True,True,True,True,True,True,True,True
43-6014,"Secretaries and Administrative Assistants, Except Legal, Medical, and Executive","Secretaries and Administrative Assistants, Except Legal, Medical, and Executive","Secretaries and Administrative Assistants, Except Legal, Medical, and Executive",0.3846153846153846,0.6442307692307693,0.903846153846154,0.3653846153846154,0.5673076923076923,0.7692307692307693,1.099056,1,43-6014,False,0.96,1,43-6014,False,base_00,2,base_00,False,1,2.0,1.88,3.0,1.88,3.0,1.0,1.0,1.12,1.0,1.0,2.25,2.12,2.0,2.5,1.0,1.0,1.0,1.88,3.0,3.62,2.0,2.0,2.12,1.0,3.88,1.0,2.12,4.0,4.0,2.0,2.25,1.0,3.12,1.0,1.0,1.0,3.0,1.0,1.0,3.75,3.75,2.0,1.0,1.0,1.0,2.88,1.75,2.0,2.12,2.12,4.0,4.0,2.88,4.0,2.88,3.12,3.0,1.0,1.0,1.0,2.12,3.0,2.12,1.62,1.75,2.62,2.0,3.12,2.38,1.25,1.88,1.88,2.25,1.62,1.88,3.88,1.0,1.0,3.5,3.0,4.0,2.0,2.0,1.5,3.5,1.0,3.75,2.79,3.17,2.26,3.47,4.17,2.1,2.59,2.41,2.39,3.59,1.39,3.76,2.41,3.49,4.16,1.71,2.07,3.43,1.99,2.66,2.64,3.26,2.17,3.19,1.63,3.77,4.06,2.87,2.14,3.45,2.15,1.59,1.31,2.89,3.1,1.58,1.76,3.0,2.49,3.1,4.38,3.02,2.1,4.87,3.67,3.98,3.35,1.4,1.79,4.28,4.76,1.66,1.24,2.16,1.45,1.02,1.02,1.0,1.11,1.0,2.69,1.17,1.0,4.65,3.78,3.47,2.39,3.6,4.22,4.3,1.42,1.02,4.01,1.07,2.31,1.36,1.07,1.19,2.7,1.58,1.53,1.06,1.21,1.15,3.03,4.57,1.98,2.91,1.95,4.93,4.09,1.04,1.0,2.97,4.59,4.23,True,True,True,True,True,True,True,True
43-9021,Data Entry Keyers,Data Entry Keyers,Data Entry Keyers,0.8571428571428571,0.8928571428571428,0.9285714285714284,0.2142857142857142,0.4999999999999999,0.7857142857142857,0.3108081,1,43-9021,False,0.99,1,43-9021,False,base_00,2,base_00,False,1,2.0,2.12,3.12,2.0,2.88,1.88,1.0,1.62,1.62,1.88,2.75,3.75,2.75,2.12,1.0,1.38,1.5,2.0,3.0,3.5,2.0,2.38,2.38,1.62,3.88,1.0,2.12,3.5,3.0,2.0,3.5,1.0,2.88,1.62,1.38,1.0,3.38,1.0,1.0,3.25,3.5,2.5,1.0,1.5,1.62,2.75,2.0,2.0,2.38,3.12,3.88,3.12,2.75,3.38,2.88,2.75,2.88,1.0,1.5,1.0,2.62,2.62,2.12,1.88,1.88,2.62,2.0,3.25,2.12,1.0,1.12,2.0,2.38,1.75,2.0,3.62,1.0,1.0,2.75,2.62,2.88,2.0,2.0,1.38,3.0,1.0,3.0,3.55,2.38,2.55,3.28,4.27,2.39,2.8,2.77,2.69,4.41,1.66,3.56,2.82,4.1,4.25,2.83,2.42,3.44,2.07,3.15,3.61,4.21,1.93,3.34,1.55,3.85,3.91,2.68,2.54,4.5,2.26,1.65,1.65,2.44,2.58,1.85,1.75,2.9,3.28,4.11,4.71,2.78,3.04,4.24,2.75,2.34,3.15,1.28,2.85,4.25,4.3,1.89,1.78,1.45,1.44,1.0,1.0,1.0,1.36,1.0,3.13,1.0,1.0,4.44,4.52,3.33,2.42,3.32,4.87,4.81,1.0,1.0,4.1,1.0,2.89,1.0,1.0,1.85,3.26,1.46,1.73,1.0,1.0,1.08,4.58,4.89,1.49,2.96,2.02,4.18,4.21,1.0,1.0,2.92,4.05,2.29,True,True,True,True,True,True,True,True
43-9022,Word Processors and Typists,Word Processors and Typists,Word Processors and Typists,0.7027027027027027,0.7432432432432433,0.7837837837837838,0.1891891891891892,0.4864864864864865,0.7837837837837838,0.6219606,1,43-9022,False,0.81,1,43-9022,False,base_00,2,base_00,False,1,2.0,2.12,3.0,2.0,3.0,1.38,1.0,1.5,1.0,1.0,2.38,3.0,2.5,2.0,1.0,1.0,1.0,1.62,2.62,3.12,2.12,2.38,2.0,1.12,4.0,1.0,2.25,3.38,3.12,1.88,3.0,1.0,2.88,1.0,1.0,1.25,2.88,1.0,1.0,3.0,3.5,2.25,1.0,1.0,1.0,2.25,2.0,1.88,2.5,3.12,3.75,3.25,2.25,3.25,2.0,2.62,2.75,1.62,1.12,1.0,1.75,2.5,1.88,1.38,1.62,1.88,2.62,3.0,2.0,1.62,1.62,1.75,2.12,1.75,2.38,3.5,1.0,1.0,2.88,2.62,3.0,2.25,1.88,1.75,3.0,1.5,3.25,2.86,3.12,2.29,3.53,3.99,2.42,2.13,2.34,2.33,3.89,1.62,3.95,2.68,3.26,3.81,2.03,2.38,3.26,2.81,2.49,2.23,3.21,2.63,2.71,1.43,3.93,3.91,3.09,2.1,3.7,2.18,1.56,1.49,3.09,2.65,1.61,1.69,2.73,2.47,3.15,4.15,2.96,2.16,4.69,3.71,4.46,3.47,1.94,2.33,4.26,4.86,2.1,1.41,1.86,1.51,1.0,1.0,1.0,1.15,1.02,2.65,1.54,1.0,4.61,3.67,2.6,2.46,2.72,4.68,4.62,1.33,1.12,4.11,1.08,2.94,1.06,1.09,1.52,2.86,1.34,1.61,1.12,1.06,1.44,4.16,4.9,1.83,2.76,1.97,5.0,3.96,1.0,1.0,2.5,4.05,3.7,True,True,True,True,True,True,True,True
43-9031,Desktop Publishers,Desktop Publishers,Desktop Publishers,0.3225806451612903,0.6451612903225806,0.967741935483871,0.032258064516129,0.4838709677419355,0.935483870967742,0.3437743,1,43-9031,False,0.16,1,43-9031,False,base_00,3,base_00,False,1,2.38,1.88,3.62,2.38,3.5,2.0,1.0,1.75,1.0,1.5,3.0,2.62,3.0,3.75,1.38,1.38,1.38,2.0,3.0,4.0,2.38,2.0,2.5,1.88,4.12,1.5,2.38,3.62,3.12,3.88,3.5,1.38,3.62,1.5,1.38,1.5,3.12,1.5,1.5,3.12,3.12,2.38,1.38,1.5,1.38,2.62,1.88,3.62,3.88,2.12,3.75,3.62,3.0,3.5,3.12,2.88,3.75,1.5,1.62,1.0,2.75,3.62,2.88,2.0,2.0,2.88,2.0,3.0,2.5,2.0,2.88,2.38,2.62,2.62,2.5,3.75,1.62,1.0,2.88,3.0,3.5,2.75,2.62,1.88,3.12,1.75,3.12,2.88,2.22,2.83,3.34,3.92,2.21,3.4,2.79,3.06,3.41,1.93,3.47,2.52,2.8,4.33,2.49,2.2,3.51,2.34,3.64,3.09,3.8,2.19,3.07,1.31,3.92,3.2,2.45,2.11,3.65,2.85,2.28,1.79,2.45,3.33,2.48,2.47,4.15,2.96,3.92,4.47,2.5,2.28,4.14,3.06,3.08,2.1,1.0,2.24,4.04,5.0,1.64,1.03,1.02,1.23,1.08,1.14,1.0,1.17,1.0,2.9,1.34,1.0,4.69,3.9,3.14,1.7,2.9,4.43,3.26,1.51,1.0,4.76,1.02,2.31,1.48,1.09,1.45,3.02,1.51,1.19,1.0,1.12,1.04,3.55,4.63,1.55,3.75,1.52,4.06,4.52,1.0,1.0,2.66,3.9,2.39,True,True,True,True,True,True,True,True
43-9041,Insurance Claims and Policy Processing Clerks,Insurance Claims and Policy Processing Clerks,Insurance Claims and Policy Processing Clerks,0.6666666666666666,0.8333333333333333,1.0,0.2619047619047618,0.5119047619047619,0.7619047619047619,1.240201,1,43-9041,False,0.98,1,43-9041,False,base_00,2,base_00,False,1,1.88,2.25,3.12,1.88,3.38,1.25,1.0,1.62,1.0,1.12,2.62,2.0,2.62,2.38,1.12,1.0,1.0,2.0,3.12,3.38,1.88,2.62,2.38,1.25,3.5,1.0,2.62,3.62,3.5,2.25,2.75,1.12,3.25,1.25,1.25,1.25,2.88,1.12,1.25,3.5,3.5,2.38,1.25,1.12,1.12,2.62,2.12,2.12,2.0,1.88,3.62,3.38,2.62,3.25,3.0,3.12,3.25,1.0,1.0,1.0,2.5,3.0,2.62,1.5,1.38,2.0,2.38,3.0,2.88,1.25,1.38,1.88,2.75,1.62,1.62,3.5,1.0,1.12,3.12,3.12,3.38,2.62,2.62,1.12,3.5,1.12,3.12,3.01,2.62,2.07,3.77,4.08,1.61,2.19,2.54,2.15,4.07,1.04,3.75,2.16,4.02,4.2,1.65,1.66,3.45,2.11,3.38,2.53,3.63,1.68,3.21,1.15,3.52,3.54,2.6,1.54,4.11,2.21,1.15,1.02,2.96,2.13,1.94,1.23,2.24,2.66,3.62,4.42,2.82,2.32,4.33,3.03,3.58,3.04,1.27,3.19,4.15,5.0,1.03,1.19,1.01,1.26,1.0,1.0,1.0,1.0,1.0,2.67,1.08,1.01,3.87,3.76,3.79,2.12,3.6,4.52,4.48,1.16,1.0,4.42,1.19,2.61,1.04,1.01,1.62,2.88,1.35,1.18,1.0,1.0,1.21,3.88,4.89,1.54,2.89,1.48,4.82,3.94,1.0,1.0,2.43,4.05,4.07,True,True,True,True,True,True,True,True
43-9051,"Mail Clerks and Mail Machine Operators, Except Postal Service","Mail Clerks and Mail Machine Operators, Except Postal Service","Mail Clerks and Mail Machine Operators, Except Postal Service",0.1081081081081081,0.2162162162162162,0.3243243243243243,0.054054054054054,0.1216216216216216,0.1891891891891892,-0.8184676,1,43-9051,False,0.94,1,43-9051,False,base_00,2,base_00,False,1,3.0,2.0,3.12,2.62,3.0,2.12,1.38,2.12,1.75,2.38,2.88,3.12,2.5,2.0,1.12,2.0,2.0,2.12,2.88,3.12,3.12,2.12,2.12,2.62,3.38,1.25,2.12,3.25,3.0,2.0,2.88,1.5,3.0,2.5,2.25,2.12,2.88,1.25,1.75,2.88,3.12,2.12,1.75,2.12,2.88,2.25,2.75,2.25,2.25,2.12,3.12,2.88,2.25,2.88,2.25,2.88,3.0,1.88,1.62,1.0,2.0,2.88,2.12,1.75,1.75,1.88,2.25,3.0,1.75,2.88,1.12,2.88,1.88,1.5,2.38,3.0,1.75,1.12,2.62,2.75,3.0,2.12,2.0,1.25,3.0,2.12,2.88,2.39,3.11,2.49,2.09,3.59,3.51,2.88,2.31,2.25,2.62,2.14,3.23,2.91,2.79,3.58,2.41,3.7,3.44,3.39,2.39,3.03,3.06,2.13,3.04,2.64,2.87,2.86,1.92,3.74,3.29,2.62,2.2,2.69,2.87,1.7,2.15,1.61,2.78,2.83,2.84,3.29,2.81,3.46,4.63,3.39,3.64,3.41,1.32,2.96,4.38,4.72,2.12,1.33,1.03,1.82,1.16,1.77,1.0,1.3,1.01,2.39,1.74,1.0,4.49,4.04,4.7,3.2,4.1,4.48,4.25,1.39,1.04,4.97,2.09,2.96,1.16,1.01,3.41,3.9,2.04,3.0,1.02,1.61,1.95,3.98,3.26,3.84,4.29,3.0,4.86,4.11,1.51,1.14,3.73,4.34,3.66,True,True,True,True,True,True,True,True
43-9061,"Office Clerks, General","Office Clerks, General","Office Clerks, General",0.3636363636363636,0.5757575757575758,0.7878787878787878,0.2121212121212121,0.5,0.7878787878787878,0.9888986,1,43-9061,False,0.96,1,43-9061,False,base_00,2,base_00,False,1,2.0,2.12,3.0,2.12,3.0,1.5,1.0,1.38,1.0,1.0,2.75,2.38,2.62,2.75,1.0,1.0,1.0,2.0,3.0,3.12,1.88,2.75,2.12,1.38,3.38,1.0,2.62,3.75,3.88,2.12,2.62,1.0,3.12,1.0,1.0,1.0,3.0,1.0,1.0,3.38,3.38,2.12,1.0,1.0,1.38,2.88,1.75,2.12,2.12,1.5,3.75,3.62,2.75,3.75,2.62,3.0,3.0,1.0,1.0,1.0,2.75,2.75,2.12,1.62,1.88,2.12,2.12,2.88,2.62,1.38,1.12,2.12,2.62,1.25,1.75,3.75,1.0,1.0,3.0,3.0,3.62,2.0,2.0,1.38,3.0,1.5,3.12,2.87,2.61,2.24,3.47,4.03,2.08,2.47,2.32,2.1,3.54,1.31,3.53,2.42,3.22,3.89,1.98,2.08,3.31,2.51,2.37,2.54,3.09,2.3,3.02,1.84,3.44,3.72,2.95,2.17,3.53,1.68,1.6,1.56,2.51,3.07,1.51,2.06,2.61,2.52,3.16,4.25,2.74,2.43,4.73,3.37,4.29,3.09,1.64,2.1,3.72,4.76,2.2,1.42,2.12,1.38,1.06,1.16,1.06,1.22,1.03,2.87,1.31,1.03,4.63,3.28,3.08,2.45,3.75,4.6,4.22,1.26,1.06,4.66,1.17,2.09,1.16,1.06,1.45,3.57,1.83,1.81,1.03,1.23,1.37,3.64,4.38,2.19,3.03,2.17,4.88,3.77,1.29,1.06,2.74,4.46,3.66,True,True,True,True,True,True,True,True
43-9071,"Office Machine Operators, Except Computer","Office Machine Operators, Except Computer","Office Machine Operators, Except Computer",0.2941176470588235,0.3970588235294117,0.5,0.0,0.1764705882352941,0.3529411764705882,-0.5171404,1,43-9071,False,0.92,1,43-9071,False,base_00,2,base_00,False,1,3.0,2.75,2.75,2.88,2.75,2.38,1.0,2.0,1.38,2.38,2.75,2.88,2.5,2.12,1.12,2.0,2.0,2.5,2.75,3.25,2.75,2.75,2.0,2.38,3.62,1.0,2.75,3.12,3.12,2.12,2.75,1.12,3.0,2.62,2.25,1.75,3.0,1.12,1.0,2.88,2.88,2.0,1.62,2.12,2.12,2.62,2.5,2.62,2.75,2.12,3.62,2.88,2.75,3.0,2.88,2.75,3.0,2.75,2.5,1.12,2.12,3.0,2.0,2.12,2.25,2.5,2.5,3.0,2.25,3.25,1.62,3.12,2.25,1.75,2.75,3.12,2.62,1.0,2.75,2.88,3.0,2.62,2.12,1.75,3.0,2.75,2.88,2.58,2.35,2.58,2.92,3.46,3.41,3.25,2.61,2.54,2.78,1.77,3.24,2.78,2.49,3.72,2.49,3.16,2.94,2.77,2.39,3.17,3.06,2.82,3.1,1.86,3.55,3.0,2.78,2.88,3.29,2.21,2.79,2.35,2.72,2.75,2.15,1.92,3.26,2.67,3.25,3.99,2.25,1.95,4.06,3.32,3.67,2.66,1.08,2.42,3.29,4.53,2.51,1.27,1.16,1.16,1.56,1.28,1.11,1.49,1.16,3.01,1.16,1.16,3.82,3.61,2.85,2.15,2.77,3.77,3.19,1.28,1.16,3.93,1.39,2.14,1.73,1.24,3.21,3.22,1.28,1.99,1.16,1.3,1.49,2.68,2.56,3.25,2.98,2.22,4.12,4.38,1.69,1.08,2.93,3.78,2.97,True,True,True,True,True,True,True,True
43-9081,Proofreaders and Copy Markers,Proofreaders and Copy Markers,Proofreaders and Copy Markers,0.95,0.975,1.0,0.2,0.6000000000000001,1.0,1.288375,1,43-9081,False,0.84,1,43-9081,False,base_00,4,base_00,False,1,1.88,1.62,2.5,1.38,3.12,1.0,1.0,1.38,1.0,1.0,1.75,2.0,2.5,2.0,1.0,1.0,1.0,1.5,2.75,3.0,1.88,2.0,2.0,1.0,3.88,1.0,1.38,3.75,3.5,1.88,3.12,1.0,3.25,1.0,1.12,1.0,2.88,1.0,1.0,3.0,3.0,2.12,1.0,1.0,1.0,1.88,1.62,1.75,2.12,1.38,4.38,3.62,2.5,3.12,2.38,2.25,3.0,1.0,1.0,1.0,1.75,2.5,2.0,1.0,1.0,1.62,1.88,2.88,1.75,1.0,1.38,1.0,1.88,1.25,2.38,4.25,1.0,1.12,1.75,2.25,3.25,2.0,2.0,1.0,2.75,1.0,3.62,3.11,1.49,1.28,1.93,3.22,1.16,1.59,1.89,1.51,3.26,1.26,3.81,1.74,3.26,4.36,1.25,1.65,3.76,1.33,2.67,1.77,2.89,1.27,2.37,1.0,3.45,1.82,1.4,1.19,4.09,1.38,2.0,1.0,1.19,2.57,1.28,1.25,2.31,1.32,3.54,4.1,2.39,2.19,4.73,3.04,2.6,2.22,1.0,2.41,3.22,4.7,1.81,1.12,1.01,1.25,1.0,1.0,1.0,1.0,1.0,3.78,1.25,1.0,4.24,3.99,3.59,1.28,2.66,4.89,4.67,1.29,1.0,4.74,1.13,1.97,1.21,1.08,1.02,3.12,1.31,1.17,1.0,1.0,1.01,4.48,4.85,1.46,3.74,1.47,3.65,4.7,1.0,1.0,2.37,4.53,2.38,True,True,True,True,True,True,True,True
43-9111,Statistical Assistants,Statistical Assistants,Statistical Assistants,0.8260869565217391,0.8913043478260869,0.9565217391304348,0.3478260869565217,0.6739130434782609,1.0,1.389965,1,43-9111,False,0.66,1,43-9111,False,base_00,4,base_00,False,1,1.5,2.12,3.38,1.38,3.62,1.25,1.0,1.5,1.0,1.0,2.75,2.12,3.25,3.12,1.0,1.0,1.0,1.75,3.75,3.75,1.5,4.62,2.88,1.0,3.75,1.0,4.0,3.88,3.75,3.0,3.0,1.0,3.12,1.0,1.0,1.0,3.25,1.0,1.0,3.5,3.5,3.0,1.0,1.0,1.0,2.38,1.5,2.0,2.75,1.5,4.0,3.88,3.62,3.38,3.62,2.88,3.75,1.0,1.0,1.0,2.75,3.25,2.88,1.38,1.38,2.62,4.38,3.0,2.62,1.0,1.88,1.38,2.75,3.0,2.25,3.75,1.0,2.12,2.88,2.88,3.38,2.5,2.5,1.88,3.25,1.0,3.5,4.43,2.34,3.1,3.48,4.38,1.56,3.07,3.1,2.62,3.8,1.37,4.1,3.03,3.54,4.49,2.41,1.46,3.37,1.38,4.08,2.06,3.85,1.9,2.35,1.15,4.22,3.01,2.7,1.65,4.37,3.0,1.22,1.16,2.63,2.87,1.97,1.88,2.81,2.93,3.87,4.78,2.28,2.29,4.02,3.45,3.0,2.66,1.13,2.65,3.97,4.99,1.35,1.75,1.27,1.95,1.12,1.04,1.0,1.04,1.0,2.92,1.38,1.0,4.73,4.03,3.22,2.0,3.46,4.46,3.44,1.41,1.0,4.39,1.6,2.99,1.22,1.22,1.11,2.81,2.19,1.17,1.0,1.11,1.12,3.66,4.79,1.68,1.79,1.79,4.39,3.63,1.07,1.0,2.78,4.09,2.77,True,True,True,True,True,True,True,True
45-1011,"First-Line Supervisors of Farming, Fishing, and Forestry Workers","First-Line Supervisors of Farming, Fishing, and Forestry Workers","First-Line Supervisors of Farming, Fishing, and Forestry Workers",0.1403508771929824,0.2807017543859649,0.4210526315789473,0.0,0.1578947368421052,0.3157894736842105,-0.4791843,1,45-1011,False,0.57,1,45-1011,False,base_00,3,base_00,False,1,3.12,2.5,3.38,3.0,3.38,2.88,1.62,2.5,2.38,2.75,3.38,2.75,3.0,3.0,2.12,2.62,2.12,2.5,3.38,3.38,3.0,2.62,2.5,2.88,3.5,1.88,2.62,3.88,3.75,2.62,3.0,2.12,3.88,2.62,2.62,2.62,2.75,2.0,2.5,3.5,3.5,2.75,1.38,2.62,2.75,2.88,2.88,2.75,3.0,2.5,3.12,3.12,3.0,3.38,3.25,3.75,3.75,2.5,2.5,1.12,3.38,3.25,3.25,2.75,2.75,3.5,2.88,3.62,3.0,3.0,1.5,3.38,3.0,1.5,3.12,3.5,2.25,2.25,2.62,3.38,3.62,3.0,3.0,1.88,3.5,2.75,3.12,3.09,2.47,3.2,3.03,4.02,3.64,3.84,3.23,3.24,3.47,2.38,3.46,3.41,3.55,4.02,3.59,3.58,3.76,3.93,2.88,3.64,3.97,3.37,3.81,3.8,3.77,2.94,2.32,3.59,3.52,2.6,2.52,3.42,3.25,3.6,2.34,2.53,2.99,3.2,3.4,2.91,2.75,3.44,4.34,3.6,3.23,2.57,1.42,2.2,4.12,3.66,3.75,2.35,1.4,2.53,2.36,3.23,2.22,3.21,1.25,3.28,3.84,2.05,4.64,4.45,4.2,3.98,4.08,3.96,2.97,4.27,3.22,3.39,3.17,2.93,4.49,3.1,2.56,2.87,2.15,2.82,1.88,2.0,2.06,3.03,2.66,3.2,3.55,2.84,4.56,3.88,3.83,2.23,4.24,4.13,2.84,True,True,True,True,True,True,True,True
45-2011,Agricultural Inspectors,Agricultural Inspectors,Agricultural Inspectors,0.0833333333333333,0.2916666666666666,0.5,0.125,0.2916666666666666,0.4583333333333333,0.1704867,1,45-2011,False,0.94,1,45-2011,False,base_00,2,base_00,False,1,2.62,3.0,3.12,2.38,3.88,2.25,1.0,2.0,1.0,2.12,3.5,2.62,3.5,2.75,1.75,2.0,1.88,2.38,3.88,3.12,2.5,2.5,2.12,2.5,3.88,1.62,2.38,3.88,3.75,2.62,3.25,1.88,4.0,2.12,2.12,1.88,3.0,1.75,2.0,3.5,3.25,3.12,2.0,2.0,2.0,2.75,2.25,2.88,2.75,1.88,3.62,3.12,3.25,3.75,3.12,3.12,3.62,1.0,1.12,1.0,3.0,3.25,2.88,1.62,1.75,2.62,2.62,3.75,2.88,2.5,1.75,3.25,2.88,1.5,4.12,3.75,1.0,2.75,2.88,2.75,3.5,3.12,3.12,1.75,2.88,2.0,3.12,3.16,2.53,2.66,3.82,4.45,2.34,2.86,2.79,2.12,4.46,1.42,4.02,3.04,4.43,4.31,2.46,2.99,4.25,3.9,3.58,3.81,3.97,2.08,3.77,3.36,3.9,3.07,3.28,3.44,3.66,2.84,2.11,1.9,3.55,3.01,2.23,1.97,2.68,3.59,3.79,3.93,2.76,3.11,4.61,3.61,4.29,3.16,1.67,2.36,3.96,3.56,4.1,2.43,1.72,2.47,2.23,2.25,2.1,2.69,1.12,3.97,3.7,1.1,4.34,4.17,3.93,3.43,4.18,4.62,3.92,2.67,1.12,3.93,3.84,2.51,3.92,3.34,2.79,3.7,1.67,3.08,1.79,1.93,1.67,3.41,2.74,3.63,3.64,3.27,4.0,3.9,3.68,1.77,3.41,3.96,2.82,True,True,True,True,True,True,True,True
45-2021,Animal Breeders,Animal Breeders,Animal Breeders,0.0909090909090909,0.1666666666666666,0.2424242424242424,0.0303030303030303,0.0757575757575757,0.1212121212121212,-1.044292,1,45-2021,False,0.95,1,45-2021,False,base_00,2,base_00,False,1,3.0,2.0,3.12,2.62,3.12,2.12,1.12,2.62,1.75,2.5,3.0,3.0,2.75,2.0,1.5,2.25,2.25,2.0,3.0,3.0,2.88,2.38,1.75,3.0,3.5,1.38,2.12,3.0,2.88,1.88,2.62,1.38,3.12,1.88,1.88,2.0,2.5,1.62,1.75,3.0,2.88,2.25,2.0,2.62,3.0,1.88,3.0,2.38,2.5,1.75,2.88,2.62,3.0,3.0,3.0,2.5,3.25,1.0,1.38,1.0,1.88,3.0,2.12,2.12,2.0,2.0,2.12,3.0,1.75,2.62,1.62,2.88,2.38,1.5,2.62,2.88,1.0,3.0,2.38,2.62,3.0,2.38,2.12,1.25,2.75,2.0,2.75,2.29,2.54,2.25,2.63,2.76,2.54,1.71,2.2,2.71,3.84,1.45,3.43,2.72,3.04,3.59,1.89,3.82,4.14,2.98,2.26,3.12,3.52,2.8,3.45,2.45,3.04,2.49,2.34,4.07,3.13,2.7,1.59,1.82,2.21,2.79,2.7,1.64,2.29,2.5,3.01,2.97,1.65,3.67,3.33,1.58,2.88,1.5,1.16,1.31,4.76,2.95,3.1,2.22,2.07,1.99,1.55,1.41,1.14,2.95,1.13,1.86,2.54,1.13,3.14,4.94,3.16,2.56,3.42,3.34,2.3,3.16,2.55,1.68,3.08,3.06,4.25,3.62,1.27,2.3,1.33,2.83,1.18,1.8,2.54,3.25,2.31,3.45,2.85,2.86,3.46,2.44,2.93,1.03,2.72,2.77,1.94,True,True,True,True,True,True,True,True
45-2041,"Graders and Sorters, Agricultural Products","Graders and Sorters, Agricultural Products","Graders and Sorters, Agricultural Products",0.1,0.1,0.1,0.0,0.05,0.1,-1.370968,1,45-2041,False,0.41,1,45-2041,False,base_00,2,base_00,False,1,2.75,2.0,3.12,2.12,2.38,1.62,1.38,2.25,1.38,2.25,2.25,3.0,2.38,1.25,1.0,2.0,1.88,1.5,2.38,2.25,3.25,1.62,1.62,2.5,3.25,1.0,1.75,3.0,2.88,1.38,2.12,1.0,2.62,2.0,2.0,1.25,2.25,1.0,1.0,2.75,2.88,1.62,1.38,2.25,2.62,1.62,2.88,2.5,1.62,1.75,2.12,1.88,2.12,2.75,2.12,2.5,2.5,1.0,1.0,1.0,1.62,2.25,1.62,1.12,1.12,1.38,1.62,2.88,1.75,1.5,1.0,1.62,1.88,1.0,1.88,2.25,1.0,1.25,1.88,2.12,2.75,1.88,1.62,1.0,2.25,1.5,2.25,2.47,2.44,2.88,2.44,4.28,2.82,2.77,2.31,1.98,2.94,1.32,3.06,2.97,3.22,4.22,2.74,4.6,4.32,3.03,2.7,3.39,3.17,2.28,3.74,2.46,3.2,1.89,1.34,3.73,3.38,2.51,1.51,1.64,2.65,2.18,1.97,1.74,2.34,2.74,2.84,1.86,2.33,2.21,3.6,2.35,1.75,2.71,1.18,2.32,2.62,1.76,2.7,1.32,1.26,1.46,1.12,1.53,1.71,1.54,1.04,2.56,2.1,1.0,4.57,2.91,3.07,2.58,2.99,3.57,2.03,1.38,1.54,4.32,1.65,2.39,1.65,1.65,4.04,4.36,1.49,2.79,1.78,1.65,1.41,4.42,1.37,4.65,4.46,2.47,1.79,4.18,4.15,1.7,3.0,3.79,1.59,True,True,True,True,True,True,True,True
45-2091,Agricultural Equipment Operators,Agricultural Equipment Operators,Agricultural Equipment Operators,0.0,0.0,0.0,0.0,0.0,0.0,-1.145156,1,45-2091,False,,,,,base_00,2,base_00,False,1,3.25,2.88,2.5,3.88,3.0,3.38,1.38,2.12,1.75,3.0,3.38,3.0,2.62,2.25,2.0,2.12,2.0,3.12,2.88,3.0,3.12,1.62,2.12,3.88,3.62,1.75,1.75,3.25,3.12,2.12,2.88,2.38,3.38,3.25,3.25,3.25,2.88,2.12,2.25,3.12,3.0,2.25,2.12,2.38,3.12,2.5,3.12,2.62,2.88,2.12,2.25,2.0,2.25,3.0,2.5,2.75,2.88,3.0,2.5,1.38,2.25,2.5,1.75,1.38,1.5,2.25,1.88,2.75,2.12,3.88,1.12,3.75,2.0,1.0,3.0,2.25,3.0,1.62,2.25,2.88,2.75,2.0,2.0,1.5,2.25,3.12,2.12,2.12,3.4,2.92,2.06,3.92,4.16,3.59,3.53,2.29,3.06,2.01,4.18,2.58,3.34,3.4,3.55,4.15,3.7,4.27,2.55,2.56,2.39,3.19,3.48,4.44,2.33,2.06,2.04,3.96,4.1,2.51,2.69,3.77,3.58,2.29,2.12,2.05,3.18,3.14,3.49,2.38,2.2,2.76,3.68,2.85,1.88,1.86,1.62,2.04,3.87,2.22,3.65,1.35,1.16,1.5,1.37,2.41,1.12,2.37,1.12,2.17,3.9,1.56,4.17,3.18,2.72,2.98,3.04,3.72,2.41,4.07,3.68,2.12,2.54,2.99,4.3,3.12,3.59,2.57,1.42,2.1,1.23,1.65,1.93,2.11,3.12,2.94,3.41,2.88,3.44,3.4,3.13,1.57,3.13,3.79,1.82,True,True,False,True,True,True,True,True
45-2092,"Farmworkers and Laborers, Crop, Nursery, and Greenhouse","Farmworkers and Laborers, Crop, Nursery, and Greenhouse","Farmworkers and Laborers, Crop, Nursery, and Greenhouse",0.0714285714285714,0.1428571428571428,0.2142857142857142,0.0,0.0714285714285714,0.1428571428571428,-1.601349,1,45-2092,False,,,,,base_00,2,base_00,False,1,3.88,2.25,2.88,3.88,3.0,2.5,2.62,3.5,3.38,3.75,3.12,3.62,2.62,2.62,2.0,3.12,3.0,2.25,2.88,2.75,3.75,2.25,2.12,3.75,3.5,1.75,2.12,3.12,3.25,2.62,2.38,2.12,3.0,3.5,3.25,2.75,2.75,1.88,2.62,3.0,3.0,2.38,2.38,3.5,3.62,2.5,4.0,2.38,2.75,2.5,2.62,2.88,2.62,2.88,2.38,2.5,2.75,2.62,2.38,1.62,2.25,2.38,2.5,1.88,2.0,2.38,2.12,2.75,2.12,2.75,1.5,3.0,2.5,1.62,2.62,2.75,2.75,1.25,2.38,2.75,3.0,2.5,2.38,1.5,2.75,2.62,2.75,3.27,2.77,2.95,3.19,3.67,3.58,3.01,2.91,3.11,3.02,2.2,3.31,3.23,3.32,3.79,2.72,3.86,3.75,3.48,2.86,3.19,3.47,3.05,3.19,3.56,3.31,2.57,2.88,4.04,3.12,2.84,2.42,3.4,2.76,2.97,2.66,2.16,3.08,3.31,3.57,2.64,1.84,2.59,3.48,2.8,2.39,2.53,1.34,1.87,3.3,1.97,3.02,1.82,1.29,2.18,1.76,2.6,2.23,3.22,1.38,2.4,3.77,1.36,4.62,3.04,2.41,3.02,2.85,3.27,2.23,2.93,2.93,2.19,2.95,2.59,4.45,2.7,2.81,3.03,1.54,3.59,1.65,2.15,2.92,3.97,1.59,3.61,3.85,3.57,2.38,3.74,3.12,1.5,2.84,3.43,1.35,True,True,False,True,True,True,True,True
45-2093,"Farmworkers, Farm, Ranch, and Aquacultural Animals","Farmworkers, Farm, Ranch, and Aquacultural Animals","Farmworkers, Farm, Ranch, and Aquacultural Animals",0.0,0.0625,0.125,0.0,0.078125,0.15625,-1.108432,1,45-2093,False,,,,,base_00,2,base_00,False,1,3.38,2.5,3.0,3.62,3.38,2.88,1.5,2.38,1.88,2.75,3.12,3.12,3.0,2.5,2.0,2.88,2.12,2.5,3.12,3.12,3.12,2.12,2.12,3.12,3.25,1.88,2.12,3.38,3.0,2.62,2.88,2.12,3.75,2.62,2.75,2.75,3.0,1.88,2.5,3.12,3.0,2.38,2.0,2.62,3.12,2.62,3.25,2.62,2.75,2.25,3.0,2.62,2.88,3.12,3.0,3.0,3.38,2.75,2.88,1.0,2.38,3.12,2.12,1.75,2.0,2.5,2.12,3.25,2.12,3.12,1.38,3.12,2.5,1.0,2.88,3.0,2.75,1.88,2.38,2.62,3.0,2.25,2.25,1.38,2.88,3.0,2.62,3.05,2.76,2.5,2.83,3.64,3.46,3.09,3.2,2.9,3.53,1.96,3.38,3.36,3.27,3.53,3.0,3.73,3.6,3.38,2.57,3.54,3.97,3.02,3.98,3.77,3.21,2.82,3.08,3.99,3.32,2.22,2.21,2.8,2.65,3.03,2.37,1.95,2.71,3.22,3.31,2.5,2.42,3.09,4.12,3.04,3.07,2.25,1.35,1.82,3.93,2.38,4.3,1.69,2.51,3.1,1.51,2.08,1.36,3.61,1.04,3.52,3.85,1.64,4.19,3.97,3.57,3.55,3.23,3.37,2.76,3.63,3.12,1.49,3.03,2.12,4.12,3.74,1.52,3.57,1.16,2.96,1.15,2.14,1.68,3.0,1.84,4.13,3.18,3.89,3.98,2.37,2.56,1.33,3.12,3.65,1.52,True,True,False,True,True,True,True,True
45-3031,Fishing and Hunting Workers,Fishing and Hunting Workers,Fishing and Hunting Workers,0.0,0.043859649122807,0.087719298245614,0.0,0.0087719298245614,0.0175438596491228,-1.409023,2,45-3011;45-3021,True,,,,,base_00,2,base_00,False,1,3.38,2.75,3.0,3.25,3.25,3.25,2.12,3.12,2.5,3.12,3.75,2.88,3.5,2.75,2.88,2.62,2.62,3.0,3.38,2.88,3.25,2.0,2.38,3.25,3.5,2.62,2.12,3.25,3.25,2.75,2.88,2.75,3.38,2.88,3.12,2.75,2.88,2.75,4.25,3.0,2.88,2.88,2.0,2.88,3.62,2.62,3.5,3.0,2.75,2.75,2.5,2.38,2.5,2.75,2.75,3.12,3.12,2.62,2.5,1.25,2.75,3.12,2.75,2.12,2.5,2.62,2.12,2.88,2.12,2.62,1.25,2.62,2.12,1.12,2.25,2.75,2.25,1.62,2.25,2.62,3.0,2.38,2.12,1.5,2.88,2.62,2.25,2.68,2.89,2.84,2.53,2.68,3.53,2.89,2.47,3.11,3.26,2.16,2.89,2.89,3.44,3.68,2.84,3.68,3.63,4.15,2.42,3.11,3.84,2.89,3.47,4.11,3.47,2.61,2.72,4.1,3.26,2.47,2.74,3.37,2.79,2.95,2.53,1.84,3.68,3.0,3.72,2.47,2.67,3.26,4.1,3.15,3.19,2.35,1.48,1.45,3.81,3.48,2.75,2.52,2.2,4.05,2.15,2.57,2.1,3.75,1.19,3.63,3.95,1.85,4.42,4.4,3.32,3.38,3.45,3.24,2.5,2.85,3.42,1.5,3.6,3.95,4.89,3.05,2.0,3.61,2.24,3.26,1.62,3.4,2.43,3.6,2.19,4.0,3.86,3.05,3.95,3.05,4.05,1.95,3.15,3.25,2.5,True,True,False,True,True,True,True,True
45-4011,Forest and Conservation Workers,Forest and Conservation Workers,Forest and Conservation Workers,0.0434782608695652,0.0434782608695652,0.0434782608695652,0.0,0.0652173913043478,0.1304347826086956,-1.064205,1,45-4011,False,0.87,1,45-4011,False,base_00,2,base_00,False,1,3.0,2.38,3.0,3.0,3.12,3.0,1.62,3.12,2.0,2.88,3.12,3.0,3.12,2.75,2.0,2.5,2.12,2.5,3.0,3.0,3.0,2.0,2.12,3.12,3.12,1.62,2.0,3.5,3.25,2.62,3.0,2.12,3.5,2.0,2.5,2.75,3.0,2.0,2.75,3.0,3.0,2.12,2.12,3.12,3.25,2.88,3.12,2.75,3.0,2.0,3.0,2.75,3.0,3.0,2.88,3.0,3.12,2.25,2.12,1.0,2.25,3.0,2.62,1.38,1.62,2.12,2.12,3.12,2.0,2.62,1.25,2.75,2.38,1.38,2.12,3.0,2.12,2.0,2.38,2.75,3.0,2.25,2.0,1.38,2.88,2.12,2.62,3.01,1.9,2.59,3.03,3.95,3.13,3.06,2.81,3.2,3.37,1.73,3.42,3.16,3.19,3.97,2.54,3.63,3.69,3.67,2.68,3.1,3.79,2.24,3.76,4.46,3.4,2.6,3.53,4.18,3.43,2.13,1.95,3.28,2.41,2.85,1.34,1.96,3.31,2.74,3.4,3.17,2.25,3.38,4.32,3.95,3.91,2.35,1.36,1.34,4.2,4.89,3.94,1.87,1.56,2.63,2.91,3.69,1.54,4.4,1.0,3.52,4.05,2.62,4.78,4.21,4.09,3.84,3.94,3.37,2.54,4.57,2.7,3.02,4.02,3.05,4.7,2.68,2.18,3.05,2.39,2.62,1.53,2.49,2.22,2.85,2.53,3.39,3.08,3.26,4.58,3.0,4.31,2.1,3.5,4.33,3.13,True,True,True,True,True,True,True,True
45-4021,Fallers,Fallers,Fallers,0.0,0.03125,0.0625,0.125,0.125,0.125,-1.795407,1,45-4021,False,0.76,1,45-4021,False,base_00,2,base_00,False,1,3.5,3.38,3.0,3.63,2.88,3.38,1.75,3.0,2.13,3.25,3.25,2.75,3.25,2.13,2.0,3.38,3.0,3.25,2.75,3.13,3.5,2.25,1.88,3.75,3.38,2.0,2.5,3.0,3.0,2.13,3.0,2.63,3.13,3.13,4.13,3.13,2.88,2.38,2.88,2.88,2.75,2.38,3.5,3.38,3.5,2.5,3.38,3.25,3.13,2.75,2.13,2.0,2.38,2.88,2.62,2.5,3.25,2.88,2.62,1.0,2.0,3.0,1.38,1.88,1.88,2.0,2.38,3.25,2.0,3.38,2.12,3.25,2.25,1.0,2.62,2.0,2.75,1.75,2.12,2.25,2.62,1.12,2.0,1.0,2.5,2.75,1.88,1.8,2.39,1.66,1.51,2.95,4.33,2.14,1.74,2.28,1.73,1.84,3.14,2.78,2.44,3.44,1.62,4.2,3.94,3.54,1.96,3.33,2.92,1.75,3.59,3.77,2.47,1.51,1.47,4.34,1.93,1.59,1.41,3.46,1.66,1.78,1.64,1.26,1.52,1.79,2.24,1.11,1.77,3.44,2.84,2.88,1.84,1.62,1.09,1.47,4.59,1.33,4.31,3.06,1.05,2.45,2.56,4.88,1.92,3.84,1.0,3.66,3.41,4.2,3.79,4.82,4.26,3.76,4.26,4.1,2.53,2.56,2.52,1.1,1.66,3.02,4.94,1.3,2.76,1.29,1.27,4.13,1.67,3.42,3.33,3.72,1.78,4.4,4.84,4.02,2.72,2.83,4.97,1.85,2.48,3.38,1.27,True,True,True,True,True,True,True,True
45-4022,Logging Equipment Operators,Logging Equipment Operators,Logging Equipment Operators,0.1875,0.1875,0.1875,0.0,0.0625,0.125,-1.003702,1,45-4022,False,0.79,1,45-4022,False,base_00,2,base_00,False,1,3.75,2.88,3.0,4.0,2.88,3.62,1.12,2.25,1.5,2.88,3.5,3.0,2.88,2.0,2.25,2.12,2.0,2.88,2.88,3.0,3.12,2.38,2.0,3.75,3.25,2.5,2.38,3.0,3.0,2.12,3.12,2.75,3.5,3.5,3.88,3.5,3.0,2.12,3.0,2.88,2.88,2.12,2.25,2.0,2.88,2.12,3.0,3.12,3.12,2.12,2.62,2.25,2.25,3.0,2.88,2.75,2.88,3.12,2.75,1.12,2.25,2.88,2.25,1.75,1.88,2.25,2.38,3.0,2.25,4.0,1.5,3.75,2.38,1.0,3.0,2.5,2.88,1.5,2.25,2.75,2.75,2.38,2.25,1.25,2.88,3.0,2.75,2.44,3.5,3.06,3.14,3.9,4.62,3.19,3.52,3.37,2.61,2.0,3.78,3.81,3.99,4.23,3.05,3.76,3.63,4.02,2.69,3.35,3.89,3.19,3.76,4.67,3.32,1.98,2.09,3.26,2.48,3.24,2.68,4.35,2.71,2.78,2.03,1.68,3.16,2.74,3.26,2.44,2.39,4.08,4.13,3.04,2.49,2.96,1.6,2.15,3.83,1.94,3.64,2.27,1.0,2.53,1.37,3.67,2.4,2.76,1.0,3.82,2.92,3.93,4.42,4.03,4.55,4.43,4.42,3.79,3.7,4.87,3.09,1.87,1.92,2.86,4.23,2.01,4.45,1.55,1.4,2.4,1.7,1.34,1.43,4.09,4.36,2.0,4.98,1.85,4.04,3.19,4.59,1.44,3.89,4.36,2.32,True,True,True,True,True,True,True,True
45-4023,Log Graders and Scalers,Log Graders and Scalers,Log Graders and Scalers,0.0,0.2105263157894736,0.4210526315789473,0.0,0.1578947368421052,0.3157894736842105,-0.4768305,1,45-4023,False,0.97,1,45-4023,False,base_00,2,base_00,False,1,3.0,2.5,3.25,3.0,3.25,2.88,1.12,2.12,2.0,2.38,3.12,3.0,3.12,2.5,1.88,2.12,2.12,2.25,3.25,3.0,3.0,3.0,2.0,2.88,3.88,1.75,3.0,3.38,3.38,2.5,3.12,1.88,3.62,2.12,2.25,2.25,3.0,1.88,2.12,3.0,3.0,2.38,2.12,2.12,2.5,2.75,2.25,3.0,2.88,2.12,3.0,3.12,3.0,3.25,2.88,3.0,3.25,1.62,1.75,1.0,2.5,3.0,2.38,1.75,1.88,2.38,2.75,3.0,2.62,2.75,1.62,2.88,2.75,1.5,2.5,2.88,1.38,1.75,2.62,2.75,3.12,2.5,2.12,1.38,2.88,2.0,3.0,3.14,2.38,2.69,3.17,3.85,2.98,2.94,2.76,2.98,4.0,2.15,3.33,3.97,3.87,3.81,2.86,3.45,3.77,3.89,2.8,4.03,3.69,3.37,3.73,3.59,3.4,3.18,3.01,3.54,3.73,2.88,2.48,2.79,3.08,3.1,2.16,1.86,2.93,3.15,3.16,3.52,2.66,2.99,3.8,3.01,3.29,2.47,1.05,2.02,3.77,2.98,3.66,1.84,1.04,2.33,1.34,3.98,1.79,3.01,1.03,3.68,3.92,1.81,4.55,4.35,4.63,3.13,4.19,4.12,3.66,3.42,2.49,2.19,3.54,2.73,4.96,2.4,3.45,2.9,1.63,2.75,1.32,1.94,2.39,3.58,3.04,3.35,4.26,3.07,3.53,3.81,4.83,1.72,2.99,3.5,2.49,True,True,True,True,True,True,True,True
47-1011,First-Line Supervisors of Construction Trades and Extraction Workers,First-Line Supervisors of Construction Trades and Extraction Workers,First-Line Supervisors of Construction Trades and Extraction Workers,0.0333333333333333,0.4166666666666666,0.8,0.0333333333333333,0.2333333333333333,0.4333333333333333,-0.3054048,1,47-1011,False,0.17,1,47-1011,False,base_00,3,base_00,False,1,3.0,2.5,3.0,3.0,3.5,2.5,1.25,2.0,1.75,2.31,3.185,2.875,2.94,2.94,2.06,2.13,2.31,2.5,3.315,3.5,3.06,2.875,2.25,2.815,3.56,1.75,2.815,3.94,3.875,2.88,2.94,2.12,3.685,2.0,2.25,2.125,3.06,1.88,2.125,3.25,3.12,2.435,1.75,2.12,2.315,2.94,2.5,2.875,3.125,1.88,3.565,3.25,3.0,3.625,3.12,3.815,3.56,2.06,2.565,1.44,3.19,3.25,3.06,2.375,2.5,3.685,2.75,3.565,3.06,2.815,2.25,2.94,3.19,1.375,3.06,3.5,2.06,1.75,3.0,3.12,3.685,2.94,2.94,1.69,3.565,2.31,3.0,2.9450000000000003,2.87,3.1799999999999997,3.85,4.075,3.54,4.055,3.43,3.2750000000000004,3.04,3.405,3.825,3.42,3.975,4.26,3.645,3.88,3.92,4.12,3.12,3.63,4.18,2.965,3.955,3.83,4.015000000000001,2.86,2.7750000000000004,3.785,3.65,2.955,2.94,3.21,3.21,3.9,2.615,2.7750000000000004,3.335,3.4800000000000004,3.835,2.9749999999999996,3.33,3.42,4.904999999999999,4.225,3.845,3.06,1.36,1.6800000000000002,4.41,4.68,3.74,2.66,1.05,3.175,3.34,3.77,3.375,3.315,1.1,3.705,4.140000000000001,2.35,4.695,4.6,4.8,4.4399999999999995,4.5,4.395,3.145,4.285,2.875,2.995,3.15,3.705,4.425,2.82,2.2,3.93,2.5149999999999997,2.78,2.405,2.0700000000000003,2.585,3.115,2.505,3.77,3.405,3.16,4.85,4.15,4.43,2.75,4.385,4.37,3.51,True,True,True,True,True,True,True,True
47-2011,Boilermakers,Boilermakers,Boilermakers,0.0,0.0303030303030303,0.0606060606060606,0.0,0.0,0.0,-1.097532,1,47-2011,False,0.68,1,47-2011,False,base_00,2,base_00,False,1,3.75,3.0,3.0,4.0,3.88,2.88,1.12,2.75,1.88,3.0,3.0,3.75,3.0,3.0,2.0,2.62,2.88,2.88,3.5,3.0,3.75,2.12,2.0,3.62,4.0,1.88,2.12,3.12,3.0,2.12,3.0,2.0,3.88,2.88,3.0,2.75,3.0,2.0,2.25,3.0,2.88,2.38,1.62,2.88,3.0,2.75,3.0,2.75,3.0,2.0,3.0,3.0,3.0,3.0,3.0,2.88,3.5,3.12,3.0,2.0,2.62,3.0,2.75,1.62,1.75,2.0,2.12,3.0,2.0,3.75,2.75,4.0,2.0,1.12,3.12,3.0,3.12,1.75,2.5,2.75,3.0,2.12,2.0,1.62,3.0,3.12,2.62,3.0,2.23,2.05,2.82,3.49,3.13,2.75,2.37,2.53,2.95,3.04,2.88,3.02,3.34,3.94,3.09,3.4,3.68,3.96,2.25,3.35,3.76,2.75,3.11,3.71,3.33,2.59,2.21,3.71,3.18,2.06,2.85,4.13,2.22,3.34,1.85,1.81,2.72,2.56,3.55,3.15,2.29,3.99,4.67,4.25,3.78,2.95,1.9,1.69,3.97,4.25,3.22,3.37,1.4,2.99,3.18,3.27,3.06,3.61,1.47,3.44,4.21,1.95,4.9,4.11,4.18,3.22,4.04,4.53,2.87,3.42,2.29,4.29,3.9,3.37,3.27,2.51,2.15,3.57,2.13,2.86,2.83,2.63,3.1,3.32,2.09,4.09,3.42,3.39,4.95,4.09,4.62,3.43,3.72,4.43,1.92,True,True,True,True,True,True,True,True
47-2021,Brickmasons and Blockmasons,Brickmasons and Blockmasons,Brickmasons and Blockmasons,0.0,0.0384615384615384,0.0769230769230769,0.0,0.0,0.0,-1.75434,1,47-2021,False,0.82,1,47-2021,False,base_00,2,base_00,False,1,3.75,2.62,3.0,3.0,3.0,2.75,1.88,3.62,2.12,3.88,3.0,3.25,2.88,2.25,2.12,3.0,3.12,2.62,3.0,3.25,3.75,2.75,2.0,3.62,3.75,2.0,2.88,3.0,3.0,2.62,2.88,2.0,3.12,2.25,2.88,2.12,3.0,2.0,2.12,2.88,2.88,2.12,2.12,3.0,3.75,2.88,4.0,2.88,3.62,2.0,3.0,2.25,2.88,3.0,2.88,3.12,3.12,2.0,2.62,1.12,2.25,2.88,2.12,1.88,2.0,2.25,2.88,3.0,2.25,2.62,2.12,3.0,2.5,1.0,3.0,2.75,2.0,1.75,2.25,2.75,3.0,2.12,2.0,1.62,3.0,2.0,2.25,2.88,2.43,3.05,2.64,3.91,3.25,3.86,3.42,3.3,2.72,2.92,3.31,3.47,3.58,4.09,3.24,4.15,3.9,4.13,3.22,3.4,3.84,3.09,4.04,3.74,3.8,2.06,2.29,3.88,3.34,2.64,1.54,3.2,2.94,3.89,1.85,1.76,3.07,3.24,3.42,1.77,3.13,3.06,3.92,3.25,2.74,3.35,2.0,1.6,3.98,2.53,4.15,3.2,1.14,3.55,3.4,4.59,4.27,3.61,1.25,4.54,4.42,2.39,4.04,3.97,3.64,3.74,3.53,4.12,2.6,2.18,3.04,1.68,3.96,3.36,4.97,3.02,2.11,4.31,2.23,4.11,4.15,3.05,2.91,4.56,1.38,4.86,4.37,3.39,4.13,4.08,5.0,3.51,3.66,4.27,2.76,True,True,True,True,True,True,True,True
47-2022,Stonemasons,Stonemasons,Stonemasons,0.0,0.0,0.0,0.0,0.0,0.0,-1.714759,1,47-2022,False,0.89,1,47-2022,False,base_00,2,base_00,False,1,3.88,2.62,3.12,3.0,3.12,2.88,1.88,3.25,2.25,3.38,3.38,3.25,2.75,2.75,2.12,2.88,3.12,2.25,2.88,3.38,3.75,2.62,2.12,3.38,3.88,1.75,2.75,3.25,3.0,2.75,2.88,2.25,3.62,2.25,2.75,2.5,3.25,2.0,2.25,3.0,3.0,2.5,2.25,3.62,4.0,2.5,3.88,2.88,3.62,2.38,2.62,2.38,2.75,3.0,3.25,3.12,3.5,2.0,2.25,1.0,2.62,3.25,2.62,1.62,2.25,2.88,3.0,3.0,2.62,2.88,1.75,3.12,2.62,1.0,2.75,3.0,2.25,1.62,2.62,2.62,3.0,2.62,2.25,1.88,3.25,2.25,2.62,2.28,2.79,2.97,3.05,4.19,3.99,3.41,3.09,3.1,2.93,3.03,3.14,3.75,3.88,4.51,3.53,4.28,3.8,4.22,3.36,3.43,3.99,2.92,4.17,4.1,3.69,2.22,2.61,4.47,3.67,2.69,2.36,3.2,3.24,3.36,2.76,2.27,3.67,3.36,3.4,2.07,2.6,3.74,4.18,4.43,4.11,2.72,1.27,1.48,4.07,3.4,4.45,3.36,1.1,3.38,2.22,4.31,3.19,2.97,1.02,4.33,3.83,3.13,4.53,4.34,4.36,4.42,4.56,4.6,3.3,2.86,2.95,1.72,2.16,3.09,4.76,2.66,2.24,4.1,2.67,4.23,2.49,2.77,2.81,4.11,1.08,4.69,4.71,2.9,4.33,3.67,4.98,3.36,4.21,4.85,2.89,True,True,True,True,True,True,True,True
47-2031,Carpenters,Carpenters,Carpenters,0.0444444444444444,0.1444444444444444,0.2444444444444444,0.0444444444444444,0.0888888888888888,0.1333333333333333,-1.323631,1,47-2031,False,0.72,1,47-2031,False,base_00,2,base_00,False,1,3.5,2.88,3.12,3.12,3.5,2.75,1.62,2.88,3.0,2.75,3.38,3.62,3.0,2.62,1.88,2.38,2.75,2.62,3.25,3.5,3.62,2.88,2.5,3.38,3.62,1.75,2.75,3.38,3.38,2.88,3.0,2.12,3.88,2.62,3.12,2.75,3.12,1.88,2.62,3.0,3.0,2.5,1.75,2.62,3.38,2.75,3.5,2.62,3.88,2.75,3.0,2.75,3.0,3.38,3.0,3.25,3.38,2.25,2.75,2.25,2.62,3.0,2.75,1.88,2.38,2.62,3.0,3.38,2.5,2.88,1.75,2.88,2.5,1.5,3.12,3.12,2.38,1.38,2.75,2.75,3.12,2.5,2.62,1.75,3.0,2.38,2.88,3.44,2.86,3.01,3.08,3.91,3.48,3.64,3.33,2.86,3.17,3.6,3.41,3.32,3.44,4.12,3.35,4.05,4.19,4.08,3.08,3.45,3.83,2.94,4.08,3.65,3.7,2.75,2.86,4.01,3.63,2.6,2.34,3.0,3.19,3.47,2.24,2.11,3.51,3.08,3.55,2.63,3.32,3.8,4.74,3.62,2.97,3.04,1.7,1.78,3.62,2.73,3.9,2.57,1.66,2.64,2.68,3.7,3.53,2.93,1.35,4.26,3.43,2.54,4.92,3.63,4.22,4.48,4.37,4.55,2.97,2.59,2.57,3.04,2.72,3.34,3.91,2.98,2.57,3.9,2.08,3.59,2.95,1.98,3.09,3.46,1.44,4.6,4.07,3.37,3.92,4.43,4.93,2.81,4.26,4.48,2.07,True,True,True,True,True,True,True,True
47-2041,Carpet Installers,Carpet Installers,Carpet Installers,0.0,0.0625,0.125,0.0,0.03125,0.0625,-1.564577,1,47-2041,False,0.87,1,47-2041,False,base_00,2,base_00,False,1,3.25,2.25,2.75,2.88,3.0,3.0,1.5,3.0,1.75,3.62,3.0,3.12,2.88,2.5,2.0,2.88,2.75,2.38,2.88,3.0,3.25,2.88,2.12,3.12,3.5,1.62,2.88,3.0,3.12,2.25,2.75,2.0,3.62,1.88,2.12,2.0,3.0,1.75,2.25,2.75,3.25,2.0,2.62,3.12,3.5,2.75,3.62,2.88,3.25,2.25,2.62,2.38,2.62,2.88,2.75,3.12,3.0,1.75,2.25,1.38,2.5,2.88,2.38,1.5,2.0,2.5,3.0,3.12,2.25,2.5,2.0,2.62,2.38,1.0,3.0,2.62,1.88,1.0,2.62,2.88,2.88,2.0,2.12,1.62,3.0,2.12,2.0,2.46,1.92,2.65,3.26,3.67,3.39,2.92,2.51,2.6,1.96,2.95,2.88,3.61,3.04,4.14,2.71,4.47,3.42,3.9,2.34,3.33,3.72,2.31,3.58,3.43,3.2,1.73,2.94,4.59,2.96,2.33,1.78,2.54,2.39,2.96,1.9,1.81,3.02,3.1,3.48,1.35,3.0,2.87,4.33,3.49,3.35,2.53,1.19,1.21,4.2,1.19,4.14,3.63,1.57,2.77,1.9,2.84,1.51,3.5,1.0,3.51,2.42,1.53,4.61,4.87,4.08,3.34,4.13,3.96,2.53,3.15,1.53,4.28,2.67,3.47,2.06,1.64,1.42,3.37,1.46,3.77,1.27,1.94,4.46,4.07,1.37,2.24,4.73,2.5,4.4,4.24,3.43,1.53,3.74,3.8,1.78,True,True,True,True,True,True,True,True
47-2042,"Floor Layers, Except Carpet, Wood, and Hard Tiles","Floor Layers, Except Carpet, Wood, and Hard Tiles","Floor Layers, Except Carpet, Wood, and Hard Tiles",0.0,0.0,0.0,0.0,0.0,0.0,-1.301024,1,47-2042,False,0.79,1,47-2042,False,base_00,2,base_00,False,1,3.38,2.13,2.63,2.75,3.0,2.13,1.38,2.75,1.0,3.5,2.38,3.13,2.25,2.5,1.63,2.13,1.88,1.88,2.88,3.0,3.13,1.75,1.5,2.63,3.5,1.75,2.0,3.38,3.13,2.63,2.13,1.5,3.13,1.88,2.0,1.75,2.88,1.5,1.63,3.0,2.88,1.75,1.5,2.5,3.13,2.13,2.88,2.13,2.88,1.75,2.75,2.5,2.75,3.12,2.75,2.88,2.88,1.0,1.62,1.0,2.38,2.88,2.12,1.12,1.25,2.38,2.12,2.88,2.5,2.38,1.88,2.25,2.38,1.0,2.0,2.38,1.0,1.25,2.38,2.88,3.12,1.75,1.75,1.25,2.88,1.62,2.38,3.1,2.45,2.45,3.52,3.96,2.82,3.08,3.11,3.2,2.36,2.67,3.2,3.17,2.92,3.79,2.81,3.65,3.56,3.38,2.72,2.97,3.78,2.21,3.52,2.53,3.61,2.2,3.07,3.67,3.68,2.23,1.43,2.26,2.64,3.72,2.46,1.82,3.3,2.67,3.42,1.81,1.84,2.0,4.65,3.65,3.32,2.25,1.01,1.59,4.22,1.04,4.34,3.84,1.32,2.52,1.79,3.79,1.13,2.69,1.0,3.01,1.69,1.45,4.98,4.39,3.86,2.98,4.36,4.19,2.28,2.35,1.21,3.84,3.28,2.2,1.76,1.47,1.05,3.8,1.04,4.03,1.0,1.27,4.32,3.62,1.6,2.73,4.89,2.13,4.19,3.32,2.65,2.2,3.88,3.61,1.94,True,True,True,True,True,True,True,True
47-2043,Floor Sanders and Finishers,Floor Sanders and Finishers,Floor Sanders and Finishers,0.0,0.0714285714285714,0.1428571428571428,0.0,0.0,0.0,-1.748722,1,47-2043,False,0.87,1,47-2043,False,base_00,2,base_00,False,1,3.75,2.12,2.75,3.62,2.75,2.62,1.5,3.0,1.62,3.12,2.75,3.25,2.38,2.12,1.62,2.88,2.25,1.75,2.75,2.88,3.62,2.0,2.12,3.62,3.25,1.62,2.12,3.12,3.0,2.0,2.62,1.88,2.75,2.75,3.0,2.38,3.0,1.62,2.0,2.75,2.88,2.0,2.5,3.25,3.12,2.12,3.62,2.5,2.88,2.75,2.38,2.12,2.62,3.0,2.75,3.0,2.75,2.25,2.12,1.0,2.12,2.62,2.12,1.38,1.62,1.88,2.0,2.88,2.0,3.12,1.38,2.88,2.12,1.0,2.62,2.62,2.12,1.12,2.5,2.38,2.75,2.0,2.0,1.38,2.88,2.12,2.12,2.8,2.83,3.12,3.29,4.05,4.09,3.61,2.93,3.2,2.95,2.59,3.38,3.6,3.45,4.19,3.29,4.01,4.07,4.31,3.39,3.24,3.9,3.3,4.33,3.49,3.61,1.94,3.74,4.08,3.69,2.96,2.66,3.68,3.09,3.37,2.67,2.16,3.45,3.72,3.66,2.01,1.9,2.89,3.95,3.5,3.12,2.35,1.66,1.82,4.34,1.76,4.9,3.23,1.24,2.32,3.14,4.01,2.03,2.86,1.1,4.56,2.55,3.81,4.74,4.45,4.05,3.56,4.38,4.37,3.38,2.76,1.42,4.23,2.77,3.22,1.85,1.95,3.07,2.96,1.3,4.69,1.94,2.56,4.56,4.57,1.79,4.12,4.88,4.2,3.95,3.97,4.53,3.51,3.99,3.66,1.78,True,True,True,True,True,True,True,True
47-2044,Tile and Stone Setters,Tile and Stone Setters,Tile and Stone Setters,0.025,0.0875,0.15,0.0,0.0375,0.075,-1.22543,1,47-2044,False,0.75,1,47-2044,False,base_00,2,base_00,False,1,3.12,2.12,3.12,3.0,3.0,2.62,1.25,2.5,1.38,3.5,3.12,3.12,2.5,2.62,1.88,2.75,2.88,2.0,3.0,3.25,3.12,2.75,2.12,3.12,3.62,1.5,2.62,3.12,3.0,2.75,2.75,1.75,3.38,1.88,2.5,2.5,2.88,1.62,2.25,3.0,3.0,2.25,2.0,3.12,3.12,2.12,3.38,3.0,3.75,2.12,2.88,2.5,2.38,3.12,3.0,3.0,3.0,2.0,2.12,1.5,2.62,2.75,2.12,1.5,2.0,2.25,3.0,2.75,2.38,2.25,1.75,2.5,2.25,1.0,2.62,2.88,2.0,1.12,2.62,2.5,3.0,2.12,2.0,1.62,3.0,2.0,2.0,2.61,2.49,2.55,2.73,3.7,2.9,2.89,2.48,2.7,2.33,3.27,2.92,3.48,3.36,4.27,2.65,3.87,3.6,3.81,2.6,3.45,3.65,2.31,3.65,2.98,3.57,1.92,2.25,3.93,2.87,2.15,2.08,2.71,2.39,3.14,2.11,1.44,3.59,3.02,3.19,1.32,1.72,3.11,3.81,3.12,2.56,1.82,1.05,1.26,3.86,2.06,4.2,2.97,1.07,3.12,1.53,3.29,2.23,2.9,1.0,4.25,3.12,1.58,4.55,3.6,3.4,3.07,3.53,4.54,3.01,1.6,1.05,3.34,2.87,2.94,2.81,2.44,1.75,3.36,1.14,4.28,2.1,2.81,4.47,4.37,1.43,4.05,4.9,2.53,3.48,3.57,4.91,2.04,3.23,3.75,1.79,True,True,True,True,True,True,True,True
47-2051,Cement Masons and Concrete Finishers,Cement Masons and Concrete Finishers,Cement Masons and Concrete Finishers,0.0,0.0,0.0,0.0,0.0,0.0,-1.777407,1,47-2051,False,0.94,1,47-2051,False,base_00,2,base_00,False,1,3.5,2.62,3.12,3.5,3.25,3.0,1.88,3.25,2.12,3.38,3.12,3.12,2.75,2.12,2.38,3.0,2.5,2.25,3.0,3.25,3.88,2.38,2.0,3.62,3.62,1.75,2.25,3.12,3.12,2.12,2.88,1.88,3.25,3.0,3.0,2.5,3.12,1.75,2.38,3.0,3.12,2.12,2.88,3.25,3.12,2.25,3.75,2.75,3.25,2.25,2.12,2.12,2.12,3.0,3.0,3.12,3.0,2.0,2.12,1.38,2.5,3.0,2.38,1.75,1.88,2.5,2.62,3.25,2.0,2.88,1.38,2.75,2.12,1.12,3.12,2.38,1.88,1.25,2.25,2.5,3.12,2.0,2.0,1.75,3.12,2.38,2.0,2.77,2.67,3.09,2.6,3.67,4.17,3.77,3.49,2.98,3.04,2.36,2.98,3.36,3.26,4.22,3.31,4.32,4.14,4.3,2.55,3.64,4.08,2.91,3.9,3.61,3.72,2.33,2.23,4.21,3.37,2.56,1.93,3.32,2.95,4.18,2.66,2.72,3.05,2.96,3.38,2.01,3.52,3.48,3.95,4.05,2.69,3.45,2.27,2.46,3.59,2.22,4.51,2.83,1.19,3.1,1.95,3.89,2.7,3.37,1.25,4.43,4.29,3.31,4.34,3.36,3.67,4.35,3.75,4.44,3.09,3.28,3.7,1.56,2.53,4.08,4.81,2.92,4.39,4.42,1.69,4.12,1.79,3.46,3.83,4.5,1.39,4.82,4.93,4.4,3.25,3.77,4.44,2.95,3.95,4.32,2.04,True,True,True,True,True,True,True,True
47-2053,Terrazzo Workers and Finishers,Terrazzo Workers and Finishers,Terrazzo Workers and Finishers,0.0,0.0,0.0,0.0,0.0227272727272727,0.0454545454545454,-1.776065,1,47-2053,False,0.88,1,47-2053,False,base_00,2,base_00,False,1,3.38,2.5,2.75,3.12,2.88,2.88,2.12,3.0,2.25,3.25,3.25,3.25,2.62,2.5,2.0,2.75,2.38,2.0,2.62,3.0,3.75,2.0,2.0,3.5,3.5,1.75,2.25,2.88,2.75,2.0,2.88,1.88,3.12,2.62,2.88,2.25,3.0,1.88,1.88,2.75,2.88,2.0,2.12,3.12,3.12,2.38,3.5,3.0,3.12,2.12,2.12,1.88,2.38,2.5,2.62,3.0,2.62,2.12,2.5,1.25,2.12,2.88,2.12,1.62,1.88,2.12,2.38,2.75,1.88,2.75,1.88,2.75,2.0,1.0,3.0,2.12,2.0,1.62,2.38,2.62,2.88,2.0,1.88,1.38,2.75,2.12,1.88,2.54,2.46,2.92,2.63,3.79,4.04,3.53,2.88,2.93,2.16,3.05,3.22,3.24,2.85,4.18,2.93,4.17,3.4,3.9,2.66,2.91,3.64,2.29,3.85,3.48,3.73,1.92,2.58,4.41,2.76,2.54,2.69,3.13,2.85,3.6,1.98,1.75,3.03,3.34,2.85,1.59,2.35,3.22,3.55,3.52,2.14,2.61,1.74,1.5,3.32,1.42,3.82,2.48,1.28,2.69,3.17,3.36,1.64,2.54,1.1,4.4,2.85,2.69,4.29,3.05,3.2,3.8,3.3,4.31,2.76,1.78,1.88,3.08,3.14,3.47,1.97,1.76,3.32,3.69,1.55,3.79,1.53,1.94,3.79,3.82,1.25,4.38,4.78,3.07,3.41,4.29,4.84,2.26,3.72,4.31,1.92,True,True,True,True,True,True,True,True
47-2061,Construction Laborers,Construction Laborers,Construction Laborers,0.0,0.05,0.1,0.0,0.025,0.05,-1.622988,1,47-2061,False,0.88,1,47-2061,False,base_00,2,base_00,False,1,3.5,2.5,3.0,3.25,3.0,3.0,2.0,3.12,2.25,3.12,3.12,3.12,2.25,2.25,2.0,2.62,2.75,2.0,2.88,3.12,3.88,2.0,2.0,3.62,3.25,1.75,1.88,3.25,3.25,2.0,2.5,2.12,3.25,3.0,2.88,2.88,3.0,1.88,2.25,3.0,3.0,2.12,2.0,3.12,3.75,2.5,3.25,2.75,2.88,2.25,2.88,2.12,2.12,3.12,2.75,3.12,2.75,2.5,2.62,1.88,2.12,2.38,2.12,1.5,1.62,2.0,2.0,2.62,2.0,3.12,1.62,3.0,2.0,1.0,2.12,2.75,2.25,1.5,2.12,2.62,3.25,1.88,2.0,1.5,2.5,2.25,2.25,3.88,2.66,2.91,3.51,3.82,4.36,3.65,3.73,3.82,3.4,2.86,3.44,3.63,3.46,4.38,2.82,4.06,4.19,4.76,3.39,3.93,4.15,3.06,4.38,4.06,4.14,2.46,3.36,3.71,3.27,3.54,2.91,3.98,3.01,3.38,2.83,2.61,3.54,3.73,3.94,2.25,2.9,3.8,4.55,3.12,2.21,2.95,1.35,1.3,3.19,1.45,4.19,3.27,1.04,3.59,2.6,4.34,2.21,2.9,1.1,4.12,4.48,2.91,4.8,3.35,3.87,3.66,3.74,3.71,2.65,3.02,3.02,1.8,3.28,2.4,4.63,3.22,3.18,3.59,1.38,2.62,1.76,1.59,2.22,2.94,1.49,4.65,4.18,2.71,4.31,4.11,4.94,2.48,3.12,4.16,1.4,True,True,True,True,True,True,True,True
47-2071,"Paving, Surfacing, and Tamping Equipment Operators","Paving, Surfacing, and Tamping Equipment Operators","Paving, Surfacing, and Tamping Equipment Operators",0.0,0.0,0.0,0.0,0.0,0.0,-1.184739,1,47-2071,False,0.83,1,47-2071,False,base_00,2,base_00,False,1,3.0,2.62,2.75,3.75,3.0,3.0,1.75,2.38,1.88,3.0,3.12,2.88,2.5,1.75,2.12,2.62,2.12,2.75,2.75,3.0,3.0,2.0,2.0,3.38,2.88,1.75,2.0,3.0,3.0,1.88,2.75,2.25,3.62,3.25,3.25,3.0,3.0,1.88,2.88,3.0,3.0,2.0,2.12,2.75,3.12,2.88,3.12,2.38,3.0,2.25,2.38,1.88,2.62,2.88,2.62,3.0,3.0,2.88,2.5,1.62,2.0,2.88,2.25,1.5,1.5,1.88,2.0,3.25,1.88,3.38,1.5,3.62,1.88,1.0,2.75,2.5,3.0,1.12,2.0,2.5,2.88,2.12,2.12,1.62,2.75,3.0,1.88,2.69,3.08,3.22,3.49,3.55,4.4,2.71,3.17,2.59,2.52,2.0,2.98,3.28,3.62,3.43,3.31,3.38,3.48,4.36,2.26,3.92,3.63,2.32,3.65,3.96,3.09,2.19,2.43,3.92,2.72,2.57,2.52,3.59,2.18,3.12,1.85,2.2,3.19,3.49,3.64,2.16,2.85,3.66,3.53,3.04,3.07,3.06,2.16,2.54,3.8,2.36,4.22,2.88,2.5,3.54,2.58,4.26,2.41,4.0,1.63,4.23,4.15,4.26,4.3,3.44,3.22,3.69,3.62,3.48,2.96,3.87,4.22,1.9,2.23,3.29,4.3,2.79,3.8,3.95,1.98,3.61,2.38,2.73,2.43,3.94,3.08,3.21,4.23,2.9,4.18,3.46,4.25,2.27,3.65,3.7,2.4,True,True,True,True,True,True,True,True
47-2072,Pile Driver Operators,Pile Driver Operators,Pile Driver Operators,0.0,0.0,0.0,0.0,0.0,0.0,-1.220009,1,47-2072,False,0.82,1,47-2072,False,base_00,2,base_00,False,1,3.25,3.0,2.62,4.12,3.12,4.0,1.25,2.75,1.5,2.75,3.12,3.0,2.38,2.0,2.88,2.75,2.38,2.75,3.0,3.0,3.62,2.12,1.88,4.0,3.0,1.75,2.12,3.0,3.0,1.88,2.88,2.62,3.5,3.5,3.88,3.38,3.25,2.0,3.0,2.88,3.12,2.0,2.25,2.25,2.75,2.75,2.62,2.12,3.12,2.62,2.25,2.0,2.0,3.0,2.75,3.0,2.88,3.25,2.12,1.0,2.12,2.75,1.88,1.5,1.75,1.88,2.12,3.25,1.88,4.12,1.12,4.0,1.88,1.0,2.88,2.5,2.75,1.38,2.0,2.5,2.75,2.0,2.0,1.5,2.88,3.12,2.25,2.84,2.5,2.38,2.34,3.69,4.68,2.7,2.27,3.08,3.52,2.55,3.02,3.17,3.48,4.2,2.49,4.39,4.2,4.55,2.66,3.05,3.85,2.04,4.1,4.61,3.52,1.79,2.2,3.89,3.83,2.44,2.25,4.27,2.45,2.98,1.81,1.57,3.4,3.15,3.27,2.11,2.96,4.15,4.52,4.27,2.44,2.65,1.44,1.6,3.51,2.16,4.54,3.2,1.3,3.32,2.59,4.39,3.0,3.46,1.22,4.78,4.04,3.71,4.6,4.03,4.15,4.65,4.18,4.18,3.07,3.15,3.8,1.44,2.63,3.21,4.98,2.37,3.34,3.93,2.61,3.21,1.81,1.94,2.72,3.73,3.1,3.31,4.55,2.9,3.48,3.63,4.98,2.98,4.04,4.6,2.61,True,True,True,True,True,True,True,True
47-2073,Operating Engineers and Other Construction Equipment Operators,Operating Engineers and Other Construction Equipment Operators,Operating Engineers and Other Construction Equipment Operators,0.0434782608695652,0.0543478260869565,0.0652173913043478,0.0,0.0869565217391304,0.1739130434782608,-0.8815078,1,47-2073,False,0.95,1,47-2073,False,base_00,2,base_00,False,1,3.25,3.0,2.88,4.12,3.0,4.0,1.0,2.12,1.75,2.88,3.62,3.0,2.75,2.25,2.25,2.0,2.0,3.0,3.0,3.0,3.12,2.12,2.12,3.88,3.88,2.12,2.0,3.12,3.0,2.12,3.12,2.38,3.25,3.5,3.38,3.25,3.0,2.12,2.88,3.0,3.0,2.12,1.88,2.12,3.0,3.0,2.75,3.0,3.12,2.0,2.88,2.25,2.88,3.0,2.88,2.88,2.88,3.25,2.38,1.38,2.38,2.88,2.12,1.75,1.88,2.12,2.0,3.12,2.0,4.12,1.75,3.25,2.25,1.12,2.88,2.88,2.88,1.5,2.25,2.75,2.88,2.0,2.0,1.75,3.0,3.0,2.0,3.57,3.1,3.35,3.61,3.98,4.63,3.61,2.86,3.49,3.04,3.0,3.68,3.81,4.08,4.47,2.94,3.95,4.26,4.4,3.47,3.62,4.49,2.79,4.58,4.61,3.87,2.93,3.71,3.86,3.59,2.65,2.52,4.15,3.26,3.8,2.69,2.04,3.09,3.19,3.56,2.45,2.82,4.86,4.65,3.52,3.49,2.83,1.23,1.32,4.16,1.34,4.51,2.4,1.15,2.91,2.74,4.69,1.75,3.36,1.05,3.83,3.63,3.94,4.84,4.01,4.83,4.33,4.56,3.91,2.39,4.01,4.35,1.2,3.1,2.92,5.0,2.41,3.99,3.79,1.9,3.07,1.51,1.95,1.79,4.19,3.16,2.79,4.65,2.02,4.08,4.04,4.98,2.59,4.37,4.04,2.38,True,True,True,True,True,True,True,True
47-2081,Drywall and Ceiling Tile Installers,Drywall and Ceiling Tile Installers,Drywall and Ceiling Tile Installers,0.0,0.0416666666666666,0.0833333333333333,0.0,0.0208333333333333,0.0416666666666666,-1.647971,1,47-2081,False,0.79,1,47-2081,False,base_00,2,base_00,False,1,3.62,2.12,2.75,3.12,3.0,2.75,1.5,2.88,2.25,3.62,3.0,3.25,2.62,2.5,2.0,2.88,3.5,2.0,2.88,3.12,3.62,2.38,2.0,3.12,3.62,1.75,2.12,3.12,3.25,2.25,3.0,1.88,3.0,2.25,2.75,2.0,3.12,1.75,2.25,2.62,3.0,2.12,2.12,3.12,3.25,2.5,3.62,2.5,3.25,2.0,2.88,2.38,2.12,2.75,2.62,2.88,3.0,1.88,2.38,1.75,2.12,2.88,2.0,1.62,1.75,2.0,2.25,2.88,1.75,2.5,1.88,2.5,2.0,1.0,2.5,2.75,1.62,1.12,2.0,2.5,2.88,2.0,2.0,1.75,2.88,2.0,2.12,2.23,2.52,2.46,2.17,3.23,2.55,3.09,2.51,2.34,1.89,3.08,2.67,2.65,2.59,3.67,2.49,3.71,2.84,3.32,2.2,2.7,3.0,2.16,2.89,2.55,3.13,1.83,1.82,3.61,2.53,2.01,1.7,1.98,1.95,2.5,1.68,1.52,2.67,2.91,2.32,1.37,2.45,2.79,3.69,3.08,2.95,2.7,1.56,1.99,3.95,1.87,3.45,3.09,1.24,2.96,1.74,3.33,3.17,2.8,1.28,4.07,3.36,1.83,4.53,4.01,3.67,3.1,3.69,4.43,3.47,1.5,2.0,2.51,3.15,3.28,3.13,2.87,2.05,3.42,2.03,3.62,3.37,2.28,3.01,4.08,1.32,4.86,4.74,3.97,4.07,3.73,4.1,2.65,3.47,3.9,2.54,True,True,True,True,True,True,True,True
47-2082,Tapers,Tapers,Tapers,0.0,0.0,0.0,0.0,0.0,0.0,-1.540774,1,47-2082,False,0.62,1,47-2082,False,base_00,2,base_00,False,1,3.12,2.12,2.75,2.88,2.75,2.12,1.38,2.0,1.88,3.12,2.5,2.88,2.12,2.12,2.0,2.5,2.62,2.12,2.75,2.75,3.12,1.5,2.0,3.12,3.38,1.75,1.62,3.0,2.88,2.0,2.12,2.12,2.75,2.0,2.12,2.0,2.62,2.0,2.0,2.88,2.88,1.88,1.75,2.75,2.38,2.25,3.12,2.38,2.38,1.0,2.5,2.0,2.25,2.88,2.12,2.5,2.62,1.62,1.62,1.62,2.12,2.38,2.12,1.0,1.62,2.12,1.62,2.88,2.0,2.12,1.75,2.25,2.0,1.0,2.12,2.25,1.5,1.12,2.12,2.62,2.88,2.0,2.0,1.12,2.75,2.0,2.0,1.61,2.34,2.14,2.38,3.26,2.75,2.74,1.92,2.44,1.45,1.33,2.52,2.49,2.44,3.29,2.27,2.87,2.84,3.68,2.05,2.51,2.89,1.7,3.04,3.15,2.66,1.48,2.0,3.58,2.17,2.18,1.08,2.37,2.04,2.69,2.05,1.42,2.48,2.75,3.07,1.07,2.49,2.3,3.34,3.1,2.23,2.26,1.06,2.01,3.93,1.35,4.12,3.33,1.34,3.25,1.67,2.54,3.72,2.75,1.03,3.71,3.24,1.37,4.55,3.98,3.63,3.73,3.41,3.7,2.38,2.76,1.56,2.43,3.64,3.25,1.91,2.32,1.64,3.19,1.27,3.64,3.2,2.53,2.87,4.24,1.2,4.78,4.7,3.77,3.66,3.91,4.1,2.67,3.29,3.79,2.3,True,True,True,True,True,True,True,True
47-2111,Electricians,Electricians,Electricians,0.0975609756097561,0.1463414634146341,0.1951219512195122,0.048780487804878,0.1463414634146341,0.2439024390243902,-0.7796905,1,47-2111,False,0.15,1,47-2111,False,base_00,3,base_00,False,1,3.62,2.88,3.25,3.12,3.88,3.0,1.25,2.5,2.25,3.5,3.25,3.75,3.25,3.0,2.25,2.88,3.0,2.62,3.88,3.75,3.25,3.0,2.88,3.0,4.0,2.0,3.0,3.75,3.38,2.88,3.0,2.0,4.0,2.0,2.88,2.62,3.12,2.0,2.12,3.0,3.0,2.75,2.25,2.75,2.75,2.88,3.38,3.62,3.38,2.75,3.38,3.0,3.25,3.38,3.12,3.12,3.38,3.0,3.0,3.25,3.0,3.25,3.0,2.38,2.38,2.88,3.0,3.12,2.25,3.0,2.75,3.12,3.0,1.0,3.25,3.12,3.5,2.0,3.0,2.88,3.38,3.0,2.88,2.12,3.0,4.0,3.0,3.67,2.71,3.3,3.72,4.63,3.21,4.22,3.6,3.27,3.38,3.48,4.32,3.64,3.86,4.46,3.75,4.28,4.16,4.21,3.49,3.95,4.15,3.52,4.43,3.97,4.5,2.55,2.95,4.71,3.54,3.2,3.49,3.63,3.37,3.65,2.59,2.31,3.74,3.91,4.36,2.36,3.13,3.33,4.76,4.3,3.84,3.26,1.73,1.14,4.2,3.95,4.5,4.4,1.2,3.75,4.59,4.04,3.69,4.47,1.07,4.5,4.17,2.42,4.93,4.5,4.32,4.55,4.67,4.72,3.37,3.52,3.07,3.27,4.22,3.06,4.13,3.83,2.23,2.98,1.9,4.68,4.2,3.85,3.75,4.34,1.81,4.55,4.94,4.23,4.51,4.32,4.95,3.22,4.35,4.54,1.8,True,True,True,True,True,True,True,True
47-2121,Glaziers,Glaziers,Glaziers,0.0,0.0833333333333333,0.1666666666666666,0.0,0.03125,0.0625,-1.388901,1,47-2121,False,0.73,1,47-2121,False,base_00,2,base_00,False,1,3.88,2.12,3.0,3.12,3.0,2.88,1.25,2.5,1.75,3.0,3.0,3.0,2.25,2.38,2.0,2.75,3.0,2.12,3.0,3.12,3.25,2.25,2.0,3.38,3.75,2.0,2.25,3.0,2.88,2.25,2.25,2.0,3.25,2.12,2.25,2.0,3.0,1.88,2.0,3.0,3.0,2.0,1.75,2.62,3.12,2.25,3.38,2.75,3.0,2.0,3.0,2.25,2.25,2.88,2.88,3.0,3.0,1.88,2.12,2.25,2.12,2.88,2.12,1.88,1.88,2.12,2.0,2.75,2.12,2.88,1.75,2.88,2.25,1.0,2.25,3.0,1.88,1.5,2.5,2.88,3.0,2.0,2.0,1.75,3.0,2.0,2.25,2.84,3.13,3.08,3.31,3.95,3.53,3.18,2.9,2.95,2.89,3.26,3.34,3.03,3.41,4.28,2.97,4.17,4.06,4.35,2.78,3.26,3.69,2.16,3.64,3.58,3.69,2.32,3.16,4.02,3.31,2.71,2.14,2.82,3.06,3.23,2.2,1.99,3.47,3.43,3.4,2.01,3.06,3.83,4.39,4.11,2.93,2.88,1.38,1.43,3.61,2.32,3.59,3.06,1.4,3.15,2.52,3.59,3.77,3.33,1.13,3.96,3.99,2.3,4.72,4.0,4.05,3.9,3.93,4.42,3.08,3.18,2.75,2.93,3.87,3.43,4.44,3.77,2.4,4.24,1.53,3.66,3.47,2.39,3.48,3.64,1.67,4.28,4.75,3.15,3.71,3.93,4.74,3.32,3.94,4.38,2.31,True,True,True,True,True,True,True,True
47-2131,"Insulation Workers, Floor, Ceiling, and Wall","Insulation Workers, Floor, Ceiling, and Wall","Insulation Workers, Floor, Ceiling, and Wall",0.0,0.05,0.1,0.1,0.1,0.1,-1.618772,1,47-2131,False,0.83,1,47-2131,False,base_00,2,base_00,False,1,3.25,2.62,2.88,3.25,2.62,3.0,1.5,2.88,1.75,3.88,2.88,3.0,2.75,2.5,2.0,2.88,3.38,2.5,2.62,2.88,3.5,2.12,2.25,3.5,3.0,2.0,2.25,2.88,3.0,2.38,2.88,2.0,2.88,2.25,2.75,2.62,3.0,2.0,2.5,3.0,2.88,2.25,2.38,3.0,3.0,2.12,3.38,2.12,3.12,1.38,2.75,2.25,2.62,3.0,2.75,2.88,3.0,2.0,2.25,1.25,2.25,2.62,2.12,2.0,2.0,2.12,2.25,2.88,2.5,3.0,1.88,2.88,2.62,1.0,2.62,2.62,2.12,1.0,2.38,2.75,3.0,2.0,2.0,1.75,2.75,2.38,2.12,2.51,2.55,2.85,2.77,3.8,3.31,2.53,2.89,2.12,2.33,2.05,2.66,2.84,3.12,3.61,2.7,4.25,3.7,3.72,2.83,2.53,3.48,2.19,3.33,3.66,2.9,2.24,2.79,3.96,2.46,2.15,1.92,3.27,2.91,2.39,2.66,2.23,2.89,3.07,2.98,1.58,2.95,2.63,3.72,3.49,2.91,2.58,1.11,1.69,3.47,1.51,4.12,3.78,1.06,2.89,2.66,2.93,3.69,3.91,1.03,3.75,4.03,1.52,4.23,3.94,3.66,3.59,3.55,3.49,2.53,3.68,1.72,1.96,3.89,2.54,3.89,3.39,2.25,3.33,1.3,3.13,3.26,2.96,3.37,3.85,1.67,4.63,4.26,3.13,3.62,4.04,3.99,4.31,3.49,3.92,1.65,True,True,True,True,True,True,True,True
47-2132,"Insulation Workers, Mechanical","Insulation Workers, Mechanical","Insulation Workers, Mechanical",0.0,0.0454545454545454,0.0909090909090909,0.0,0.0454545454545454,0.0909090909090909,-1.268615,1,47-2132,False,0.64,1,47-2132,False,base_00,2,base_00,False,1,3.12,2.5,3.0,2.88,3.0,2.62,1.62,2.5,1.62,3.25,2.75,3.0,2.62,2.25,1.88,3.0,3.12,2.5,2.88,3.12,3.12,2.12,1.75,3.12,3.12,1.62,2.12,3.12,3.12,2.25,2.62,1.75,3.25,2.12,2.12,2.0,3.12,1.88,2.12,2.88,2.88,2.12,1.75,2.75,3.12,2.5,3.38,2.62,2.88,1.75,2.75,2.38,2.75,3.0,2.62,3.0,3.0,1.38,1.75,2.12,2.5,2.88,2.12,1.38,1.75,2.25,2.12,3.0,2.12,2.62,1.88,2.75,2.0,1.0,2.75,2.75,1.38,1.38,2.12,2.62,2.88,2.0,2.0,1.5,3.0,2.12,2.0,2.52,2.71,3.08,2.89,4.08,2.93,3.53,2.71,2.88,2.41,1.99,3.44,3.11,3.23,3.64,3.22,4.48,3.56,3.87,2.74,3.15,3.98,2.87,4.09,3.34,3.85,2.23,1.95,4.43,3.02,2.34,1.66,2.35,2.79,3.46,2.01,1.85,3.32,3.54,3.39,1.85,2.88,2.15,3.92,3.62,3.31,2.85,1.4,1.41,4.0,2.78,3.98,3.98,1.48,3.23,2.53,2.87,3.84,3.38,1.01,3.87,3.65,1.23,4.34,4.23,3.85,3.93,3.26,3.94,2.44,1.88,1.39,2.77,3.94,3.25,3.29,2.67,1.55,3.7,1.48,3.94,4.52,2.57,3.05,4.15,1.46,4.71,4.56,3.17,4.09,4.27,4.92,3.81,3.67,4.18,2.08,True,True,True,True,True,True,True,True
47-2141,"Painters, Construction and Maintenance","Painters, Construction and Maintenance","Painters, Construction and Maintenance",0.0571428571428571,0.0571428571428571,0.0571428571428571,0.0,0.0285714285714285,0.0571428571428571,-1.58799,1,47-2141,False,0.75,1,47-2141,False,base_00,2,base_00,False,1,3.75,2.0,2.12,2.75,3.0,2.12,1.25,2.88,1.25,3.0,2.88,2.88,2.0,2.0,1.75,3.0,3.0,1.75,2.75,2.88,3.12,2.0,1.88,3.0,3.38,1.62,2.0,3.0,3.0,2.0,2.0,1.75,2.75,1.88,2.0,2.0,2.88,1.75,2.0,3.0,2.88,2.0,1.62,2.88,2.88,2.12,3.12,3.0,2.88,1.88,3.0,2.0,2.0,3.0,1.88,2.88,3.0,1.38,1.75,1.0,2.0,2.75,2.0,1.75,1.88,2.0,2.0,2.88,1.88,2.0,1.62,2.0,2.0,1.0,2.0,2.75,1.62,1.5,2.38,2.88,2.38,1.88,2.0,1.38,3.0,1.88,2.0,2.96,3.31,2.73,3.88,3.95,2.96,3.91,2.96,4.07,3.32,2.19,3.31,3.38,3.16,3.94,3.66,3.92,4.09,4.16,2.97,3.34,4.32,2.37,3.93,3.54,4.35,1.63,3.37,4.52,3.16,2.56,1.64,2.95,3.29,3.75,1.78,1.6,3.54,4.05,3.17,1.62,3.0,2.48,4.29,3.77,3.93,3.01,1.38,1.22,4.15,3.23,4.01,3.05,1.69,2.68,2.82,2.34,3.95,2.34,1.04,3.03,3.13,1.39,4.81,4.29,3.33,3.95,3.48,4.44,3.15,1.11,1.54,3.01,2.06,3.32,2.87,2.37,2.15,3.79,1.53,3.79,4.13,3.15,3.5,3.82,1.06,4.94,4.64,3.8,4.78,4.6,3.84,2.53,3.78,4.13,3.66,True,True,True,True,True,True,True,True
47-2142,Paperhangers,Paperhangers,Paperhangers,0.0,0.027027027027027,0.054054054054054,0.0,0.0,0.0,-1.72753,1,47-2142,False,0.87,1,47-2142,False,base_00,2,base_00,False,1,3.5,1.88,2.62,3.12,2.88,2.5,1.25,2.38,1.12,3.38,2.88,3.25,2.12,1.88,1.75,2.88,3.25,1.75,2.88,3.12,3.62,1.88,1.62,3.38,3.62,1.62,1.88,3.0,2.88,2.0,2.62,1.62,2.88,2.0,1.62,2.0,2.75,1.5,1.88,2.88,2.75,1.88,2.25,2.75,2.62,2.38,3.25,2.75,2.88,1.12,2.5,2.25,2.0,3.0,2.75,3.0,2.88,1.0,1.5,1.12,2.0,2.75,2.0,1.25,1.5,2.12,2.0,2.75,2.0,2.38,1.38,2.38,2.12,1.0,2.25,2.38,1.0,1.25,2.38,2.62,3.0,1.62,1.62,1.25,2.88,2.0,2.0,1.9,2.19,2.49,2.9,3.31,2.42,2.78,2.54,2.35,2.27,1.56,3.48,2.94,2.43,2.82,2.65,4.07,2.91,3.71,2.3,2.97,3.19,2.29,2.96,3.7,2.93,2.02,2.78,4.43,2.34,1.89,1.68,2.07,2.52,2.96,2.15,1.64,2.65,2.67,3.04,1.91,2.06,2.55,3.84,2.76,2.48,2.29,1.14,1.63,4.08,1.18,3.24,2.83,1.44,2.89,2.43,2.32,3.38,2.9,1.0,3.05,2.9,1.19,3.83,4.11,3.99,3.12,3.94,3.92,2.98,2.45,1.36,2.52,2.79,3.09,2.75,2.22,1.49,2.75,1.37,3.76,4.28,2.62,3.49,4.1,1.56,4.44,4.55,3.15,3.06,4.03,4.23,3.24,3.38,3.35,2.38,True,True,True,True,True,True,True,True
47-2151,Pipelayers,Pipelayers,Pipelayers,0.0,0.0357142857142857,0.0714285714285714,0.0,0.0,0.0,-1.225611,1,47-2151,False,0.62,1,47-2151,False,base_00,2,base_00,False,1,3.5,2.0,2.88,3.5,2.88,3.0,1.25,2.25,2.12,3.0,2.88,3.0,2.25,2.0,2.0,2.38,2.25,2.0,2.75,3.0,3.0,2.0,2.0,3.0,3.0,2.0,2.0,3.25,3.0,2.0,2.75,2.0,3.0,3.0,3.0,2.0,3.0,2.0,2.25,3.0,3.0,2.0,1.75,3.0,3.25,2.0,3.0,2.0,3.0,1.62,2.88,2.62,2.0,3.0,2.38,3.0,3.0,2.62,2.62,2.75,2.0,2.88,2.12,1.5,1.5,2.0,2.0,2.62,2.0,3.12,1.0,3.0,2.0,1.0,3.0,2.88,2.75,1.0,2.0,2.62,3.0,2.0,1.88,1.62,2.88,2.75,2.0,2.56,2.84,3.11,3.01,3.7,3.7,2.83,2.79,2.65,2.19,2.7,3.49,2.65,2.66,4.04,2.57,3.83,3.5,3.57,2.71,2.7,3.0,2.2,3.35,3.6,3.1,2.16,2.59,3.57,2.39,2.28,1.92,2.57,2.44,2.65,2.02,1.93,2.67,2.86,2.71,2.1,2.88,3.27,4.51,4.06,3.15,2.01,1.27,1.48,3.67,2.27,3.33,3.42,1.81,2.62,2.14,3.18,1.31,2.15,1.0,4.03,4.17,2.68,4.94,3.67,4.37,4.36,4.19,4.03,2.27,2.49,3.02,1.46,1.84,2.34,4.9,2.26,3.04,4.11,2.08,3.77,2.57,2.13,2.89,3.29,1.66,4.37,3.72,3.31,3.48,3.65,5.0,2.6,3.69,4.59,2.26,True,True,True,True,True,True,True,True
47-2152,"Plumbers, Pipefitters, and Steamfitters","Plumbers, Pipefitters, and Steamfitters","Plumbers, Pipefitters, and Steamfitters",0.0185185185185185,0.0753161698283649,0.1321138211382113,0.024390243902439,0.0643631436314362,0.1043360433604336,-1.121219,1,47-2152,False,0.35,1,47-2152,False,base_00,3,base_00,False,1,3.25,2.69,3.125,3.0,3.25,2.685,1.63,2.875,2.44,3.25,3.25,3.37,3.125,2.75,2.0,2.685,2.88,2.56,3.19,3.185,3.25,2.56,2.375,2.935,3.56,1.88,2.625,3.435,3.25,2.69,2.94,2.0,3.565,2.185,2.625,2.315,3.185,1.94,2.5,3.0,3.19,2.69,1.69,2.625,2.94,2.75,3.19,3.065,3.185,2.5,3.19,2.81,2.81,3.065,3.0,2.94,3.375,2.81,2.815,3.75,2.81,3.185,2.44,1.815,1.88,2.44,2.56,3.185,2.375,2.94,1.75,3.125,2.5,1.56,3.065,3.13,3.065,1.625,2.875,2.815,3.125,2.815,2.815,2.065,3.06,3.185,2.815,2.925,2.44,2.995,2.995,3.95,3.375,2.97,3.0599999999999996,2.76,3.06,3.1500000000000004,3.345,3.075,3.275,4.175,2.7350000000000003,3.71,3.85,3.765,3.21,3.31,3.69,2.27,3.71,3.385,3.62,2.1,2.875,3.9,3.56,2.695,2.64,3.0549999999999997,3.0549999999999997,3.28,2.63,1.94,3.655,3.435,3.495,2.53,2.77,3.21,4.07,3.78,3.61,2.5700000000000003,1.395,1.51,4.15,3.52,3.505,3.58,1.59,3.405,3.115,3.505,3.865,3.145,1.26,3.3899999999999997,3.5149999999999997,2.055,4.33,4.545,4.35,4.07,4.265,4.155,2.835,2.9749999999999996,2.14,3.1399999999999997,4.075,3.5,4.03,3.21,2.045,3.635,1.7000000000000002,3.4000000000000004,3.455,2.7350000000000003,3.26,3.095,1.89,4.1850000000000005,4.33,3.36,4.109999999999999,4.324999999999999,4.125,3.01,3.82,4.105,2.97,True,True,True,True,True,True,True,True
47-2161,Plasterers and Stucco Masons,Plasterers and Stucco Masons,Plasterers and Stucco Masons,0.0769230769230769,0.0769230769230769,0.0769230769230769,0.0,0.0384615384615384,0.0769230769230769,-1.755588,1,47-2161,False,0.84,1,47-2161,False,base_00,2,base_00,False,1,3.62,2.5,2.88,3.0,2.88,2.5,1.5,3.12,1.88,3.5,2.88,3.0,2.62,2.62,2.0,3.0,3.25,2.38,2.75,3.0,3.62,2.12,2.0,3.25,3.75,1.88,2.0,3.0,3.12,2.75,2.62,2.0,3.12,2.62,2.75,2.0,2.88,2.0,2.0,3.0,2.88,2.12,2.5,3.12,3.25,2.12,3.5,3.0,3.12,2.38,2.75,2.5,2.75,3.0,2.75,2.88,2.75,1.5,2.12,1.75,2.5,2.75,2.62,1.88,2.25,2.62,2.0,2.88,2.25,2.75,1.88,2.88,2.25,1.0,3.0,2.75,1.62,1.12,2.88,2.75,2.88,2.12,2.12,1.75,3.0,2.12,2.12,3.0,3.06,3.08,2.89,3.51,3.32,3.64,2.83,2.93,2.7,2.34,3.37,2.93,3.53,4.24,3.28,3.88,3.57,3.72,2.72,3.42,3.72,3.0,3.18,3.43,3.03,2.24,3.33,4.01,2.87,2.35,1.99,2.97,2.79,2.64,2.28,2.08,3.31,3.14,3.2,2.23,2.23,2.79,4.11,2.96,2.1,2.17,1.17,2.16,2.98,1.62,2.91,2.38,1.22,2.54,2.11,3.76,3.45,3.63,1.01,4.13,3.31,1.47,4.65,3.23,4.12,3.75,3.44,4.17,2.31,3.04,2.14,1.58,2.33,3.17,4.35,1.97,3.06,3.43,1.2,3.49,3.03,2.49,3.13,4.0,1.23,4.62,4.9,3.06,3.4,3.24,4.16,2.56,3.29,4.33,1.9,True,True,True,True,True,True,True,True
47-2171,Reinforcing Iron and Rebar Workers,Reinforcing Iron and Rebar Workers,Reinforcing Iron and Rebar Workers,0.0,0.0714285714285714,0.1428571428571428,0.0,0.0,0.0,-1.970997,1,47-2171,False,0.9,1,47-2171,False,base_00,2,base_00,False,1,3.5,2.88,3.0,3.25,3.0,2.88,1.88,3.12,2.25,3.5,2.88,3.25,2.88,2.38,2.0,3.0,3.0,2.38,2.88,3.0,3.62,2.12,2.0,3.75,3.38,1.75,2.12,2.88,2.88,2.12,2.62,1.88,3.12,2.62,3.25,2.75,2.75,1.88,2.38,2.38,2.75,2.0,2.62,3.38,3.88,2.5,3.88,2.38,3.0,2.38,2.5,1.88,2.38,2.62,2.75,3.12,3.0,1.75,2.0,1.12,2.25,2.88,2.25,1.62,1.75,2.12,2.38,2.88,1.88,2.88,1.88,2.75,1.88,1.0,2.62,2.62,1.62,1.25,2.0,2.5,2.62,2.12,1.88,1.75,2.75,2.0,1.88,2.46,2.45,3.11,2.73,3.52,2.99,3.44,3.13,2.75,2.29,2.44,2.76,3.16,3.03,4.24,2.91,4.47,3.91,3.77,2.79,2.8,3.43,2.4,3.04,2.98,3.65,2.08,1.72,4.15,2.71,2.29,1.98,2.42,2.64,3.16,2.18,1.86,2.81,3.45,2.57,1.79,2.61,3.14,4.43,4.05,2.62,3.16,1.69,1.86,3.49,2.13,3.68,3.24,1.53,2.86,3.21,3.29,3.64,4.22,2.01,4.18,4.42,1.97,4.18,3.14,3.29,4.56,3.52,3.43,3.06,1.86,2.99,1.78,2.9,3.89,4.6,2.22,2.89,3.84,2.39,4.06,2.81,2.89,3.21,4.31,1.32,4.1,4.58,3.86,3.94,4.43,4.49,3.51,4.2,4.18,2.36,True,True,True,True,True,True,True,True
47-2181,Roofers,Roofers,Roofers,0.0,0.04,0.08,0.0,0.0,0.0,-1.752941,1,47-2181,False,0.9,1,47-2181,False,base_00,2,base_00,False,1,3.5,2.75,2.75,3.12,3.0,2.88,1.88,2.5,2.25,3.75,3.12,3.12,2.62,2.25,2.38,3.38,4.0,2.25,3.0,3.0,3.5,2.0,2.0,3.5,3.62,1.75,2.12,3.38,3.0,2.25,2.88,1.88,3.75,2.75,2.88,2.88,3.0,2.0,2.0,2.88,3.0,2.12,2.75,3.25,3.12,2.88,3.75,2.5,3.0,2.12,2.62,2.12,2.62,3.12,2.88,3.62,3.12,1.88,2.0,1.75,2.5,2.75,2.12,1.88,2.0,2.12,2.25,3.0,2.0,3.0,1.75,3.0,2.25,1.0,2.38,2.75,1.75,1.25,2.38,2.75,3.0,2.0,2.0,1.75,3.0,2.12,2.0,2.46,2.71,3.62,3.25,3.85,3.39,3.48,3.32,2.91,2.77,2.71,3.12,3.66,3.4,4.0,3.42,4.22,3.99,4.08,3.23,3.16,3.61,2.99,4.06,3.61,3.46,2.55,2.93,4.3,3.03,2.37,2.32,3.39,3.45,3.12,3.02,2.25,3.31,3.49,3.54,2.16,2.97,3.11,4.5,3.78,3.37,2.92,1.5,2.06,3.96,1.81,4.31,3.05,1.17,3.37,3.82,3.81,4.9,3.71,1.29,4.11,4.19,1.64,4.64,3.79,3.88,4.23,3.7,4.28,2.86,2.97,2.37,1.58,3.83,3.95,4.98,2.2,2.59,4.09,1.65,3.76,3.3,2.31,3.65,3.67,1.68,3.87,4.09,3.51,4.57,4.18,4.46,3.24,3.72,4.16,2.75,True,True,True,True,True,True,True,True
47-2211,Sheet Metal Workers,Sheet Metal Workers,Sheet Metal Workers,0.0,0.0657894736842105,0.131578947368421,0.0,0.0394736842105263,0.0789473684210526,-1.174972,1,47-2211,False,0.82,1,47-2211,False,base_00,2,base_00,False,1,3.38,3.0,3.12,3.12,3.12,3.0,1.5,2.5,2.0,3.0,3.0,3.25,3.12,2.5,1.88,2.62,2.5,2.25,3.0,3.25,3.38,3.0,2.12,3.38,3.62,1.62,3.0,3.12,3.12,2.5,3.0,1.88,3.12,2.88,3.0,2.75,3.25,1.75,2.38,3.0,3.0,2.12,2.25,2.88,3.12,2.75,3.12,2.5,3.62,2.5,3.12,2.5,2.88,3.0,2.88,3.12,3.12,2.88,2.62,2.62,2.88,3.0,2.5,1.5,1.75,2.62,3.0,3.12,2.12,2.88,2.12,2.88,2.12,1.38,2.75,3.12,2.88,1.62,2.25,2.5,3.0,2.38,2.25,1.75,3.0,2.88,2.25,3.05,3.0,4.18,4.27,3.96,3.17,3.76,3.89,3.23,3.88,3.48,4.31,3.71,4.1,4.7,3.95,3.78,4.25,4.44,2.54,3.52,3.59,3.41,4.42,4.19,3.77,3.17,3.81,3.76,3.52,3.67,3.34,3.52,3.92,3.26,3.59,2.93,3.3,4.24,3.55,2.5,2.62,3.86,3.68,3.23,2.96,2.86,2.03,2.7,3.78,2.06,4.41,2.77,1.19,2.4,2.95,3.66,2.22,4.11,1.49,4.28,2.88,2.23,4.1,3.4,3.2,3.98,3.21,4.44,3.28,1.6,2.15,3.22,3.56,3.35,2.51,2.42,3.53,3.42,1.67,3.74,1.72,2.26,2.46,4.0,1.48,4.84,4.57,3.36,2.08,3.98,4.95,2.72,3.79,3.71,1.64,True,True,True,True,True,True,True,True
47-2221,Structural Iron and Steel Workers,Structural Iron and Steel Workers,Structural Iron and Steel Workers,0.0,0.0285714285714285,0.0571428571428571,0.0,0.0,0.0,-1.780065,1,47-2221,False,0.83,1,47-2221,False,base_00,2,base_00,False,1,4.0,3.38,3.0,3.88,3.12,3.75,1.25,3.62,2.12,3.75,3.62,3.62,2.88,2.88,3.0,3.12,3.75,3.25,2.88,3.38,4.0,2.25,2.0,4.12,4.0,2.0,2.75,3.25,3.12,2.75,3.0,2.5,3.75,3.5,3.5,3.12,3.75,2.12,2.62,3.12,3.12,2.0,2.62,3.5,4.12,3.0,3.88,2.88,4.0,2.62,3.0,2.25,3.0,3.12,3.0,3.62,3.12,2.25,2.12,1.75,2.88,3.0,2.88,1.75,2.0,2.88,2.12,3.0,2.12,3.62,2.0,3.62,2.38,1.0,3.0,2.75,2.25,1.12,2.75,2.88,3.0,2.0,2.0,2.0,3.0,2.5,2.25,2.28,2.52,2.5,2.39,3.99,3.84,3.01,3.14,2.91,1.93,2.73,3.13,2.96,3.5,4.06,2.78,4.39,3.71,4.24,2.63,3.04,3.74,1.62,3.2,3.92,3.68,1.96,1.72,4.16,2.67,2.02,1.52,2.47,2.35,3.06,1.7,1.53,2.96,2.78,3.07,1.39,3.37,3.57,4.39,3.64,3.03,2.98,1.88,1.41,3.55,2.31,4.35,3.86,1.4,4.07,3.45,4.3,4.66,4.19,1.47,4.82,4.53,2.65,4.31,3.68,3.83,4.33,3.79,4.13,2.5,2.67,3.92,1.7,3.44,3.58,4.8,3.29,2.83,4.47,2.27,3.72,3.38,3.4,3.03,3.57,1.61,4.61,4.73,3.85,3.44,4.24,5.0,4.45,4.03,4.4,2.81,True,True,True,True,True,True,True,True
47-2231,Solar Photovoltaic Installers,Solar Photovoltaic Installers,Solar Photovoltaic Installers,0.0,0.11,0.22,0.0,0.11,0.22,-0.9441692,1,47-2231,False,,,,,base_00,2,base_00,False,1,3.25,2.62,3.0,3.0,3.25,2.62,1.12,2.5,1.62,3.12,2.88,3.25,2.75,2.38,2.12,2.5,3.0,2.12,3.0,3.38,3.25,2.38,2.0,3.12,3.75,2.0,2.25,3.25,3.12,2.38,3.12,2.0,3.75,2.0,2.12,2.12,3.0,2.12,2.25,2.88,2.88,2.38,1.75,2.62,3.12,2.62,3.12,2.88,3.62,1.88,2.88,2.75,3.0,3.12,3.0,3.0,3.25,2.62,2.75,3.38,2.62,3.12,2.62,2.0,2.25,2.62,2.62,3.12,2.25,2.62,1.88,3.12,2.62,1.5,3.12,3.0,2.62,1.88,2.5,2.75,2.88,2.75,2.75,1.88,3.0,3.0,2.25,3.12,2.42,2.99,3.31,3.69,3.15,3.29,2.74,2.54,3.09,3.08,2.88,2.92,3.83,4.06,3.15,4.26,3.87,4.32,3.22,3.01,3.86,2.62,3.96,4.08,3.5,2.41,2.33,4.51,3.34,2.29,3.77,3.05,2.48,3.25,2.31,1.69,2.97,3.49,3.06,2.7,3.75,4.02,4.31,4.07,3.34,2.79,1.28,1.48,4.07,3.72,3.05,3.69,1.29,3.59,4.25,4.24,4.55,3.47,1.64,3.97,4.08,2.25,4.93,4.2,4.15,4.34,3.95,4.39,3.64,4.19,2.46,2.97,3.94,2.82,4.69,3.72,2.07,4.32,3.27,3.55,3.35,4.08,3.58,3.76,2.16,4.27,4.55,3.12,4.59,3.89,4.79,3.49,4.16,4.78,2.69,True,True,False,True,True,True,True,True
47-3011,"Helpers--Brickmasons, Blockmasons, Stonemasons, and Tile and Marble Setters","Helpers--Brickmasons, Blockmasons, Stonemasons, and Tile and Marble Setters","Helpers--Brickmasons, Blockmasons, Stonemasons, and Tile and Marble Setters",0.0,0.0,0.0,0.0,0.0,0.0,-1.94229,1,47-3011,False,0.83,1,47-3011,False,base_00,2,base_00,False,1,3.38,2.88,2.88,3.0,3.0,3.0,2.0,3.0,2.0,3.25,3.25,3.0,2.75,2.0,2.25,2.88,3.0,2.38,2.62,3.12,3.25,2.38,1.88,3.5,3.38,1.62,2.12,3.0,2.88,2.0,2.88,1.88,2.88,2.88,2.88,2.38,2.88,1.75,2.5,2.62,2.88,2.12,3.0,3.0,3.5,2.62,3.62,2.75,3.12,2.75,2.25,2.0,2.38,2.88,2.62,3.0,3.0,2.38,2.38,1.25,2.5,2.88,2.25,1.62,1.88,1.88,2.25,3.0,1.88,3.0,1.88,2.75,1.88,1.0,2.5,2.38,2.25,1.25,2.0,2.75,2.75,2.0,2.0,1.88,3.0,2.75,2.0,2.94,2.7,2.5,2.52,3.74,3.8,3.26,3.2,2.92,2.13,3.04,2.78,3.33,3.34,4.26,2.75,4.42,3.98,4.23,2.67,3.55,4.09,1.89,3.97,3.93,3.65,1.45,2.05,4.05,3.17,2.11,2.02,2.67,2.2,3.35,1.81,1.6,3.16,3.23,3.35,1.43,2.61,3.42,3.58,3.67,3.28,2.24,1.38,2.04,3.78,1.11,4.4,3.45,1.37,3.19,2.51,4.09,4.15,3.4,1.55,4.45,3.93,2.9,4.88,3.07,3.08,4.04,3.5,3.85,3.14,1.83,3.26,1.75,3.28,3.6,4.32,2.85,3.38,3.63,1.88,3.94,3.61,2.76,3.04,4.16,1.35,4.37,4.54,3.51,3.61,4.44,4.95,3.58,3.98,4.27,1.92,True,True,True,True,True,True,True,True
47-3012,Helpers--Carpenters,Helpers--Carpenters,Helpers--Carpenters,0.0,0.0,0.0,0.0,0.0,0.0,-1.425282,1,47-3012,False,0.92,1,47-3012,False,base_00,2,base_00,False,1,3.25,2.88,3.0,3.0,3.0,3.0,1.38,2.88,2.0,3.12,2.88,3.0,2.38,2.25,2.0,2.62,2.62,2.75,3.0,3.0,3.25,2.12,2.12,3.12,3.38,2.0,2.38,3.0,3.0,2.5,2.38,2.0,3.12,2.62,3.0,2.25,3.0,2.0,2.12,3.0,3.0,2.0,2.38,2.75,3.12,2.38,3.0,2.5,3.0,2.0,2.25,2.25,2.88,3.0,3.0,3.0,3.0,2.38,2.88,2.25,2.38,2.88,2.12,1.88,2.0,2.0,2.38,3.0,2.12,2.25,1.62,2.88,2.25,1.0,2.38,2.88,2.62,1.0,2.25,3.0,3.0,2.0,2.0,1.88,2.88,2.25,2.25,2.75,2.57,2.53,2.55,3.79,3.69,3.04,2.89,2.8,2.16,2.92,2.72,3.0,3.43,4.1,1.96,4.37,3.58,4.19,2.99,3.13,3.98,1.84,3.2,3.93,3.51,1.98,2.04,4.45,2.89,1.77,3.12,3.37,2.56,2.7,1.37,1.84,3.55,2.52,3.47,1.86,3.27,3.65,4.36,3.42,2.54,2.73,1.55,1.92,4.0,2.05,3.97,3.66,1.48,3.02,2.15,4.36,3.25,3.69,1.22,4.48,3.53,3.03,4.66,4.12,3.54,4.18,3.58,4.25,2.5,2.8,2.5,2.9,3.45,3.52,4.16,2.96,2.83,4.07,1.75,3.6,3.16,2.34,3.19,3.77,1.6,4.62,4.65,3.13,3.75,4.0,4.77,3.29,3.68,4.07,1.98,True,True,True,True,True,True,True,True
47-3013,Helpers--Electricians,Helpers--Electricians,Helpers--Electricians,0.024390243902439,0.024390243902439,0.024390243902439,0.0,0.0,0.0,-1.506896,1,47-3013,False,0.74,1,47-3013,False,base_00,2,base_00,False,1,3.38,2.5,2.88,3.25,3.12,2.5,1.38,2.62,2.0,3.38,2.88,3.38,2.5,2.25,2.0,2.88,3.0,2.0,2.88,3.12,4.0,2.25,2.12,3.25,4.0,1.88,2.25,3.12,3.12,2.25,2.38,2.0,3.25,2.0,2.5,2.25,3.12,1.5,2.0,3.0,3.12,2.0,1.88,2.5,2.88,2.5,3.25,3.25,3.0,2.25,2.38,2.38,2.88,3.25,2.88,3.0,3.12,2.75,2.75,2.88,2.25,3.0,2.25,1.5,2.0,2.0,2.12,2.75,2.0,2.62,1.62,2.88,2.12,1.25,3.0,2.5,2.88,1.88,2.25,2.5,3.12,2.0,2.0,1.25,2.75,3.0,2.38,4.05,3.69,3.36,3.35,4.14,4.13,3.95,3.36,3.5,3.61,3.77,3.68,3.61,4.02,4.2,3.44,4.2,4.09,4.35,3.25,3.89,4.51,3.22,4.13,3.91,4.12,2.77,3.62,4.29,4.24,3.5,4.17,3.66,3.7,3.65,3.42,2.56,3.81,3.8,4.01,2.74,1.95,3.03,4.26,3.69,2.94,2.2,1.62,1.5,3.3,2.29,3.98,4.25,1.13,3.15,3.7,3.99,3.37,3.21,1.27,4.43,3.45,2.35,4.89,3.56,3.73,3.67,3.48,4.2,3.28,2.5,2.01,3.29,3.79,2.7,3.95,3.77,1.8,4.01,1.98,3.45,3.86,2.83,3.79,3.84,1.55,4.62,4.72,3.95,3.52,3.91,4.91,2.76,2.4,4.42,2.07,True,True,True,True,True,True,True,True
47-3014,"Helpers--Painters, Paperhangers, Plasterers, and Stucco Masons","Helpers--Painters, Paperhangers, Plasterers, and Stucco Masons","Helpers--Painters, Paperhangers, Plasterers, and Stucco Masons",0.0,0.0,0.0,0.0,0.0,0.0,-2.04484,1,47-3014,False,0.94,1,47-3014,False,base_00,2,base_00,False,1,3.38,2.63,2.75,2.63,2.75,2.63,1.38,3.0,1.25,3.38,3.0,3.0,2.25,2.13,2.13,3.13,3.38,2.5,2.63,2.88,3.38,1.13,1.88,3.13,3.0,1.88,1.25,3.0,3.0,2.13,2.5,2.25,2.75,2.0,2.25,2.13,2.63,1.88,2.0,2.88,3.0,2.0,2.63,3.0,3.38,2.13,3.38,2.63,2.75,1.63,2.13,2.13,2.38,2.88,2.38,3.0,2.75,2.5,2.25,1.12,2.25,2.5,2.25,1.0,1.12,2.12,1.12,2.75,2.25,2.12,1.0,2.62,2.25,1.0,2.62,2.12,2.5,1.12,2.5,2.62,3.0,2.0,1.88,1.0,2.75,2.5,2.0,2.34,2.42,2.25,2.24,4.0,2.26,2.54,2.32,2.29,1.94,1.78,2.91,2.31,2.94,3.41,2.24,3.57,2.82,3.53,1.96,2.48,3.06,1.84,2.68,2.91,2.88,1.57,1.73,3.75,2.3,2.2,1.36,2.93,2.5,2.31,1.75,1.74,2.25,2.86,2.59,1.04,2.32,2.65,4.43,3.21,2.5,2.19,1.18,1.51,3.39,1.08,2.87,2.2,1.1,2.19,2.32,2.69,3.53,1.92,1.17,3.02,2.87,1.58,4.76,3.36,3.86,3.59,3.5,3.27,3.05,1.58,1.55,2.01,2.87,2.96,3.96,2.83,2.46,3.44,2.0,3.79,3.56,2.66,3.16,4.0,1.25,4.49,4.5,2.86,3.57,3.64,4.09,2.48,3.41,4.51,1.58,True,True,True,True,True,True,True,True
47-3015,"Helpers--Pipelayers, Plumbers, Pipefitters, and Steamfitters","Helpers--Pipelayers, Plumbers, Pipefitters, and Steamfitters","Helpers--Pipelayers, Plumbers, Pipefitters, and Steamfitters",0.0,0.0,0.0,0.0,0.0,0.0,-1.678876,1,47-3015,False,0.57,1,47-3015,False,base_00,2,base_00,False,1,3.38,2.0,2.88,3.0,2.88,2.75,1.62,2.62,1.62,3.25,2.5,3.0,2.12,2.12,1.88,2.62,2.62,2.12,2.75,3.0,3.75,2.25,2.0,3.38,3.25,1.75,2.12,3.25,3.0,2.12,2.0,1.88,3.25,2.0,2.25,2.12,2.75,1.75,2.0,2.88,3.0,2.0,2.12,2.75,3.0,2.12,3.25,2.0,3.12,2.0,2.12,2.0,2.62,2.88,2.62,2.75,2.88,2.12,2.38,2.0,2.0,2.88,2.0,1.62,2.12,1.88,2.25,2.88,2.0,2.38,1.25,2.25,2.0,1.0,2.12,2.38,2.62,1.12,2.38,2.5,2.5,1.88,1.75,1.62,2.5,2.38,2.0,2.38,3.14,2.4,2.63,3.45,3.75,3.18,2.52,3.21,2.26,2.66,3.39,3.33,4.12,4.1,3.16,4.05,3.91,4.29,2.81,3.51,3.79,2.83,3.3,3.26,3.42,2.4,3.08,3.98,3.08,3.03,2.28,3.45,2.63,3.05,2.27,1.9,3.99,2.69,3.63,2.11,2.29,3.37,4.14,3.36,3.39,3.0,1.28,1.38,2.67,1.24,3.2,4.02,2.78,3.04,2.57,3.47,2.78,3.57,1.37,3.54,3.74,2.57,4.22,3.06,3.78,3.0,3.41,3.52,2.78,4.35,1.82,2.99,3.61,2.67,4.48,3.36,2.65,3.69,1.08,4.11,2.36,2.31,3.8,3.73,1.89,4.24,4.64,3.14,3.58,3.84,4.45,1.61,3.0,3.92,2.51,True,True,True,True,True,True,True,True
47-3016,Helpers--Roofers,Helpers--Roofers,Helpers--Roofers,0.0,0.0,0.0,0.0,0.0,0.0,-1.89822,1,47-3016,False,0.72,1,47-3016,False,base_00,2,base_00,False,1,3.25,2.88,2.88,2.75,2.88,3.12,1.75,2.62,2.0,3.12,3.0,3.12,3.0,2.5,2.5,3.0,3.5,2.62,2.75,3.0,3.5,2.25,1.88,3.38,2.88,1.88,2.25,3.0,3.0,2.25,2.88,2.12,3.25,2.25,2.88,2.5,2.88,2.25,2.62,3.25,3.12,2.0,2.88,3.0,3.12,2.38,3.75,2.75,3.25,2.38,2.38,2.0,2.62,3.0,2.62,3.25,2.88,2.75,2.62,1.75,2.38,2.75,2.25,1.62,2.0,2.25,2.25,3.0,2.12,2.0,1.0,2.38,2.0,1.38,2.88,2.38,2.25,1.0,2.62,2.62,2.88,2.25,2.12,1.62,2.62,2.38,2.25,3.23,3.42,3.47,3.6,3.72,2.96,3.67,3.53,3.4,2.9,3.33,3.33,3.12,3.11,4.02,3.25,3.21,3.74,3.78,3.26,3.17,3.8,3.08,3.81,3.66,3.37,3.08,3.04,3.48,2.98,3.42,3.34,3.29,3.46,3.34,2.61,2.66,3.71,3.69,3.67,2.71,2.39,3.53,3.5,3.6,3.01,2.93,1.81,2.85,2.79,1.79,3.94,2.75,1.18,2.7,2.86,3.32,4.51,3.5,3.02,3.55,3.93,2.29,4.35,3.21,2.85,4.33,3.76,3.95,2.64,2.26,2.27,1.65,2.93,3.25,4.5,2.97,2.34,3.47,2.3,3.94,2.7,2.57,3.98,3.84,1.75,4.57,4.68,3.66,2.62,3.1,3.89,3.02,3.17,4.14,1.85,True,True,True,True,True,True,True,True
47-4011,Construction and Building Inspectors,Construction and Building Inspectors,Construction and Building Inspectors,0.0,0.3341042893187552,0.6682085786375105,0.073170731707317,0.2823801513877207,0.4915895710681245,0.2860245,1,47-4011,False,0.63,1,47-4011,False,base_00,3,base_00,False,1,2.375,2.185,3.185,2.5,3.815,2.25,1.0,1.94,1.375,2.25,3.06,2.315,3.185,3.19,1.94,2.0,2.125,2.125,3.875,3.25,2.315,3.25,2.685,2.31,3.75,1.875,3.19,3.94,4.0,2.875,3.0,1.94,3.87,1.875,1.875,1.88,3.0,2.0,2.12,3.25,3.25,2.94,1.315,1.94,2.06,2.88,2.25,2.81,3.0,1.75,4.0,3.94,3.12,3.75,3.315,2.94,3.815,1.25,1.5,1.25,2.94,3.5,3.0,1.625,1.88,2.69,3.19,3.19,2.94,2.25,2.44,2.875,3.06,1.56,2.94,3.94,1.125,2.625,2.81,2.94,3.815,3.06,3.185,1.875,3.125,2.065,3.37,3.915,2.38,3.125,4.175000000000001,3.805,2.575,3.095,3.06,2.96,4.045,2.73,3.575,3.29,4.16,4.41,2.835,2.6,3.565,4.285,3.905,3.285,3.92,2.54,3.47,3.495,3.735,3.41,3.49,3.225,3.895000000000001,3.285,2.05,2.125,3.27,3.57,2.705,2.2,3.0149999999999997,3.34,4.1850000000000005,4.125,3.0700000000000003,3.02,4.195,3.16,4.0600000000000005,3.02,1.66,1.895,3.935,4.895,3.075,2.96,1.3,3.395,2.085,2.56,2.89,2.145,1.035,3.215,3.345,1.24,4.57,4.48,4.125,3.21,3.87,3.975,2.715,4.045,1.4,3.79,3.9,2.925,4.1000000000000005,3.22,1.59,3.145,2.135,2.24,2.095,2.02,2.25,2.1399999999999997,2.745,3.165,2.46,2.5999999999999996,4.7,4.09,4.04,2.16,2.915,3.965,3.585,True,True,True,True,True,True,True,True
47-4021,Elevator and Escalator Installers and Repairers,Elevator and Escalator Installers and Repairers,Elevator and Escalator Installers and Repairers,0.1578947368421052,0.1842105263157894,0.2105263157894736,0.0,0.0789473684210526,0.1578947368421052,-0.8604742,1,47-4021,False,0.39,1,47-4021,False,base_00,3,base_00,False,1,3.5,2.38,3.12,3.25,3.75,2.75,1.25,2.25,1.62,3.38,2.88,3.5,3.12,2.88,1.88,2.5,3.12,2.62,3.5,3.38,3.62,2.38,2.38,3.12,3.5,1.62,2.12,3.62,3.25,2.75,2.88,1.75,3.75,2.62,3.12,2.75,3.0,2.0,2.12,2.75,3.0,2.25,2.0,2.38,2.62,2.62,3.12,2.88,3.25,2.25,3.12,3.12,3.12,3.38,3.38,3.0,3.62,4.0,3.38,3.5,2.25,3.38,2.38,1.62,1.75,2.12,2.25,3.12,2.0,3.25,1.62,3.62,2.38,1.38,3.5,3.12,4.0,1.88,2.5,2.62,3.0,3.12,3.0,1.88,3.0,4.0,2.75,3.31,2.58,2.74,2.75,3.47,4.35,2.74,2.87,3.1,3.5,3.57,3.27,2.76,4.1,4.27,2.45,3.46,3.88,4.22,2.67,2.85,4.0,2.86,3.79,3.66,3.53,2.41,2.65,3.89,3.68,2.53,4.03,4.38,2.48,3.21,2.1,1.24,2.51,3.26,3.57,3.34,3.13,4.33,4.39,3.96,4.4,3.84,1.48,2.0,4.26,4.71,4.31,4.57,2.19,4.44,4.85,4.36,4.59,4.23,1.0,4.42,3.83,1.63,4.54,3.99,4.97,4.71,4.68,4.54,3.64,4.27,1.47,4.41,3.81,3.73,3.26,2.56,2.54,3.61,1.46,4.43,2.68,2.26,3.5,3.55,2.16,4.03,4.84,3.59,4.74,4.08,4.57,2.49,4.12,3.81,2.53,True,True,True,True,True,True,True,True
47-4031,Fence Erectors,Fence Erectors,Fence Erectors,0.0512820512820512,0.0512820512820512,0.0512820512820512,0.0,0.0256410256410256,0.0512820512820512,-1.902113,1,47-4031,False,0.92,1,47-4031,False,base_00,2,base_00,False,1,3.25,2.25,2.62,3.12,3.0,3.0,1.5,3.12,2.25,3.0,2.75,3.25,2.38,2.0,2.12,2.88,2.38,2.12,2.75,3.12,3.75,2.0,2.0,3.62,3.12,1.75,2.12,3.0,3.0,1.88,2.5,2.0,3.0,2.62,3.0,2.75,2.75,1.88,2.25,2.62,3.0,2.0,2.75,3.12,3.38,2.12,3.75,2.0,2.88,2.38,2.25,2.12,2.25,3.0,2.62,3.0,3.0,2.12,2.62,1.12,2.25,2.88,2.25,1.75,2.0,2.25,2.25,3.0,2.0,2.88,1.75,2.88,2.0,1.0,2.62,2.5,2.0,1.12,2.25,2.62,3.0,2.12,2.0,1.5,3.0,2.0,2.0,2.18,3.11,3.0,2.93,3.68,3.91,3.33,2.93,2.46,2.48,3.32,3.53,2.78,2.86,3.78,3.27,3.72,3.06,3.41,2.78,2.82,3.32,2.38,2.71,3.65,3.58,2.43,2.66,3.89,3.25,2.63,2.39,2.83,3.14,3.15,2.15,2.29,2.48,3.3,2.57,2.04,3.22,4.11,4.34,3.75,3.66,2.27,1.87,2.39,4.5,1.45,3.29,3.28,1.36,2.82,1.98,4.24,3.83,3.12,1.13,4.34,3.77,3.26,4.71,4.23,2.74,4.76,3.32,4.07,3.45,3.84,3.7,3.06,2.54,3.75,4.76,2.78,2.35,3.94,1.91,3.94,2.98,2.69,3.64,4.14,1.68,4.46,4.17,3.95,4.35,4.52,4.94,2.6,4.54,4.03,3.06,True,True,True,True,True,True,True,True
47-4041,Hazardous Materials Removal Workers,Hazardous Materials Removal Workers,Hazardous Materials Removal Workers,0.032258064516129,0.0806451612903225,0.1290322580645161,0.0,0.032258064516129,0.064516129032258,-0.6887439,1,47-4041,False,0.53,1,47-4041,False,base_00,3,base_00,False,1,3.5,2.88,3.5,3.75,3.5,2.88,1.12,2.38,1.75,3.12,3.0,3.0,3.0,2.88,2.12,2.38,2.38,2.88,3.38,3.38,3.25,2.38,2.62,3.38,3.62,2.0,2.5,3.88,3.62,2.75,3.0,2.0,4.0,2.75,2.88,2.75,3.12,2.0,2.12,3.25,3.5,2.75,1.75,2.25,3.0,2.88,2.88,2.88,3.25,2.0,3.25,3.5,3.0,3.25,3.0,3.0,3.5,2.62,2.62,1.62,2.88,3.0,2.5,1.88,2.0,2.62,2.0,3.62,2.75,3.38,1.75,3.25,2.88,1.25,3.0,3.12,2.25,2.0,2.88,3.0,3.12,2.75,2.12,1.5,3.0,2.88,3.0,3.24,2.91,2.84,3.22,4.07,3.16,3.21,3.49,3.05,3.51,2.92,3.67,3.29,3.8,3.95,2.95,3.83,3.7,3.91,2.77,3.45,3.28,2.9,3.77,3.11,3.32,2.97,2.68,3.91,3.49,3.01,2.72,3.08,2.89,3.24,2.69,2.49,3.03,2.99,3.57,2.6,3.18,3.25,3.97,3.56,3.37,2.54,1.97,2.1,3.16,2.79,4.14,3.28,1.72,2.64,3.08,3.24,3.14,2.84,1.9,2.99,3.45,2.65,4.78,3.32,3.35,4.35,3.44,3.75,3.16,2.96,2.73,3.43,3.69,2.86,3.58,3.32,2.79,3.68,2.25,3.1,3.11,2.59,3.13,3.49,2.25,3.87,3.85,3.62,4.12,3.88,4.58,4.52,3.7,4.09,3.16,True,True,True,True,True,True,True,True
47-4051,Highway Maintenance Workers,Highway Maintenance Workers,Highway Maintenance Workers,0.0,0.0161290322580645,0.032258064516129,0.0,0.0,0.0,-1.27909,1,47-4051,False,0.87,1,47-4051,False,base_00,2,base_00,False,1,3.38,3.25,3.0,3.88,3.0,3.0,1.0,2.88,1.62,3.12,3.12,3.12,3.12,2.12,2.25,2.75,2.12,2.88,3.0,3.12,3.25,2.12,2.0,3.88,3.25,1.88,2.12,3.38,3.12,2.12,3.0,2.0,3.38,3.0,3.12,3.12,3.12,2.12,2.75,3.0,3.0,2.25,2.75,3.12,3.38,3.0,3.12,2.62,3.12,2.12,2.62,2.5,2.38,3.0,3.0,3.12,2.88,2.5,1.88,1.38,2.38,2.88,2.0,1.62,1.62,2.12,2.12,3.12,2.38,3.62,1.12,3.5,2.5,1.12,2.88,2.75,2.38,1.0,2.38,2.88,3.0,2.0,2.0,1.62,2.75,2.88,2.12,3.11,3.94,2.85,3.74,4.39,3.68,3.84,3.91,2.97,3.1,2.74,4.38,2.93,3.33,4.15,3.23,2.88,3.8,4.24,3.07,3.34,3.68,2.78,4.01,4.03,4.26,3.29,4.04,3.6,3.06,2.97,2.19,2.5,3.72,2.91,3.81,2.71,3.41,3.45,3.32,3.01,3.67,4.15,4.25,3.52,3.73,3.39,2.12,2.29,3.37,2.72,4.65,2.74,2.05,3.65,2.41,4.33,2.29,3.66,1.19,4.63,4.24,4.02,4.8,3.51,4.23,4.0,3.76,4.1,3.51,4.46,3.66,2.07,3.61,3.11,4.94,2.02,3.35,3.73,1.91,4.12,1.91,2.66,2.24,4.22,2.77,3.95,4.49,3.41,3.54,3.72,4.86,2.19,3.89,4.64,1.94,True,True,True,True,True,True,True,True
47-4061,Rail-Track Laying and Maintenance Equipment Operators,Rail-Track Laying and Maintenance Equipment Operators,Rail-Track Laying and Maintenance Equipment Operators,0.0,0.0,0.0,0.0,0.0,0.0,-1.39906,1,47-4061,False,0.89,1,47-4061,False,base_00,2,base_00,False,1,3.62,3.12,2.88,3.88,3.12,3.38,1.25,3.12,2.0,3.12,3.62,3.12,3.38,2.5,2.88,3.0,2.75,3.0,3.0,3.12,3.75,2.12,2.0,3.75,3.38,1.88,2.12,3.12,3.0,2.25,3.25,2.0,3.62,3.25,3.62,3.12,3.12,1.88,2.75,2.88,2.88,2.75,2.75,3.0,3.25,2.88,3.12,2.88,3.38,2.38,2.88,2.5,2.62,3.0,2.88,3.12,3.12,3.25,2.62,1.5,2.38,3.0,2.5,1.75,1.88,2.5,2.25,3.12,1.88,3.75,1.75,3.75,2.12,1.0,3.12,2.38,3.12,1.25,2.25,2.75,2.88,2.12,2.12,1.75,3.0,3.25,2.25,3.24,2.97,3.2,2.76,4.24,3.92,3.77,3.21,3.09,3.31,2.91,3.36,3.78,4.05,4.64,3.28,4.45,4.33,4.38,3.48,3.43,4.46,2.79,3.98,4.46,3.97,2.63,2.81,4.28,3.55,2.78,2.19,3.83,2.94,3.41,2.68,2.3,3.58,3.13,4.02,2.08,2.71,3.84,4.56,4.03,2.59,2.42,1.56,2.15,4.07,2.15,3.97,2.94,1.57,3.94,2.76,4.31,2.32,3.86,1.49,4.79,4.38,3.71,4.89,4.0,3.57,4.39,3.79,3.92,3.3,4.13,3.41,1.39,2.59,2.87,4.95,2.03,3.64,4.39,2.3,3.75,1.48,2.13,2.83,3.91,2.36,3.79,4.35,3.26,4.4,3.9,4.99,2.64,4.01,4.34,3.33,True,True,True,True,True,True,True,True
47-4071,Septic Tank Servicers and Sewer Pipe Cleaners,Septic Tank Servicers and Sewer Pipe Cleaners,Septic Tank Servicers and Sewer Pipe Cleaners,0.0625,0.078125,0.09375,0.03125,0.09375,0.15625,-1.210591,1,47-4071,False,0.83,1,47-4071,False,base_00,2,base_00,False,1,3.5,3.0,2.75,3.62,3.12,3.38,1.62,2.88,1.88,3.12,3.12,2.88,3.5,2.5,2.62,2.75,2.5,3.25,3.0,2.88,3.75,2.12,2.38,3.5,3.25,2.0,2.38,3.5,3.12,2.25,3.0,2.25,3.5,2.88,3.25,2.88,3.0,2.12,2.62,2.62,2.75,2.5,2.25,2.62,3.12,2.88,3.0,2.88,3.0,2.62,2.75,2.5,2.75,3.0,2.88,2.88,3.12,3.0,2.62,2.0,2.5,2.75,2.62,2.0,2.0,2.38,2.38,2.88,2.38,3.88,1.5,3.62,2.38,1.0,3.0,2.75,3.0,1.25,2.75,2.75,2.75,2.12,2.25,1.88,3.0,3.0,2.5,2.59,2.33,2.6,3.19,3.61,3.38,2.72,1.98,2.64,3.58,1.75,3.39,2.73,2.98,4.34,1.88,3.56,3.57,3.5,3.21,2.86,3.69,2.16,3.32,4.38,3.09,1.81,3.38,4.16,2.69,2.14,2.09,3.14,2.34,2.81,2.17,1.6,2.92,2.93,3.31,1.59,2.95,2.67,4.6,4.08,4.44,3.15,1.53,1.56,3.75,2.83,4.53,3.01,3.58,4.1,2.82,3.74,1.85,3.37,1.17,4.27,4.33,3.28,4.71,4.06,4.31,3.85,3.79,3.39,2.97,4.27,3.58,1.86,3.2,2.41,4.95,2.49,2.87,4.06,1.87,3.6,2.01,2.07,2.93,3.54,2.43,3.41,4.29,3.18,4.74,3.82,4.5,2.43,3.62,4.46,3.32,True,True,True,True,True,True,True,True
47-4091,Segmental Pavers,Segmental Pavers,Segmental Pavers,0.0,0.0416666666666666,0.0833333333333333,0.0,0.0833333333333333,0.1666666666666666,-0.9827304,1,47-4091,False,,,,,base_00,2,base_00,False,1,3.38,2.75,3.0,3.5,3.12,3.0,1.0,2.75,1.12,2.25,2.88,3.12,2.5,2.62,2.12,2.5,2.0,2.5,3.12,3.25,3.38,2.12,2.0,3.62,3.38,1.88,2.12,3.62,3.62,2.62,2.75,2.12,3.38,2.75,3.0,2.88,2.88,1.75,2.5,3.25,3.38,2.25,2.62,2.5,3.25,2.62,3.0,2.5,3.0,2.12,3.0,3.0,2.62,3.5,2.88,3.25,3.25,2.25,2.0,1.25,2.88,3.12,2.38,1.62,1.62,2.88,2.0,2.88,2.62,3.12,2.25,3.0,3.0,1.0,2.5,2.75,2.25,1.12,3.0,3.12,3.5,2.25,2.25,1.5,3.0,2.38,2.62,2.85,3.09,3.59,3.61,4.01,3.68,4.06,3.85,2.96,2.3,2.45,4.0,3.68,3.57,3.98,3.9,4.33,3.56,4.18,3.36,2.83,4.05,2.58,3.42,4.25,3.92,2.41,3.02,4.25,3.16,2.81,1.23,3.35,3.27,3.12,3.42,2.21,3.29,3.71,3.05,1.36,3.91,2.9,4.63,4.33,4.73,3.22,1.96,2.61,3.73,2.56,3.17,1.85,1.31,2.76,1.93,3.16,1.82,2.48,1.03,4.11,3.71,1.71,4.96,4.09,4.0,3.45,3.71,3.75,3.23,4.39,1.83,3.31,3.15,3.12,4.35,2.31,1.86,3.52,2.21,2.24,1.35,1.71,1.9,3.35,3.08,3.16,2.93,3.44,4.81,4.06,4.13,1.22,4.05,4.39,3.75,True,True,False,True,True,True,True,True
47-4099,"Construction and Related Workers, All Other",,Weatherization Installers and Technicians,0.15,0.2,0.25,0.05,0.2,0.35,-0.8728439,1,47-4099,False,,,,,first_detail,2,detail_mode,False,1,3.25,2.5,3.0,3.0,3.0,3.12,1.38,2.5,1.75,3.12,3.12,3.0,3.12,3.0,2.25,2.5,2.5,2.38,3.0,3.25,3.75,2.75,2.12,3.12,4.0,2.0,2.5,3.25,3.25,2.38,2.88,2.0,3.88,2.12,3.0,2.25,3.0,2.0,2.12,3.0,3.0,2.38,1.88,2.5,2.88,2.88,3.12,3.0,3.12,2.12,2.88,2.75,2.88,3.12,2.88,3.0,3.25,2.5,2.38,3.25,2.75,3.25,2.75,2.38,2.25,2.75,2.75,3.38,2.75,3.0,2.12,3.12,2.75,1.62,3.0,3.0,2.75,2.0,3.0,2.88,3.12,3.12,3.0,2.12,3.0,3.0,2.88,3.27,2.91,3.61,3.3,3.91,3.43,3.57,3.78,3.48,3.65,3.04,3.17,3.52,3.83,4.0,3.35,3.91,3.87,3.91,3.39,3.09,3.91,3.32,3.68,3.78,3.83,3.0,3.57,4.09,3.65,3.04,2.96,3.7,3.18,3.74,2.64,2.83,3.27,3.87,3.87,3.23,2.95,3.22,4.57,3.83,3.74,2.59,1.57,1.68,3.61,3.65,3.74,4.0,1.65,3.43,2.7,3.91,3.35,3.43,1.04,3.32,3.74,1.61,4.73,3.43,3.22,4.3,3.35,3.59,3.09,3.43,1.83,3.61,3.5,2.26,4.41,3.13,2.48,3.78,1.83,3.26,2.61,2.55,3.39,2.77,1.91,3.96,3.96,3.17,4.27,3.83,4.57,4.0,3.83,4.26,3.41,True,True,False,True,True,True,True,True
47-5011,"Derrick Operators, Oil and Gas","Derrick Operators, Oil and Gas","Derrick Operators, Oil and Gas",0.0,0.0,0.0,0.0,0.0,0.0,-1.415002,1,47-5011,False,0.8,1,47-5011,False,base_00,2,base_00,False,1,3.75,3.5,3.0,3.88,3.38,3.5,1.25,2.75,1.25,3.63,3.38,3.25,3.38,2.38,2.88,3.25,3.38,3.5,3.25,3.13,3.75,2.38,2.38,4.0,3.25,2.0,2.63,3.25,3.38,2.25,3.25,2.38,3.63,3.13,3.75,3.25,3.38,2.38,2.63,3.38,3.25,3.0,3.13,3.5,3.63,2.88,3.5,3.13,3.25,2.75,2.75,2.75,2.75,3.25,3.25,3.0,3.5,3.12,2.75,1.12,2.88,3.12,2.75,1.88,2.25,3.0,2.38,3.38,2.5,3.88,1.38,4.0,2.5,1.0,3.25,2.88,3.38,1.25,2.38,2.88,3.38,2.25,2.5,1.12,2.88,3.25,2.75,2.29,2.45,3.15,3.09,3.67,4.45,3.25,2.96,2.3,3.33,2.11,3.06,2.78,2.61,3.44,2.64,3.98,3.6,4.2,2.66,2.76,3.56,2.62,3.64,3.51,2.86,2.53,2.02,3.87,2.68,2.4,2.54,4.19,2.52,2.28,2.02,2.32,2.44,3.03,2.95,2.42,3.38,2.72,4.56,3.53,3.0,2.9,1.97,1.66,3.9,1.17,4.99,3.79,1.01,4.24,4.62,4.83,4.61,4.73,2.16,4.94,4.68,3.78,4.32,3.94,3.98,4.77,4.18,3.93,4.17,2.69,2.83,1.04,2.58,2.86,4.99,3.11,3.08,4.48,1.76,4.14,3.48,2.42,2.91,4.28,1.91,4.48,4.64,3.63,3.25,3.21,5.0,4.05,4.08,4.54,2.47,True,True,True,True,True,True,True,True
47-5012,"Rotary Drill Operators, Oil and Gas","Rotary Drill Operators, Oil and Gas","Rotary Drill Operators, Oil and Gas",0.0526315789473684,0.0526315789473684,0.0526315789473684,0.0,0.0263157894736842,0.0526315789473684,-0.7737326,1,47-5012,False,0.53,1,47-5012,False,base_00,2,base_00,False,1,3.75,3.13,3.13,4.0,3.38,2.88,1.0,2.5,1.13,2.63,2.75,3.5,3.0,2.5,2.13,2.63,2.75,2.75,3.38,3.63,3.75,2.5,2.25,3.75,3.88,2.13,2.63,3.63,3.63,2.5,3.13,1.88,4.0,3.38,3.13,2.63,3.38,1.75,2.25,3.13,3.13,2.5,2.0,2.38,2.88,2.88,2.75,2.88,3.0,1.88,3.13,3.25,2.88,3.38,3.12,3.25,3.62,3.0,2.62,1.12,3.38,3.12,3.0,1.25,1.62,2.88,2.38,3.5,2.88,3.62,1.75,3.62,2.88,1.0,3.0,3.12,3.0,1.25,2.38,2.88,3.25,2.12,2.12,1.38,2.88,3.0,3.0,2.92,3.07,3.4,2.72,4.16,4.45,3.61,3.44,2.98,3.62,2.6,3.23,3.52,3.77,4.15,3.61,4.34,4.18,4.56,3.31,3.67,4.08,2.86,3.88,4.02,3.17,3.07,1.98,4.24,3.62,3.03,2.81,4.12,2.82,3.09,2.6,3.01,3.23,3.89,3.33,1.64,3.29,4.46,4.36,3.86,3.26,3.16,1.53,1.83,3.97,1.56,4.71,3.29,1.28,3.42,4.2,4.38,3.83,3.64,1.85,4.86,4.45,3.91,4.94,4.21,4.51,4.84,4.64,4.61,4.39,2.91,3.74,1.07,3.28,4.37,4.97,3.71,3.79,4.18,2.55,3.36,2.72,2.02,2.07,3.72,1.75,4.36,4.53,2.85,3.6,4.1,4.98,3.4,4.58,4.86,3.05,True,True,True,True,True,True,True,True
47-5013,"Service Unit Operators, Oil and Gas","Service Unit Operators, Oil and Gas","Service Unit Operators, Oil and Gas",0.064516129032258,0.064516129032258,0.064516129032258,0.064516129032258,0.1451612903225806,0.2258064516129032,-0.971916,1,47-5013,False,0.93,1,47-5013,False,base_00,2,base_00,False,1,4.0,3.25,3.0,4.0,3.12,3.12,1.0,2.75,1.25,3.0,3.25,3.0,3.12,2.62,2.38,2.75,3.0,3.5,3.25,3.0,3.38,2.88,2.38,3.75,3.62,2.12,2.75,3.38,3.25,2.62,3.38,2.12,4.0,3.0,3.5,2.88,3.38,2.75,2.75,3.25,3.25,2.88,2.88,2.75,3.12,3.0,3.0,3.12,3.12,2.88,3.0,3.0,3.0,3.38,3.12,2.88,3.75,3.12,2.62,2.12,2.88,3.25,2.88,1.88,2.12,3.0,2.75,3.62,2.75,3.75,1.5,4.0,2.75,1.75,3.0,3.0,3.0,1.38,2.75,3.0,3.0,2.62,2.88,1.38,2.75,3.38,3.0,2.83,3.91,4.08,3.92,4.39,4.71,4.36,3.79,3.02,3.04,3.24,4.17,3.65,3.56,4.03,3.69,3.94,4.15,4.54,3.53,4.13,3.95,2.56,4.32,3.73,3.89,3.45,1.97,4.13,3.59,3.51,2.82,3.96,3.56,3.47,3.09,2.82,3.22,4.19,3.42,2.22,2.43,4.25,4.83,3.97,3.03,2.88,1.5,2.11,3.94,2.71,4.77,4.12,1.43,3.57,4.54,4.58,3.93,4.07,2.18,4.63,4.61,2.59,4.67,4.16,4.88,4.66,4.69,4.35,4.09,4.26,3.78,1.77,3.19,3.71,5.0,3.09,4.07,4.16,2.19,3.86,3.43,3.14,2.63,3.88,1.84,4.3,4.25,3.35,4.02,4.35,4.97,4.23,4.15,4.58,3.03,True,True,True,True,True,True,True,True
47-5022,"Excavating and Loading Machine and Dragline Operators, Surface Mining","Excavating and Loading Machine and Dragline Operators, Surface Mining","Excavating and Loading Machine and Dragline Operators, Surface Mining",0.0,0.0,0.0,0.0,0.0,0.0,-1.144356,1,53-7032,True,0.94,1,53-7032,True,base_00,2,base_00,False,1,3.75,3.5,2.88,4.12,3.0,4.0,1.12,2.75,1.12,2.5,3.75,3.5,3.0,2.0,2.88,2.25,2.12,3.25,3.0,2.88,3.88,2.12,2.0,4.12,3.62,2.62,2.12,3.12,3.12,2.0,3.0,3.38,3.12,3.75,3.88,3.75,3.0,2.88,3.62,3.0,3.12,2.88,3.0,2.62,3.0,3.0,2.88,3.0,3.0,2.88,3.0,2.88,3.0,3.0,3.0,3.0,3.0,3.0,3.0,1.5,2.5,3.0,2.38,1.75,1.88,2.88,2.25,3.12,2.38,4.12,2.0,3.62,3.0,1.0,2.75,3.0,3.0,1.0,2.5,3.0,3.0,2.25,2.25,1.88,3.0,3.0,2.5,2.88,3.21,3.45,2.74,4.07,4.39,3.55,3.14,3.35,3.13,2.96,3.44,3.47,3.88,4.08,3.28,4.2,3.89,4.38,2.9,3.35,3.99,2.49,4.05,4.62,3.53,1.73,2.46,3.93,3.4,2.84,2.66,3.73,2.97,3.26,1.99,1.52,3.39,3.56,3.37,1.92,2.35,3.77,4.4,3.6,2.21,2.45,1.18,1.73,3.9,1.62,4.38,2.62,1.21,2.93,2.56,4.07,2.47,3.06,1.14,4.04,3.71,4.39,4.51,4.06,4.13,4.01,3.63,3.8,3.27,4.04,3.66,1.78,1.96,3.4,4.1,2.15,3.9,2.59,2.02,2.49,1.88,1.7,1.79,4.1,4.04,2.45,4.72,1.97,3.26,3.58,4.94,1.67,3.25,4.47,2.31,True,True,True,True,True,True,True,True
47-5023,"Earth Drillers, Except Oil and Gas","Earth Drillers, Except Oil and Gas","Earth Drillers, Except Oil and Gas",0.0909090909090909,0.1363636363636363,0.1818181818181818,0.0,0.1136363636363636,0.2272727272727273,-0.7018391,1,47-5021,True,0.85,1,47-5021,True,base_00,2,base_00,False,1,3.88,3.0,2.88,4.0,3.25,3.62,1.12,1.88,1.88,2.38,3.25,3.12,3.0,2.75,2.38,1.75,2.25,3.25,3.12,3.25,3.75,2.25,2.12,3.88,3.5,2.0,2.0,3.25,3.0,2.38,3.38,2.0,3.25,3.5,3.88,2.88,3.0,2.0,2.62,3.0,2.88,2.75,1.75,2.25,2.38,2.88,2.62,3.12,3.25,2.25,3.0,3.0,2.75,3.0,3.0,3.0,3.25,3.25,3.0,1.88,2.75,2.88,2.25,1.75,1.88,2.38,2.25,3.12,2.25,3.88,1.88,4.0,2.38,1.0,3.0,2.75,2.88,1.62,2.38,2.62,3.0,2.25,2.12,1.88,2.88,3.0,2.38,2.7,3.39,2.58,2.67,3.81,4.52,3.1,2.89,2.86,2.9,2.71,2.86,3.24,3.53,4.12,3.08,3.87,3.96,4.58,3.24,3.38,3.88,3.02,3.83,4.19,2.98,2.12,2.86,3.85,2.86,2.4,2.74,4.44,3.01,3.16,2.88,1.58,3.32,3.29,3.14,1.79,2.23,3.95,3.99,2.84,2.61,2.35,1.36,1.87,4.07,1.71,4.24,3.26,1.3,3.5,3.34,4.41,2.93,3.64,1.13,4.37,3.61,4.05,4.53,4.51,3.76,3.72,3.85,3.62,2.64,3.34,3.72,1.81,2.2,2.54,4.36,1.89,2.95,2.67,1.41,3.25,1.98,2.12,2.24,4.21,2.13,4.13,4.67,2.96,3.6,3.0,4.77,2.18,3.36,3.26,2.51,True,True,True,True,True,True,True,True
47-5032,"Explosives Workers, Ordnance Handling Experts, and Blasters","Explosives Workers, Ordnance Handling Experts, and Blasters","Explosives Workers, Ordnance Handling Experts, and Blasters",0.125,0.1354166666666666,0.1458333333333333,0.0208333333333333,0.1145833333333333,0.2083333333333333,-0.73743305,2,47-5021;47-5031,True,0.665,2,47-5021;47-5031,True,base_00,2,base_00,False,1,3.88,2.88,3.25,3.5,3.88,3.38,1.25,2.5,1.38,3.0,3.13,3.75,3.25,2.63,2.38,2.38,2.38,3.0,3.88,3.88,4.0,2.63,2.13,3.63,4.0,2.0,2.63,3.88,3.75,2.88,3.25,2.0,4.0,2.88,3.63,2.63,3.38,2.13,2.13,3.25,3.13,2.38,2.38,2.38,3.0,3.0,3.0,3.5,3.13,1.88,3.0,2.88,3.12,3.88,3.38,3.12,3.62,2.38,2.5,1.38,3.0,3.62,3.0,1.62,2.12,3.0,2.5,3.75,2.62,3.5,2.25,3.5,2.5,1.0,2.5,3.12,2.12,1.88,2.62,2.88,3.38,2.62,2.62,1.75,3.38,2.75,2.88,3.38,2.71,3.42,3.54,3.79,3.88,3.71,3.5,3.04,4.29,2.75,3.25,3.83,4.29,4.33,3.5,4.21,4.17,4.21,3.0,3.79,4.42,3.42,4.17,3.92,3.88,3.5,2.96,4.25,3.75,2.88,2.46,3.21,3.0,3.67,2.33,2.39,3.5,4.04,4.17,2.42,3.13,4.17,4.38,3.33,2.96,2.54,1.29,2.18,3.58,2.86,4.38,2.3,1.17,3.48,4.83,4.13,2.86,3.05,1.0,4.21,4.25,3.38,4.79,3.75,4.29,4.67,4.29,4.5,3.38,4.05,3.82,1.68,3.25,3.35,4.92,2.09,3.3,3.63,2.0,3.39,1.5,2.09,2.87,3.48,1.82,4.27,4.52,3.3,4.52,4.35,5.0,2.59,4.33,4.29,3.42,True,True,True,True,True,True,True,True
47-5041,Continuous Mining Machine Operators,Continuous Mining Machine Operators,Continuous Mining Machine Operators,0.0,0.0,0.0,0.0,0.06,0.12,-1.165492,1,47-5041,False,0.54,1,47-5041,False,base_00,2,base_00,False,1,3.88,3.0,3.0,4.0,3.12,3.5,1.5,2.75,1.88,3.12,3.38,3.0,3.12,2.38,2.62,2.62,2.0,3.5,3.12,3.0,3.38,1.88,2.12,3.75,3.62,2.62,1.88,2.88,3.12,2.12,3.12,2.25,3.75,3.62,3.75,3.12,3.5,2.62,2.75,2.88,2.88,2.62,2.25,2.75,3.0,3.0,3.12,3.0,3.0,2.25,2.38,2.25,2.75,3.0,3.0,2.75,3.25,3.38,2.38,1.88,2.38,3.12,2.38,1.38,1.38,2.62,2.0,3.0,2.0,3.88,1.88,3.88,2.12,1.0,2.88,2.75,3.12,1.38,2.38,2.75,3.0,2.12,2.12,1.62,3.0,3.25,2.12,3.09,2.99,2.69,1.89,3.89,4.35,3.19,3.11,2.8,2.34,2.4,2.95,2.83,3.62,3.67,2.66,3.57,3.58,4.02,2.54,2.91,4.1,2.27,3.59,4.15,3.27,1.37,1.49,3.2,2.84,2.65,3.31,3.93,2.25,2.76,1.72,1.58,2.92,3.63,3.42,1.85,2.94,4.27,4.44,3.71,1.22,3.11,1.59,1.65,3.83,1.35,5.0,3.99,1.23,3.99,3.48,4.76,2.45,2.86,1.0,4.82,2.72,3.59,4.84,4.02,4.71,4.5,3.84,4.11,3.2,2.9,3.38,1.32,3.37,3.62,1.93,1.92,3.86,3.35,1.66,3.59,1.75,2.44,2.18,4.14,2.1,3.94,4.89,2.87,2.25,3.4,5.0,3.15,3.37,4.61,1.96,True,True,True,True,True,True,True,True
47-5043,"Roof Bolters, Mining","Roof Bolters, Mining","Roof Bolters, Mining",0.0,0.0,0.0,0.0,0.0,0.0,-1.618518,1,47-5061,False,0.49,1,47-5061,False,base_00,2,base_00,False,1,4.0,3.0,2.88,4.12,3.0,3.75,1.88,2.88,2.12,3.88,3.12,3.0,2.88,2.25,2.75,2.88,3.12,3.0,2.88,3.62,3.88,2.0,2.12,3.75,3.75,2.5,2.0,3.0,3.0,2.12,2.75,2.62,3.75,3.25,3.75,3.38,3.5,2.62,2.88,3.0,3.12,2.0,2.38,3.12,3.62,3.0,3.25,2.75,3.0,2.88,2.62,2.12,2.88,3.12,3.0,3.0,3.38,3.12,2.88,2.0,2.88,3.0,2.25,1.88,2.0,2.25,2.12,3.25,2.12,3.62,1.25,3.25,2.25,1.0,3.0,2.38,3.0,1.5,2.38,2.88,3.0,2.25,2.25,1.12,3.0,3.25,2.12,2.53,3.04,2.9,1.77,3.9,4.4,3.31,2.62,2.56,2.8,2.35,1.98,2.84,3.46,4.04,3.07,4.05,4.22,4.53,3.16,3.05,3.73,2.66,4.35,4.42,3.19,1.25,1.08,3.56,3.3,2.71,3.51,4.22,2.07,2.52,1.48,1.36,2.37,3.8,3.49,1.42,3.42,3.85,4.51,3.55,1.09,3.53,2.05,1.64,2.84,1.03,4.98,4.55,2.05,3.24,4.65,4.99,2.25,3.74,1.0,4.81,3.35,4.16,4.95,2.93,3.56,4.86,3.62,3.88,3.76,1.91,2.9,1.06,4.51,3.33,2.28,2.28,4.6,4.09,1.58,4.59,1.71,3.37,2.65,4.96,1.19,4.91,4.99,4.34,2.14,4.79,5.0,3.56,3.81,4.61,1.44,True,True,True,True,True,True,True,True
47-5044,"Loading and Moving Machine Operators, Underground Mining","Loading and Moving Machine Operators, Underground Mining","Loading and Moving Machine Operators, Underground Mining",0.0232558139534883,0.0232558139534883,0.0232558139534883,0.0232558139534883,0.0813953488372093,0.1395348837209302,-1.307343,2,53-7033;53-7111,True,0.435,2,53-7033;53-7111,True,base_00,2,base_00,False,1,3.25,3.0,3.0,3.75,2.88,3.12,1.12,2.5,1.62,3.0,3.0,2.88,2.75,2.12,2.25,2.38,2.12,2.88,2.88,3.0,3.25,2.0,2.0,3.38,3.25,2.25,2.0,3.0,3.0,2.0,3.12,2.38,3.25,3.25,3.38,2.75,3.12,2.0,2.75,3.0,3.0,2.12,2.25,2.75,2.75,3.12,3.12,2.88,3.0,1.88,2.75,2.12,2.12,3.0,2.62,3.0,3.0,3.0,2.5,1.25,2.25,2.38,2.12,1.62,1.88,2.25,2.0,2.88,2.12,3.38,1.75,3.25,2.25,1.0,2.12,2.88,2.75,1.0,2.12,2.88,3.0,1.62,1.5,1.0,2.38,3.12,2.0,2.09,2.25,2.58,1.81,3.46,3.97,2.85,2.75,2.36,2.28,1.96,2.66,2.59,3.16,3.65,2.43,3.37,3.9,4.05,2.3,2.69,2.81,2.11,3.57,4.4,2.52,1.87,1.52,3.28,2.56,2.2,2.52,3.53,2.27,2.03,1.83,1.75,2.48,2.91,2.49,1.53,2.65,3.58,3.67,3.27,1.65,3.35,1.39,2.16,3.6,1.27,4.78,3.93,1.18,4.08,4.45,4.5,1.38,3.18,1.09,4.11,2.59,4.33,4.55,3.14,3.47,4.15,3.18,3.46,2.53,2.24,4.19,1.43,3.43,2.6,2.12,1.91,3.79,3.18,2.04,3.83,1.72,2.09,2.13,4.04,3.27,2.75,4.62,2.73,2.11,3.68,4.67,3.21,3.4,4.45,1.95,True,True,True,True,True,True,True,True
47-5051,"Rock Splitters, Quarry","Rock Splitters, Quarry","Rock Splitters, Quarry",0.0,0.0769230769230769,0.1538461538461538,0.0,0.0769230769230769,0.1538461538461538,-1.763494,1,47-5051,False,0.96,1,47-5051,False,base_00,2,base_00,False,1,3.88,2.38,2.88,3.5,2.88,2.88,1.12,3.0,1.25,3.12,2.5,3.0,2.75,1.88,1.88,2.62,2.62,2.38,2.75,2.88,3.25,1.88,2.0,3.62,3.25,1.88,2.0,3.0,2.88,2.0,2.75,1.88,3.0,2.88,2.88,2.75,2.88,1.62,2.25,2.88,2.88,2.0,2.5,3.12,3.5,2.5,3.38,2.88,3.0,2.25,2.38,2.12,2.12,3.0,2.75,2.75,2.75,2.25,2.0,1.0,2.0,2.62,2.0,1.5,1.5,1.88,1.88,2.88,1.88,3.25,1.25,3.12,2.0,1.0,2.25,2.75,2.12,1.12,2.12,2.5,2.62,1.62,1.62,1.0,2.75,2.38,2.12,2.39,2.67,2.12,1.72,3.1,3.61,2.66,2.36,2.35,2.3,2.02,2.88,2.63,2.89,3.0,2.06,3.84,2.93,3.5,2.12,3.03,2.82,1.5,3.33,3.4,2.68,1.63,1.39,3.75,2.55,2.1,1.55,3.04,2.0,2.22,1.59,1.61,2.5,2.73,2.7,1.64,1.43,3.28,3.18,2.67,2.17,1.37,1.11,1.83,2.8,1.31,4.48,1.85,1.0,2.12,2.82,3.75,3.02,2.82,1.51,3.46,3.95,3.74,3.48,3.41,2.43,3.56,2.66,3.74,2.4,1.85,3.7,1.27,2.54,2.33,4.77,2.46,3.04,2.72,1.43,3.57,2.06,1.98,2.51,3.04,1.53,4.48,4.01,2.94,1.83,2.61,5.0,2.63,2.15,3.79,1.09,True,True,True,True,True,True,True,True
47-5071,"Roustabouts, Oil and Gas","Roustabouts, Oil and Gas","Roustabouts, Oil and Gas",0.0,0.0,0.0,0.0,0.0,0.0,-1.518977,1,47-5071,False,0.68,1,47-5071,False,base_00,2,base_00,False,1,3.25,3.0,2.88,3.25,3.0,3.0,1.5,2.5,2.0,3.25,3.25,3.0,3.0,2.0,2.12,2.62,3.0,3.0,2.75,3.12,3.75,2.0,2.0,3.75,3.5,2.0,2.0,3.12,3.0,2.0,2.88,2.12,3.5,3.0,3.0,2.75,3.0,2.12,2.0,2.88,3.0,2.25,2.38,3.12,3.25,2.88,3.25,2.62,3.0,2.12,2.25,2.0,2.5,2.88,2.62,2.75,3.12,2.88,2.38,1.12,2.25,3.0,2.25,1.62,1.88,2.38,2.0,3.0,2.0,3.0,1.12,3.0,2.0,1.0,3.0,2.12,2.88,1.0,2.12,2.88,2.75,2.0,2.0,1.5,2.88,2.75,2.12,2.73,3.19,3.16,3.14,3.6,4.28,3.66,3.26,2.94,3.45,2.6,3.62,3.0,3.25,4.03,3.15,3.7,3.88,4.48,2.68,3.39,3.75,2.95,3.91,4.53,3.92,2.21,2.56,4.23,3.41,2.92,2.49,3.54,2.99,3.8,2.53,1.69,3.47,3.22,3.36,1.97,2.4,3.62,4.58,3.23,2.86,2.62,1.14,1.92,3.56,2.67,4.05,3.24,1.14,3.15,3.35,3.7,2.69,3.14,1.29,3.59,4.6,2.3,4.86,3.94,4.51,4.05,3.85,3.74,3.31,4.3,2.78,2.2,4.21,3.05,4.98,2.65,2.81,3.94,1.63,3.76,1.88,2.69,2.97,3.7,1.77,4.16,4.69,3.09,4.51,4.28,5.0,2.65,3.98,4.44,1.63,True,True,True,True,True,True,True,True
47-5081,Helpers--Extraction Workers,Helpers--Extraction Workers,Helpers--Extraction Workers,0.0,0.0,0.0,0.0,0.0652173913043478,0.1304347826086956,-1.543154,1,47-5081,False,0.37,1,47-5081,False,base_00,2,base_00,False,1,3.88,3.12,2.88,3.75,3.12,3.38,1.5,3.0,1.88,3.12,3.62,3.38,3.0,2.5,2.75,3.0,3.0,3.12,3.0,3.25,4.0,2.25,2.5,3.75,3.62,1.88,2.12,3.25,3.0,2.38,3.12,2.38,3.62,3.38,3.75,3.12,3.25,2.25,3.0,2.88,3.0,2.5,2.62,3.12,3.62,2.75,3.5,2.75,3.12,2.38,2.75,2.25,2.88,3.0,2.88,3.12,3.12,3.5,3.12,1.25,2.38,3.0,2.62,1.75,2.0,2.5,2.5,3.75,2.0,3.5,1.0,3.62,2.12,1.0,3.12,2.75,3.38,1.38,2.38,2.75,2.88,2.12,1.88,1.75,2.62,3.38,2.38,3.71,3.85,3.88,3.25,4.46,4.74,3.58,3.63,3.97,3.75,3.17,3.43,3.88,4.37,4.11,3.46,4.75,3.86,4.4,3.97,3.52,4.23,3.98,4.2,4.7,3.66,2.55,2.26,4.36,3.85,3.2,3.4,4.55,3.44,3.4,2.58,2.35,3.43,3.44,3.56,2.21,3.04,3.84,4.3,4.22,2.77,3.06,1.21,1.52,4.03,1.94,4.68,3.38,1.15,3.54,4.29,4.89,3.45,3.54,1.0,4.76,4.36,3.28,4.82,4.12,4.13,4.06,4.05,3.94,3.13,4.0,4.23,2.81,4.58,3.23,4.67,2.36,3.91,4.2,2.46,3.8,2.33,2.37,2.68,4.08,2.35,3.65,4.44,3.47,3.86,3.47,5.0,3.31,3.83,4.46,2.82,True,True,True,True,True,True,True,True
49-1011,"First-Line Supervisors of Mechanics, Installers, and Repairers","First-Line Supervisors of Mechanics, Installers, and Repairers","First-Line Supervisors of Mechanics, Installers, and Repairers",0.0256410256410256,0.4102564102564102,0.7948717948717948,0.0769230769230769,0.2692307692307692,0.4615384615384615,-0.0205169,1,49-1011,False,0.003,1,49-1011,False,base_00,3,base_00,False,1,3.0,3.0,3.12,3.0,3.88,2.88,1.0,2.0,1.38,2.12,3.25,3.0,3.25,3.0,2.0,2.0,2.0,3.0,3.88,3.75,3.0,2.88,2.88,2.88,3.88,2.0,3.0,4.0,4.0,2.75,3.12,2.0,3.75,2.25,2.75,2.12,3.25,2.5,1.88,3.75,3.75,2.88,1.75,2.0,2.25,2.75,2.88,2.75,3.12,2.12,4.0,3.12,3.25,3.62,3.12,3.75,3.75,2.88,2.75,1.75,3.0,3.75,3.12,2.88,2.88,3.88,2.88,4.0,3.0,3.0,2.5,3.38,3.0,1.88,3.62,3.62,2.88,1.75,3.0,3.12,3.75,3.25,3.12,1.88,3.75,3.12,3.0,3.56,2.98,3.46,3.47,4.15,3.62,3.98,3.99,3.73,3.91,3.43,3.24,3.86,4.22,4.22,3.96,3.55,3.91,3.99,3.51,3.68,4.31,3.26,4.3,4.0,4.23,3.19,2.27,3.25,3.67,3.3,3.42,3.68,3.08,3.87,2.77,3.33,3.71,3.79,3.9,3.82,2.87,2.49,4.81,4.24,3.38,2.73,1.51,1.46,4.5,4.41,3.81,2.36,1.37,2.17,2.74,3.54,2.43,2.67,1.47,3.97,3.42,1.69,4.53,4.36,4.09,4.25,4.0,4.43,3.87,3.04,2.13,3.35,3.38,2.91,3.26,2.15,1.64,3.37,2.35,3.13,1.72,1.57,2.32,2.91,3.11,3.01,3.78,2.89,4.84,3.93,3.95,1.91,4.41,4.35,2.89,True,True,True,True,True,True,True,True
49-2011,"Computer, Automated Teller, and Office Machine Repairers","Computer, Automated Teller, and Office Machine Repairers","Computer, Automated Teller, and Office Machine Repairers",0.2857142857142857,0.3673469387755101,0.4489795918367346,0.0816326530612244,0.2040816326530612,0.3265306122448979,-0.3458247,1,49-2011,False,0.74,1,49-2011,False,base_00,3,base_00,False,1,3.12,2.12,3.0,3.12,3.12,2.12,1.0,2.0,1.38,2.5,2.75,3.5,2.75,2.88,2.0,2.0,2.0,2.12,3.12,3.38,3.12,1.88,2.38,2.75,3.88,1.75,2.0,3.75,3.62,2.75,2.88,1.88,3.62,2.0,2.0,2.0,3.0,2.0,2.12,3.5,3.5,2.38,1.75,2.0,2.12,2.88,2.38,3.0,3.38,2.0,3.5,3.0,3.0,3.62,3.38,3.0,3.5,3.25,3.25,3.0,2.62,3.0,2.62,1.75,2.12,2.5,1.88,3.0,2.75,2.75,2.12,3.12,2.5,2.12,3.25,3.12,3.62,1.88,3.0,2.88,3.25,2.75,2.38,2.0,3.25,3.38,3.0,3.0,1.9,2.15,4.29,3.14,2.78,1.86,1.78,2.24,2.76,2.27,2.65,2.31,2.4,3.91,2.13,3.07,3.42,4.0,2.34,2.13,4.37,2.64,3.22,3.43,3.03,2.62,2.93,2.26,2.47,2.44,4.63,3.86,2.64,2.71,1.99,1.27,3.19,2.61,3.83,4.11,3.2,2.56,4.1,3.11,4.2,2.92,1.42,2.46,4.42,4.52,3.18,3.18,1.19,2.12,2.27,1.59,1.26,2.49,1.03,2.2,2.55,1.06,4.34,4.54,4.04,2.45,3.69,4.01,3.65,3.2,1.02,4.44,2.12,2.87,2.25,1.44,1.91,3.5,1.68,2.58,1.22,1.45,2.7,2.78,2.04,3.92,4.24,2.62,4.93,4.24,2.0,1.1,2.95,3.55,2.33,True,True,True,True,True,True,True,True
49-2021,"Radio, Cellular, and Tower Equipment Installers and Repairers","Radio, Cellular, and Tower Equipment Installers and Repairers","Radio, Cellular, and Tower Equipment Installers and Repairers",0.0476190476190476,0.1071428571428571,0.1666666666666666,0.0476190476190476,0.0833333333333333,0.119047619047619,-0.6335382,1,49-2021,False,0.93,1,49-2021,False,base_00,3,base_00,False,1,3.38,2.62,3.12,3.12,3.38,2.62,1.75,2.12,2.12,3.12,3.0,3.25,2.75,2.88,2.0,2.38,2.75,2.5,3.12,3.38,3.25,2.75,2.88,2.88,3.88,2.0,2.38,3.25,3.12,2.38,3.12,2.0,3.88,2.12,2.38,2.38,3.0,2.0,2.25,3.12,3.25,2.38,1.75,2.12,2.88,2.5,2.88,2.88,3.0,2.5,3.12,3.0,3.0,3.25,3.0,3.0,3.25,3.38,2.88,3.38,2.75,3.0,2.62,1.88,1.88,2.38,2.75,3.12,2.38,2.88,1.25,3.12,2.62,2.0,3.12,3.25,3.5,1.75,2.5,3.0,3.25,3.0,2.88,1.88,3.12,3.0,3.0,3.37,2.84,3.22,3.86,4.36,3.41,3.61,3.09,3.19,3.95,3.6,3.54,3.4,4.12,4.25,3.22,4.13,4.48,4.47,3.87,3.68,4.58,2.48,4.07,4.21,4.12,3.17,3.16,4.05,4.17,3.22,4.21,3.38,3.16,3.73,2.83,2.12,3.81,3.52,4.43,4.01,2.31,3.58,4.11,3.7,3.66,2.3,1.27,1.48,3.68,4.23,2.63,2.75,1.21,2.34,1.77,2.75,3.09,2.15,1.78,2.78,3.05,1.48,4.77,3.74,3.67,3.47,3.53,4.25,2.88,3.27,2.07,3.5,3.41,2.79,3.56,2.24,1.54,3.84,1.46,2.62,2.2,1.92,2.27,2.8,2.74,2.96,4.28,2.64,4.24,3.48,3.89,2.5,3.39,4.29,2.98,True,True,True,True,True,True,True,True
49-2022,"Telecommunications Equipment Installers and Repairers, Except Line Installers","Telecommunications Equipment Installers and Repairers, Except Line Installers","Telecommunications Equipment Installers and Repairers, Except Line Installers",0.234375,0.28125,0.328125,0.109375,0.203125,0.296875,-0.853048,1,49-2022,False,0.36,1,49-2022,False,base_00,3,base_00,False,1,3.75,3.0,3.12,3.25,3.5,3.0,1.12,2.38,1.5,3.12,3.25,3.62,3.38,3.0,2.38,3.0,3.0,2.88,3.5,3.5,3.62,2.88,3.0,3.38,3.88,2.12,2.38,3.88,3.38,2.75,3.25,1.88,3.88,2.25,2.75,2.75,3.12,2.0,2.5,3.38,3.38,3.0,2.0,2.75,3.0,2.88,3.0,3.88,3.25,2.12,3.12,2.88,3.12,3.5,3.38,3.0,3.62,3.5,3.12,3.25,2.88,3.25,2.88,1.75,1.75,2.5,2.25,3.38,2.5,3.25,1.88,3.62,2.62,2.0,3.62,3.38,3.88,2.0,2.88,3.0,3.25,3.12,2.88,1.88,3.0,3.88,3.0,3.44,2.97,2.46,3.61,4.07,2.84,2.77,2.49,2.58,3.36,2.41,3.5,2.66,3.04,4.41,1.98,3.64,3.96,3.69,3.37,3.45,4.4,1.79,3.53,4.13,3.76,2.33,3.84,3.47,3.71,2.85,3.62,2.73,2.92,2.48,2.53,1.35,3.39,3.31,4.01,4.44,3.0,2.64,4.54,3.01,4.23,3.23,1.39,1.67,3.77,4.77,3.43,3.66,1.86,3.77,2.76,3.88,3.37,3.02,1.11,3.76,3.84,1.4,4.29,4.47,4.67,3.26,4.14,4.16,3.89,4.72,2.23,3.08,3.32,2.74,4.34,2.47,1.11,3.49,1.71,3.04,2.68,1.74,2.86,3.21,2.44,3.54,4.33,2.84,4.69,4.12,4.08,2.73,2.61,3.81,2.79,True,True,True,True,True,True,True,True
49-2091,Avionics Technicians,Avionics Technicians,Avionics Technicians,0.12,0.24,0.36,0.08,0.14,0.2,-0.1728535,1,49-2091,False,0.7,1,49-2091,False,base_00,3,base_00,False,1,3.38,2.38,3.0,3.38,3.62,2.0,1.0,2.0,1.5,2.25,2.88,3.62,2.88,2.88,1.5,2.0,2.0,2.88,3.62,3.75,3.25,2.5,2.38,2.75,3.75,1.5,2.25,3.75,3.5,2.88,3.0,1.5,3.75,2.0,2.12,2.12,3.0,1.5,1.62,3.12,3.12,2.25,1.0,2.0,2.12,2.62,2.38,3.0,3.25,2.0,3.88,3.62,3.0,3.38,3.5,3.0,3.75,3.88,3.0,2.75,2.88,3.25,2.62,1.5,1.75,2.62,2.12,3.12,2.38,2.5,2.25,3.75,2.88,1.62,3.75,3.25,3.88,2.88,2.75,2.88,3.38,3.0,2.88,1.88,3.12,3.88,3.25,3.57,2.62,2.99,3.14,4.03,3.69,3.19,3.06,2.71,4.4,3.35,3.6,2.85,4.12,4.35,2.69,3.55,3.66,3.98,3.28,3.4,4.16,2.53,3.7,2.95,3.63,2.69,2.14,3.38,3.74,3.19,4.33,3.57,2.5,2.97,2.31,1.83,3.21,3.78,4.39,4.15,3.01,3.59,4.08,3.68,2.96,2.51,1.22,1.75,3.82,3.92,3.57,3.13,1.12,2.69,3.52,3.02,2.42,2.98,1.39,3.73,2.59,1.26,4.58,3.84,3.75,3.39,4.15,4.42,2.88,2.0,2.34,4.1,3.11,3.39,2.68,2.12,1.59,3.63,1.44,2.85,2.17,1.81,2.65,2.85,2.98,3.11,4.22,2.48,3.75,4.54,4.07,2.51,3.2,4.05,2.31,True,True,True,True,True,True,True,True
49-2092,"Electric Motor, Power Tool, and Related Repairers","Electric Motor, Power Tool, and Related Repairers","Electric Motor, Power Tool, and Related Repairers",0.0961538461538461,0.1057692307692307,0.1153846153846153,0.0,0.0192307692307692,0.0384615384615384,-0.8106341,1,49-2092,False,0.76,1,49-2092,False,base_00,3,base_00,False,1,3.62,3.0,3.0,3.12,3.25,3.0,1.12,2.38,1.88,3.0,2.88,4.0,3.12,2.88,2.12,2.12,2.0,3.25,3.25,3.5,3.75,2.75,2.75,3.12,3.88,1.75,2.5,3.12,3.0,2.75,3.12,1.88,3.88,3.0,3.12,2.75,3.0,2.12,2.0,2.88,2.88,3.12,2.38,2.38,2.88,2.75,2.88,3.25,3.25,2.75,3.12,2.88,2.88,3.12,3.62,2.88,3.75,3.88,3.75,3.0,2.5,3.12,2.75,1.88,2.12,2.38,2.62,2.88,2.25,3.25,1.62,3.5,2.5,1.75,3.75,3.0,4.12,2.12,2.75,2.75,3.0,3.0,2.75,1.75,2.88,3.88,2.88,3.25,2.57,3.45,3.33,4.13,4.09,3.44,3.27,2.96,3.85,3.31,3.34,3.77,3.91,4.31,3.01,3.86,4.33,4.12,3.37,3.27,3.88,2.75,4.15,3.63,4.02,2.88,1.85,3.84,4.06,2.84,4.24,4.24,2.62,3.46,2.44,2.03,3.45,3.46,3.45,2.92,2.88,3.55,3.93,3.91,3.16,2.86,1.22,1.51,3.92,2.74,4.59,2.91,2.02,3.01,3.86,3.97,2.27,3.8,1.0,3.99,3.42,1.63,4.68,4.11,4.31,3.38,3.95,4.51,3.25,2.55,1.88,3.14,4.25,3.29,2.62,2.34,2.94,3.39,1.55,3.06,2.0,2.25,3.02,3.68,1.91,4.4,4.64,2.9,3.79,4.04,4.67,2.46,3.34,4.03,2.64,True,True,True,True,True,True,True,True
49-2093,"Electrical and Electronics Installers and Repairers, Transportation Equipment","Electrical and Electronics Installers and Repairers, Transportation Equipment","Electrical and Electronics Installers and Repairers, Transportation Equipment",0.16,0.24,0.32,0.08,0.16,0.24,-0.8303875,1,49-2093,False,0.91,1,49-2093,False,base_00,3,base_00,False,1,4.0,2.38,3.0,3.25,3.12,2.62,1.0,2.12,1.75,3.25,3.0,3.38,2.88,2.38,1.62,2.12,2.38,2.38,3.12,3.25,3.62,2.25,2.0,3.25,4.0,1.62,2.25,3.25,3.0,2.38,2.5,1.62,3.75,1.88,2.25,2.0,3.0,1.62,1.62,3.0,2.88,2.12,1.38,2.0,2.12,2.5,2.88,3.38,3.0,2.0,3.0,2.88,2.25,3.38,3.12,3.0,3.62,3.0,2.62,2.75,2.12,3.0,2.12,2.0,2.0,2.25,2.12,3.12,2.25,3.0,2.12,3.25,2.88,1.62,3.25,3.12,3.12,2.12,2.25,3.0,3.0,2.25,2.25,2.0,3.0,3.0,3.0,3.55,2.34,2.99,2.54,4.26,4.12,3.41,2.79,2.98,3.2,3.08,2.99,3.4,3.5,3.75,2.86,3.91,3.55,4.2,2.65,3.34,4.01,2.36,3.72,3.56,3.52,2.38,2.37,3.73,3.68,3.1,3.31,3.44,2.28,2.69,2.06,1.83,3.51,3.31,3.69,3.74,2.62,3.68,4.04,3.58,2.1,2.67,1.47,1.86,3.97,3.2,4.19,3.91,1.16,2.78,3.43,3.89,2.18,3.76,1.1,4.09,3.29,1.68,4.48,3.71,3.37,4.13,3.36,4.18,3.13,2.88,3.4,3.79,3.91,2.63,4.01,2.03,2.32,3.15,1.91,3.75,2.31,2.72,3.86,4.03,2.27,3.98,4.76,3.32,2.88,4.48,4.43,1.88,3.58,3.5,2.43,True,True,True,True,True,True,True,True
49-2094,"Electrical and Electronics Repairers, Commercial and Industrial Equipment","Electrical and Electronics Repairers, Commercial and Industrial Equipment","Electrical and Electronics Repairers, Commercial and Industrial Equipment",0.1794871794871795,0.3076923076923077,0.4358974358974359,0.1794871794871795,0.282051282051282,0.3846153846153846,-0.4632031,1,49-2094,False,0.41,1,49-2094,False,base_00,3,base_00,False,1,3.75,2.62,3.12,3.0,3.75,2.62,1.0,2.12,1.62,2.88,3.0,3.62,3.25,3.0,1.5,2.0,2.12,2.88,3.12,3.88,3.62,2.88,2.75,2.62,3.88,1.5,2.75,3.75,3.12,3.0,3.25,1.5,3.88,2.5,2.62,2.25,3.0,1.62,1.5,3.0,3.0,2.62,1.62,2.0,2.75,2.25,2.25,3.25,3.25,2.5,3.12,3.0,3.0,3.12,3.25,2.88,3.75,3.75,3.12,2.88,2.88,3.25,2.88,2.0,2.0,2.5,2.75,3.12,2.25,3.0,2.12,3.88,2.88,2.12,3.75,3.12,3.88,2.75,2.88,3.0,3.12,3.0,2.88,2.12,3.0,3.75,3.0,3.67,2.44,3.06,2.56,3.83,3.72,2.55,2.27,3.02,4.12,3.33,3.65,3.41,3.58,4.05,2.78,3.46,4.09,4.05,3.03,3.45,4.23,2.1,3.9,2.32,3.57,2.25,1.5,3.19,3.46,2.54,4.44,3.69,2.37,2.73,1.85,1.69,3.47,3.71,3.59,4.16,3.02,3.55,4.36,3.38,2.65,2.78,1.25,2.36,4.3,4.3,3.66,3.01,1.03,2.37,3.34,3.61,2.69,2.89,1.26,4.07,2.34,1.55,4.63,4.25,3.43,3.05,3.47,4.41,3.29,1.99,1.49,4.69,2.6,2.27,2.25,2.09,2.27,3.55,2.28,2.88,1.92,1.68,2.58,3.18,2.66,3.6,4.0,3.04,3.46,3.16,5.0,2.45,3.18,4.26,2.75,True,True,True,True,True,True,True,True
49-2095,"Electrical and Electronics Repairers, Powerhouse, Substation, and Relay","Electrical and Electronics Repairers, Powerhouse, Substation, and Relay","Electrical and Electronics Repairers, Powerhouse, Substation, and Relay",0.24,0.34,0.44,0.0,0.16,0.32,-0.5522636,1,49-2095,False,0.38,1,49-2095,False,base_00,3,base_00,False,1,3.75,2.75,3.0,3.25,3.12,2.62,1.0,2.0,1.62,2.75,3.0,3.25,3.12,2.62,2.0,2.25,2.5,2.38,3.12,3.5,3.12,2.88,2.75,2.62,3.88,2.0,2.75,3.75,3.62,2.75,3.12,2.0,3.75,2.0,2.25,2.12,3.0,2.0,2.0,2.88,2.88,2.5,1.75,2.0,2.12,2.5,2.88,3.25,3.0,2.25,3.62,3.12,2.88,3.12,3.12,2.88,3.75,3.62,2.88,1.62,2.75,3.0,2.25,2.0,2.0,2.75,2.25,3.0,2.5,2.88,2.12,3.25,2.38,1.88,3.25,3.38,3.62,2.62,2.88,2.62,3.12,3.0,2.75,1.88,3.0,3.5,2.88,3.83,2.68,3.1,2.45,3.83,3.91,2.72,2.04,2.51,4.04,3.41,3.4,3.02,3.98,4.25,2.47,3.4,4.36,4.32,3.09,3.44,4.28,2.69,4.18,3.37,3.45,2.8,1.65,3.61,3.85,2.8,4.41,3.94,2.47,2.95,1.6,1.46,3.21,3.25,4.09,3.93,2.84,4.55,4.73,4.44,2.52,2.7,1.22,2.37,3.68,4.43,4.01,3.32,1.62,3.91,4.25,3.94,3.6,3.27,2.11,4.61,4.21,1.87,4.89,3.51,4.16,4.52,4.41,4.74,4.19,3.5,2.73,3.87,4.11,3.43,4.32,3.54,2.12,4.52,1.96,2.76,2.65,2.12,2.64,2.83,2.28,3.71,4.12,3.2,4.43,4.17,4.98,3.47,3.69,4.61,3.28,True,True,True,True,True,True,True,True
49-2096,"Electronic Equipment Installers and Repairers, Motor Vehicles","Electronic Equipment Installers and Repairers, Motor Vehicles","Electronic Equipment Installers and Repairers, Motor Vehicles",0.1666666666666666,0.1666666666666666,0.1666666666666666,0.0,0.125,0.25,-0.7915968,1,49-2096,False,0.61,1,49-2096,False,base_00,3,base_00,False,1,3.88,3.0,3.12,3.38,3.62,2.38,1.12,2.0,1.62,3.62,2.88,3.88,3.0,3.0,2.0,2.0,2.0,3.0,3.5,3.25,3.5,2.25,2.0,3.25,3.88,2.0,2.25,3.5,3.38,2.88,2.88,2.0,3.62,2.0,2.62,2.12,3.5,2.5,2.0,3.0,3.0,2.62,1.75,2.0,2.62,3.0,3.12,3.75,3.62,2.0,3.12,2.88,2.75,3.38,3.12,3.0,3.5,3.25,3.0,3.25,2.62,2.88,2.5,2.12,2.0,2.12,2.25,2.88,2.75,2.88,1.88,3.5,2.75,1.88,3.0,3.12,3.62,1.88,3.0,2.88,3.0,2.38,2.25,2.12,3.12,3.62,2.88,3.57,2.78,3.41,3.33,3.48,2.89,3.34,2.97,3.17,3.34,3.25,3.45,3.21,3.28,4.75,3.48,4.38,4.56,3.57,3.49,3.64,4.57,1.87,3.72,3.82,3.76,2.58,3.4,3.67,3.79,3.69,3.47,2.73,2.8,3.07,3.07,1.74,3.79,3.58,4.51,3.96,3.12,3.39,3.69,3.38,3.42,3.38,1.49,1.6,3.92,2.95,4.54,3.92,1.11,2.61,2.22,2.99,1.43,3.47,1.0,4.67,3.05,1.32,4.34,4.14,4.04,3.16,3.76,4.71,3.46,4.66,2.13,3.13,3.96,3.06,2.26,1.36,2.18,3.3,2.04,3.73,1.24,1.89,3.25,3.99,2.07,4.09,4.64,3.42,3.75,4.53,4.21,1.85,2.82,4.24,2.2,True,True,True,True,True,True,True,True
49-2097,Audiovisual Equipment Installers and Repairers,Audiovisual Equipment Installers and Repairers,Audiovisual Equipment Installers and Repairers,0.1904761904761904,0.238095238095238,0.2857142857142857,0.0,0.0952380952380952,0.1904761904761904,-0.571284,1,49-2097,False,0.65,1,49-2097,False,base_00,3,base_00,False,1,3.12,2.75,3.12,3.0,3.25,2.62,1.0,2.25,1.38,2.75,3.25,3.62,3.0,2.75,2.0,2.25,2.12,3.12,3.12,3.25,3.25,2.5,2.5,2.62,3.62,1.62,2.38,3.25,3.12,2.75,2.88,2.0,3.5,1.88,1.88,2.0,3.0,2.38,2.12,3.12,3.12,2.5,1.75,2.12,2.5,2.38,2.62,3.25,3.5,1.88,3.0,2.88,2.88,3.12,3.38,2.88,3.12,3.38,3.0,3.38,2.75,3.25,2.62,1.88,2.12,2.38,2.25,2.88,2.12,2.88,1.88,3.12,2.5,1.62,3.62,3.12,3.62,1.75,3.0,2.75,3.38,2.88,2.75,1.75,3.0,3.62,2.75,3.47,2.12,2.53,3.66,3.48,2.93,3.07,2.92,2.87,3.26,2.65,3.46,3.44,3.29,4.25,3.07,3.73,3.94,3.89,3.07,3.25,4.09,2.51,3.59,2.64,3.84,2.8,3.41,2.78,3.81,3.02,3.66,2.32,3.31,3.03,3.2,1.92,3.66,3.06,4.36,4.19,2.23,2.28,3.62,3.5,4.47,2.58,1.5,2.2,4.17,4.58,3.61,3.47,1.07,2.83,2.79,2.61,2.63,2.79,1.0,3.01,3.2,1.38,4.48,4.12,2.79,3.18,2.88,3.76,2.69,3.89,1.74,3.49,2.95,2.92,3.78,3.11,1.68,3.71,2.04,3.36,3.25,2.06,3.25,2.94,2.29,3.93,3.97,2.74,4.78,3.82,2.87,1.52,3.56,3.93,3.42,True,True,True,True,True,True,True,True
49-2098,Security and Fire Alarm Systems Installers,Security and Fire Alarm Systems Installers,Security and Fire Alarm Systems Installers,0.0666666666666666,0.1666666666666666,0.2666666666666666,0.1,0.1833333333333333,0.2666666666666666,-0.6926484,1,49-2098,False,0.82,1,49-2098,False,base_00,3,base_00,False,1,3.38,2.62,3.12,3.0,3.38,2.38,1.25,2.12,1.62,3.12,3.0,3.12,2.88,2.62,2.0,2.12,2.5,2.62,3.25,3.38,3.38,2.12,2.12,3.12,3.5,1.75,2.12,3.75,3.5,2.62,3.0,1.88,3.75,1.88,2.12,2.12,2.88,2.0,2.12,3.12,3.12,2.12,1.5,2.25,2.38,2.62,2.88,2.88,3.12,2.0,3.0,3.0,2.88,3.25,3.12,2.88,3.38,2.75,2.25,3.38,2.62,3.12,2.38,1.75,1.88,2.12,2.12,3.0,2.0,2.88,1.88,3.12,2.12,1.75,3.12,3.12,3.0,1.75,2.88,2.88,3.38,2.62,2.62,1.88,3.0,3.0,2.88,3.45,1.98,2.6,4.26,4.06,2.8,2.78,2.16,3.19,3.59,2.82,3.41,3.11,3.64,3.91,2.78,4.0,4.2,4.1,3.19,3.38,4.1,1.79,3.29,3.61,3.63,2.39,3.14,4.1,3.74,2.37,4.36,3.02,2.55,3.15,1.98,1.69,3.26,3.02,4.25,4.01,3.14,3.61,4.55,4.07,4.3,3.13,1.16,1.43,4.39,4.13,2.87,2.94,1.8,2.92,2.07,2.79,3.11,2.42,1.0,3.77,3.49,1.66,4.74,4.49,4.75,3.8,4.61,4.33,3.05,4.33,1.47,3.86,3.92,3.38,3.43,2.52,1.14,3.52,2.22,2.36,3.46,1.92,2.12,2.39,1.66,4.33,3.75,2.76,4.98,4.08,4.57,2.31,3.9,4.05,3.53,True,True,True,True,True,True,True,True
49-3011,Aircraft Mechanics and Service Technicians,Aircraft Mechanics and Service Technicians,Aircraft Mechanics and Service Technicians,0.0895522388059701,0.1343283582089552,0.1791044776119403,0.0149253731343283,0.0597014925373134,0.1044776119402985,-0.6551197,1,49-3011,False,0.71,1,49-3011,False,base_00,3,base_00,False,1,3.75,3.12,3.25,4.0,3.88,3.0,1.5,2.5,1.62,3.12,3.38,4.0,3.75,2.88,2.0,2.38,2.5,3.62,3.88,4.0,4.0,2.75,2.88,3.88,4.12,2.0,2.5,3.62,3.75,2.88,3.38,2.0,4.5,2.88,3.0,3.0,3.25,2.12,2.25,3.12,3.0,3.0,2.12,2.5,3.0,2.75,3.25,3.38,3.5,2.5,4.12,3.25,3.12,3.5,3.88,2.88,4.0,4.88,3.38,2.75,2.88,3.5,2.75,1.62,2.12,2.62,2.88,3.62,2.12,3.75,2.12,4.25,2.75,1.62,3.75,4.12,4.88,2.38,2.75,2.88,3.25,3.25,3.25,1.88,3.0,4.5,3.0,3.73,2.88,3.3,2.99,4.27,3.52,3.26,3.01,3.36,4.63,3.02,3.34,3.54,4.6,4.55,3.0,4.18,4.23,4.6,3.49,4.0,4.55,2.86,4.01,4.22,3.83,2.9,2.26,4.03,3.98,2.75,3.85,4.31,3.04,3.47,2.68,1.91,3.45,3.45,4.44,3.44,2.98,2.94,4.45,3.57,3.17,2.41,1.29,1.27,4.11,3.71,4.47,3.87,1.39,2.91,3.9,3.53,3.33,3.27,1.4,4.73,4.12,1.48,4.69,3.97,4.51,4.05,4.24,4.69,3.71,3.2,2.74,2.92,4.7,2.48,4.02,2.37,1.99,3.99,1.66,3.51,3.11,2.91,3.21,3.51,2.5,4.0,4.59,3.52,3.41,4.24,4.66,3.07,3.69,4.13,2.2,True,True,True,True,True,True,True,True
49-3021,Automotive Body and Related Repairers,Automotive Body and Related Repairers,Automotive Body and Related Repairers,0.0,0.0425531914893617,0.0851063829787234,0.0212765957446808,0.0425531914893617,0.0638297872340425,-1.180589,1,49-3021,False,0.91,1,49-3021,False,base_00,2,base_00,False,1,3.5,3.0,3.12,3.12,2.88,2.75,1.88,2.62,2.25,3.0,2.88,3.25,3.0,2.88,2.0,2.5,2.5,2.88,2.88,3.25,3.38,2.12,2.0,3.12,3.25,2.0,2.12,3.25,3.12,2.88,2.88,2.0,3.25,2.12,2.75,2.12,3.12,2.0,2.0,3.0,3.12,2.12,2.38,2.62,3.0,2.25,3.0,3.25,3.38,2.5,3.0,2.25,2.88,3.0,2.88,2.88,3.0,2.62,2.75,2.0,2.25,2.88,2.25,1.88,1.88,2.12,2.12,3.0,2.25,2.88,2.0,3.0,2.62,1.75,3.0,2.88,3.25,1.25,2.88,2.88,3.0,2.12,2.12,1.88,3.0,3.12,2.38,3.05,2.52,3.03,2.6,3.79,3.05,2.8,2.64,3.37,2.73,2.75,2.99,3.16,3.8,4.06,2.73,3.65,3.89,3.86,2.6,3.26,4.05,2.79,3.75,3.93,3.88,2.31,2.72,3.49,3.79,2.52,2.7,3.48,2.7,3.45,2.17,1.96,3.72,3.25,4.1,2.83,2.66,3.39,3.56,2.7,2.32,2.07,1.12,1.65,3.96,1.05,5.0,3.54,1.0,2.27,4.47,3.41,1.35,3.31,1.05,4.46,2.66,1.85,4.43,4.14,3.97,3.62,3.87,4.39,2.87,3.81,1.32,2.45,4.07,3.78,2.02,1.91,2.26,2.84,1.53,4.22,1.19,2.04,3.93,4.04,1.65,4.19,4.95,3.47,2.56,4.53,4.88,4.12,3.06,3.11,2.3,True,True,True,True,True,True,True,True
49-3022,Automotive Glass Installers and Repairers,Automotive Glass Installers and Repairers,Automotive Glass Installers and Repairers,0.0,0.0,0.0,0.0,0.0,0.0,-1.202285,1,49-3022,False,0.55,1,49-3022,False,base_00,2,base_00,False,1,3.0,2.38,2.62,3.0,3.0,2.88,1.38,2.12,1.12,3.0,2.88,3.0,2.12,2.12,2.62,2.25,1.88,2.12,2.88,3.0,3.12,1.88,1.88,3.12,3.5,1.75,2.0,3.0,3.0,2.0,2.5,1.88,3.0,1.88,2.0,1.88,2.75,1.75,1.88,2.75,3.0,2.0,2.25,2.5,3.12,2.5,2.88,2.75,3.0,2.0,2.62,2.5,2.62,2.88,2.75,2.75,2.88,2.12,3.0,3.12,2.38,2.75,2.38,1.38,1.75,2.0,2.0,2.88,2.38,2.75,1.75,2.75,2.38,1.12,2.75,2.5,2.38,1.5,2.88,2.88,3.0,2.12,2.0,1.62,2.88,2.25,2.38,1.86,1.48,1.75,2.65,3.12,2.66,2.16,2.08,1.71,2.29,1.46,2.9,2.44,2.91,3.43,1.8,4.09,3.09,2.72,2.31,2.71,3.0,1.56,2.73,3.29,3.04,2.2,3.4,4.22,2.55,2.14,1.79,2.33,2.59,2.49,2.16,1.31,3.03,2.33,3.41,2.05,2.47,3.02,4.52,2.46,3.79,2.52,1.35,1.07,3.08,2.46,2.59,3.48,1.03,3.52,1.54,3.33,1.86,3.66,1.02,3.35,3.86,1.19,4.86,3.43,3.59,2.88,3.36,4.12,3.17,4.64,1.56,2.87,4.13,2.58,4.75,3.86,1.44,2.99,1.07,3.19,1.67,1.73,2.23,3.51,2.18,3.93,4.1,2.73,4.84,4.41,4.98,2.1,2.71,3.6,2.65,True,True,True,True,True,True,True,True
49-3023,Automotive Service Technicians and Mechanics,Automotive Service Technicians and Mechanics,Automotive Service Technicians and Mechanics,0.0363636363636363,0.0818181818181818,0.1272727272727272,0.0363636363636363,0.0727272727272727,0.109090909090909,-0.9547055,1,49-3023,False,0.59,1,49-3023,False,base_00,3,base_00,False,1,3.62,3.0,3.0,3.62,3.88,2.75,1.88,2.75,2.5,3.38,2.75,3.75,3.25,2.88,2.0,2.12,2.12,2.88,3.75,3.38,3.88,2.12,2.88,3.25,3.75,1.88,2.25,3.38,3.12,2.62,3.25,2.12,3.75,2.5,2.75,3.0,3.25,2.38,2.38,2.88,2.88,2.88,1.5,2.5,2.88,3.12,3.0,3.0,3.38,2.75,3.25,2.62,2.75,3.25,3.12,2.88,3.5,3.38,3.0,2.75,2.5,3.25,2.62,1.88,1.75,2.25,2.25,3.25,2.25,3.25,1.38,3.5,2.62,1.62,3.12,2.88,3.75,1.5,2.88,3.0,3.12,3.0,3.0,1.75,3.0,3.62,2.75,3.28,2.41,2.93,3.04,3.4,3.54,2.56,2.54,2.86,2.94,2.52,3.23,2.98,3.56,4.6,2.53,4.0,3.95,3.95,3.46,3.52,4.13,2.25,3.56,4.47,3.39,2.25,2.83,3.59,2.98,2.84,3.63,4.15,2.81,2.57,2.66,1.86,3.07,2.87,4.23,3.65,3.1,3.55,4.42,3.26,3.65,3.21,1.5,1.53,4.2,3.06,4.83,4.18,1.18,2.86,4.36,4.16,1.23,3.96,1.03,4.58,3.62,1.71,4.59,4.33,4.63,3.09,4.3,4.51,3.42,4.81,1.82,2.48,3.77,3.22,2.99,2.49,1.81,3.07,1.66,3.59,1.15,2.03,3.04,3.56,1.64,4.6,4.93,2.97,3.88,4.48,4.57,1.71,2.81,3.65,2.94,True,True,True,True,True,True,True,True
49-3031,Bus and Truck Mechanics and Diesel Engine Specialists,Bus and Truck Mechanics and Diesel Engine Specialists,Bus and Truck Mechanics and Diesel Engine Specialists,0.0,0.0,0.0,0.0,0.0,0.0,-1.010472,1,49-3031,False,0.73,1,49-3031,False,base_00,3,base_00,False,1,3.88,3.12,2.88,3.75,3.62,3.12,1.25,2.25,1.88,3.5,3.0,3.88,3.12,2.75,2.0,2.25,2.75,3.75,3.12,3.38,3.88,2.0,2.12,3.62,4.0,2.0,2.0,3.12,3.12,2.62,3.0,2.0,3.62,2.62,3.0,2.75,3.0,2.62,2.0,2.88,3.0,2.12,2.25,2.75,3.0,2.88,3.38,3.0,3.25,2.25,2.88,2.62,2.75,3.0,3.0,2.88,3.25,3.38,3.12,2.12,2.12,3.12,2.75,1.88,1.88,2.0,2.0,3.0,2.0,3.0,1.88,3.5,2.0,1.88,3.25,2.88,4.0,1.75,2.12,2.75,3.12,2.88,2.75,1.88,3.0,4.0,2.62,3.78,2.77,2.89,2.35,3.7,4.04,2.54,2.3,3.06,3.69,3.14,3.11,3.17,3.57,4.26,2.3,3.95,4.26,4.39,2.85,2.9,4.1,2.26,3.91,4.22,3.32,2.94,1.93,4.02,3.54,3.27,4.11,4.62,2.07,2.66,2.04,1.58,3.15,2.84,4.01,3.6,2.39,3.45,4.27,3.7,2.91,2.93,1.01,1.55,4.29,3.05,4.8,4.35,1.65,3.24,3.49,4.29,2.88,3.83,1.03,4.58,4.2,2.38,4.72,4.07,4.23,4.52,4.33,4.44,3.2,4.62,3.1,2.77,4.52,2.99,4.29,2.97,2.36,3.06,1.91,4.41,2.38,3.09,3.95,4.14,1.76,4.4,4.79,3.68,3.81,4.07,4.76,2.83,3.89,3.84,2.38,True,True,True,True,True,True,True,True
49-3041,Farm Equipment Mechanics and Service Technicians,Farm Equipment Mechanics and Service Technicians,Farm Equipment Mechanics and Service Technicians,0.1153846153846153,0.1153846153846153,0.1153846153846153,0.1538461538461538,0.173076923076923,0.1923076923076923,-1.20703,1,49-3041,False,0.75,1,49-3041,False,base_00,3,base_00,False,1,3.75,3.25,3.0,4.0,3.75,3.0,1.12,2.88,2.25,3.62,3.0,4.0,3.38,2.88,2.12,2.38,2.38,3.38,3.5,3.5,4.0,2.62,2.88,4.0,3.88,1.88,2.5,3.38,3.25,2.12,3.12,2.0,3.88,2.88,3.0,3.0,3.25,2.62,2.25,3.12,3.25,3.0,2.0,2.75,3.25,2.62,3.25,3.25,3.88,3.0,3.38,3.0,3.0,3.12,3.38,2.75,3.5,4.25,3.25,2.62,2.25,3.12,2.75,1.88,2.12,2.25,2.62,3.12,2.0,3.75,1.62,3.38,2.38,1.62,3.38,3.0,4.25,2.0,2.5,2.75,3.12,3.0,2.88,1.88,3.0,4.0,2.88,3.08,2.73,2.65,3.71,3.82,3.95,2.54,2.44,2.47,4.0,3.15,3.65,2.64,2.91,4.14,2.25,4.08,3.94,4.19,3.51,3.45,3.79,2.56,3.53,4.07,3.76,2.67,3.64,3.81,2.95,2.85,4.13,4.61,2.99,2.54,2.85,2.44,3.28,2.72,3.83,3.81,1.91,3.4,4.38,3.29,3.52,2.55,1.25,1.37,3.71,3.05,4.62,4.19,1.27,3.33,3.27,4.1,2.2,3.34,1.18,4.51,3.78,2.37,4.45,4.41,4.17,3.8,4.28,4.41,3.37,3.51,3.85,2.84,4.29,3.16,3.68,3.34,2.35,3.29,1.47,4.24,1.98,2.5,3.52,3.88,1.86,4.41,4.67,3.41,3.64,4.08,4.83,1.87,2.99,3.98,2.59,True,True,True,True,True,True,True,True
49-3042,"Mobile Heavy Equipment Mechanics, Except Engines","Mobile Heavy Equipment Mechanics, Except Engines","Mobile Heavy Equipment Mechanics, Except Engines",0.05,0.1,0.15,0.05,0.125,0.2,-1.169815,1,49-3042,False,0.4,1,49-3042,False,base_00,3,base_00,False,1,3.75,3.0,3.12,4.0,3.38,2.88,1.38,2.88,2.25,3.88,3.12,3.88,3.25,2.75,2.62,2.88,2.75,3.0,3.25,3.38,4.0,2.88,2.62,3.62,3.88,1.88,2.75,3.0,3.0,2.75,3.25,2.0,3.75,3.12,3.38,3.0,3.12,2.38,2.5,3.0,3.0,2.88,2.38,2.38,3.25,2.88,3.12,3.12,3.5,2.88,3.12,2.75,3.0,3.0,3.12,2.88,3.25,4.0,3.38,2.38,2.75,3.12,2.62,1.75,2.5,2.75,2.88,3.0,2.38,3.62,1.88,3.75,2.5,1.62,3.38,3.12,4.12,1.88,2.62,2.88,3.0,2.75,2.5,1.88,3.0,4.12,3.0,3.56,2.88,2.79,2.98,3.85,4.21,2.97,2.71,3.18,3.98,3.39,3.61,3.3,3.34,4.16,2.82,4.22,3.94,4.41,3.37,3.71,4.24,2.59,3.89,4.46,3.73,2.53,2.47,4.01,3.76,3.08,3.78,4.64,2.84,3.11,2.46,2.23,3.72,3.18,3.68,3.44,2.39,3.58,4.27,3.62,3.4,2.76,1.4,1.49,3.76,3.9,4.69,4.49,1.59,3.74,3.53,4.55,2.79,4.21,1.07,4.44,4.44,3.5,4.66,4.2,4.5,4.01,4.13,4.34,3.52,4.06,3.68,1.72,4.64,2.65,4.49,2.26,2.51,2.9,1.78,4.1,2.0,2.23,3.5,3.83,1.86,4.23,4.65,3.08,4.33,3.93,5.0,2.15,3.07,4.3,3.1,True,True,True,True,True,True,True,True
49-3043,Rail Car Repairers,Rail Car Repairers,Rail Car Repairers,0.064516129032258,0.0967741935483871,0.1290322580645161,0.064516129032258,0.064516129032258,0.064516129032258,-1.448102,1,49-3043,False,0.88,1,49-3043,False,base_00,2,base_00,False,1,3.88,2.88,3.0,3.88,3.12,2.75,1.25,2.88,1.75,3.25,3.12,3.62,3.25,2.88,2.38,3.0,3.0,3.0,3.0,3.12,3.88,2.12,2.25,3.75,3.62,2.0,2.25,2.88,2.88,2.75,3.38,2.12,3.5,2.62,3.5,2.62,3.0,2.75,2.0,2.88,3.0,2.62,2.25,3.0,3.5,2.5,3.5,3.0,3.12,2.25,2.75,2.75,2.75,3.0,2.75,2.88,3.25,3.75,2.75,2.62,2.5,2.88,2.62,1.75,1.88,2.5,2.12,2.88,2.12,3.12,1.75,3.25,2.25,1.0,3.25,2.88,4.0,1.75,2.38,2.75,3.0,2.62,2.62,1.88,2.88,4.0,2.88,3.06,2.88,2.93,2.48,3.6,3.64,2.62,2.78,2.97,3.29,2.73,3.04,2.9,3.51,4.02,2.65,3.9,3.78,4.24,2.39,3.12,3.78,2.39,3.81,3.94,3.69,2.16,1.86,3.58,3.05,2.64,2.5,3.58,2.36,2.95,1.76,1.76,3.2,3.59,3.27,2.15,2.62,3.64,3.98,3.73,2.84,2.62,1.23,1.44,3.73,2.31,4.48,3.43,1.1,4.46,3.42,4.04,3.55,3.94,1.79,4.57,4.29,1.87,4.5,4.13,3.01,3.57,3.43,3.83,2.8,3.49,3.92,1.67,4.41,2.4,4.26,2.83,2.23,3.6,1.92,3.58,2.43,2.66,3.42,3.37,1.57,4.58,4.88,3.59,2.64,3.99,4.89,3.56,2.86,4.02,2.57,True,True,True,True,True,True,True,True
49-3051,Motorboat Mechanics and Service Technicians,Motorboat Mechanics and Service Technicians,Motorboat Mechanics and Service Technicians,0.0769230769230769,0.0769230769230769,0.0769230769230769,0.0,0.0384615384615384,0.0769230769230769,-0.8863602,1,49-3051,False,0.66,1,49-3051,False,base_00,3,base_00,False,1,3.75,2.88,3.0,3.62,3.75,3.0,1.0,2.25,2.12,3.12,3.0,3.62,3.0,2.38,2.0,2.0,2.0,3.25,3.75,3.25,3.75,2.12,2.12,3.25,3.5,1.88,2.12,3.25,3.25,2.38,2.88,1.88,3.88,2.25,2.75,2.38,3.0,2.25,2.0,2.88,3.12,2.25,1.75,2.5,3.0,2.38,3.12,2.75,3.12,2.12,2.75,2.75,2.38,3.12,3.12,2.5,3.38,3.88,3.12,1.62,1.88,3.12,2.0,1.75,2.0,1.88,2.25,2.88,1.88,3.62,1.5,3.5,2.0,1.62,3.12,2.75,4.0,2.0,2.62,2.62,3.0,2.25,2.25,1.88,2.75,3.75,2.5,3.46,2.1,2.32,2.94,3.45,3.67,2.34,2.28,2.43,3.07,2.49,3.39,3.11,2.87,4.03,2.23,4.1,3.82,3.7,2.74,2.8,3.9,2.72,3.32,4.11,3.2,2.63,3.1,3.89,3.21,2.49,3.39,4.01,2.02,2.8,2.49,1.69,2.82,2.46,3.98,2.97,3.03,3.6,4.3,3.12,3.83,3.04,1.51,1.56,3.84,2.59,4.5,4.15,1.7,3.68,3.13,3.8,2.26,3.36,1.03,3.93,3.89,1.94,4.72,4.41,4.46,3.48,4.12,3.93,2.4,3.47,4.57,2.12,4.43,3.22,4.68,3.93,1.72,3.54,1.25,3.14,2.22,2.26,3.11,2.86,1.84,4.3,4.48,3.36,4.45,4.17,3.9,1.86,3.39,3.75,2.9,True,True,True,True,True,True,True,True
49-3052,Motorcycle Mechanics,Motorcycle Mechanics,Motorcycle Mechanics,0.0,0.0,0.0,0.0,0.0,0.0,-0.763721,1,49-3052,False,0.79,1,49-3052,False,base_00,3,base_00,False,1,3.75,3.12,3.12,3.62,3.88,2.75,1.25,2.25,1.88,3.12,2.62,3.88,2.88,3.12,1.62,2.25,1.88,3.75,3.88,3.12,3.88,2.12,2.38,3.12,3.75,1.62,2.25,3.75,3.25,3.0,2.38,1.38,3.62,2.0,2.38,2.88,3.12,2.25,2.0,3.0,3.0,2.12,1.88,2.12,3.12,2.88,3.12,2.25,3.12,2.0,3.0,2.75,3.12,3.12,3.12,3.0,3.12,3.5,3.0,2.0,2.62,3.12,2.62,1.38,1.88,2.12,2.25,3.12,2.12,3.12,2.0,3.12,2.5,1.25,3.12,3.0,3.88,1.88,2.88,2.75,3.12,2.38,2.25,1.88,3.12,3.88,2.75,3.74,2.83,2.48,3.49,4.08,4.19,2.79,2.98,3.61,3.41,3.3,3.32,3.19,3.78,4.3,2.68,4.22,4.17,4.34,3.2,3.74,4.47,3.0,4.34,4.51,3.96,2.0,3.39,4.03,3.72,2.98,3.74,4.34,2.81,3.62,2.45,1.71,3.68,3.05,4.19,3.77,3.02,4.61,4.6,3.39,3.63,3.6,1.87,1.06,4.28,3.69,4.98,3.94,1.0,2.55,3.43,3.61,1.19,3.85,1.0,4.74,3.81,2.32,4.37,4.19,4.88,4.19,4.66,4.71,3.78,2.15,3.81,3.71,2.6,3.66,3.52,2.21,1.83,2.91,1.86,4.3,1.11,1.98,3.76,3.96,1.62,4.88,5.0,3.84,3.24,4.54,4.72,1.28,2.84,4.37,3.63,True,True,True,True,True,True,True,True
49-3053,Outdoor Power Equipment and Other Small Engine Mechanics,Outdoor Power Equipment and Other Small Engine Mechanics,Outdoor Power Equipment and Other Small Engine Mechanics,0.1428571428571428,0.1785714285714285,0.2142857142857142,0.0714285714285714,0.1071428571428571,0.1428571428571428,-0.8941408,1,49-3053,False,0.93,1,49-3053,False,base_00,2,base_00,False,1,3.75,3.0,3.0,3.5,3.25,2.75,1.12,2.12,1.62,3.12,2.62,3.88,3.0,2.75,1.75,2.0,1.88,3.0,3.0,3.25,3.62,2.12,2.25,3.12,3.62,1.75,2.0,3.12,3.0,2.62,2.75,1.88,3.25,2.38,2.88,2.62,3.0,2.12,1.88,2.88,2.75,2.25,1.88,2.12,3.0,2.62,2.75,2.5,3.38,2.62,2.62,2.75,2.75,3.12,3.0,2.75,3.25,3.88,3.25,1.75,2.12,2.88,2.5,1.75,2.0,1.88,2.0,2.88,2.0,3.25,1.5,3.38,2.12,1.38,3.12,2.88,3.88,1.75,2.38,2.75,2.88,2.25,2.38,1.75,2.75,3.75,2.62,3.26,2.81,2.94,2.87,3.45,3.68,2.81,2.33,2.88,3.45,2.54,3.17,3.48,3.38,3.89,2.37,3.92,3.99,4.01,2.88,3.69,4.06,2.43,3.6,3.63,3.27,2.67,2.94,3.77,3.33,2.59,2.73,4.65,2.83,2.66,2.98,2.32,2.93,3.24,4.41,3.71,2.34,3.3,4.42,2.61,3.57,2.31,1.06,1.36,3.7,2.36,4.34,3.02,1.11,1.78,2.81,4.3,1.41,3.12,1.0,4.19,2.66,1.25,3.67,4.38,3.43,2.79,4.13,3.76,3.07,2.0,3.9,2.73,4.18,1.75,3.58,2.33,1.32,3.13,1.23,3.16,1.26,1.28,3.16,3.1,1.65,4.49,4.65,3.08,3.85,3.66,4.41,1.3,2.29,2.92,1.96,True,True,True,True,True,True,True,True
49-3091,Bicycle Repairers,Bicycle Repairers,Bicycle Repairers,0.0,0.1034482758620689,0.2068965517241379,0.0689655172413793,0.0689655172413793,0.0689655172413793,-0.9226068,1,49-3091,False,0.94,1,49-3091,False,base_00,2,base_00,False,1,3.75,2.12,3.0,3.12,3.0,2.62,1.25,2.38,1.88,3.0,2.75,3.88,2.88,2.75,1.5,2.0,2.0,2.12,3.0,3.62,3.75,2.12,2.38,2.88,3.88,1.38,2.25,3.38,3.5,2.75,2.75,1.5,3.62,2.12,2.25,1.62,3.0,1.38,1.5,3.5,3.38,2.5,2.0,2.0,2.88,2.75,2.88,2.62,3.88,2.62,3.0,2.88,2.88,3.62,3.0,2.88,3.62,3.38,3.38,2.5,2.75,2.88,2.75,1.88,2.0,2.5,2.12,2.88,2.88,2.62,1.62,2.75,2.88,1.12,3.25,3.0,3.88,1.25,3.38,3.25,3.38,2.5,2.38,1.88,2.75,3.62,2.88,2.52,4.17,2.56,3.08,4.1,3.41,2.99,2.9,2.73,3.86,1.84,3.54,2.6,2.28,4.27,3.77,4.24,4.05,3.74,2.7,3.51,3.94,2.77,2.82,2.38,3.67,2.61,4.68,3.58,2.74,3.46,1.92,4.06,3.22,3.35,4.73,2.27,2.83,3.1,4.53,2.89,3.23,3.8,4.38,2.48,4.82,2.96,1.3,1.12,4.46,4.13,4.14,2.13,1.0,1.87,2.33,3.31,1.3,3.06,1.0,3.92,2.26,1.01,4.31,4.63,4.97,2.27,4.79,4.48,2.22,1.67,1.03,4.99,2.01,2.85,1.68,1.71,1.27,3.59,2.01,2.93,1.3,1.68,2.26,3.67,1.85,4.5,4.94,2.44,5.0,4.53,4.32,1.13,3.23,3.26,1.57,True,True,True,True,True,True,True,True
49-3092,Recreational Vehicle Service Technicians,Recreational Vehicle Service Technicians,Recreational Vehicle Service Technicians,0.0606060606060606,0.0606060606060606,0.0606060606060606,0.0606060606060606,0.0909090909090909,0.1212121212121212,-0.9244052,1,49-3092,False,0.59,1,49-3092,False,base_00,2,base_00,False,1,3.12,2.88,3.0,3.5,3.12,2.62,1.0,2.12,1.88,3.0,2.88,3.62,3.0,2.62,1.88,2.12,2.62,2.75,3.0,3.12,3.88,2.0,2.0,3.0,4.0,1.62,2.0,3.5,3.62,2.62,3.0,1.88,3.75,2.0,2.5,2.38,2.88,2.0,2.12,3.12,3.0,2.5,1.5,2.0,2.88,2.0,3.0,2.88,3.0,2.12,3.0,2.75,3.0,3.0,3.12,2.88,3.0,3.12,3.0,1.88,2.5,3.0,2.0,1.75,1.88,1.88,2.0,2.88,2.5,3.12,1.62,3.12,2.5,1.5,3.12,3.0,4.0,1.62,3.0,2.75,3.0,2.88,2.88,1.62,2.88,3.62,2.62,2.94,2.79,2.16,2.53,3.41,3.54,1.95,2.06,2.31,3.1,2.53,3.35,3.21,2.83,4.3,1.94,3.75,3.98,3.21,3.1,2.96,3.79,2.65,3.43,3.6,2.78,2.53,2.78,3.63,3.26,2.69,3.52,3.55,2.07,2.41,2.05,1.82,3.06,2.43,3.63,2.67,2.4,2.86,3.8,3.03,3.39,2.57,1.23,1.71,3.65,2.51,3.37,3.46,1.63,2.85,3.06,3.92,2.91,3.59,1.0,3.2,3.34,1.18,4.61,4.1,3.81,2.19,3.54,3.62,2.33,3.56,2.81,1.5,4.54,2.28,3.76,3.28,1.28,3.15,1.88,3.19,2.43,2.14,3.61,2.77,1.94,4.15,4.01,3.52,2.84,3.46,3.56,1.33,2.2,3.27,1.61,True,True,True,True,True,True,True,True
49-3093,Tire Repairers and Changers,Tire Repairers and Changers,Tire Repairers and Changers,0.0,0.0,0.0,0.0,0.0,0.0,-1.550724,1,49-3093,False,0.7,1,49-3093,False,base_00,2,base_00,False,1,3.0,2.25,2.75,3.0,3.0,2.75,1.12,2.5,1.88,3.38,2.88,3.0,2.38,2.25,2.0,2.38,2.12,2.38,3.0,3.0,3.62,2.0,2.0,3.62,3.38,2.0,2.0,3.0,3.0,2.12,2.38,2.0,3.12,2.75,2.88,2.75,2.88,2.0,2.12,3.0,2.88,2.0,2.5,2.75,3.5,2.38,3.75,2.75,2.5,2.25,2.88,2.38,2.25,3.0,2.75,2.75,3.0,2.38,2.12,2.0,2.25,2.62,2.12,1.75,2.12,2.38,2.0,2.88,2.25,2.75,1.0,2.88,2.25,1.0,2.88,2.5,2.88,1.0,3.0,2.75,3.0,2.0,2.0,1.38,3.0,2.88,2.25,3.49,2.68,3.03,2.81,3.96,3.4,3.04,2.38,2.78,2.53,2.22,2.99,3.55,3.41,4.09,2.39,3.96,3.59,3.91,2.72,3.44,3.63,2.51,3.76,4.08,3.19,2.33,3.45,3.72,3.26,2.67,2.12,3.15,2.52,2.54,3.01,2.0,3.07,3.21,3.18,2.57,3.3,3.67,4.51,3.7,4.17,3.42,1.69,2.08,3.69,2.67,4.37,3.51,1.65,2.6,3.31,3.79,1.81,2.78,1.23,3.89,4.25,2.13,4.58,3.98,4.06,3.85,3.96,4.53,3.46,3.72,1.81,1.76,4.63,3.3,2.91,2.75,2.8,3.59,1.79,4.06,1.58,2.53,3.91,3.97,1.44,4.67,4.78,3.98,3.98,4.15,3.96,1.25,3.62,4.4,2.17,True,True,True,True,True,True,True,True
49-9011,Mechanical Door Repairers,Mechanical Door Repairers,Mechanical Door Repairers,0.0909090909090909,0.1363636363636363,0.1818181818181818,0.0454545454545454,0.0681818181818181,0.0909090909090909,-1.383152,1,49-9011,False,0.91,1,49-9011,False,base_00,2,base_00,False,1,3.88,2.5,2.88,3.12,3.0,3.0,1.25,2.62,1.88,3.38,2.88,3.38,2.88,2.88,2.0,3.0,3.0,2.75,3.0,3.12,3.88,2.25,2.25,3.12,3.75,2.0,2.0,3.25,3.12,2.62,2.75,2.0,3.62,2.0,2.75,2.12,2.88,2.0,2.25,3.12,3.12,2.75,2.25,2.88,3.38,2.5,3.62,3.0,3.0,2.12,3.12,3.0,3.0,3.12,3.0,3.0,3.5,2.75,2.75,3.12,3.0,2.88,2.62,1.88,1.88,2.88,2.5,3.0,2.62,2.75,1.88,3.0,2.88,1.0,3.25,3.12,3.0,1.0,3.0,3.0,3.12,2.12,2.25,2.0,2.88,2.88,2.75,2.73,2.73,2.44,3.44,3.53,3.12,3.11,2.51,2.31,2.83,2.8,3.14,3.05,3.4,3.92,2.55,3.84,3.7,3.76,2.63,2.71,3.69,2.09,3.41,4.2,3.18,2.52,3.5,4.16,3.02,2.74,3.07,3.56,2.9,3.12,2.94,1.93,3.31,3.25,3.34,2.12,1.93,2.99,4.38,3.08,3.88,2.65,1.54,1.68,4.0,2.98,3.72,3.33,1.29,3.55,2.62,4.05,4.1,3.72,1.2,3.72,4.16,1.81,4.49,4.27,4.17,2.87,4.03,3.9,3.18,4.69,2.59,2.67,3.87,3.2,4.14,3.72,1.65,3.91,2.03,3.41,3.63,2.44,3.08,3.41,2.01,4.03,4.32,2.82,4.79,4.0,4.51,2.6,3.1,3.91,2.78,True,True,True,True,True,True,True,True
49-9012,"Control and Valve Installers and Repairers, Except Mechanical Door","Control and Valve Installers and Repairers, Except Mechanical Door","Control and Valve Installers and Repairers, Except Mechanical Door",0.0952380952380952,0.1309523809523809,0.1666666666666666,0.0476190476190476,0.0714285714285714,0.0952380952380952,-0.7606913,1,49-9012,False,0.63,1,49-9012,False,base_00,3,base_00,False,1,3.38,2.75,3.12,3.0,3.38,2.88,1.5,2.12,1.5,3.12,2.88,3.12,3.0,2.88,2.62,2.25,2.75,2.62,3.12,3.38,3.25,2.25,2.0,3.12,3.62,1.75,2.12,3.62,3.5,2.88,3.0,1.75,3.62,1.88,2.5,2.38,3.0,2.0,1.88,3.0,3.12,2.12,1.88,2.12,2.38,2.62,2.38,2.75,3.0,2.12,3.12,3.12,2.88,3.12,3.0,3.0,3.38,3.12,2.88,2.38,2.25,3.12,2.5,1.88,1.75,2.0,2.12,3.12,2.12,3.0,1.62,3.12,2.0,1.62,3.12,3.0,3.25,1.75,2.5,2.88,3.12,2.25,2.12,1.88,2.75,3.12,3.0,3.43,3.0,2.92,3.12,4.23,3.33,2.97,2.76,2.92,3.89,3.07,3.48,3.22,3.96,4.09,3.04,3.87,3.69,4.32,2.99,3.27,4.08,2.44,4.11,3.82,3.74,2.28,2.37,3.67,3.55,2.59,3.3,4.4,2.57,3.23,2.3,1.5,3.13,3.36,3.9,3.52,2.83,3.81,4.51,3.49,3.7,3.31,1.84,2.23,3.75,4.01,3.91,3.65,1.76,3.83,3.97,3.88,2.68,3.71,1.66,4.09,3.99,1.98,4.94,4.1,3.89,4.14,3.94,4.22,3.28,4.11,2.43,3.01,4.03,2.1,4.62,3.16,2.28,3.6,1.66,3.27,2.08,2.21,2.93,3.67,2.77,3.38,4.45,2.84,4.65,4.03,4.96,2.93,3.56,4.4,3.22,True,True,True,True,True,True,True,True
49-9021,"Heating, Air Conditioning, and Refrigeration Mechanics and Installers","Heating, Air Conditioning, and Refrigeration Mechanics and Installers","Heating, Air Conditioning, and Refrigeration Mechanics and Installers",0.0701754385964912,0.1052631578947368,0.1403508771929824,0.0701754385964912,0.1403508771929824,0.2105263157894736,-0.8491117,1,49-9021,False,0.65,1,49-9021,False,base_00,3,base_00,False,1,3.62,2.75,3.25,3.12,3.75,2.62,1.62,2.5,2.25,3.25,3.0,3.62,3.12,2.75,1.88,2.38,2.5,3.0,3.5,3.25,3.5,2.38,2.75,3.25,3.88,2.12,2.25,3.62,3.25,2.75,3.0,2.12,3.88,2.0,2.62,2.38,2.88,2.12,2.12,3.25,3.0,2.62,1.75,2.62,3.12,2.75,3.0,3.62,3.38,2.5,3.12,2.88,3.12,3.25,3.25,3.0,3.5,3.12,3.0,3.38,2.88,3.12,2.75,1.75,2.25,2.88,2.5,3.12,2.38,3.0,1.62,3.62,2.75,1.62,3.25,3.38,3.38,1.75,2.88,3.0,3.12,3.0,3.0,1.75,2.88,3.5,2.88,3.25,2.85,3.33,3.46,3.64,3.57,3.17,2.8,2.9,3.26,2.91,3.61,3.26,3.73,4.1,3.2,4.01,3.86,4.04,3.15,3.42,4.03,2.92,3.7,3.73,3.34,2.24,2.86,4.08,3.49,2.7,3.32,3.65,3.24,3.17,2.97,2.2,3.43,3.38,3.76,2.72,2.31,3.62,4.61,3.68,3.89,2.51,1.28,1.97,4.27,3.89,4.08,3.88,1.75,3.36,3.59,3.8,3.89,3.45,1.24,3.57,3.95,1.59,4.43,4.3,4.35,3.88,4.22,4.15,3.49,3.25,1.25,3.44,3.94,3.08,4.05,3.13,2.12,3.53,1.78,3.34,3.15,2.54,2.82,3.1,2.02,3.9,4.4,3.09,4.68,3.8,4.6,2.53,3.91,4.21,2.93,True,True,True,True,True,True,True,True
49-9031,Home Appliance Repairers,Home Appliance Repairers,Home Appliance Repairers,0.0727272727272727,0.1454545454545454,0.2181818181818181,0.0727272727272727,0.109090909090909,0.1454545454545454,-0.9703799,1,49-9031,False,0.72,1,49-9031,False,base_00,2,base_00,False,1,3.88,2.88,2.75,3.0,3.12,2.5,1.12,2.0,1.62,3.25,2.75,3.75,3.0,3.0,1.88,2.25,2.0,2.75,3.0,3.25,3.75,2.38,2.0,3.0,3.75,2.0,2.62,3.62,3.75,2.88,2.88,2.0,3.75,2.0,2.12,2.12,3.0,2.0,2.0,2.88,3.0,2.38,1.62,2.75,3.0,2.88,3.0,3.0,3.25,2.12,3.12,3.0,2.88,3.38,3.12,2.75,3.75,3.62,3.0,3.0,2.25,3.0,2.12,2.0,2.12,2.5,2.12,2.88,2.25,2.88,1.88,3.5,2.75,1.62,3.5,3.12,3.88,1.75,3.0,2.75,3.5,2.62,2.25,1.88,3.0,3.62,2.75,3.29,2.09,2.64,3.57,3.36,2.34,2.75,2.69,2.58,3.32,2.25,3.22,2.94,2.91,4.07,2.53,4.03,3.77,3.47,2.76,3.04,3.98,2.74,3.28,4.11,3.38,2.56,4.07,3.78,3.35,2.4,3.21,3.58,2.6,3.18,2.77,2.24,2.77,3.22,4.06,2.93,3.04,2.59,4.84,3.25,4.65,3.56,1.49,1.81,4.12,3.57,3.87,4.1,1.49,3.09,3.06,2.87,1.42,3.89,1.16,2.55,3.87,1.26,4.73,4.54,4.43,2.63,4.01,4.22,3.04,4.2,1.27,4.04,3.71,3.14,3.49,2.89,1.83,3.68,1.66,3.27,1.4,2.37,3.45,3.08,2.4,3.22,4.59,2.73,4.89,3.74,2.43,1.11,2.97,3.58,2.7,True,True,True,True,True,True,True,True
49-9041,Industrial Machinery Mechanics,Industrial Machinery Mechanics,Industrial Machinery Mechanics,0.1935483870967742,0.2741935483870967,0.3548387096774194,0.064516129032258,0.1451612903225806,0.2258064516129032,-1.133177,1,49-9041,False,0.67,1,49-9041,False,base_00,3,base_00,False,1,3.75,3.12,3.0,3.88,3.12,2.88,1.5,2.38,1.5,3.12,2.88,3.88,2.88,2.88,2.0,2.75,2.75,3.5,3.0,3.5,3.88,2.38,2.5,3.62,3.88,1.75,2.12,3.0,3.0,2.62,3.0,2.0,3.88,2.88,3.75,3.0,3.25,2.75,2.0,2.88,3.0,2.88,2.5,2.62,3.12,2.75,3.12,2.75,3.25,2.88,3.12,2.75,3.12,3.12,3.12,3.0,3.62,4.0,3.12,2.62,2.62,3.12,2.62,1.62,1.75,2.62,2.38,3.12,1.88,4.0,1.88,4.0,2.12,1.75,3.75,2.88,4.0,1.75,2.25,2.75,3.0,2.88,2.88,2.0,3.0,4.0,2.75,3.31,2.92,2.96,2.61,3.77,3.84,3.15,2.55,2.95,3.51,3.17,3.02,3.24,3.29,3.97,2.77,3.65,4.11,3.99,3.27,2.97,4.21,2.44,4.1,3.84,3.36,2.37,1.22,3.56,3.34,2.65,3.12,4.07,2.35,2.77,1.63,1.25,3.51,3.41,3.86,3.42,2.53,2.42,4.22,3.25,1.74,2.68,1.39,2.19,3.51,2.9,4.1,2.93,1.3,2.52,3.37,4.06,3.08,3.99,1.13,3.94,3.21,1.67,4.56,3.9,2.79,3.5,3.07,3.72,2.94,2.14,2.75,3.56,3.93,2.82,2.69,2.1,3.33,3.68,1.26,2.6,1.99,1.83,2.38,2.65,2.18,3.95,4.45,3.45,3.13,3.69,4.65,2.5,2.9,4.36,2.08,True,True,True,True,True,True,True,True
49-9043,"Maintenance Workers, Machinery","Maintenance Workers, Machinery","Maintenance Workers, Machinery",0.1142857142857142,0.1428571428571428,0.1714285714285714,0.1142857142857142,0.1142857142857142,0.1142857142857142,-0.9735492,1,49-9043,False,0.86,1,49-9043,False,base_00,3,base_00,False,1,4.0,2.62,2.88,3.25,3.0,2.75,1.0,2.12,2.0,3.12,2.88,3.0,3.0,2.75,2.0,2.12,2.12,2.75,3.0,3.0,3.38,2.0,2.0,3.12,3.38,2.0,2.0,2.88,3.0,2.25,3.0,2.0,3.62,2.5,2.88,2.12,3.0,2.0,2.0,2.88,2.88,2.0,1.75,2.25,3.0,2.75,3.0,3.0,3.12,2.25,2.75,2.88,2.75,3.0,2.88,3.0,3.0,3.75,2.75,2.88,2.25,3.0,2.12,1.75,1.88,2.12,2.0,2.75,2.12,3.62,1.88,3.75,2.12,1.75,3.12,3.0,3.75,1.75,2.12,2.62,2.88,2.12,2.0,1.88,3.0,3.75,2.38,2.95,2.66,2.79,1.95,3.75,4.17,2.68,2.67,2.87,3.55,2.89,3.18,2.6,3.26,4.07,2.79,3.71,3.92,4.18,3.16,2.54,3.92,2.08,3.52,3.51,3.64,2.48,1.48,3.62,2.72,2.61,3.7,4.34,2.36,2.99,1.93,1.76,3.31,3.2,3.41,3.03,2.68,3.87,4.27,3.47,2.42,2.42,1.33,2.35,4.0,3.76,4.38,3.46,1.44,2.86,3.71,3.86,2.97,2.59,1.08,4.35,3.45,1.6,4.25,4.44,3.77,3.98,3.49,4.1,3.58,2.4,3.14,3.54,3.71,2.42,2.91,2.34,3.36,3.28,1.83,2.99,2.38,1.84,2.85,3.25,1.93,4.3,4.13,3.6,3.52,3.7,4.95,2.87,3.56,4.14,2.21,True,True,True,True,True,True,True,True
49-9044,Millwrights,Millwrights,Millwrights,0.0,0.0217391304347826,0.0434782608695652,0.0,0.0434782608695652,0.0869565217391304,-1.266085,1,49-9044,False,0.59,1,49-9044,False,base_00,2,base_00,False,1,3.88,3.0,3.0,3.88,3.12,2.88,1.25,3.0,2.12,3.75,3.12,3.88,3.12,2.62,2.62,2.88,3.0,3.25,3.12,3.75,4.12,2.75,2.5,3.88,4.0,2.0,2.75,3.38,3.12,2.62,3.12,2.0,3.62,3.0,3.12,3.0,3.0,2.12,2.5,3.0,3.0,2.62,1.88,2.62,3.75,2.88,3.75,2.88,3.88,2.62,2.88,2.75,2.75,3.12,3.12,3.0,3.62,3.75,2.88,3.75,2.88,3.12,2.88,2.0,2.0,2.62,2.62,3.12,2.88,3.38,1.88,3.62,2.88,1.75,3.25,3.0,3.62,1.75,3.0,3.0,3.0,2.75,2.62,1.88,3.25,3.75,2.75,3.43,3.18,3.82,3.05,4.27,4.23,3.64,3.45,2.86,4.09,4.0,3.59,3.0,4.14,4.32,3.73,4.45,4.23,4.55,3.32,3.1,4.24,3.09,4.05,3.82,4.05,2.64,2.23,4.27,3.73,3.24,2.41,4.77,3.27,3.86,2.73,2.48,3.41,4.05,3.82,2.76,3.05,4.41,4.41,3.73,2.77,2.73,1.77,1.86,3.64,3.95,4.32,4.09,1.68,4.05,3.77,4.5,3.86,3.67,1.95,4.77,4.14,2.77,4.91,3.64,4.32,4.68,4.36,4.91,3.91,3.09,3.41,2.91,4.5,3.36,4.36,3.73,3.09,4.36,2.45,3.91,2.73,2.55,3.45,3.55,1.82,4.27,4.68,3.09,4.23,4.59,5.0,4.23,3.91,4.64,2.95,True,True,True,True,True,True,True,True
49-9045,"Refractory Materials Repairers, Except Brickmasons","Refractory Materials Repairers, Except Brickmasons","Refractory Materials Repairers, Except Brickmasons",0.0,0.0,0.0,0.0,0.0,0.0,-1.237463,1,49-9045,False,0.82,1,49-9045,False,base_00,2,base_00,False,1,3.63,2.88,2.88,3.38,3.0,2.63,1.13,2.25,1.13,3.5,2.88,3.0,2.63,2.25,2.25,2.75,3.25,2.63,3.0,2.88,3.38,2.13,1.75,3.38,3.5,1.88,2.13,3.38,3.13,2.25,2.88,1.88,3.13,2.63,2.88,2.38,3.13,1.75,2.13,2.88,3.0,2.25,2.13,2.63,2.75,2.5,3.25,2.63,2.88,1.88,2.75,2.63,2.38,3.0,2.62,2.88,2.88,3.0,2.62,1.38,2.5,2.75,2.25,1.5,1.62,2.25,2.0,2.75,2.0,3.0,2.0,3.25,2.0,1.0,2.62,2.88,3.12,1.0,2.38,2.75,2.75,1.88,1.75,1.62,2.88,2.88,2.5,2.76,2.63,2.83,1.99,3.55,3.12,2.92,2.57,2.37,2.63,2.66,2.76,2.8,3.21,3.66,2.21,4.26,3.8,3.58,2.72,2.68,3.73,2.29,3.05,3.68,3.42,1.93,1.34,4.03,3.07,2.47,1.64,2.92,2.4,2.94,1.78,1.94,2.75,3.32,3.09,1.71,2.5,2.89,4.23,3.1,1.64,3.47,2.14,1.72,2.88,1.14,5.0,3.62,1.83,4.47,4.41,4.48,3.93,4.38,1.98,4.81,4.74,3.49,3.69,3.79,3.29,4.34,3.66,3.73,3.06,2.05,3.8,1.38,4.94,2.76,2.98,2.72,3.47,4.18,1.28,4.58,2.78,2.4,2.66,3.98,1.51,4.38,4.45,3.83,2.86,4.67,5.0,4.53,3.22,4.16,2.75,True,True,True,True,True,True,True,True
49-9051,Electrical Power-Line Installers and Repairers,Electrical Power-Line Installers and Repairers,Electrical Power-Line Installers and Repairers,0.0,0.0,0.0,0.0,0.0,0.0,-1.081398,1,49-9051,False,0.097,1,49-9051,False,base_00,2,base_00,False,1,4.0,2.75,3.0,3.75,3.75,3.0,1.75,2.38,1.62,3.12,3.38,3.62,3.12,2.75,2.62,2.88,3.12,2.75,3.5,3.62,3.62,2.0,2.12,4.0,4.0,1.75,2.0,3.62,3.0,2.5,3.0,2.12,4.0,3.0,3.12,3.12,3.0,2.0,2.88,3.0,3.0,2.5,1.88,3.12,3.12,2.75,3.12,3.0,3.12,2.0,2.88,2.62,3.0,3.38,3.12,3.12,3.12,3.0,2.62,3.0,2.5,3.12,2.75,1.5,1.62,2.88,2.0,3.25,2.0,3.25,1.88,3.25,2.62,1.25,3.12,3.0,3.12,1.75,2.62,2.75,2.88,3.12,2.88,1.88,3.0,3.38,2.5,2.16,2.81,3.25,2.93,3.73,4.37,3.08,2.76,3.13,2.22,2.25,3.13,3.07,3.31,4.3,3.05,4.41,4.09,4.38,2.98,2.96,4.29,1.74,3.83,4.67,3.2,1.8,3.0,4.6,3.13,2.59,2.98,3.18,2.6,2.78,1.8,2.18,2.82,3.44,3.02,2.05,3.23,4.06,4.56,4.14,3.68,3.14,2.13,1.48,3.94,3.93,3.74,3.62,1.17,4.43,4.93,4.75,4.82,4.33,1.49,4.54,4.32,3.22,4.91,4.27,4.75,4.86,4.52,4.56,2.79,4.5,4.39,1.49,3.93,3.34,5.0,1.9,2.77,4.15,1.63,3.4,3.1,3.17,2.3,3.37,2.13,4.19,4.3,2.45,4.42,4.11,4.99,4.69,4.41,4.86,2.31,True,True,True,True,True,True,True,True
49-9052,Telecommunications Line Installers and Repairers,Telecommunications Line Installers and Repairers,Telecommunications Line Installers and Repairers,0.03125,0.03125,0.03125,0.0,0.03125,0.0625,-1.083883,1,49-9052,False,0.49,1,49-9052,False,base_00,2,base_00,False,1,3.38,2.62,2.88,3.0,3.12,2.75,1.75,2.38,1.75,3.38,3.0,3.0,3.0,2.5,2.0,2.62,2.88,2.38,3.0,3.12,3.25,2.0,2.0,3.25,3.62,1.88,2.25,3.62,3.62,2.5,3.0,2.0,3.38,2.0,2.62,2.62,3.0,2.0,2.25,3.0,2.88,2.25,1.88,2.38,3.0,2.88,3.12,2.75,3.0,2.0,3.0,2.88,2.75,3.0,3.12,3.0,3.12,3.0,2.25,2.38,2.12,3.0,2.25,1.75,1.75,2.0,2.0,3.0,2.12,3.0,1.88,3.12,2.25,1.62,2.88,2.88,2.88,1.75,2.75,2.88,3.12,2.38,2.25,1.88,2.88,3.0,2.62,3.49,3.39,2.73,3.82,3.84,3.33,2.91,3.0,3.13,3.45,2.53,3.34,3.11,3.41,3.79,2.81,4.01,3.99,3.68,3.05,2.97,4.03,2.23,3.9,4.2,3.57,2.46,3.72,4.43,3.54,2.78,3.28,3.01,2.99,3.12,3.29,1.87,3.41,3.51,3.88,3.88,3.19,3.34,4.79,3.58,3.99,3.21,1.6,1.8,4.19,3.29,4.17,3.79,2.34,3.4,3.67,4.13,4.0,3.67,1.58,3.44,4.1,2.16,4.44,4.51,4.05,3.62,3.62,4.38,3.56,4.8,2.64,3.63,4.0,3.37,4.83,3.58,2.39,3.54,2.21,3.54,3.16,2.39,2.93,3.7,2.16,3.92,4.59,3.25,4.69,4.54,4.77,3.04,2.8,4.28,3.07,True,True,True,True,True,True,True,True
49-9061,Camera and Photographic Equipment Repairers,Camera and Photographic Equipment Repairers,Camera and Photographic Equipment Repairers,0.04,0.24,0.44,0.0,0.04,0.08,0.0546422,1,49-9061,False,0.97,1,49-9061,False,base_00,3,base_00,False,1,3.38,2.0,2.88,3.0,3.12,2.5,1.0,1.25,1.38,1.5,3.0,3.62,2.75,2.38,1.0,1.0,1.0,2.25,3.12,3.12,3.25,2.38,2.5,2.38,3.88,1.0,2.62,3.0,3.0,2.75,2.88,1.0,3.38,1.38,1.5,1.88,3.12,1.0,1.0,3.0,3.0,2.5,1.0,1.0,2.0,2.38,2.12,3.0,3.75,1.38,3.25,2.38,3.0,3.12,3.12,2.25,3.5,3.38,3.0,1.88,1.62,3.12,2.62,2.0,2.25,2.0,2.38,2.88,2.0,2.12,1.88,3.0,2.12,1.75,3.38,3.12,3.75,2.12,2.38,2.75,3.0,2.12,2.12,2.12,3.12,3.88,2.62,2.71,1.79,1.95,2.74,2.86,2.45,2.25,1.48,2.34,2.42,2.47,2.86,3.02,2.31,3.7,2.09,2.78,3.55,3.57,2.02,3.05,3.68,2.2,3.03,1.12,3.3,2.32,2.76,2.22,2.59,2.45,4.11,3.47,2.24,2.52,2.46,1.32,3.43,2.27,3.59,3.57,2.3,3.25,3.44,2.64,3.13,2.37,1.23,1.21,4.38,3.85,3.14,1.4,1.0,1.79,2.18,2.19,1.0,2.41,1.0,1.96,1.22,1.0,4.38,4.39,3.37,1.59,3.05,4.63,2.96,1.11,1.0,4.62,1.83,1.83,1.14,1.14,1.04,2.53,1.13,1.56,1.04,1.36,1.36,3.34,4.17,2.31,4.74,1.46,3.7,3.67,1.99,1.0,1.86,2.69,2.88,True,True,True,True,True,True,True,True
49-9062,Medical Equipment Repairers,Medical Equipment Repairers,Medical Equipment Repairers,0.1515151515151515,0.303030303030303,0.4545454545454546,0.2121212121212121,0.2727272727272727,0.3333333333333333,-0.2768838,1,49-9062,False,0.27,1,49-9062,False,base_00,3,base_00,False,1,3.25,2.38,3.0,3.12,3.38,2.5,1.0,2.0,1.75,3.0,2.75,3.62,3.0,2.75,2.0,2.0,2.0,2.88,3.25,3.25,3.25,2.75,2.88,2.88,3.75,2.0,2.88,3.12,3.0,2.5,3.0,2.0,3.75,2.0,2.25,2.25,3.0,1.88,2.0,3.0,3.0,2.88,1.62,2.0,2.38,2.25,2.88,3.12,3.25,2.25,3.25,3.0,3.0,3.0,3.0,2.75,3.12,4.0,3.0,2.5,2.62,3.0,2.62,2.0,2.0,2.25,2.88,2.88,2.12,2.88,2.0,3.5,2.5,2.0,3.38,3.12,4.25,2.12,2.75,2.88,2.88,3.0,2.5,2.12,3.0,3.88,2.75,3.39,2.58,2.44,3.35,3.77,2.92,2.5,2.2,2.41,4.0,2.66,3.72,3.17,4.09,4.26,2.02,3.59,3.66,4.2,3.01,3.31,4.41,2.05,3.96,3.09,4.06,2.75,2.23,3.2,3.47,2.43,4.61,4.38,2.12,2.97,2.14,1.18,2.78,2.64,4.05,3.78,1.96,3.53,4.44,3.76,3.83,2.34,1.13,1.79,4.26,4.66,2.9,3.03,2.53,2.29,3.23,2.37,1.57,2.39,2.41,2.79,2.59,1.33,4.66,4.35,3.94,3.39,4.05,4.72,3.33,3.57,1.24,4.7,2.73,3.01,2.46,1.71,1.76,3.54,1.98,2.63,1.8,1.62,2.49,2.5,2.41,3.54,3.79,2.63,4.5,3.82,3.39,2.13,2.71,4.33,2.97,True,True,True,True,True,True,True,True
49-9063,Musical Instrument Repairers and Tuners,Musical Instrument Repairers and Tuners,Musical Instrument Repairers and Tuners,0.0,0.0196078431372549,0.0392156862745098,0.0,0.0,0.0,-0.5306271,1,49-9063,False,0.91,1,49-9063,False,base_00,3,base_00,False,1,4.0,3.75,3.12,3.75,3.5,2.25,1.25,2.25,2.12,2.12,3.0,4.0,3.38,2.75,1.5,2.0,2.0,4.38,3.38,3.12,4.0,2.0,2.62,3.0,4.0,1.38,2.0,3.0,3.0,2.62,2.88,1.38,3.62,2.12,2.25,2.12,3.25,2.0,1.5,2.75,2.88,3.0,1.62,1.88,2.5,2.62,2.38,2.88,3.62,2.38,3.0,2.62,2.75,3.0,3.12,2.38,3.62,3.0,3.0,1.5,2.38,3.12,2.38,2.0,2.25,1.88,2.0,2.88,2.12,2.88,1.88,2.88,2.38,1.25,3.88,3.0,3.75,1.62,3.12,2.88,3.0,2.75,2.88,1.88,3.0,3.75,2.75,2.32,2.05,2.45,3.0,2.5,2.73,1.95,1.73,2.36,2.86,2.32,3.64,3.18,3.05,3.95,1.9,3.73,3.55,3.5,2.36,3.71,4.23,2.95,3.18,2.64,3.55,2.75,3.5,3.23,2.91,2.5,2.0,3.32,2.29,3.45,2.77,1.45,3.73,2.77,3.32,2.73,2.0,2.57,3.19,1.67,3.81,2.24,1.09,1.14,4.41,4.76,3.2,2.62,1.43,1.73,2.29,3.09,1.0,2.76,1.05,3.77,1.43,1.33,4.55,4.73,3.76,2.45,3.33,4.9,3.6,2.14,1.1,4.76,1.95,2.57,1.29,1.55,1.11,2.29,1.48,2.67,1.09,1.33,1.76,4.0,3.36,2.76,4.86,1.7,4.8,3.86,3.95,1.41,1.86,2.15,3.25,True,True,True,True,True,True,True,True
49-9064,Watch and Clock Repairers,Watch and Clock Repairers,Watch and Clock Repairers,0.1333333333333333,0.1999999999999999,0.2666666666666666,0.0666666666666666,0.1666666666666666,0.2666666666666666,-0.2123996,1,49-9064,False,0.99,1,49-9064,False,base_00,3,base_00,False,1,4.0,2.0,3.12,4.0,2.88,2.5,1.0,1.25,1.12,1.38,2.88,4.12,2.75,2.75,1.0,1.0,1.0,2.38,2.88,3.38,3.5,2.0,2.12,2.5,4.0,1.0,2.0,3.0,3.0,2.62,2.75,1.0,3.25,2.0,2.0,1.75,3.0,1.0,1.0,2.88,2.75,2.0,1.0,1.0,1.75,2.25,1.88,2.62,3.25,2.0,3.0,2.5,2.25,3.0,2.88,2.25,3.12,3.0,2.62,1.5,2.0,3.0,2.0,2.12,2.25,2.0,2.0,2.62,2.25,2.75,2.0,3.12,2.12,1.0,3.0,2.88,3.88,1.75,2.75,2.75,3.0,2.0,2.12,1.88,2.38,3.0,2.25,3.71,2.19,1.73,2.79,2.2,3.59,1.74,1.38,2.79,2.86,3.42,2.83,3.94,2.99,3.67,1.54,3.15,4.06,3.93,2.46,3.93,3.95,3.36,4.11,2.03,3.32,2.53,3.75,2.16,2.85,2.09,2.99,4.33,2.57,2.99,2.96,1.03,3.18,1.75,3.44,2.1,1.86,2.33,3.67,1.97,3.27,2.35,1.01,1.05,4.66,2.89,3.17,2.07,1.03,1.05,2.1,2.49,1.0,1.9,1.0,3.07,1.0,1.0,4.34,4.61,3.52,1.68,3.3,4.86,2.52,1.25,1.0,5.0,1.0,2.25,1.0,1.0,1.13,3.63,1.14,1.86,1.14,1.16,1.39,2.72,4.68,2.22,5.0,1.52,4.17,3.81,2.22,1.01,1.36,3.19,2.56,True,True,True,True,True,True,True,True
49-9071,"Maintenance and Repair Workers, General","Maintenance and Repair Workers, General","Maintenance and Repair Workers, General",0.0392156862745098,0.1372549019607843,0.2352941176470588,0.0,0.0784313725490196,0.1568627450980392,-1.014408,1,49-9071,False,0.64,1,49-9071,False,base_00,3,base_00,False,1,3.88,2.88,3.12,3.38,3.25,2.88,1.75,2.0,2.12,3.12,3.0,3.25,3.12,2.38,2.0,3.0,3.0,3.0,3.12,3.88,3.88,2.38,2.12,3.25,3.88,2.0,2.38,3.25,3.38,2.38,3.0,2.0,3.75,2.12,2.62,2.25,3.12,2.0,2.0,3.12,3.12,2.88,1.88,2.88,3.0,2.5,3.0,3.0,3.38,2.0,3.0,3.12,3.12,3.0,3.12,3.0,3.25,3.88,3.0,3.0,2.38,3.0,2.25,2.12,2.25,2.38,2.38,3.12,2.38,3.12,2.12,3.12,2.25,1.38,3.12,3.0,3.88,1.88,2.38,2.75,3.0,2.5,2.25,2.12,3.0,3.75,2.88,3.5,2.93,2.8,3.39,4.36,4.06,3.13,2.97,2.77,3.67,3.25,3.37,3.5,3.99,4.25,2.68,4.16,4.16,4.48,3.19,3.28,4.55,2.75,4.0,4.17,4.09,2.68,2.95,3.77,3.61,2.46,3.87,4.32,3.17,3.45,2.33,2.03,3.93,3.28,4.02,3.43,3.02,3.18,4.73,3.83,3.53,3.33,2.03,2.48,4.37,4.45,3.85,3.1,2.02,2.77,3.49,4.21,3.0,3.65,1.11,3.75,4.18,1.63,4.76,4.07,4.18,4.58,3.93,3.97,3.09,3.81,2.57,3.73,3.77,2.46,4.24,2.29,3.23,3.49,1.93,3.68,2.61,2.57,3.04,3.43,1.93,4.1,4.4,3.89,4.61,3.72,3.85,2.46,4.11,4.3,3.01,True,True,True,True,True,True,True,True
49-9081,Wind Turbine Service Technicians,Wind Turbine Service Technicians,Wind Turbine Service Technicians,0.0,0.0434782608695652,0.0869565217391304,0.0,0.0434782608695652,0.0869565217391304,-0.9709935,1,49-9081,False,,,,,base_00,3,base_00,False,1,3.62,3.0,3.12,3.25,3.62,2.88,1.75,3.12,1.62,3.12,3.12,3.75,3.12,2.75,2.12,2.88,3.12,2.88,3.25,3.25,3.62,2.12,2.75,3.25,3.75,1.62,2.12,3.75,3.25,2.75,3.12,2.0,4.0,2.25,3.0,2.88,3.12,2.0,2.0,3.0,3.0,2.75,1.88,3.0,3.0,2.88,3.12,2.88,3.25,2.25,3.25,3.0,3.12,3.12,3.25,3.0,3.5,4.0,3.0,1.88,3.0,3.12,3.0,1.62,2.25,2.62,2.12,3.25,2.12,3.12,1.62,4.0,2.0,1.62,3.25,3.25,4.0,2.0,2.25,2.75,3.12,3.12,3.12,1.75,3.0,4.0,2.88,3.82,3.24,3.16,2.38,4.15,4.63,3.39,3.47,3.27,3.99,2.77,3.21,3.42,4.11,4.2,3.23,4.47,4.0,4.66,3.17,3.26,4.33,2.69,3.89,4.28,4.11,3.14,1.39,4.46,4.01,2.83,4.8,4.87,2.83,3.08,1.76,1.97,3.07,4.01,3.92,3.89,3.29,4.76,4.67,4.4,2.41,3.52,1.28,2.12,3.68,4.75,4.54,4.8,1.13,4.29,4.91,4.58,4.97,3.49,1.14,4.53,4.64,2.54,4.87,4.19,4.37,4.62,4.13,4.29,4.18,4.54,3.04,2.12,4.77,3.57,4.75,4.44,2.71,4.48,2.62,4.57,3.77,3.7,3.62,4.44,2.19,4.14,4.84,3.22,4.04,4.21,5.0,5.0,4.02,4.51,2.98,True,True,False,True,True,True,True,True
49-9091,"Coin, Vending, and Amusement Machine Servicers and Repairers","Coin, Vending, and Amusement Machine Servicers and Repairers","Coin, Vending, and Amusement Machine Servicers and Repairers",0.3214285714285714,0.3214285714285714,0.3214285714285714,0.1785714285714285,0.1964285714285714,0.2142857142857142,-0.7233995,1,49-9091,False,0.94,1,49-9091,False,base_00,2,base_00,False,1,3.38,2.12,2.75,3.38,3.12,2.5,1.25,2.12,1.5,2.75,2.88,3.62,2.88,2.12,1.88,2.0,1.88,2.12,3.12,3.25,3.62,2.0,2.0,3.25,3.38,1.75,2.5,3.12,3.12,2.0,2.62,1.75,3.12,1.88,1.88,2.38,3.0,1.88,1.88,2.88,2.88,2.12,1.88,2.0,2.75,2.62,2.38,2.75,3.12,2.0,3.0,2.75,2.62,2.88,2.88,2.62,2.88,3.38,2.5,2.12,1.88,2.88,1.88,1.88,2.0,2.0,2.0,2.88,1.88,3.0,1.5,3.0,2.0,1.38,3.0,2.88,3.5,1.62,2.88,2.62,2.88,2.88,2.75,1.0,2.88,3.25,2.62,2.64,1.92,1.86,2.2,3.09,2.45,1.65,1.87,1.93,3.22,2.31,2.65,2.69,3.06,3.24,1.41,3.19,2.74,2.94,2.1,2.92,3.25,2.83,3.25,3.11,2.68,1.49,3.07,3.34,3.08,1.65,2.98,3.42,2.2,2.37,2.54,1.16,2.32,2.03,2.95,2.86,2.52,2.28,4.12,2.84,3.58,3.55,1.62,1.88,3.99,4.39,3.03,2.77,1.29,2.61,1.65,1.81,1.28,2.49,1.02,3.24,2.86,1.02,3.66,4.81,3.65,2.08,3.65,4.05,4.05,3.77,1.6,4.12,2.96,2.58,3.3,2.67,2.0,3.32,1.36,2.8,1.21,1.47,3.26,3.49,2.26,3.34,4.05,3.3,4.21,3.03,2.72,1.45,2.11,2.76,2.32,True,True,True,True,True,True,True,True
49-9092,Commercial Divers,Commercial Divers,Commercial Divers,0.0,0.0666666666666666,0.1333333333333333,0.0,0.0888888888888888,0.1777777777777777,-1.102728,1,49-9092,False,0.18,1,49-9092,False,base_00,3,base_00,False,1,4.0,2.88,3.12,3.88,3.62,3.25,1.5,3.0,2.12,3.5,3.25,3.75,3.25,3.0,2.38,3.0,3.0,2.88,3.5,3.62,3.75,2.12,2.12,3.88,3.62,2.62,2.25,4.12,4.0,3.0,3.38,2.38,4.0,2.88,3.12,3.0,3.12,2.12,3.0,3.12,3.62,2.75,2.0,3.12,3.25,3.12,3.12,3.12,3.12,2.0,3.25,3.0,3.0,3.75,3.25,3.25,3.88,3.25,3.0,2.5,3.12,3.25,2.88,1.62,2.0,2.75,2.12,3.12,3.0,3.38,1.88,3.75,2.88,1.0,3.5,3.25,3.25,2.5,2.75,3.0,3.62,2.88,2.62,1.75,3.38,3.25,3.0,2.76,3.32,3.21,3.3,4.15,3.73,3.5,3.15,3.13,3.64,2.48,3.22,3.05,3.78,4.12,3.33,4.18,4.04,4.19,2.96,3.09,4.17,2.96,3.87,3.9,3.48,2.67,2.83,4.4,3.05,2.73,2.63,3.61,2.71,3.27,2.18,2.43,3.24,3.73,3.58,2.33,2.91,3.99,4.59,3.86,2.98,2.52,1.38,1.54,4.03,3.38,3.82,3.48,1.48,3.41,2.89,3.49,2.45,3.05,1.14,4.22,3.49,2.37,4.55,4.36,3.65,4.38,3.98,4.26,3.39,3.14,2.49,1.75,3.66,3.24,4.61,3.34,2.36,4.0,1.98,3.48,2.32,2.17,2.54,3.17,2.02,3.78,4.18,2.7,4.14,3.85,4.69,3.98,4.19,4.52,3.14,True,True,True,True,True,True,True,True
49-9094,Locksmiths and Safe Repairers,Locksmiths and Safe Repairers,Locksmiths and Safe Repairers,0.08,0.08,0.08,0.08,0.08,0.08,-0.8657498,1,49-9094,False,0.77,1,49-9094,False,base_00,2,base_00,False,1,4.0,2.38,2.88,3.62,3.38,2.88,1.0,2.25,2.0,3.0,2.88,3.88,3.0,2.62,2.0,2.12,2.0,2.62,3.12,3.38,3.5,2.5,2.25,3.0,4.0,1.88,2.25,3.25,3.5,2.25,3.0,1.88,3.38,2.0,2.38,2.12,3.0,2.0,2.0,3.0,3.0,2.5,1.62,2.12,2.62,2.12,3.0,2.75,3.62,2.62,3.0,3.12,2.62,3.12,3.0,2.5,3.38,2.88,2.88,3.0,2.38,2.88,2.38,2.0,2.12,2.38,2.62,2.62,2.12,3.0,1.25,2.88,2.25,1.62,3.12,3.0,3.5,1.0,3.12,2.75,3.12,2.5,2.12,1.75,3.25,3.0,2.75,3.38,2.88,3.23,3.77,3.85,3.96,3.58,2.96,3.19,3.88,3.08,3.65,3.27,4.08,4.38,3.2,4.15,3.88,3.88,3.32,3.46,4.27,3.46,3.27,4.12,3.85,3.54,4.31,3.81,3.42,3.31,3.42,4.15,3.35,3.81,3.35,2.92,3.92,3.46,4.12,3.58,2.54,2.92,4.54,3.15,4.31,2.88,1.81,1.58,3.65,4.81,2.84,2.96,1.52,3.31,1.6,3.36,1.88,2.81,1.08,3.54,3.19,1.4,4.46,4.04,4.0,3.62,3.85,4.48,3.0,4.35,2.65,3.62,3.92,3.69,4.38,3.85,1.81,3.58,2.08,2.65,1.65,1.77,2.62,2.69,2.54,3.38,4.15,2.54,4.96,3.92,3.92,1.52,2.92,3.6,3.88,True,True,True,True,True,True,True,True
49-9095,Manufactured Building and Mobile Home Installers,Manufactured Building and Mobile Home Installers,Manufactured Building and Mobile Home Installers,0.0769230769230769,0.0769230769230769,0.0769230769230769,0.0769230769230769,0.1153846153846153,0.1538461538461538,-1.414062,1,49-9095,False,0.18,1,49-9095,False,base_00,2,base_00,False,1,4.0,3.0,3.38,4.25,3.38,3.63,1.63,3.0,2.0,3.63,3.5,3.88,3.25,3.25,2.63,3.38,3.38,3.0,3.13,3.38,4.0,2.63,2.88,4.38,3.75,2.38,2.63,3.5,3.38,3.13,3.13,2.5,3.88,3.25,3.88,3.5,3.25,2.38,3.13,3.25,3.38,2.75,3.13,3.5,3.63,3.13,3.75,3.38,3.75,3.38,3.0,3.0,3.38,3.38,3.38,3.5,3.75,2.62,2.88,2.62,3.25,3.5,3.38,2.25,2.62,3.38,2.62,3.5,3.12,3.75,2.25,3.62,3.0,1.0,3.75,3.12,3.12,1.62,3.12,3.0,3.38,2.75,2.62,2.0,3.38,3.25,2.62,2.53,3.05,4.0,4.22,4.48,4.65,4.47,4.28,3.01,3.48,3.29,4.23,2.99,4.58,4.3,4.53,4.57,3.93,4.73,4.19,3.94,4.61,3.62,3.77,4.61,4.35,3.68,4.07,4.6,3.15,3.47,2.62,4.21,3.6,4.43,3.25,3.16,3.57,3.74,4.27,2.16,3.79,3.2,3.75,2.56,2.46,3.3,1.99,1.05,4.22,1.15,3.75,3.93,1.05,2.86,2.82,4.91,3.4,3.84,1.02,4.54,3.97,2.92,3.76,4.23,4.49,3.83,4.3,4.33,2.65,3.33,3.08,1.88,1.87,3.35,4.43,2.09,2.64,3.92,1.02,4.67,3.53,2.86,4.66,4.25,1.09,4.81,4.39,3.42,4.09,4.24,2.26,1.09,3.93,3.81,1.48,True,True,True,True,True,True,True,True
49-9096,Riggers,Riggers,Riggers,0.0,0.0,0.0,0.0,0.037037037037037,0.074074074074074,-1.221519,1,49-9096,False,0.89,1,49-9096,False,base_00,2,base_00,False,1,3.0,3.0,3.0,3.38,3.0,3.38,1.12,2.25,1.75,3.12,3.25,3.0,2.75,2.38,2.25,3.0,3.0,2.88,3.0,3.25,3.12,1.5,2.0,3.38,3.38,2.0,1.62,3.25,3.0,2.38,3.0,2.0,3.75,2.5,3.12,2.75,3.0,2.0,2.25,3.0,3.12,2.0,1.88,2.88,3.12,2.75,3.25,2.75,3.12,2.25,3.0,2.38,2.62,3.12,3.0,3.12,3.12,2.75,2.88,2.0,2.12,3.0,1.62,1.38,1.38,2.5,1.62,3.12,2.12,3.25,2.12,3.12,2.25,1.0,2.88,3.12,2.75,1.38,2.38,2.75,3.0,2.12,2.12,1.5,3.0,2.88,2.38,3.04,2.75,2.55,2.39,4.14,3.74,2.52,3.33,2.79,3.68,3.12,3.37,3.28,3.52,4.04,2.23,4.1,3.77,4.24,2.91,3.13,3.67,2.18,3.56,2.98,3.35,1.68,1.77,4.05,3.53,2.37,2.92,3.23,2.43,2.6,2.06,1.38,2.84,3.14,3.41,2.35,3.51,3.9,4.59,4.06,3.08,3.51,1.82,1.96,3.68,2.73,4.16,3.83,1.22,3.57,2.98,4.2,3.32,3.51,1.48,4.33,4.68,2.4,4.77,3.9,4.09,4.53,4.11,4.42,3.55,3.66,3.36,2.38,4.2,3.67,4.58,2.9,3.7,3.93,3.07,3.81,2.98,2.89,3.21,3.86,1.72,4.11,4.5,3.62,4.18,4.61,4.95,2.88,4.07,4.41,3.03,True,True,True,True,True,True,True,True
49-9097,Signal and Track Switch Repairers,Signal and Track Switch Repairers,Signal and Track Switch Repairers,0.0769230769230769,0.0769230769230769,0.0769230769230769,0.0,0.0384615384615384,0.0769230769230769,-0.858221,1,49-9097,False,0.9,1,49-9097,False,base_00,3,base_00,False,1,3.75,3.0,2.88,3.75,3.25,3.0,1.0,2.62,1.38,2.88,3.5,3.62,3.62,2.0,2.5,2.62,2.62,3.0,3.25,3.12,3.62,2.5,2.75,3.5,3.25,2.0,2.5,3.0,3.0,2.0,3.12,2.12,3.75,2.12,3.25,2.75,3.0,2.12,2.62,3.0,3.0,2.75,2.38,2.75,2.88,2.88,3.0,3.62,3.62,2.5,2.88,2.88,2.88,3.0,3.38,2.75,3.75,4.0,3.62,2.88,2.62,3.0,2.62,1.62,1.75,2.0,2.5,2.88,2.25,3.12,1.12,3.75,2.12,2.0,3.88,2.88,4.0,1.75,2.12,2.75,2.88,2.38,2.38,1.5,3.0,4.12,2.88,2.49,2.55,2.5,2.35,3.38,3.07,2.83,2.38,2.67,3.09,2.63,3.02,1.9,3.6,3.56,2.04,3.25,3.19,3.79,2.63,2.45,3.22,1.6,3.07,3.57,3.48,2.38,1.57,3.32,2.83,2.35,3.03,3.77,2.14,2.88,2.01,1.73,2.24,2.8,3.15,2.69,1.98,3.46,4.02,3.51,2.97,2.76,1.41,2.0,4.49,3.4,3.99,3.07,1.21,3.47,2.95,3.57,3.12,3.29,1.23,4.65,4.4,2.2,4.55,4.44,3.88,4.64,3.83,3.99,3.07,4.52,2.1,2.73,3.45,2.65,4.67,2.05,2.07,2.58,1.96,2.83,2.28,1.97,2.34,3.07,2.41,3.62,4.24,3.1,4.55,3.86,4.99,2.08,3.47,4.57,1.62,True,True,True,True,True,True,True,True
49-9098,"Helpers--Installation, Maintenance, and Repair Workers","Helpers--Installation, Maintenance, and Repair Workers","Helpers--Installation, Maintenance, and Repair Workers",0.0,0.0333333333333333,0.0666666666666666,0.0,0.0,0.0,-1.346555,1,49-9098,False,0.79,1,49-9098,False,base_00,2,base_00,False,1,3.5,2.88,2.88,3.5,3.12,2.62,1.75,2.88,2.0,3.12,2.88,3.25,3.0,2.0,2.0,2.75,2.88,2.5,2.88,3.12,3.62,2.0,2.12,3.38,3.5,1.62,2.0,3.12,3.0,2.0,2.88,1.88,3.0,1.88,2.88,2.12,3.0,2.0,2.12,2.88,3.0,2.0,2.38,3.0,3.12,2.62,3.12,2.88,3.0,2.12,2.5,2.12,2.62,3.12,2.62,3.0,3.12,3.12,2.75,2.38,2.12,2.88,2.5,1.25,1.5,1.88,2.0,3.12,1.88,3.12,1.62,3.12,1.88,1.38,3.0,2.62,3.12,1.12,2.38,2.62,3.0,2.12,2.12,1.62,2.75,3.12,2.12,3.06,2.53,2.98,2.95,3.89,3.56,2.92,3.0,3.29,2.99,2.83,3.66,3.14,3.62,3.87,2.59,3.76,3.45,4.46,2.0,3.19,4.16,1.9,3.65,3.49,3.57,1.96,1.9,4.06,3.18,2.47,3.57,4.21,2.51,2.98,2.11,2.01,2.97,2.72,3.57,2.1,2.54,3.64,3.99,3.34,3.38,2.61,1.26,2.1,3.73,3.69,4.09,3.16,1.56,3.41,3.3,3.73,3.23,3.65,1.23,4.16,3.87,1.98,4.72,3.85,3.96,3.9,4.06,3.89,3.12,3.13,3.04,2.47,4.22,2.34,3.94,2.49,2.36,3.56,1.64,3.13,2.38,2.27,2.66,2.94,2.08,3.99,4.16,3.44,3.91,3.44,4.77,3.12,3.55,4.17,2.04,True,True,True,True,True,True,True,True
49-9099,"Installation, Maintenance, and Repair Workers, All Other",,Geothermal Technicians,0.064516129032258,0.2096774193548387,0.3548387096774194,0.2903225806451612,0.3064516129032258,0.3225806451612903,-0.98145905,2,49-9093;49-9099,True,0.96,1,49-9093,True,first_detail,2,detail_mode,False,1,3.38,2.88,3.0,3.25,3.75,2.88,1.38,2.12,1.75,3.12,3.0,3.0,3.25,2.75,2.0,2.38,2.62,2.75,3.12,3.25,3.0,2.88,2.62,3.12,3.88,2.0,2.88,3.12,3.12,2.75,3.62,2.0,3.75,2.88,3.0,2.62,3.25,2.12,2.12,3.0,3.12,2.75,2.0,2.38,2.62,3.0,3.0,3.12,3.25,2.12,3.0,3.12,3.12,3.0,3.12,3.0,3.25,3.12,2.88,3.0,2.62,3.12,2.12,2.0,2.0,2.62,2.75,3.75,2.38,3.38,2.0,3.88,2.25,1.88,3.25,3.25,3.12,2.12,2.88,2.88,3.0,3.0,2.88,1.88,2.88,3.62,3.0,3.48,2.94,3.38,2.54,4.33,4.26,3.59,3.33,3.0,3.8,3.23,3.3,3.6,3.76,4.43,2.66,4.17,4.05,3.92,3.34,3.2,4.42,2.8,3.88,4.23,4.02,2.41,1.53,3.94,3.32,2.95,3.41,3.94,2.61,3.41,1.95,2.06,3.23,3.3,3.96,3.54,2.37,3.82,4.34,4.07,2.49,2.36,1.17,3.06,3.88,4.57,4.57,2.58,1.36,3.53,4.74,3.67,3.39,3.75,1.16,4.21,4.3,1.89,4.89,4.21,4.35,4.52,3.74,3.64,3.73,4.71,3.29,3.79,4.1,2.65,4.67,3.23,2.59,2.67,2.82,2.8,2.52,2.04,2.51,3.17,2.79,3.26,3.85,2.91,4.75,3.58,4.78,3.15,3.3,4.28,3.34,True,True,True,True,True,True,True,True
51-1011,First-Line Supervisors of Production and Operating Workers,First-Line Supervisors of Production and Operating Workers,First-Line Supervisors of Production and Operating Workers,0.15,0.4,0.65,0.0,0.225,0.45,-0.0845282,1,51-1011,False,0.016,1,51-1011,False,base_00,3,base_00,False,1,3.0,2.5,3.25,2.88,3.75,2.12,1.0,2.0,1.38,2.0,3.0,2.88,3.0,3.12,1.88,2.0,2.0,2.12,3.62,3.25,3.0,3.0,2.12,2.62,3.25,1.62,2.88,4.0,4.0,3.12,3.12,2.0,4.0,2.25,2.5,2.25,3.0,2.0,2.0,3.75,3.75,2.75,1.62,2.0,2.12,2.88,2.25,2.25,3.12,2.0,3.75,3.62,3.12,3.88,3.12,3.75,3.75,2.12,2.25,1.12,3.0,3.62,3.12,2.25,2.12,3.88,2.38,3.75,3.0,2.75,2.88,3.12,3.0,1.25,3.0,3.5,2.25,1.5,3.0,3.75,3.88,3.12,3.0,2.0,3.88,2.25,3.12,3.64,2.54,3.97,2.89,4.34,3.85,3.66,3.66,3.21,3.55,2.93,3.64,3.07,3.94,4.43,4.14,3.25,3.96,4.19,3.08,3.74,4.47,3.69,4.2,3.0,3.87,3.36,1.97,3.07,3.94,3.27,3.08,3.22,3.52,3.76,2.6,3.13,3.63,3.86,3.66,3.73,3.7,3.12,4.83,4.11,2.92,3.64,1.75,2.3,4.21,4.41,3.67,2.82,1.37,2.67,3.14,4.22,2.26,3.09,1.38,4.42,3.66,1.18,4.76,4.32,4.48,4.41,4.19,4.23,3.34,2.44,2.02,3.3,4.04,3.08,2.63,2.33,3.83,3.59,3.4,2.51,1.86,1.6,1.93,2.77,2.27,3.98,2.97,3.53,4.01,4.5,4.84,2.12,4.41,4.52,2.73,True,True,True,True,True,True,True,True
51-2011,"Aircraft Structure, Surfaces, Rigging, and Systems Assemblers","Aircraft Structure, Surfaces, Rigging, and Systems Assemblers","Aircraft Structure, Surfaces, Rigging, and Systems Assemblers",0.0,0.025,0.05,0.0,0.025,0.05,-0.8684706,1,51-2011,False,0.79,1,51-2011,False,base_00,2,base_00,False,1,3.12,3.0,3.0,3.12,3.12,2.75,1.25,2.75,1.75,3.12,2.75,3.5,2.88,2.88,2.0,2.25,2.5,2.88,3.0,3.38,3.38,2.25,2.0,3.0,3.62,2.0,2.25,3.12,3.0,2.38,3.0,2.0,3.75,2.5,2.5,2.0,3.0,2.0,2.0,3.0,3.12,2.25,2.0,2.5,2.88,2.62,2.88,2.88,3.38,2.12,3.12,2.88,2.88,3.12,3.0,2.88,3.12,3.0,2.88,2.88,2.88,3.0,2.62,2.0,2.12,2.25,2.5,3.12,2.25,2.88,1.88,2.88,2.25,1.5,3.38,3.0,2.88,1.75,2.38,2.75,3.0,2.88,2.88,2.0,3.0,2.88,2.75,3.35,2.51,2.72,3.0,3.72,4.18,3.04,2.8,2.97,3.83,3.16,3.65,3.43,3.62,3.93,2.94,3.79,3.36,3.88,2.75,3.39,3.66,2.78,3.98,2.8,3.75,2.65,1.83,3.21,3.45,2.52,2.92,2.74,2.46,3.15,2.33,2.36,3.72,3.33,3.76,3.06,2.47,3.48,3.97,3.01,2.29,2.29,1.26,2.17,3.82,1.72,4.67,2.4,1.35,1.79,4.09,3.44,1.42,3.13,1.27,4.02,2.05,1.52,4.78,3.59,3.24,3.43,3.61,4.45,3.65,1.46,1.53,4.08,2.49,2.56,1.45,1.44,2.39,3.38,1.91,3.21,1.28,1.53,2.29,3.96,2.49,3.71,4.86,2.89,2.22,3.53,4.97,2.61,3.18,4.06,1.42,True,True,True,True,True,True,True,True
51-2021,"Coil Winders, Tapers, and Finishers","Coil Winders, Tapers, and Finishers","Coil Winders, Tapers, and Finishers",0.2222222222222222,0.2222222222222222,0.2222222222222222,0.0,0.1388888888888889,0.2777777777777778,-0.8289722,1,51-2021,False,0.73,1,51-2021,False,base_00,2,base_00,False,1,3.75,2.0,2.75,3.25,3.0,2.5,1.12,2.12,1.62,2.25,2.88,3.12,2.62,2.0,1.5,1.88,1.88,2.5,2.88,2.88,3.38,1.75,2.0,2.88,3.25,1.25,1.88,3.0,3.0,1.75,2.75,1.5,3.12,2.12,2.75,2.12,3.12,1.25,1.5,3.0,3.0,2.0,1.62,1.88,2.38,2.0,2.38,2.12,2.38,1.75,2.88,2.38,2.25,3.0,2.38,2.88,2.88,1.62,1.62,1.12,2.0,2.75,2.0,1.5,1.5,1.88,1.75,3.12,1.75,3.0,1.5,3.12,1.88,1.0,2.12,2.88,1.38,1.0,1.88,2.62,2.88,2.0,1.88,1.75,2.38,2.0,2.12,2.69,2.65,3.17,1.93,3.04,3.35,2.59,2.89,2.78,2.41,2.08,3.16,3.13,3.33,4.0,2.19,3.79,3.75,4.13,2.79,3.39,3.61,2.16,3.65,1.95,3.24,2.04,2.02,3.7,3.21,2.48,2.14,2.36,2.25,2.91,1.92,1.85,2.57,3.11,3.11,2.42,2.45,3.75,3.65,2.78,2.04,2.66,1.36,1.64,3.7,1.25,4.29,2.0,1.08,2.04,2.06,3.39,1.64,3.72,1.0,3.78,2.38,1.0,4.33,4.08,3.41,3.82,3.36,4.92,3.63,1.09,1.68,3.61,3.41,2.82,1.49,1.33,2.41,3.32,1.92,3.53,1.32,2.11,2.0,4.65,1.78,4.62,4.79,2.07,2.09,4.14,4.99,1.64,2.51,3.86,1.54,True,True,True,True,True,True,True,True
51-2022,Electrical and Electronic Equipment Assemblers,Electrical and Electronic Equipment Assemblers,Electrical and Electronic Equipment Assemblers,0.0384615384615384,0.0961538461538461,0.1538461538461538,0.0,0.0576923076923076,0.1153846153846153,-0.6248807,1,51-2022,False,,,,,base_00,2,base_00,False,1,3.38,2.5,2.88,3.0,3.0,2.25,1.0,1.88,1.12,2.25,2.75,3.75,2.5,2.62,1.12,1.75,1.62,2.25,3.12,3.25,3.38,2.0,2.0,3.0,4.0,1.12,2.0,3.5,3.12,2.12,2.88,1.0,3.0,2.12,2.25,2.0,2.88,1.38,1.5,2.88,3.0,2.12,1.62,1.88,2.75,2.12,2.75,3.0,3.12,2.12,3.12,2.75,2.62,3.0,2.62,3.0,3.0,2.25,2.25,2.12,2.5,3.12,2.12,1.5,1.75,2.25,2.12,3.12,2.12,2.88,1.62,3.12,2.12,1.25,2.88,3.25,2.25,1.88,2.25,2.62,2.88,2.38,2.25,1.75,2.88,2.5,2.88,3.03,2.47,3.01,2.23,3.73,3.45,3.02,3.15,3.12,3.21,3.01,3.0,3.05,3.81,4.03,2.68,3.76,3.42,3.56,2.86,2.88,3.82,2.5,3.65,2.11,3.37,2.78,2.26,3.26,2.99,2.73,2.9,2.5,2.58,2.59,2.05,2.04,2.73,3.32,3.26,2.77,3.04,3.02,3.39,3.67,2.28,2.5,1.06,1.75,3.66,1.9,3.44,2.07,1.11,2.26,3.19,2.74,1.51,2.88,1.14,3.14,1.86,1.18,3.98,3.78,3.26,3.62,3.5,4.11,2.94,1.46,1.95,4.78,1.87,3.1,1.92,1.5,2.75,3.35,1.43,2.58,1.53,1.93,2.0,3.78,3.42,3.02,4.47,2.45,2.5,4.48,4.71,2.58,3.69,3.7,2.05,True,True,False,True,True,True,True,True
51-2023,Electromechanical Equipment Assemblers,Electromechanical Equipment Assemblers,Electromechanical Equipment Assemblers,0.0,0.0454545454545454,0.0909090909090909,0.0,0.0,0.0,-0.4977276,1,51-2023,False,,,,,base_00,2,base_00,False,1,3.62,2.38,3.0,3.25,3.12,2.12,1.0,2.0,1.5,2.12,3.0,3.62,3.0,2.12,1.0,1.88,1.88,2.75,3.0,3.25,3.5,2.12,2.12,2.75,3.62,1.0,2.0,3.0,3.0,2.0,2.88,1.0,3.25,2.0,2.25,1.88,2.88,1.25,1.0,3.0,3.0,2.25,1.12,2.12,2.38,2.25,2.75,3.0,3.12,2.0,3.0,2.88,2.38,2.88,2.5,2.38,3.0,2.75,2.38,1.62,1.88,2.88,1.88,1.62,1.75,1.88,2.0,2.88,1.88,2.62,1.75,3.25,1.88,1.5,3.25,3.0,2.75,2.0,2.0,2.5,3.0,2.12,2.12,1.88,2.88,3.0,2.5,3.06,2.34,2.37,2.06,3.17,3.51,2.37,2.73,2.4,3.12,2.56,3.08,3.22,3.95,4.04,2.16,3.35,3.99,4.12,2.44,3.4,3.28,2.38,4.06,2.17,2.93,2.38,1.46,3.11,3.13,2.22,2.75,2.54,1.99,2.47,1.94,1.85,2.61,2.4,3.43,2.98,2.28,2.5,4.02,3.24,2.35,2.2,1.17,2.29,3.48,3.22,3.28,2.46,1.26,2.23,2.93,2.61,1.52,2.16,1.02,3.15,1.41,1.02,4.94,3.65,2.49,3.9,2.25,4.16,3.55,1.03,1.17,4.98,1.22,2.78,1.11,1.02,2.31,3.34,1.49,2.55,1.34,1.54,1.8,3.5,2.73,3.28,4.29,2.38,1.73,3.78,4.98,1.46,3.34,4.19,2.61,True,True,False,True,True,True,True,True
51-2031,Engine and Other Machine Assemblers,Engine and Other Machine Assemblers,Engine and Other Machine Assemblers,0.0,0.0952380952380952,0.1904761904761904,0.0,0.0,0.0,-0.9561453,1,51-2031,False,0.82,1,51-2031,False,base_00,2,base_00,False,1,3.88,2.62,3.0,3.12,3.0,2.88,1.12,2.25,1.12,3.12,2.88,3.5,3.0,2.25,2.0,2.0,2.0,2.75,3.0,3.12,3.62,2.0,2.12,3.12,3.38,1.88,2.0,3.0,2.88,2.25,3.0,2.0,3.12,2.25,2.75,2.12,3.0,2.0,2.0,3.0,3.0,2.0,2.12,2.75,3.12,2.88,3.0,2.75,3.25,2.0,3.0,2.25,2.38,3.0,2.88,2.75,3.0,2.88,2.5,2.0,2.12,2.62,2.0,1.62,2.0,2.12,2.0,3.0,2.12,2.88,1.75,3.38,2.25,1.75,3.12,3.12,2.88,1.88,2.25,2.88,3.0,2.38,2.12,1.88,2.88,2.88,2.25,2.71,2.57,2.64,1.76,3.58,4.3,2.71,2.79,2.42,2.82,2.4,3.37,2.86,3.54,3.77,2.25,4.32,3.57,4.0,2.38,2.98,3.4,1.98,3.3,3.13,2.63,1.6,1.71,3.88,3.12,2.59,2.75,3.15,2.17,2.42,2.27,1.85,3.01,2.85,3.28,2.86,2.43,3.42,4.15,2.98,2.79,2.81,1.32,1.87,3.6,2.52,4.1,2.86,1.01,2.71,3.13,3.86,2.02,3.37,1.16,4.3,2.91,1.67,4.73,3.67,3.84,3.98,3.47,4.49,3.01,1.75,2.43,2.99,3.73,2.67,2.1,1.75,2.66,3.75,1.82,3.74,1.85,1.92,2.21,3.72,1.89,4.23,4.67,2.94,2.59,4.31,4.88,2.32,2.84,4.21,2.27,True,True,True,True,True,True,True,True
51-2041,Structural Metal Fabricators and Fitters,Structural Metal Fabricators and Fitters,Structural Metal Fabricators and Fitters,0.0,0.0227272727272727,0.0454545454545454,0.0,0.0227272727272727,0.0454545454545454,-1.076307,1,51-2041,False,0.41,1,51-2041,False,base_00,2,base_00,False,1,3.25,2.38,3.0,3.12,3.0,2.62,1.88,2.0,2.12,2.38,2.88,3.0,2.12,2.12,2.0,2.12,2.12,2.0,2.88,3.0,3.12,2.25,2.0,3.12,3.25,1.75,2.12,2.88,3.0,2.0,2.38,1.75,3.0,2.5,2.75,2.25,3.0,1.62,2.0,2.88,2.62,2.0,1.75,2.0,3.12,2.75,3.0,2.12,3.12,1.88,2.88,2.38,2.25,3.0,2.12,2.38,3.0,2.0,2.12,1.12,2.25,2.38,1.75,1.38,1.38,2.12,2.12,2.88,2.0,2.38,1.88,2.88,2.12,1.0,2.25,3.0,1.88,1.75,2.12,2.62,3.0,1.62,1.62,1.62,2.62,2.12,2.25,2.73,2.66,3.14,1.72,4.17,4.11,3.34,2.89,2.76,2.98,3.42,2.99,2.69,3.58,3.91,2.55,4.02,3.72,4.05,3.07,3.19,3.87,2.37,3.57,2.97,3.54,2.33,1.66,3.92,3.68,2.67,2.36,3.29,2.49,2.57,1.66,1.84,3.24,3.71,3.88,2.47,2.15,2.97,4.24,2.96,1.8,2.55,1.19,2.08,3.72,1.96,4.48,3.0,1.28,2.33,3.11,3.85,2.25,3.66,1.14,4.62,3.71,1.48,4.6,3.66,3.23,3.6,2.98,4.34,2.93,1.53,2.1,1.66,4.36,2.75,2.2,1.59,2.77,3.4,2.8,2.98,1.77,2.05,2.63,3.59,1.76,4.3,4.56,2.92,2.36,4.33,5.0,2.32,3.17,3.95,2.54,True,True,True,True,True,True,True,True
51-2051,Fiberglass Laminators and Fabricators,Fiberglass Laminators and Fabricators,Fiberglass Laminators and Fabricators,0.0,0.0208333333333333,0.0416666666666666,0.0833333333333333,0.0833333333333333,0.0833333333333333,-1.216496,1,51-2091,False,0.93,1,51-2091,False,base_00,2,base_00,False,1,3.62,2.88,3.0,3.12,3.0,2.88,1.25,2.88,1.75,3.25,2.88,3.0,3.12,2.75,2.0,2.88,2.25,2.75,3.0,3.25,3.12,2.38,2.0,3.62,3.62,2.0,2.5,3.25,3.0,2.62,3.0,2.0,3.62,2.88,2.88,2.62,3.12,2.0,2.0,3.0,3.0,2.0,2.25,3.0,3.12,2.25,3.62,3.12,3.25,2.5,3.0,2.62,2.88,3.0,3.0,2.88,2.88,1.88,2.12,1.0,2.88,2.88,2.62,1.88,2.0,2.38,2.38,3.12,2.38,2.88,1.12,3.12,2.38,1.0,2.88,3.0,1.62,1.75,2.38,2.75,3.0,2.25,2.12,1.88,2.88,2.38,2.88,2.87,2.27,2.85,1.71,3.63,3.64,2.96,3.08,2.96,3.39,2.18,3.27,3.17,3.3,4.07,2.81,3.62,3.73,4.12,2.9,3.63,3.87,2.31,3.67,2.86,3.04,2.3,2.01,3.63,2.9,2.67,2.03,2.92,2.44,2.73,1.89,1.86,2.98,3.5,2.89,1.93,2.22,2.78,4.19,3.27,2.4,2.69,1.83,1.76,2.57,1.2,4.7,3.18,1.11,1.48,3.78,3.2,2.32,2.55,1.01,4.5,2.8,1.4,4.59,3.04,2.43,3.83,2.83,3.75,3.59,1.29,1.79,2.54,3.32,2.08,1.67,1.34,2.92,4.47,1.96,4.11,2.3,2.0,3.63,4.2,1.63,4.96,4.43,2.81,1.55,4.59,4.95,4.74,3.84,4.36,1.71,True,True,True,True,True,True,True,True
51-2061,Timing Device Assemblers and Adjusters,Timing Device Assemblers and Adjusters,Timing Device Assemblers and Adjusters,0.0,0.06,0.12,0.0,0.0,0.0,-0.2552991,1,51-2093,False,0.98,1,51-2093,False,base_00,2,base_00,False,1,3.88,2.38,3.0,3.12,3.0,2.75,1.0,1.0,1.0,1.0,2.5,4.0,2.75,2.38,1.62,1.0,1.0,2.75,2.88,3.12,3.38,2.25,1.88,2.75,3.5,1.62,2.0,3.12,3.0,2.25,2.5,1.62,3.38,2.12,2.25,2.38,2.75,1.62,1.62,2.88,2.88,2.12,2.0,1.0,1.88,2.5,1.25,3.0,3.12,2.25,2.62,2.62,2.12,2.88,2.75,2.25,2.88,2.75,2.62,1.62,2.12,2.75,2.12,1.5,1.5,2.0,2.0,2.88,1.62,2.75,1.62,3.0,2.0,1.38,3.25,2.75,3.38,2.0,2.62,2.75,2.75,2.12,2.0,1.62,2.75,3.25,2.5,3.11,2.16,2.42,2.53,3.49,3.59,1.84,1.94,2.87,2.59,2.73,3.04,2.75,2.78,3.36,2.38,3.87,3.36,3.73,2.57,3.09,3.72,1.86,3.04,2.87,3.13,1.82,2.67,2.42,2.77,2.6,2.8,4.07,2.47,2.66,2.76,1.33,3.3,2.72,3.2,2.74,1.88,1.75,4.18,3.08,1.45,2.39,1.04,1.91,4.09,3.09,2.57,1.77,1.0,1.95,2.05,2.08,1.64,2.58,1.0,2.83,1.36,1.01,4.63,4.32,3.87,1.47,3.4,3.58,2.23,1.67,1.03,4.02,1.97,2.06,1.26,1.02,1.07,2.79,1.24,1.3,1.21,1.22,1.22,1.88,3.57,2.46,2.91,1.93,3.82,2.91,2.74,1.0,2.3,3.63,2.65,True,True,True,True,True,True,True,True
51-2092,Team Assemblers,Team Assemblers,Team Assemblers,0.1764705882352941,0.2352941176470588,0.2941176470588235,0.0,0.088235294117647,0.1764705882352941,-0.8305441,1,51-2092,False,,,,,base_00,2,base_00,False,1,3.12,2.5,3.0,3.0,3.12,2.12,1.0,2.12,1.5,2.62,3.0,3.25,2.38,2.38,1.38,2.12,2.0,2.38,3.0,3.25,3.75,2.0,2.12,2.75,3.25,1.5,2.0,3.12,3.0,2.25,2.88,1.5,3.12,2.5,2.88,1.75,3.0,1.5,1.62,3.12,3.12,2.0,1.88,2.12,2.88,2.88,3.0,2.62,3.0,2.0,3.0,3.0,2.25,3.12,2.88,3.0,3.0,2.25,2.0,1.0,3.0,2.75,2.38,1.88,2.0,2.75,2.0,3.12,2.25,2.75,1.38,3.0,2.38,1.62,3.12,3.0,2.0,1.0,2.25,3.0,3.0,2.25,2.12,1.5,3.0,2.12,2.75,3.05,2.49,3.23,1.72,3.6,3.76,2.99,2.71,2.52,2.93,2.68,3.5,3.51,3.21,4.39,2.79,4.38,4.21,4.16,2.59,3.41,3.69,1.92,4.21,2.16,3.43,2.02,1.69,3.49,3.07,2.5,2.43,2.58,2.38,2.85,1.91,1.76,2.54,3.4,3.13,2.88,2.45,2.27,4.12,3.65,2.0,2.53,1.12,2.09,3.56,2.56,3.51,1.64,1.17,2.33,2.54,2.75,1.22,2.68,1.66,3.76,1.8,1.32,4.81,4.03,3.61,3.67,3.56,4.66,2.81,1.27,1.25,3.85,2.1,3.28,1.19,1.12,2.86,3.63,2.14,3.0,1.12,1.56,2.13,3.88,2.45,3.6,4.69,2.96,2.54,4.5,4.88,1.89,3.22,4.26,1.91,True,True,False,True,True,True,True,True
51-3011,Bakers,Bakers,Bakers,0.1470588235294117,0.2647058823529412,0.3823529411764705,0.088235294117647,0.1176470588235294,0.1470588235294117,-0.3852989,1,51-3011,False,0.89,1,51-3011,False,base_00,2,base_00,False,1,3.0,2.38,3.0,3.0,3.0,2.0,1.5,2.0,1.12,2.12,2.75,3.0,2.88,2.75,1.0,2.0,1.88,2.62,2.88,3.0,3.0,2.25,2.0,2.75,3.75,1.0,2.25,3.25,3.12,2.75,3.0,1.0,3.12,2.0,2.12,1.75,3.0,1.0,1.0,3.0,3.12,2.12,1.88,2.12,2.12,2.5,2.75,3.12,2.88,2.0,3.0,2.5,3.0,3.0,2.25,3.0,3.0,1.5,1.5,1.0,2.0,3.0,2.25,1.75,2.0,2.0,2.25,3.25,2.12,2.25,2.0,2.88,2.0,1.0,2.88,2.88,1.12,1.75,2.5,2.75,3.0,2.0,2.0,1.75,3.0,2.12,2.25,2.46,2.79,2.96,1.96,3.33,2.57,2.61,2.13,2.44,2.3,1.45,2.85,2.69,2.82,3.87,2.72,2.79,3.59,3.82,2.33,3.21,3.21,1.99,4.05,1.76,3.38,1.77,2.48,2.84,2.59,1.78,1.51,1.41,2.7,2.57,2.0,1.54,2.84,3.24,2.59,2.36,2.41,2.79,4.42,3.54,3.41,2.23,1.22,2.5,4.23,2.88,1.67,1.5,1.29,1.83,1.46,2.49,1.34,3.84,1.0,2.7,4.0,1.01,4.25,4.2,3.6,3.72,3.73,4.2,3.08,1.97,1.0,3.7,1.65,2.8,1.16,1.08,3.27,3.19,1.76,2.86,1.31,1.53,2.01,3.66,1.57,4.4,4.05,3.41,3.77,4.32,4.16,1.25,3.11,3.89,2.06,True,True,True,True,True,True,True,True
51-3021,Butchers and Meat Cutters,Butchers and Meat Cutters,Butchers and Meat Cutters,0.0526315789473684,0.131578947368421,0.2105263157894736,0.0,0.0263157894736842,0.0526315789473684,-0.9709924,1,51-3021,False,0.93,1,51-3021,False,base_00,2,base_00,False,1,3.25,2.88,3.12,3.12,2.75,2.62,1.38,2.5,1.5,2.75,2.88,3.0,2.75,2.25,1.5,2.0,2.0,2.62,2.75,3.12,3.5,2.5,2.0,2.88,3.5,1.38,2.62,3.12,3.12,2.12,2.75,1.5,3.12,2.62,2.88,2.5,3.0,1.38,1.5,3.0,3.0,2.25,2.38,2.62,2.88,2.88,3.0,3.0,2.88,2.75,2.88,2.12,2.5,3.12,2.88,2.88,3.0,1.62,1.5,1.0,2.62,2.88,2.25,2.12,2.25,2.62,2.38,3.0,2.75,2.38,1.75,2.5,2.75,1.12,2.62,3.0,1.62,1.25,3.0,3.0,3.0,2.38,2.38,1.38,3.0,2.0,2.25,2.85,2.94,3.38,2.84,3.55,3.57,3.29,3.35,2.71,3.07,2.15,3.5,3.33,3.25,3.8,3.02,3.51,3.57,3.74,2.41,3.27,3.55,2.77,3.36,2.52,3.53,2.51,3.96,3.69,3.2,3.06,2.43,2.67,3.36,3.1,3.67,2.64,2.89,3.45,3.18,2.5,2.87,3.9,4.52,3.78,4.48,3.85,1.58,2.44,3.53,2.54,2.53,1.34,1.1,1.91,1.07,4.32,1.01,2.82,1.0,3.64,4.13,1.0,4.33,3.58,3.97,3.9,4.33,3.92,3.0,1.0,1.14,5.0,1.46,2.88,1.28,1.04,3.58,4.06,1.58,3.5,1.05,1.91,1.59,4.26,1.3,4.86,4.78,2.86,3.65,4.12,4.55,1.68,3.79,4.4,2.63,True,True,True,True,True,True,True,True
51-3022,"Meat, Poultry, and Fish Cutters and Trimmers","Meat, Poultry, and Fish Cutters and Trimmers","Meat, Poultry, and Fish Cutters and Trimmers",0.0,0.0,0.0,0.0,0.0,0.0,-1.10563,1,51-3022,False,0.94,1,51-3022,False,base_00,2,base_00,False,1,3.38,2.38,2.75,3.25,2.75,2.5,1.12,2.5,1.75,2.5,2.88,3.0,2.38,2.0,1.5,2.12,2.12,2.5,2.75,3.0,3.12,2.12,2.12,3.0,3.25,1.62,2.12,3.0,3.12,2.0,2.5,1.62,3.0,2.75,2.88,2.0,3.12,1.62,1.62,3.0,3.0,2.12,1.75,2.38,2.38,2.0,3.12,2.75,3.0,2.5,2.38,2.62,2.38,3.12,2.38,2.88,3.0,1.75,2.0,1.0,2.62,3.0,2.25,1.75,1.88,2.62,2.25,3.0,2.25,2.25,1.12,2.5,2.25,1.0,2.12,2.38,1.75,1.0,2.75,2.88,3.0,1.62,1.62,1.25,2.88,2.25,2.12,3.37,3.16,3.52,2.41,3.89,3.71,3.3,3.27,2.44,3.32,2.03,3.46,3.49,3.45,4.25,2.95,4.19,4.23,4.09,3.09,3.64,3.84,2.73,3.69,2.72,3.79,2.26,2.2,3.69,3.89,2.54,2.6,2.7,3.05,2.99,2.48,2.55,2.83,3.64,3.6,2.08,3.03,3.61,2.85,3.86,3.43,4.01,2.14,2.89,2.88,1.43,2.55,2.15,1.99,2.45,2.14,3.49,1.22,2.35,1.0,2.71,4.27,2.02,3.82,2.6,4.64,2.97,3.46,4.51,3.52,2.47,1.06,4.75,1.08,3.42,2.29,1.0,4.22,4.38,1.43,3.87,1.08,1.9,1.06,4.76,1.23,5.0,4.63,2.93,3.04,4.59,4.72,2.56,3.69,4.31,2.66,True,True,True,True,True,True,True,True
51-3023,Slaughterers and Meat Packers,Slaughterers and Meat Packers,Slaughterers and Meat Packers,0.0,0.0,0.0,0.0,0.0,0.0,-1.834668,1,51-3023,False,0.6,1,51-3023,False,base_00,2,base_00,False,1,3.75,2.25,2.75,3.12,2.62,2.12,1.5,2.62,2.0,2.88,2.25,3.38,2.0,1.88,1.38,2.12,2.12,2.12,2.62,2.75,3.25,1.88,1.88,2.88,3.25,1.0,2.0,3.0,2.88,1.88,2.25,1.0,2.88,2.25,2.75,2.12,2.62,1.0,1.0,2.62,2.75,1.88,2.0,2.5,3.12,2.0,3.12,2.0,2.12,2.38,1.88,1.88,2.0,2.62,1.88,2.0,2.38,1.38,1.38,1.0,1.88,2.0,2.0,1.5,1.62,1.88,1.75,2.25,1.75,2.12,1.12,2.25,1.88,1.0,2.12,1.88,1.38,1.0,2.0,2.38,2.75,1.88,1.88,1.0,2.0,2.12,1.75,2.21,2.1,2.46,1.74,3.2,3.0,2.34,2.43,2.42,2.36,1.21,2.58,2.34,2.7,3.41,2.14,3.72,3.29,3.57,2.4,2.62,2.95,2.4,3.53,1.68,2.64,2.0,1.99,3.56,2.53,2.04,1.85,2.59,1.98,2.18,1.65,1.59,2.25,2.81,2.39,1.5,1.71,3.53,3.93,3.55,3.3,2.06,1.09,1.9,3.43,1.42,2.86,1.72,1.7,1.74,1.04,3.03,2.05,3.65,1.08,2.97,3.15,1.07,4.12,3.12,2.87,3.93,2.78,3.79,3.07,1.58,1.34,4.17,1.97,3.0,1.67,1.16,4.2,3.9,2.1,3.07,1.67,1.16,1.45,4.28,1.13,4.34,4.66,2.22,2.05,2.97,4.84,3.05,3.4,4.56,2.31,True,True,True,True,True,True,True,True
51-3091,"Food and Tobacco Roasting, Baking, and Drying Machine Operators and Tenders","Food and Tobacco Roasting, Baking, and Drying Machine Operators and Tenders","Food and Tobacco Roasting, Baking, and Drying Machine Operators and Tenders",0.0666666666666666,0.0666666666666666,0.0666666666666666,0.0,0.0666666666666666,0.1333333333333333,-0.758859,1,51-3091,False,0.91,1,51-3091,False,base_00,2,base_00,False,1,3.12,3.0,3.12,3.12,2.88,2.0,1.0,2.0,1.5,2.88,2.88,3.0,3.0,2.12,1.5,2.0,2.0,3.0,2.75,3.12,3.0,1.5,2.0,3.0,3.75,1.5,1.88,3.12,3.0,2.12,3.12,1.5,3.25,3.0,2.75,2.12,3.12,1.75,1.38,3.0,3.12,2.12,1.88,2.62,2.38,2.12,3.0,3.0,2.88,2.12,2.75,3.0,2.5,3.12,3.0,3.0,3.12,2.12,2.12,1.62,2.62,3.0,2.5,1.25,1.38,2.12,1.5,3.5,2.25,3.12,1.88,3.62,2.5,1.25,3.12,3.12,2.12,1.75,2.62,3.0,3.0,2.25,2.0,1.5,2.88,2.25,2.88,3.6,2.63,3.12,2.4,3.94,3.95,3.31,2.99,3.01,3.43,2.27,3.37,3.2,3.59,4.02,3.15,3.51,3.75,3.83,3.07,2.85,4.0,2.77,4.14,3.09,3.32,2.8,2.6,3.55,3.54,3.1,2.94,2.97,2.84,2.9,2.29,2.36,2.77,3.57,3.04,3.38,2.72,3.75,3.95,3.22,2.52,2.8,1.33,3.22,3.16,2.14,3.26,2.13,1.25,2.61,1.67,2.12,2.0,2.73,1.02,4.36,3.98,1.34,4.39,3.54,3.49,3.39,3.35,4.32,3.58,1.01,1.71,3.29,4.36,2.33,1.23,1.13,3.83,2.38,2.03,2.75,1.62,1.55,2.06,3.41,1.45,4.78,4.2,3.4,2.25,4.03,4.82,2.33,2.93,3.72,2.16,True,True,True,True,True,True,True,True
51-3092,Food Batchmakers,Food Batchmakers,Food Batchmakers,0.1025641025641025,0.1153846153846153,0.1282051282051282,0.1282051282051282,0.1538461538461538,0.1794871794871795,-0.3791114,1,51-3092,False,0.7,1,51-3092,False,base_00,2,base_00,False,1,2.88,3.0,3.0,3.12,2.88,2.0,1.0,1.88,1.5,2.88,2.25,2.88,2.75,2.25,1.5,2.0,1.88,2.88,2.88,3.62,3.0,2.25,2.12,2.25,3.62,1.62,2.38,3.25,3.0,2.0,3.0,1.38,3.12,2.12,2.5,2.12,3.0,2.0,2.0,2.88,3.0,2.12,1.75,2.12,2.38,2.12,2.88,2.38,2.38,2.0,3.12,2.75,2.75,3.0,2.88,3.0,3.12,1.62,1.62,1.0,2.12,2.88,2.12,1.25,1.5,2.12,2.75,2.88,2.0,3.0,1.88,3.25,2.0,1.12,2.75,3.12,1.5,2.0,2.12,2.75,3.0,2.0,2.0,1.5,2.75,2.12,2.88,3.33,2.74,2.65,1.79,4.28,4.42,2.87,2.54,2.62,4.33,1.76,3.29,3.73,3.76,3.83,2.19,3.89,4.06,4.16,3.23,3.73,4.02,1.97,4.44,3.27,3.18,1.95,1.94,3.73,3.56,2.4,2.15,2.49,2.3,2.58,1.78,1.6,2.86,3.19,3.26,3.48,1.73,3.22,3.74,3.73,1.99,1.58,1.0,2.77,2.76,1.65,3.27,1.44,1.0,1.5,2.25,2.88,1.72,1.85,1.0,3.61,2.59,1.0,4.55,3.7,2.76,4.17,3.67,4.25,4.09,1.02,1.83,3.79,2.36,2.78,1.01,1.01,4.29,3.91,2.32,3.19,2.03,2.0,2.46,3.86,1.67,4.38,4.15,3.32,2.39,4.19,4.85,1.87,3.88,4.22,1.99,True,True,True,True,True,True,True,True
51-3093,Food Cooking Machine Operators and Tenders,Food Cooking Machine Operators and Tenders,Food Cooking Machine Operators and Tenders,0.1290322580645161,0.1290322580645161,0.1290322580645161,0.0,0.032258064516129,0.064516129032258,-0.5559894,1,51-3093,False,0.61,1,51-3093,False,base_00,2,base_00,False,1,3.0,2.62,2.75,3.12,2.88,2.12,1.12,2.0,1.62,2.5,2.38,3.0,2.38,2.0,1.38,2.0,2.0,2.75,2.88,3.12,3.0,2.0,2.0,2.75,3.25,1.38,2.25,3.38,2.88,2.0,2.75,1.38,3.62,2.75,3.0,1.62,3.12,1.5,1.38,2.88,2.88,2.0,1.88,2.25,2.75,2.25,2.62,2.62,2.25,2.0,3.38,2.75,2.62,3.0,2.88,2.88,3.0,1.62,1.5,1.0,2.0,2.75,2.12,1.62,1.88,2.0,2.0,3.12,1.88,3.12,1.62,3.5,2.0,1.25,2.75,3.12,1.38,1.88,2.0,2.62,2.62,2.0,2.12,1.38,2.62,1.88,2.75,3.14,1.83,2.71,1.58,4.0,4.14,2.09,2.07,2.3,4.2,1.73,2.44,3.84,3.65,4.15,1.73,3.96,4.05,4.1,3.45,3.61,3.61,2.51,4.16,2.43,3.43,1.85,1.27,3.59,3.44,2.56,1.84,2.28,2.02,2.35,1.41,1.7,2.34,3.35,3.35,2.59,2.42,3.65,4.4,3.34,3.0,2.29,1.13,2.89,4.75,2.02,2.94,1.85,1.0,1.12,2.73,2.5,2.53,2.64,1.0,3.46,3.64,1.0,4.49,4.59,3.55,3.6,3.51,3.69,3.03,1.26,2.03,4.74,3.37,2.29,2.82,2.74,3.49,3.75,1.39,2.09,1.25,1.27,1.7,3.61,1.65,3.95,4.61,4.29,2.76,4.14,4.26,2.86,3.39,4.56,1.62,True,True,True,True,True,True,True,True
51-4021,"Extruding and Drawing Machine Setters, Operators, and Tenders, Metal and Plastic","Extruding and Drawing Machine Setters, Operators, and Tenders, Metal and Plastic","Extruding and Drawing Machine Setters, Operators, and Tenders, Metal and Plastic",0.0,0.0208333333333333,0.0416666666666666,0.0416666666666666,0.0833333333333333,0.125,-1.234352,1,51-4021,False,0.91,1,51-4021,False,base_00,2,base_00,False,1,3.12,3.0,2.88,3.75,3.0,2.88,1.5,2.62,2.0,2.88,3.0,3.0,3.12,2.0,1.75,2.62,2.38,2.38,2.88,3.12,3.62,2.12,2.0,3.62,3.38,1.75,2.5,3.0,2.88,2.25,3.0,2.0,3.38,3.38,3.62,2.88,3.0,1.88,1.88,3.0,3.0,2.38,2.38,3.0,3.12,2.5,3.25,3.0,3.0,2.62,2.88,2.12,2.62,2.88,3.0,3.0,3.12,2.62,2.62,2.12,2.25,3.12,2.25,1.75,1.75,2.25,2.5,3.12,1.75,3.38,1.75,3.5,2.38,1.5,3.12,2.88,2.75,1.88,2.25,2.75,3.0,2.38,2.38,1.88,2.88,3.0,2.62,3.06,2.26,3.17,1.96,4.0,4.66,3.15,3.21,2.6,3.39,2.14,3.32,3.23,3.61,4.0,2.87,3.82,3.71,3.95,2.26,3.01,4.25,1.82,3.9,2.66,3.88,2.89,1.49,3.93,3.41,3.13,1.91,2.58,2.27,2.62,1.56,1.61,2.9,3.35,3.25,3.05,2.48,4.17,3.45,2.5,1.32,3.51,1.46,2.73,2.99,1.93,4.29,2.33,1.49,2.44,2.82,3.81,1.74,3.82,1.52,4.65,3.33,1.15,3.98,3.71,4.58,2.91,4.37,3.99,3.46,1.0,1.97,2.47,3.6,2.4,1.45,1.01,4.76,3.05,1.93,3.46,1.88,2.05,1.7,3.37,1.77,4.44,3.85,4.02,2.5,4.41,5.0,2.18,2.77,3.47,1.79,True,True,True,True,True,True,True,True
51-4022,"Forging Machine Setters, Operators, and Tenders, Metal and Plastic","Forging Machine Setters, Operators, and Tenders, Metal and Plastic","Forging Machine Setters, Operators, and Tenders, Metal and Plastic",0.0,0.0416666666666666,0.0833333333333333,0.0,0.0416666666666666,0.0833333333333333,-0.8046677,1,51-4022,False,0.93,1,51-4022,False,base_00,2,base_00,False,1,3.25,3.0,2.75,3.25,3.0,2.25,1.12,2.12,1.75,2.38,2.5,3.0,2.75,2.25,1.88,2.0,2.0,2.75,3.0,3.25,3.0,2.12,2.0,3.0,3.5,2.0,2.12,3.38,3.25,2.25,3.0,2.0,3.25,3.0,3.12,2.25,3.0,1.88,2.0,2.88,2.88,2.12,2.0,2.12,2.62,2.25,2.75,2.25,3.0,2.38,3.25,2.88,2.38,3.12,2.62,2.75,2.88,2.75,2.0,1.62,2.25,2.75,2.38,1.38,1.5,2.38,2.12,3.12,2.25,3.12,1.88,3.25,2.38,1.25,2.88,3.12,2.5,1.38,2.12,2.88,2.88,2.0,2.0,1.88,3.0,2.88,2.75,2.77,2.64,2.99,1.53,4.07,4.22,2.67,2.84,2.63,3.25,2.54,3.17,2.74,3.35,4.2,2.65,4.08,4.04,3.81,2.86,3.39,3.73,1.84,3.83,3.76,3.26,2.11,1.18,3.88,3.16,2.48,2.48,3.35,2.38,2.65,1.58,1.35,3.41,3.33,3.34,3.16,3.01,3.53,4.33,3.58,2.02,3.05,1.41,2.96,3.52,1.97,3.34,2.9,1.05,2.67,2.21,5.0,1.73,3.73,1.17,4.43,3.85,2.7,4.73,3.8,3.72,4.14,4.18,4.02,3.56,1.9,4.06,2.52,3.69,2.95,1.9,1.55,4.06,3.6,2.76,2.6,1.52,1.98,2.07,3.54,2.06,4.43,4.2,3.41,2.84,4.47,5.0,1.85,3.76,4.34,2.6,True,True,True,True,True,True,True,True
51-4023,"Rolling Machine Setters, Operators, and Tenders, Metal and Plastic","Rolling Machine Setters, Operators, and Tenders, Metal and Plastic","Rolling Machine Setters, Operators, and Tenders, Metal and Plastic",0.1176470588235294,0.1764705882352941,0.2352941176470588,0.0,0.0735294117647058,0.1470588235294117,-1.08921,1,51-4023,False,0.83,1,51-4023,False,base_00,2,base_00,False,1,3.5,3.12,2.88,3.88,3.25,3.0,1.12,2.5,1.62,2.62,3.12,3.25,3.0,2.25,1.75,2.5,2.0,2.88,3.12,3.25,3.62,2.5,2.62,3.62,3.88,1.88,2.38,3.12,3.25,2.25,3.25,2.12,4.0,3.75,3.88,3.25,3.12,1.88,2.12,3.12,3.12,2.62,2.88,3.0,3.25,2.62,3.12,2.62,3.0,2.88,3.12,2.88,3.0,3.12,3.0,3.0,3.12,3.0,2.62,2.38,2.75,3.0,2.88,1.75,1.88,2.75,2.38,3.5,2.0,4.0,1.75,4.0,1.88,1.62,3.62,3.0,3.0,1.38,2.38,2.88,3.25,2.75,2.75,1.75,3.0,3.0,2.62,3.35,2.76,3.0,1.93,3.95,4.5,2.98,3.04,2.78,3.52,3.09,3.15,3.23,3.59,4.49,2.71,4.24,3.97,4.42,2.53,3.02,4.37,2.71,3.89,4.05,3.44,2.33,2.2,3.38,3.61,2.8,3.14,3.68,2.38,2.73,2.37,2.09,3.0,3.85,3.63,3.21,2.24,3.24,4.37,4.01,3.18,2.16,1.03,2.68,3.76,2.12,4.04,2.31,1.03,2.45,2.84,3.85,1.85,3.67,2.11,4.24,2.96,2.07,4.55,3.55,4.03,4.11,3.96,4.39,3.7,1.25,2.29,3.15,3.6,2.89,1.36,1.3,4.12,3.34,1.83,3.42,1.8,1.98,1.93,3.75,1.71,4.31,4.15,3.78,2.53,4.36,5.0,2.07,3.63,4.7,2.75,True,True,True,True,True,True,True,True
51-4031,"Cutting, Punching, and Press Machine Setters, Operators, and Tenders, Metal and Plastic","Cutting, Punching, and Press Machine Setters, Operators, and Tenders, Metal and Plastic","Cutting, Punching, and Press Machine Setters, Operators, and Tenders, Metal and Plastic",0.0,0.01,0.02,0.0,0.02,0.04,-1.036569,1,51-4031,False,0.78,1,51-4031,False,base_00,2,base_00,False,1,3.75,2.62,2.75,3.75,3.0,3.0,1.0,2.25,1.88,2.75,3.0,3.0,3.0,2.0,1.88,2.0,1.88,2.12,3.0,3.25,3.25,2.0,2.0,3.0,3.75,1.62,2.0,3.0,3.0,2.0,3.0,2.0,3.0,3.0,3.25,2.75,3.12,2.0,2.0,3.0,3.0,2.0,1.88,2.62,3.0,2.25,3.0,2.5,3.0,2.0,3.0,2.38,2.75,3.0,2.62,2.75,3.0,2.75,2.0,1.25,2.0,2.88,2.0,1.38,1.38,2.0,2.0,3.0,1.88,3.38,1.75,3.5,2.0,1.0,3.0,2.75,2.62,1.5,1.88,2.62,3.0,1.88,2.0,1.75,2.75,3.0,2.5,2.86,2.37,2.3,1.67,3.32,3.78,1.88,2.14,2.01,3.37,1.77,2.84,2.09,2.98,3.5,1.91,3.85,3.82,3.64,2.14,3.26,3.85,1.81,3.55,2.74,2.75,1.94,1.74,3.47,2.98,1.98,1.9,3.33,1.9,2.01,1.61,1.42,2.7,2.53,2.63,2.4,3.03,3.65,3.12,2.26,1.71,2.86,1.86,2.42,2.94,1.07,4.74,2.34,1.23,2.57,3.06,4.33,1.24,3.89,1.47,4.64,3.12,1.04,4.04,2.36,3.05,2.68,3.01,4.37,4.13,1.02,1.47,2.69,3.77,2.27,1.42,2.43,4.71,3.45,1.17,3.2,1.23,1.46,2.03,4.46,2.57,3.73,4.62,3.04,1.18,4.14,4.86,1.24,1.68,3.16,1.07,True,True,True,True,True,True,True,True
51-4032,"Drilling and Boring Machine Tool Setters, Operators, and Tenders, Metal and Plastic","Drilling and Boring Machine Tool Setters, Operators, and Tenders, Metal and Plastic","Drilling and Boring Machine Tool Setters, Operators, and Tenders, Metal and Plastic",0.0,0.0303030303030303,0.0606060606060606,0.0,0.0,0.0,-0.7598132,1,51-4032,False,0.94,1,51-4032,False,base_00,2,base_00,False,1,3.38,2.75,3.0,3.5,3.0,2.62,1.0,2.0,2.0,2.25,3.0,3.25,2.88,2.62,2.0,2.0,2.0,2.75,3.0,3.25,3.25,2.62,2.0,2.88,3.38,2.0,2.62,3.12,3.0,2.12,3.0,2.0,3.25,3.12,3.25,2.25,3.25,2.0,2.0,2.88,2.88,2.0,1.62,2.12,2.88,2.38,2.88,2.62,3.12,2.25,3.12,3.0,2.75,3.0,3.0,2.12,3.0,2.75,2.62,1.88,2.25,3.0,2.12,1.62,1.88,2.0,2.5,3.12,2.0,3.12,1.75,3.62,2.12,1.25,2.88,3.12,2.62,1.75,2.0,2.75,3.0,2.12,2.0,1.88,3.0,2.75,2.25,3.54,1.78,2.67,1.42,3.98,4.75,1.82,1.68,2.68,3.88,3.33,2.94,2.63,3.58,4.38,2.5,3.88,3.59,3.89,3.47,3.01,3.88,1.4,3.8,2.83,2.89,1.87,1.08,3.28,3.61,2.01,3.2,2.95,1.89,2.2,1.37,1.06,3.31,3.19,3.55,3.84,2.38,3.65,4.11,3.81,2.39,2.58,1.11,2.67,4.03,2.91,4.23,1.97,1.0,2.37,2.4,4.03,1.33,2.63,1.11,4.26,2.15,1.45,4.39,4.06,3.74,3.55,3.89,4.7,3.41,1.23,1.91,3.84,2.8,2.42,1.07,1.1,3.87,3.24,2.02,2.87,1.31,1.47,1.83,3.4,2.11,3.92,4.4,2.92,2.5,4.32,4.93,1.3,3.4,4.31,2.21,True,True,True,True,True,True,True,True
51-4033,"Grinding, Lapping, Polishing, and Buffing Machine Tool Setters, Operators, and Tenders, Metal and Plastic","Grinding, Lapping, Polishing, and Buffing Machine Tool Setters, Operators, and Tenders, Metal and Plastic","Grinding, Lapping, Polishing, and Buffing Machine Tool Setters, Operators, and Tenders, Metal and Plastic",0.032258064516129,0.064516129032258,0.0967741935483871,0.0,0.064516129032258,0.1290322580645161,-0.9901662,1,51-4033,False,0.95,1,51-4033,False,base_00,2,base_00,False,1,3.5,3.0,2.88,4.0,3.12,3.12,1.12,2.38,1.75,2.62,3.12,3.12,3.12,2.25,1.38,2.12,2.12,2.75,3.0,3.12,3.75,2.75,2.12,3.5,3.75,1.25,2.5,3.0,3.0,2.0,3.25,1.5,3.62,3.25,3.62,2.62,3.12,1.62,1.75,2.62,2.75,2.88,2.38,2.25,3.12,2.25,3.12,2.5,3.12,3.0,3.12,2.25,2.62,2.88,2.88,2.88,3.0,2.75,2.75,1.5,2.25,3.0,2.25,1.62,2.12,2.12,2.75,3.12,2.0,4.0,1.62,4.0,2.0,1.75,3.5,3.12,2.62,1.5,2.12,2.62,3.0,2.38,2.25,1.62,2.75,3.0,2.38,2.54,2.59,2.77,2.07,3.66,4.46,2.57,2.91,2.6,4.17,2.37,3.4,2.98,3.17,3.77,2.5,4.35,3.8,3.78,2.82,3.38,3.42,2.84,4.02,2.46,3.31,2.4,1.61,3.23,3.24,2.69,2.78,3.3,2.61,2.4,2.04,1.55,2.34,3.25,3.52,2.98,2.65,3.02,3.47,3.25,2.47,2.52,1.23,2.9,4.06,2.4,3.72,1.84,1.19,2.42,1.8,3.84,1.52,2.65,1.23,3.58,2.38,1.58,3.87,3.87,3.48,3.5,3.84,4.62,3.69,1.58,1.41,4.16,2.54,2.9,1.53,1.37,4.07,3.19,1.91,2.84,1.31,1.73,1.66,3.76,1.87,4.11,4.93,2.66,2.32,4.31,5.0,1.65,3.08,3.59,2.37,True,True,True,True,True,True,True,True
51-4034,"Lathe and Turning Machine Tool Setters, Operators, and Tenders, Metal and Plastic","Lathe and Turning Machine Tool Setters, Operators, and Tenders, Metal and Plastic","Lathe and Turning Machine Tool Setters, Operators, and Tenders, Metal and Plastic",0.1290322580645161,0.1612903225806451,0.1935483870967742,0.0,0.032258064516129,0.064516129032258,-1.06734,1,51-4034,False,0.84,1,51-4034,False,base_00,2,base_00,False,1,3.75,2.62,2.88,3.75,3.0,2.75,1.25,2.12,2.12,2.75,2.88,3.25,2.75,2.12,1.75,2.12,2.12,2.38,2.88,3.0,3.12,2.38,2.0,3.12,3.5,1.88,2.25,3.12,3.0,2.0,3.0,2.0,3.12,3.12,3.12,2.12,3.0,1.88,1.88,2.75,2.75,2.0,1.75,2.12,2.88,2.0,3.0,2.0,3.12,2.12,3.0,2.38,2.0,3.0,2.62,2.62,2.62,3.0,2.62,1.88,2.12,2.88,2.0,1.88,2.0,2.0,2.12,3.0,1.88,3.38,1.75,3.5,2.0,1.88,3.0,3.0,2.25,1.75,2.0,2.5,2.75,2.0,2.0,1.75,2.75,2.62,2.25,3.51,2.53,3.19,2.69,3.52,4.07,3.11,2.86,3.35,3.13,3.79,3.11,3.01,4.09,3.57,3.77,3.48,3.77,4.13,3.39,3.57,4.04,2.96,4.25,3.44,3.53,2.28,2.23,3.41,3.28,2.37,3.17,3.92,3.13,3.45,2.32,2.79,3.58,3.85,3.42,4.0,1.78,2.06,3.39,3.13,2.82,1.72,1.19,2.62,3.4,2.17,2.61,2.42,1.0,1.09,1.36,1.51,1.22,2.2,1.0,3.63,2.25,1.2,3.72,2.9,2.28,3.17,2.65,3.71,2.88,1.46,1.54,4.2,1.83,3.29,1.52,1.03,3.12,2.35,2.42,2.56,1.2,2.26,2.13,3.45,1.73,4.09,4.37,2.73,2.42,3.26,5.0,2.02,3.08,3.6,2.36,True,True,True,True,True,True,True,True
51-4035,"Milling and Planing Machine Setters, Operators, and Tenders, Metal and Plastic","Milling and Planing Machine Setters, Operators, and Tenders, Metal and Plastic","Milling and Planing Machine Setters, Operators, and Tenders, Metal and Plastic",0.2068965517241379,0.2413793103448275,0.2758620689655172,0.0,0.0689655172413793,0.1379310344827586,-0.8703219,1,51-4035,False,0.98,1,51-4035,False,base_00,2,base_00,False,1,3.38,2.75,2.75,3.38,3.12,2.38,1.0,2.25,2.0,2.62,2.75,3.12,2.88,2.62,1.38,2.12,2.0,2.25,3.0,3.12,3.62,2.75,2.12,3.25,3.62,1.62,2.62,3.12,3.0,2.25,2.88,1.75,3.25,2.62,3.25,2.5,3.12,1.75,1.88,2.75,3.0,2.12,1.75,2.38,2.88,2.38,3.12,2.25,3.12,2.38,3.0,2.62,2.62,3.0,2.75,2.75,3.12,2.38,2.25,1.62,2.12,2.62,2.12,1.5,1.62,2.0,2.62,3.12,1.75,3.38,1.88,3.88,1.88,1.5,2.88,2.88,2.38,1.38,2.0,2.62,2.88,2.12,2.0,1.62,2.62,2.75,2.62,3.12,2.57,2.8,1.94,3.78,4.74,2.81,2.2,2.38,3.32,2.93,2.77,2.94,3.72,3.66,2.5,3.98,3.32,4.1,3.1,3.08,4.19,2.09,4.19,3.08,3.11,1.54,1.24,3.6,3.86,2.14,2.82,3.55,2.15,2.45,1.52,1.61,3.06,3.24,3.47,3.47,2.83,2.94,3.49,2.63,1.88,3.36,1.43,2.24,3.35,1.67,4.12,2.76,1.01,2.43,2.61,3.55,1.95,3.47,1.0,4.34,3.4,1.63,4.26,3.49,2.44,3.26,2.72,4.63,3.28,1.51,1.88,2.24,3.59,2.5,1.27,1.08,3.89,3.28,1.38,3.42,1.97,2.39,2.23,3.7,1.48,4.5,4.5,3.75,1.77,4.1,4.89,1.58,3.14,3.53,2.25,True,True,True,True,True,True,True,True
51-4041,Machinists,Machinists,Machinists,0.1632653061224489,0.2346938775510204,0.3061224489795918,0.0,0.1326530612244897,0.2653061224489795,-0.8675535,1,51-4041,False,0.65,1,51-4041,False,base_00,3,base_00,False,1,3.62,2.75,3.0,3.5,3.25,2.62,1.62,2.25,1.88,2.75,2.88,3.62,3.0,2.62,1.62,2.12,2.0,2.62,3.0,3.12,3.62,2.88,2.25,3.12,3.25,1.5,2.75,3.12,3.0,2.62,3.0,1.75,3.25,3.12,3.0,2.62,3.25,1.88,2.0,3.0,3.0,2.38,2.0,2.25,2.5,2.62,2.75,2.38,3.12,2.75,3.0,2.75,2.75,3.0,3.0,3.0,3.12,2.88,2.62,2.5,2.5,2.75,2.12,1.62,1.75,2.0,2.88,3.12,2.38,3.25,2.0,3.12,2.25,1.75,3.0,2.88,2.88,1.5,2.25,2.88,3.0,2.5,2.5,1.88,2.88,3.0,2.5,2.91,2.04,2.77,1.95,3.68,4.69,2.95,2.67,2.51,3.12,3.35,2.98,2.87,3.27,4.31,2.43,3.64,3.88,4.25,2.68,3.26,3.68,2.62,3.88,2.8,3.41,1.91,1.4,3.23,3.52,2.58,2.29,3.75,2.66,2.86,2.03,1.78,2.91,3.53,3.39,3.36,2.17,3.03,3.77,3.52,2.65,1.91,1.05,3.05,3.89,2.51,3.16,1.7,1.01,1.79,1.71,3.92,1.41,3.17,1.44,3.92,2.11,1.47,4.52,4.15,3.72,3.73,3.61,4.61,3.89,1.33,1.76,4.06,1.82,3.14,1.34,1.32,4.33,3.26,1.36,3.29,1.23,1.49,1.65,4.02,1.88,4.51,4.85,2.81,2.41,4.22,4.94,1.45,3.28,3.78,2.27,True,True,True,True,True,True,True,True
51-4051,Metal-Refining Furnace Operators and Tenders,Metal-Refining Furnace Operators and Tenders,Metal-Refining Furnace Operators and Tenders,0.0833333333333333,0.1041666666666666,0.125,0.0,0.0416666666666666,0.0833333333333333,-1.167465,1,51-4051,False,0.88,1,51-4051,False,base_00,2,base_00,False,1,3.62,3.0,2.88,3.88,3.12,3.12,1.38,2.75,1.88,3.12,2.88,3.0,3.0,2.0,3.0,2.62,2.0,3.12,3.0,3.25,3.75,2.5,2.5,3.25,3.75,2.0,2.5,2.88,3.0,2.12,3.12,2.0,3.75,3.12,3.62,3.0,3.38,2.12,2.38,2.88,2.88,2.12,2.38,2.75,3.12,2.88,3.0,3.0,2.88,2.5,2.88,2.75,2.88,3.0,3.0,2.75,3.0,2.88,2.75,1.0,2.62,2.75,2.25,1.75,2.0,2.62,2.5,3.62,2.12,3.75,1.75,3.88,2.25,1.0,3.0,3.0,2.75,2.0,2.12,2.88,3.0,2.38,2.62,1.25,2.88,2.88,2.75,3.05,2.56,3.01,1.8,3.54,3.43,3.28,2.49,2.65,3.36,2.06,3.21,3.45,3.36,4.05,3.18,4.07,4.02,3.95,2.77,3.39,3.57,2.36,4.1,3.27,3.36,2.23,1.49,3.79,3.2,2.64,2.78,3.22,2.55,2.97,1.77,1.9,2.96,3.23,3.28,2.57,2.47,3.74,3.48,2.37,1.69,2.76,1.1,2.91,3.52,2.02,4.95,2.66,1.08,2.93,4.27,3.73,2.26,4.86,1.56,4.54,4.82,2.3,4.02,3.85,3.38,4.03,4.05,4.08,3.83,1.11,2.43,1.87,3.94,2.29,1.82,1.27,4.41,2.71,2.05,3.26,2.07,1.46,1.56,4.01,2.14,4.04,4.47,3.05,2.47,3.39,5.0,4.04,3.58,4.18,2.27,True,True,True,True,True,True,True,True
51-4052,"Pourers and Casters, Metal","Pourers and Casters, Metal","Pourers and Casters, Metal",0.0,0.0,0.0,0.0,0.0,0.0,-1.00914,1,51-4052,False,0.87,1,51-4052,False,base_00,2,base_00,False,1,3.75,2.5,3.0,3.5,2.88,2.75,1.0,2.0,2.12,2.75,2.88,3.0,2.88,2.0,2.0,2.0,2.0,2.5,2.75,2.88,3.5,2.0,2.0,3.12,3.12,2.0,2.0,3.0,2.75,2.0,3.12,2.0,3.0,2.75,3.12,2.38,3.0,2.0,2.0,2.75,2.88,2.0,1.75,2.5,2.88,2.5,3.0,2.88,2.75,2.0,2.75,2.0,2.25,3.0,2.5,2.88,3.0,2.75,2.0,1.0,2.0,3.0,2.25,1.75,2.12,2.0,2.0,3.0,2.0,3.12,1.75,3.12,2.0,1.25,2.88,2.75,2.12,1.88,2.0,2.5,2.75,2.0,1.88,1.38,2.88,2.5,2.0,2.61,2.09,3.22,1.68,3.67,4.05,3.06,2.8,2.42,3.11,1.69,3.45,2.68,2.98,3.24,2.53,3.76,3.69,3.37,2.86,3.27,3.2,2.51,3.63,3.55,2.74,2.11,1.41,4.06,3.16,2.06,2.43,3.38,2.38,2.63,1.83,2.17,2.45,3.26,3.06,2.66,2.22,3.07,3.44,2.43,1.11,2.09,1.1,2.48,3.03,1.73,3.86,1.65,1.03,1.84,2.81,3.15,1.83,4.23,1.01,3.3,3.93,1.38,4.41,3.21,2.67,2.71,2.48,3.51,2.1,1.15,1.63,1.03,4.96,2.29,1.27,1.2,3.32,2.98,1.28,3.21,1.34,1.93,1.94,3.62,1.38,4.56,3.78,3.23,1.86,3.48,5.0,2.0,2.76,3.24,1.29,True,True,True,True,True,True,True,True
51-4061,"Model Makers, Metal and Plastic","Model Makers, Metal and Plastic","Model Makers, Metal and Plastic",0.1290322580645161,0.1612903225806451,0.1935483870967742,0.0,0.0967741935483871,0.1935483870967742,-0.7421977,1,51-4061,False,0.93,1,51-4061,False,base_00,3,base_00,False,1,3.62,3.0,3.0,3.62,3.38,2.62,1.25,2.12,2.12,2.38,3.0,3.62,2.88,2.75,1.75,2.0,2.0,2.38,3.0,3.5,3.62,2.75,2.0,3.25,4.0,1.62,2.5,3.38,3.0,2.62,3.0,1.75,3.38,3.0,3.38,2.88,3.25,1.75,1.88,2.88,2.88,2.25,1.75,2.25,3.0,2.62,3.0,2.75,3.75,2.88,3.5,3.0,2.5,2.75,2.75,2.5,3.25,2.75,3.0,1.12,1.88,3.0,2.0,1.62,1.88,1.88,2.62,3.12,1.75,3.62,2.38,3.5,1.88,2.0,3.25,2.88,2.88,1.62,1.5,2.25,2.62,2.25,2.12,2.0,3.0,3.0,2.38,2.99,2.12,1.79,1.98,3.49,4.11,1.82,1.8,2.68,2.72,3.12,2.33,3.3,3.2,3.83,1.74,3.56,3.8,4.43,2.6,3.87,3.56,1.85,3.86,2.88,2.9,1.58,1.33,2.81,2.98,1.94,2.77,3.21,1.82,2.66,1.45,1.13,3.8,2.23,3.52,3.0,1.92,2.39,3.31,2.91,1.31,2.27,1.11,2.33,3.48,1.9,3.24,1.37,1.0,1.34,1.48,3.02,1.16,3.27,1.0,2.93,1.8,1.02,4.61,3.9,3.2,2.68,3.14,4.78,3.73,1.19,2.51,3.99,2.27,2.38,1.12,1.01,3.46,2.77,1.25,1.94,1.47,2.03,1.56,3.29,1.33,4.61,4.54,2.86,1.65,4.24,4.97,1.34,2.18,3.46,1.5,True,True,True,True,True,True,True,True
51-4062,"Patternmakers, Metal and Plastic","Patternmakers, Metal and Plastic","Patternmakers, Metal and Plastic",0.0869565217391304,0.1521739130434782,0.217391304347826,0.0,0.1304347826086956,0.2608695652173913,-0.6131331,1,51-4062,False,0.9,1,51-4062,False,base_00,3,base_00,False,1,3.5,2.75,3.0,3.25,3.12,2.38,1.25,2.12,1.88,2.38,2.88,3.12,2.62,2.88,1.75,2.12,2.0,2.62,3.0,3.12,3.25,2.38,2.0,2.88,3.88,1.75,2.38,3.0,3.0,2.62,2.88,1.75,3.25,2.12,2.75,2.12,3.12,1.75,1.75,3.0,3.0,2.12,1.62,2.12,2.12,2.62,2.38,2.88,3.25,2.12,3.0,2.75,2.62,3.0,3.0,2.62,3.0,2.38,2.38,1.38,2.38,2.88,2.12,1.25,1.38,2.0,2.38,3.0,2.0,3.12,2.38,3.38,2.0,2.12,3.12,3.0,2.12,1.5,2.0,2.62,3.0,2.12,2.12,2.0,2.88,2.25,2.25,2.56,1.68,2.57,1.94,3.67,4.4,2.13,1.81,3.1,2.5,3.58,2.65,2.5,3.12,3.83,2.66,2.97,3.54,3.68,2.39,2.93,3.65,2.3,3.38,2.63,3.73,2.03,1.14,3.12,3.3,2.68,2.7,3.12,2.06,2.75,1.27,1.45,3.39,3.33,3.45,3.15,3.09,3.41,4.48,3.34,2.07,2.23,1.35,2.12,3.84,3.78,4.48,2.71,1.02,1.94,2.16,3.96,1.1,2.22,1.14,4.38,2.22,1.36,5.0,3.79,3.18,3.52,3.18,4.13,3.04,1.81,2.14,3.5,2.54,3.39,1.94,1.18,3.48,3.56,1.58,2.74,1.36,1.46,2.37,3.37,2.24,3.84,4.53,3.2,3.85,4.51,5.0,2.16,3.55,4.14,3.31,True,True,True,True,True,True,True,True
51-4071,Foundry Mold and Coremakers,Foundry Mold and Coremakers,Foundry Mold and Coremakers,0.0,0.0,0.0,0.0,0.0,0.0,-1.740349,1,51-4071,False,0.67,1,51-4071,False,base_00,2,base_00,False,1,3.5,3.0,2.88,3.0,2.88,2.62,1.75,2.88,2.12,2.88,2.88,3.38,2.5,2.0,2.0,2.5,2.0,2.12,2.62,3.0,3.62,2.0,2.0,3.25,3.25,1.5,2.0,3.0,2.88,2.0,2.75,2.0,3.12,2.88,3.12,2.12,3.0,1.75,2.0,2.62,2.75,2.0,1.75,2.88,3.5,2.12,3.75,2.5,3.0,2.0,2.12,2.0,2.38,2.88,2.62,2.25,2.88,2.0,2.0,1.0,2.12,2.62,2.0,1.75,1.75,2.0,2.0,3.0,2.0,2.62,1.62,3.0,2.0,1.0,2.38,2.25,2.0,1.25,2.0,2.25,2.62,2.0,1.88,1.38,2.88,2.12,2.0,2.25,2.18,2.25,1.65,3.63,3.52,2.41,2.51,2.35,3.13,1.69,2.57,3.04,3.28,3.73,2.25,4.39,3.73,3.75,2.09,3.55,3.17,2.41,3.79,3.22,3.03,2.13,1.46,4.28,2.97,2.23,1.69,2.62,2.55,2.33,1.54,1.8,2.29,2.86,2.51,1.7,2.32,3.18,4.31,3.19,1.89,2.8,1.56,2.24,3.96,1.56,4.88,2.06,1.0,3.48,3.92,4.33,2.41,3.84,1.0,4.41,4.74,2.45,4.27,3.99,3.52,3.51,3.75,4.18,2.96,1.08,3.29,1.13,4.94,3.24,2.51,1.31,3.72,3.41,1.67,3.08,1.58,1.62,2.03,4.03,1.25,4.6,4.25,3.26,1.41,4.2,5.0,2.77,3.83,3.94,2.41,True,True,True,True,True,True,True,True
51-4072,"Molding, Coremaking, and Casting Machine Setters, Operators, and Tenders, Metal and Plastic","Molding, Coremaking, and Casting Machine Setters, Operators, and Tenders, Metal and Plastic","Molding, Coremaking, and Casting Machine Setters, Operators, and Tenders, Metal and Plastic",0.0232558139534883,0.0813953488372093,0.1395348837209302,0.0,0.0348837209302325,0.0697674418604651,-1.146139,1,51-4072,False,0.95,1,51-4072,False,base_00,2,base_00,False,1,3.75,3.0,3.12,3.38,3.25,2.62,1.25,2.88,2.25,2.62,2.88,3.12,3.0,2.12,2.0,2.62,2.25,2.88,3.0,3.25,3.62,2.25,2.0,3.38,3.25,1.5,2.25,3.12,3.12,2.12,3.25,1.5,3.12,3.12,3.12,2.62,3.0,1.75,1.75,3.12,3.0,2.62,2.0,2.88,3.12,2.38,3.12,2.62,3.0,2.5,3.12,2.75,2.88,3.25,2.75,2.38,3.0,2.75,2.25,2.0,2.25,2.75,2.25,1.5,1.5,2.25,2.25,3.12,2.12,3.12,1.88,3.38,2.12,1.38,3.0,3.12,2.88,1.12,2.12,2.88,3.0,1.62,2.12,1.38,3.0,2.88,2.62,2.74,2.47,2.74,1.44,3.73,4.57,2.88,2.51,2.34,2.88,1.92,3.04,2.82,3.24,3.83,2.53,4.12,3.73,3.84,2.79,3.27,3.52,1.63,3.69,2.96,3.26,1.97,1.14,3.53,2.95,1.98,2.47,3.12,1.91,2.67,1.46,1.47,2.38,2.87,2.92,2.59,2.57,3.24,3.93,2.94,1.15,2.82,1.28,2.42,3.85,2.17,4.51,2.35,1.1,2.8,3.28,4.24,1.95,3.91,1.0,4.22,3.82,1.39,4.63,3.94,2.88,3.73,3.11,4.14,3.47,1.09,2.76,2.81,3.27,3.16,1.44,1.14,3.93,3.73,1.92,3.2,1.69,2.1,2.6,3.46,1.28,4.55,4.33,3.65,2.08,3.96,4.98,1.22,3.15,3.47,1.91,True,True,True,True,True,True,True,True
51-4081,"Multiple Machine Tool Setters, Operators, and Tenders, Metal and Plastic","Multiple Machine Tool Setters, Operators, and Tenders, Metal and Plastic","Multiple Machine Tool Setters, Operators, and Tenders, Metal and Plastic",0.0769230769230769,0.1025641025641025,0.1282051282051282,0.1025641025641025,0.141025641025641,0.1794871794871795,-0.74266,1,51-4081,False,0.91,1,51-4081,False,base_00,2,base_00,False,1,3.88,3.0,3.0,3.88,3.0,2.25,1.0,2.0,1.5,3.0,3.12,3.12,3.0,2.88,2.0,2.0,2.0,3.0,3.0,3.25,3.75,2.5,2.12,3.12,3.88,1.88,2.38,3.12,2.88,2.62,3.0,2.0,3.62,3.0,3.12,2.38,3.12,2.0,2.0,3.0,3.12,2.25,1.62,2.12,2.88,2.88,2.88,2.88,3.38,2.12,3.12,2.88,2.88,3.0,3.0,2.88,3.0,3.12,2.38,2.12,2.75,3.12,2.38,2.0,2.0,2.12,2.25,3.12,2.25,3.12,2.0,4.0,2.38,1.88,3.38,3.0,3.0,1.25,2.38,3.0,3.0,2.38,2.25,1.88,2.88,3.0,2.75,4.07,2.89,3.59,2.26,3.84,4.37,3.22,3.17,3.5,3.89,2.33,3.57,4.13,4.33,4.42,2.51,4.18,4.4,4.36,3.12,4.06,4.32,2.16,4.26,2.85,3.7,3.17,1.85,3.87,4.21,2.81,3.89,3.77,2.62,3.5,1.85,2.13,3.73,3.57,3.98,3.55,2.75,3.18,3.97,3.18,2.24,1.87,1.16,3.02,3.38,3.32,3.02,1.75,1.08,1.61,1.98,3.14,1.06,3.31,1.02,3.15,2.26,1.3,4.86,3.9,2.78,3.51,2.98,4.69,2.93,1.24,1.26,3.79,2.79,2.62,1.12,1.12,3.95,3.07,1.78,2.88,1.47,1.34,1.5,2.89,1.81,4.36,4.24,3.0,2.05,4.46,4.96,1.65,3.02,3.78,2.73,True,True,True,True,True,True,True,True
51-4111,Tool and Die Makers,Tool and Die Makers,Tool and Die Makers,0.09375,0.1875,0.28125,0.0,0.109375,0.21875,-0.5317897,1,51-4111,False,0.84,1,51-4111,False,base_00,3,base_00,False,1,3.25,2.25,3.25,3.38,3.12,2.75,1.5,2.12,1.5,2.12,2.88,3.38,2.5,2.88,1.75,2.0,1.75,2.12,3.0,3.25,3.38,3.0,2.0,3.12,3.75,1.62,2.25,3.12,3.12,2.75,2.88,1.62,3.62,2.62,2.88,2.38,3.25,1.62,1.88,3.0,3.0,2.12,1.88,2.12,2.25,2.25,2.62,2.38,3.75,2.12,3.0,2.88,3.0,3.0,3.0,2.88,3.12,3.0,3.12,1.62,2.12,3.12,2.12,1.38,1.62,1.88,2.75,3.12,1.88,3.25,2.88,3.25,1.88,1.62,3.25,2.88,2.88,1.75,1.75,2.5,2.88,2.75,2.38,2.75,3.12,3.0,2.25,2.74,1.9,2.58,1.74,3.78,3.75,2.65,2.47,2.75,2.85,3.68,2.5,2.92,3.45,4.47,2.36,3.52,3.49,3.54,3.13,3.28,4.1,2.28,3.75,2.65,3.57,1.92,1.0,2.92,3.05,2.67,2.18,3.71,1.99,2.62,1.79,1.37,3.77,3.24,3.62,3.48,2.31,3.87,4.2,2.99,1.84,2.13,1.1,1.8,4.42,3.23,3.77,2.31,1.0,2.82,2.01,4.32,1.17,3.43,1.02,4.1,2.14,1.41,4.67,4.76,3.98,3.16,3.83,4.8,2.87,1.07,1.86,3.2,3.1,2.56,1.32,1.14,3.24,2.66,1.7,2.52,1.03,1.51,2.08,2.9,1.78,4.13,4.31,2.96,2.71,4.29,5.0,2.02,3.22,3.99,2.47,True,True,True,True,True,True,True,True
51-4121,"Welders, Cutters, Solderers, and Brazers","Welders, Cutters, Solderers, and Brazers","Welders, Cutters, Solderers, and Brazers",0.0784313725490196,0.088235294117647,0.0980392156862745,0.0,0.0392156862745098,0.0784313725490196,-1.197596,1,51-4121,False,0.94,1,51-4121,False,base_00,2,base_00,False,1,3.62,2.62,2.88,3.12,3.0,2.75,1.62,2.12,2.12,2.5,2.88,3.25,2.88,2.38,2.25,2.0,2.12,2.25,2.88,2.88,3.12,2.12,1.88,2.62,3.38,1.75,2.0,3.0,2.75,2.12,2.75,1.88,3.25,2.62,2.62,2.5,3.0,1.88,2.0,2.5,2.62,2.25,1.25,2.25,2.62,2.38,2.88,2.62,2.88,2.0,2.38,1.75,2.25,2.62,2.5,2.38,2.88,1.62,2.25,1.5,2.0,2.88,2.0,1.62,1.62,1.88,2.12,3.0,1.88,2.62,1.75,2.75,1.88,1.0,3.12,2.5,1.88,1.62,2.12,2.25,2.62,2.25,2.12,1.5,2.75,2.5,1.75,2.49,2.36,2.4,1.51,3.03,2.9,2.2,2.02,2.43,2.07,2.22,2.6,2.7,2.82,3.76,1.78,3.49,3.57,3.65,2.29,2.5,2.96,1.92,3.4,2.62,2.67,1.78,1.35,3.31,2.49,1.92,1.76,2.36,1.8,2.36,1.55,1.74,2.65,2.56,2.63,2.14,2.4,3.25,3.79,2.99,1.99,2.23,1.19,1.76,3.38,1.88,4.03,2.64,1.09,3.07,2.82,3.15,1.79,3.47,1.49,3.96,3.19,1.23,4.35,3.31,3.34,3.37,3.45,4.36,3.16,1.49,1.78,2.67,3.53,2.78,1.52,1.39,2.64,3.31,1.46,3.02,1.46,1.83,2.09,3.46,2.52,3.52,4.51,2.79,2.14,4.51,4.65,2.31,3.08,3.85,2.23,True,True,True,True,True,True,True,True
51-4122,"Welding, Soldering, and Brazing Machine Setters, Operators, and Tenders","Welding, Soldering, and Brazing Machine Setters, Operators, and Tenders","Welding, Soldering, and Brazing Machine Setters, Operators, and Tenders",0.0454545454545454,0.0681818181818181,0.0909090909090909,0.0,0.0568181818181818,0.1136363636363636,-1.002411,1,51-4122,False,0.61,1,51-4122,False,base_00,2,base_00,False,1,3.25,2.88,3.0,3.62,3.0,2.75,1.38,2.5,2.12,3.0,3.0,3.0,2.88,2.12,2.12,2.0,2.12,2.62,3.0,3.12,3.25,2.0,2.0,3.12,3.75,1.88,2.0,2.88,3.0,2.12,3.0,2.0,3.12,3.0,3.0,2.25,3.12,1.75,1.88,3.0,3.0,2.12,1.62,2.12,2.88,2.12,3.0,2.25,3.25,2.0,2.88,2.5,2.62,3.0,3.0,2.62,3.0,2.38,2.12,1.12,2.12,2.75,2.0,1.62,2.0,2.12,2.12,3.0,2.0,3.25,1.88,3.38,2.0,1.12,2.25,3.0,2.25,1.75,2.0,2.38,3.0,2.12,2.12,1.62,2.62,2.25,2.25,3.03,2.83,2.87,2.16,3.64,4.14,2.39,2.88,3.06,2.97,3.0,2.48,3.0,3.47,4.09,2.74,3.77,4.0,4.02,2.86,3.39,3.61,2.58,3.93,3.66,2.85,2.26,1.83,3.23,3.22,2.95,3.0,3.59,2.53,2.55,2.04,2.13,3.59,3.1,3.48,2.62,2.58,3.88,3.71,3.99,2.09,1.97,1.1,2.41,3.19,2.48,4.25,2.84,1.24,3.01,3.31,3.29,1.8,4.06,2.25,4.54,3.89,1.35,4.69,3.47,3.76,4.21,3.86,4.38,3.26,1.21,1.76,2.54,3.92,3.42,1.69,1.58,3.35,2.6,1.57,2.88,1.32,1.6,2.29,4.22,2.19,4.26,4.17,3.29,2.43,4.28,4.92,3.24,3.55,4.17,2.11,True,True,True,True,True,True,True,True
51-4191,"Heat Treating Equipment Setters, Operators, and Tenders, Metal and Plastic","Heat Treating Equipment Setters, Operators, and Tenders, Metal and Plastic","Heat Treating Equipment Setters, Operators, and Tenders, Metal and Plastic",0.1764705882352941,0.1764705882352941,0.1764705882352941,0.0,0.0588235294117647,0.1176470588235294,-1.092486,1,51-4191,False,0.91,1,51-4191,False,base_00,2,base_00,False,1,3.75,3.0,3.0,3.38,3.12,3.0,1.25,2.88,1.75,3.0,3.0,3.25,3.12,2.0,2.12,2.88,2.12,2.88,2.88,3.25,3.5,2.75,2.12,3.62,3.5,1.75,2.62,3.0,3.12,2.0,3.25,2.12,3.5,3.12,3.62,3.0,3.25,2.0,2.12,3.12,3.12,2.38,2.12,3.25,3.38,2.5,3.38,2.88,3.12,2.5,3.0,2.88,2.75,3.12,2.75,2.88,3.0,3.0,2.5,1.25,2.88,3.0,2.62,1.62,1.75,2.38,2.88,3.12,1.88,3.75,1.88,3.75,1.88,1.75,3.12,2.88,2.75,2.0,2.12,2.62,3.12,2.12,2.12,1.0,2.75,2.75,2.88,2.55,2.05,3.14,1.41,3.74,4.2,2.41,2.4,2.34,3.44,2.1,3.31,3.34,3.31,3.67,2.41,4.25,4.06,3.6,2.69,3.39,3.46,1.62,3.36,3.85,2.81,2.25,1.78,4.16,2.93,2.46,2.45,2.84,2.41,2.74,1.73,1.25,2.44,3.2,2.87,3.3,2.79,2.77,4.01,3.17,1.63,2.92,1.25,1.91,3.58,1.91,4.44,2.85,1.1,2.69,3.31,3.52,2.34,3.49,1.25,4.26,3.96,1.22,4.11,3.29,3.55,4.06,3.25,4.15,4.14,1.04,2.93,3.02,4.07,2.69,1.51,1.04,4.01,3.42,1.42,2.96,1.47,1.75,2.1,3.9,1.73,4.54,4.47,3.78,2.91,4.6,4.79,2.12,3.68,4.01,3.24,True,True,True,True,True,True,True,True
51-4192,"Layout Workers, Metal and Plastic","Layout Workers, Metal and Plastic","Layout Workers, Metal and Plastic",0.0,0.1304347826086956,0.2608695652173913,0.0,0.1521739130434782,0.3043478260869565,-0.7221353,1,51-4192,False,0.84,1,51-4192,False,base_00,2,base_00,False,1,3.75,3.0,3.0,3.0,3.25,2.62,1.38,2.25,1.62,2.75,3.0,3.25,3.12,2.75,1.88,2.0,2.0,2.0,3.0,3.38,3.5,3.12,2.0,3.0,3.88,1.62,3.0,3.0,3.0,2.5,3.12,1.75,3.5,2.0,2.5,2.0,3.12,1.75,2.0,2.88,2.75,2.25,1.75,2.12,2.62,2.5,3.0,2.75,3.75,2.12,3.12,2.88,2.75,2.88,3.0,2.88,3.0,2.0,2.75,1.62,2.38,3.0,2.12,1.5,1.5,1.88,3.12,3.0,1.88,2.88,2.25,3.0,2.12,1.12,3.0,3.0,2.0,1.25,2.0,2.75,2.88,2.12,2.12,1.62,2.75,2.12,2.5,3.17,3.01,3.23,2.5,4.03,4.02,3.35,3.22,2.99,2.66,3.58,3.51,3.29,3.52,4.31,3.09,4.18,3.85,4.16,3.37,3.47,3.66,2.49,3.4,3.39,3.56,2.41,2.3,3.72,3.58,2.87,2.85,3.0,2.91,3.41,2.76,2.18,3.46,3.06,3.55,2.18,2.91,3.25,3.77,3.39,2.21,2.5,1.15,2.01,3.33,2.32,4.65,2.92,1.5,3.7,3.19,4.03,2.56,3.85,1.54,4.62,4.24,2.15,4.59,3.48,3.14,3.56,3.55,4.69,2.87,1.27,2.03,2.22,4.45,2.98,2.21,2.43,2.6,3.26,1.83,3.44,2.07,2.28,2.79,3.68,1.91,4.28,4.29,3.92,1.92,4.64,5.0,2.87,3.06,3.47,2.3,True,True,True,True,True,True,True,True
51-4193,"Plating Machine Setters, Operators, and Tenders, Metal and Plastic","Plating Machine Setters, Operators, and Tenders, Metal and Plastic","Plating Machine Setters, Operators, and Tenders, Metal and Plastic",0.0625,0.1041666666666666,0.1458333333333333,0.0,0.0416666666666666,0.0833333333333333,-0.8999876,1,51-4193,False,0.92,1,51-4193,False,base_00,2,base_00,False,1,3.25,2.75,3.0,3.38,3.0,2.62,1.12,2.0,1.62,2.88,2.75,3.0,3.0,2.38,1.5,2.12,2.0,2.62,3.0,3.0,3.25,2.0,2.0,3.12,3.38,1.5,2.0,3.25,3.12,2.25,3.0,1.5,3.25,2.25,2.25,2.0,3.0,1.62,1.62,3.12,3.0,2.12,1.88,2.5,3.0,2.38,3.0,2.62,2.5,2.0,2.88,2.75,2.12,3.12,2.62,3.0,3.0,2.38,2.12,1.12,2.25,2.88,2.25,1.5,1.88,2.12,2.0,3.12,2.38,3.12,1.88,3.25,2.38,1.0,3.0,3.12,2.25,2.0,2.25,2.62,3.0,2.0,2.0,1.38,3.0,2.38,2.75,2.95,2.5,3.04,2.18,4.2,4.02,2.68,2.67,2.37,3.11,1.44,2.95,2.77,3.26,3.75,2.99,4.3,4.02,3.94,2.85,3.83,4.06,1.84,4.11,3.66,3.13,1.82,1.62,2.98,3.09,2.56,1.72,2.58,2.58,3.0,1.9,1.48,3.25,3.62,3.24,2.11,2.2,3.41,3.91,3.52,2.17,2.99,1.44,2.23,3.21,1.65,4.71,2.0,1.1,3.0,4.2,3.22,2.22,3.34,1.0,4.57,3.85,1.09,4.58,3.9,3.36,3.62,2.78,4.22,3.49,1.4,2.36,2.23,4.14,2.54,1.46,1.27,3.43,3.37,1.3,2.81,1.41,1.63,2.01,3.47,1.75,4.27,4.4,3.57,1.87,4.94,4.79,2.71,4.07,4.15,1.83,True,True,True,True,True,True,True,True
51-4194,"Tool Grinders, Filers, and Sharpeners","Tool Grinders, Filers, and Sharpeners","Tool Grinders, Filers, and Sharpeners",0.0,0.0333333333333333,0.0666666666666666,0.0,0.0,0.0,-0.8809238,1,51-4194,False,0.88,1,51-4194,False,base_00,2,base_00,False,1,4.0,3.0,3.0,3.88,3.0,2.75,1.0,2.5,1.88,2.38,2.88,3.88,3.25,2.38,1.38,2.0,1.88,3.0,2.88,3.0,3.88,2.88,2.5,3.0,3.75,1.38,2.88,2.88,2.88,2.38,3.25,1.5,3.38,3.12,3.12,2.25,3.38,1.5,1.5,2.62,2.75,2.5,1.75,2.0,3.0,2.62,2.88,2.88,3.38,2.62,3.12,2.5,2.75,2.75,2.88,2.38,3.25,3.38,3.0,1.12,2.5,2.88,2.5,2.0,2.12,2.38,2.75,3.0,2.25,3.75,1.88,3.88,2.25,1.5,3.5,2.88,3.38,1.12,2.12,2.5,2.5,2.5,2.25,1.88,2.75,3.0,2.5,2.74,2.38,2.42,2.17,3.42,4.56,2.45,1.92,2.61,3.29,2.3,2.95,3.46,3.25,4.21,2.31,3.93,3.63,4.02,2.34,3.47,3.61,2.14,3.66,2.36,3.73,2.01,1.53,3.68,3.1,2.18,2.38,3.48,2.67,2.32,2.04,1.54,3.07,3.01,3.02,3.18,2.45,2.63,3.64,3.64,2.13,2.55,1.1,2.16,3.76,1.97,4.06,2.19,1.0,2.46,2.23,3.66,1.24,3.89,1.0,3.6,2.66,2.15,4.49,3.77,3.77,3.95,3.41,4.61,2.79,1.48,1.3,2.51,3.69,3.26,1.91,1.01,4.12,2.86,1.55,3.22,1.37,1.69,2.46,4.07,1.51,4.67,4.92,3.34,2.19,4.05,4.99,2.39,3.36,3.94,2.05,True,True,True,True,True,True,True,True
51-5111,Prepress Technicians and Workers,Prepress Technicians and Workers,Prepress Technicians and Workers,0.0625,0.4375,0.8125,0.03125,0.109375,0.1875,0.4107973,1,51-5111,False,0.97,1,51-5111,False,base_00,3,base_00,False,1,2.88,2.12,3.12,3.0,3.0,2.0,1.0,1.25,1.0,1.38,2.5,2.88,3.0,2.62,1.0,1.0,1.0,1.88,3.25,3.12,2.75,2.25,2.0,1.62,3.75,1.0,2.0,3.12,3.12,2.62,3.0,1.0,3.25,2.0,1.88,1.62,3.0,1.0,1.0,3.0,3.0,2.12,1.0,1.0,1.38,2.0,1.5,3.25,3.25,2.0,3.12,2.88,2.88,3.12,3.0,3.0,3.12,2.38,2.12,1.0,2.75,3.0,2.38,1.5,1.75,2.25,2.0,3.12,2.62,2.62,2.0,3.0,2.88,1.75,2.75,3.0,2.12,1.62,2.62,2.88,3.12,2.38,2.38,1.75,3.12,2.12,2.88,2.92,2.1,2.94,3.02,4.15,3.41,3.25,2.89,2.7,3.08,2.65,3.26,3.47,2.94,4.33,2.97,2.49,3.51,3.42,3.23,3.22,4.16,2.45,3.65,1.74,3.75,2.5,2.04,2.28,3.39,2.83,2.53,2.41,2.6,3.49,1.65,1.69,3.98,3.29,4.16,4.6,2.56,2.83,4.1,3.15,2.6,3.02,1.42,3.08,3.84,4.46,3.21,1.33,1.0,1.46,1.81,1.51,1.0,1.78,1.23,3.42,1.21,1.0,4.69,3.95,3.01,1.92,2.91,4.64,3.72,1.29,1.0,4.62,1.48,2.45,1.18,1.07,2.43,3.22,1.18,1.44,1.0,1.05,1.33,3.64,4.21,2.34,3.55,2.02,4.37,4.92,1.36,1.0,2.91,3.96,2.43,True,True,True,True,True,True,True,True
51-5112,Printing Press Operators,Printing Press Operators,Printing Press Operators,0.175,0.2875,0.4,0.0,0.125,0.25,-0.7093881,1,51-5112,False,0.83,1,51-5112,False,base_00,2,base_00,False,1,3.25,2.62,3.0,3.5,3.12,2.5,1.12,1.88,1.38,2.88,3.0,3.12,3.0,2.62,1.25,2.0,1.88,2.5,3.0,3.12,3.25,2.0,2.12,3.12,4.0,1.0,2.0,3.12,3.12,2.38,3.0,1.25,3.38,2.88,2.88,2.5,3.12,1.25,1.38,3.12,3.12,2.12,1.88,2.25,3.0,2.5,2.88,3.0,3.12,2.25,3.12,2.75,2.88,3.12,3.0,3.0,3.12,3.12,2.5,1.12,2.25,3.12,2.12,1.62,2.12,2.12,2.12,3.25,2.0,3.25,1.62,3.62,2.38,1.5,3.88,3.12,3.12,1.0,2.12,2.75,3.12,2.25,2.25,1.5,3.12,3.12,2.38,3.32,3.2,3.29,3.08,3.69,4.64,3.36,2.88,2.78,3.1,2.83,3.51,3.14,3.4,4.24,3.54,3.95,3.51,3.76,2.81,3.35,4.34,3.52,3.94,3.9,4.17,2.51,2.99,3.5,3.68,2.76,3.52,3.91,3.31,4.0,2.79,2.43,3.53,3.78,3.48,3.35,2.4,3.1,4.02,3.84,3.05,2.35,1.48,2.61,4.02,2.34,4.45,2.6,1.0,1.66,3.58,3.77,1.96,2.87,1.02,3.95,1.75,1.11,4.6,4.14,4.21,3.86,3.74,4.7,3.61,1.6,1.65,5.0,1.17,2.67,1.13,1.0,4.04,2.98,1.55,3.31,1.53,1.24,2.75,3.82,1.67,4.4,4.72,3.91,2.56,4.8,3.97,1.39,3.22,4.28,2.4,True,True,True,True,True,True,True,True
51-5113,Print Binding and Finishing Workers,Print Binding and Finishing Workers,Print Binding and Finishing Workers,0.0512820512820512,0.0897435897435897,0.1282051282051282,0.0,0.0641025641025641,0.1282051282051282,-0.9062089,1,51-5113,False,0.95,1,51-5113,False,base_00,2,base_00,False,1,3.38,2.62,2.88,3.12,3.25,2.5,1.5,2.62,2.38,2.75,2.75,3.5,2.88,2.5,1.75,2.25,2.25,2.5,3.12,3.0,3.38,2.0,2.38,3.0,3.5,1.75,2.0,3.38,3.38,2.38,2.88,2.0,3.5,2.75,2.88,2.12,3.12,1.88,2.0,3.25,3.12,2.38,1.38,2.5,2.75,2.5,3.12,2.75,3.25,2.12,3.12,2.88,2.5,2.88,3.0,2.88,3.25,2.88,2.5,1.88,2.88,3.12,2.5,1.62,1.62,2.5,2.12,3.12,2.12,2.88,1.25,3.38,2.12,1.62,3.0,3.12,2.88,1.12,2.62,2.62,3.0,2.5,2.38,1.62,2.88,2.62,2.75,2.97,2.5,3.02,2.39,3.62,4.29,3.05,2.87,2.57,2.83,2.07,3.07,3.3,3.31,4.21,2.61,4.04,3.76,3.7,3.31,3.61,3.93,2.11,4.19,2.76,3.58,2.42,2.03,3.61,3.3,2.44,2.69,3.52,2.44,2.62,1.88,1.45,3.05,3.22,3.03,2.83,2.28,3.09,3.57,3.29,2.51,2.23,1.18,2.7,3.46,1.57,3.71,2.47,1.0,1.24,2.44,3.71,1.15,2.57,1.0,3.95,1.48,1.03,4.7,3.42,3.6,3.55,3.76,4.31,3.6,1.19,1.47,4.28,1.87,2.68,1.1,1.05,3.57,3.21,1.12,2.96,1.17,1.48,1.77,4.19,1.54,4.71,4.29,3.25,1.98,3.87,3.93,1.16,3.41,4.55,1.72,True,True,True,True,True,True,True,True
51-6011,Laundry and Dry-Cleaning Workers,Laundry and Dry-Cleaning Workers,Laundry and Dry-Cleaning Workers,0.025,0.05,0.075,0.0,0.05,0.1,-1.054399,1,51-6011,False,0.71,1,51-6011,False,base_00,2,base_00,False,1,3.25,2.25,2.75,3.0,2.75,2.0,1.25,2.25,1.75,2.38,2.25,2.88,2.38,2.12,1.0,2.25,2.12,2.0,2.75,2.88,3.0,1.62,1.75,2.88,3.0,1.0,1.62,3.0,3.0,2.0,2.38,1.0,2.88,2.25,2.25,1.75,2.75,1.0,1.0,2.88,3.0,2.0,1.62,2.25,2.25,2.25,2.88,2.75,2.38,1.5,2.75,2.0,2.62,3.0,2.38,2.5,2.75,1.75,1.75,1.0,2.38,2.75,2.25,1.62,1.62,2.25,1.62,3.0,2.25,2.75,1.62,2.88,2.25,1.0,2.25,2.75,1.75,1.0,2.38,2.88,2.88,2.0,2.0,1.0,2.88,2.12,2.12,1.97,3.1,2.71,2.18,3.49,3.62,2.89,2.98,2.09,1.71,2.0,3.33,2.64,2.74,3.02,2.77,3.74,3.24,3.31,1.99,2.74,2.89,2.72,3.17,2.04,3.64,1.98,2.53,3.65,2.55,2.54,2.5,2.57,2.68,2.87,2.05,2.28,2.07,3.06,2.1,1.99,2.09,1.92,3.23,2.82,2.49,2.57,1.49,3.27,3.18,1.37,2.99,1.32,3.19,1.61,2.13,1.51,1.16,1.89,1.38,2.01,1.93,1.42,3.85,2.92,2.83,4.26,3.49,3.93,3.07,1.04,1.18,3.5,1.69,3.43,1.59,1.49,4.12,3.12,1.8,3.39,1.16,2.14,2.3,4.13,1.38,4.62,3.99,3.68,2.03,3.91,4.09,2.3,3.74,3.72,1.62,True,True,True,True,True,True,True,True
51-6021,"Pressers, Textile, Garment, and Related Materials","Pressers, Textile, Garment, and Related Materials","Pressers, Textile, Garment, and Related Materials",0.0,0.0104166666666666,0.0208333333333333,0.0,0.0208333333333333,0.0416666666666666,-1.950063,1,51-6021,False,0.81,1,51-6021,False,base_00,2,base_00,False,1,3.38,2.12,2.25,3.25,2.5,2.38,1.62,2.75,1.62,2.88,2.5,3.12,2.12,2.0,1.0,2.12,1.88,2.12,2.38,2.5,3.62,1.62,1.88,3.12,3.25,1.0,1.62,2.5,2.25,1.88,2.25,1.0,2.62,2.88,3.0,2.25,2.5,1.0,1.0,2.0,2.25,1.88,2.38,2.62,2.5,1.62,3.0,2.25,2.12,2.25,1.88,1.88,2.12,2.0,2.25,2.0,2.5,2.25,2.0,1.25,1.25,2.12,1.75,1.5,1.5,1.5,1.62,2.38,1.75,3.0,1.5,2.5,1.75,1.0,2.12,2.0,1.75,1.0,1.88,2.0,2.12,1.62,1.88,1.5,2.5,2.25,1.75,2.14,2.98,2.43,1.47,3.33,3.9,2.15,2.15,2.58,2.18,1.97,1.83,2.55,2.72,3.55,1.93,3.79,2.73,3.36,2.32,2.68,2.83,2.26,2.83,2.28,3.25,1.23,2.19,3.79,2.5,2.06,2.23,2.77,2.42,3.03,1.74,1.31,2.74,2.38,2.56,2.06,2.05,2.31,3.43,2.24,2.58,2.65,1.35,2.55,3.95,1.47,2.56,1.69,1.15,1.45,1.79,2.16,1.15,3.75,1.15,2.61,2.83,1.15,4.08,2.69,1.47,3.31,2.08,4.07,2.84,1.0,1.0,3.04,2.47,3.38,1.58,1.29,4.19,2.4,1.9,3.43,1.15,1.29,1.46,3.68,1.55,4.28,4.24,2.74,1.88,3.94,1.75,1.18,2.9,3.46,1.51,True,True,True,True,True,True,True,True
51-6031,Sewing Machine Operators,Sewing Machine Operators,Sewing Machine Operators,0.0465116279069767,0.0813953488372093,0.1162790697674418,0.0,0.0232558139534883,0.0465116279069767,-0.9639661,1,51-6031,False,0.89,1,51-6031,False,base_00,2,base_00,False,1,3.75,2.12,2.88,3.5,3.0,2.75,1.12,2.12,1.38,2.25,2.75,3.25,2.75,1.88,1.0,2.0,1.88,2.25,2.88,3.12,3.62,2.0,1.88,3.12,3.38,1.0,2.0,2.88,2.88,1.75,2.88,1.0,3.0,3.12,3.0,2.25,2.88,1.0,1.12,2.5,2.62,2.0,1.75,2.12,2.12,2.0,2.12,3.0,3.0,2.5,2.62,2.0,2.12,2.75,2.75,2.5,2.75,2.0,1.5,1.0,2.0,2.75,2.12,1.75,1.75,1.75,2.0,3.12,1.75,2.62,1.62,2.75,1.75,1.0,2.75,2.62,1.88,1.0,1.75,2.38,2.12,1.88,1.88,1.0,2.75,2.12,2.0,2.09,2.26,2.34,1.61,3.19,3.38,2.35,2.15,2.27,2.18,2.45,2.67,2.65,2.67,3.24,2.13,3.57,3.25,3.42,2.45,2.54,2.74,2.15,2.87,2.33,2.95,2.04,1.67,2.9,2.63,2.15,1.96,2.6,2.24,1.94,1.65,1.6,2.39,2.87,2.56,1.86,2.05,1.89,3.55,2.32,1.48,2.66,1.07,1.88,3.29,1.34,2.81,1.56,1.0,1.76,1.49,1.74,1.1,1.64,1.0,2.73,1.82,1.21,3.52,3.0,2.68,2.47,2.96,3.98,2.61,1.0,1.0,3.57,2.11,2.59,1.0,1.0,3.03,3.49,1.79,3.28,1.02,1.49,1.5,4.44,4.44,1.82,4.68,1.65,1.64,3.76,2.87,1.36,2.63,3.42,1.42,True,True,True,True,True,True,True,True
51-6041,Shoe and Leather Workers and Repairers,Shoe and Leather Workers and Repairers,Shoe and Leather Workers and Repairers,0.0,0.0588235294117647,0.1176470588235294,0.0,0.0588235294117647,0.1176470588235294,-0.990912,1,51-6041,False,0.52,1,51-6041,False,base_00,2,base_00,False,1,3.25,2.25,3.0,3.0,3.0,2.12,1.12,2.25,2.0,2.12,2.75,3.25,2.25,2.25,1.38,1.88,1.88,2.38,3.0,3.0,3.0,2.0,1.75,2.88,3.5,1.38,2.0,3.0,2.88,2.25,2.25,1.38,3.12,2.25,2.75,2.0,3.0,1.5,1.38,3.0,3.0,2.0,1.25,2.0,2.25,2.0,2.62,2.75,3.0,2.12,2.75,2.25,2.38,3.0,2.38,2.88,3.0,1.5,2.0,1.0,2.25,2.88,1.62,1.62,1.88,2.12,1.88,3.0,2.0,2.25,1.62,2.88,2.25,1.0,2.5,2.88,1.5,1.0,2.88,2.88,3.0,1.88,1.5,1.38,2.75,2.0,2.12,2.78,2.78,2.64,2.25,3.37,3.76,2.41,2.93,2.53,2.22,2.41,3.28,3.41,3.71,3.59,2.4,3.73,3.49,3.95,2.84,3.61,3.65,2.81,3.8,2.52,2.79,2.42,2.41,3.47,3.04,2.35,1.22,2.55,2.88,2.18,2.42,2.25,3.3,3.03,2.72,2.36,2.21,2.67,4.25,2.25,3.51,2.75,1.01,2.01,4.29,2.21,4.46,1.83,1.0,1.2,1.58,4.4,1.0,2.7,1.0,4.08,1.34,1.04,4.72,4.33,3.56,2.46,3.35,4.19,2.39,1.0,1.0,4.32,1.77,3.04,1.0,1.09,2.82,2.96,1.02,2.54,1.09,1.1,1.45,4.29,2.05,4.3,5.0,3.13,3.92,4.03,2.17,1.49,2.58,2.51,1.61,True,True,True,True,True,True,True,True
51-6042,Shoe Machine Operators and Tenders,Shoe Machine Operators and Tenders,Shoe Machine Operators and Tenders,0.0869565217391304,0.0869565217391304,0.0869565217391304,0.0,0.0217391304347826,0.0434782608695652,-1.029855,1,51-6042,False,0.97,1,51-6042,False,base_00,2,base_00,False,1,3.62,2.12,2.88,3.62,2.75,2.62,1.12,2.0,1.38,3.0,2.88,3.12,2.62,2.25,1.62,2.0,2.0,2.62,2.75,2.75,3.12,2.0,2.12,3.0,3.88,1.25,2.0,2.88,3.0,2.12,3.0,1.25,3.0,2.88,3.0,2.25,3.0,1.38,1.5,2.75,2.88,2.0,1.12,2.12,2.5,2.0,2.88,2.75,2.88,2.25,2.75,2.0,2.12,3.0,2.62,2.25,3.0,2.88,2.5,1.0,2.12,2.62,2.12,1.88,1.88,2.12,2.0,3.0,2.12,3.0,1.75,3.0,2.12,1.25,2.88,3.12,2.62,1.12,2.12,2.25,2.75,2.12,2.12,1.38,2.75,2.75,2.12,2.49,2.84,3.29,2.44,4.04,3.82,3.46,3.31,3.26,3.12,3.18,3.72,3.41,3.1,3.08,3.15,4.11,3.06,3.77,2.96,3.54,3.28,2.96,3.4,2.78,3.72,2.6,2.37,3.04,3.23,3.23,2.51,2.88,3.04,2.88,2.48,2.73,3.15,3.61,3.64,2.97,2.61,1.72,4.23,3.08,1.68,3.26,1.93,1.47,3.82,2.02,3.34,2.13,1.01,1.9,2.31,3.8,1.0,2.18,1.0,3.8,2.23,1.0,4.21,3.52,3.63,2.82,3.57,4.41,3.75,1.65,1.01,3.72,3.13,2.57,1.02,1.02,3.71,3.28,1.53,3.15,1.0,1.87,1.51,4.85,3.3,3.26,5.0,2.18,1.74,3.89,4.38,1.0,3.46,3.87,1.8,True,True,True,True,True,True,True,True
51-6051,"Sewers, Hand","Sewers, Hand","Sewers, Hand",0.0,0.0416666666666666,0.0833333333333333,0.0,0.0416666666666666,0.0833333333333333,-0.5987218,1,51-6051,False,0.99,1,51-6051,False,base_00,2,base_00,False,1,4.0,2.0,3.12,3.25,2.75,2.62,1.25,1.5,1.12,1.5,2.75,4.12,2.5,2.5,1.0,1.0,1.25,1.88,2.38,3.12,4.12,2.0,2.0,3.0,3.75,1.0,2.0,2.62,2.5,2.38,2.62,1.0,2.88,2.25,2.0,1.88,2.75,1.0,1.25,2.38,2.5,2.0,1.0,1.12,2.0,2.0,1.88,3.0,3.12,2.5,2.0,2.0,2.38,2.62,2.62,2.12,2.5,1.0,1.38,1.0,2.0,2.88,2.0,1.5,1.88,2.0,2.0,2.62,1.88,2.25,1.88,2.25,1.88,1.12,2.25,2.5,1.0,1.0,2.12,2.12,2.62,2.0,1.75,1.38,2.75,2.0,1.88,2.45,3.59,2.0,1.53,3.15,4.1,1.59,1.37,2.65,1.45,1.79,2.25,2.72,2.61,3.27,1.2,3.3,3.24,3.88,2.34,3.02,3.63,1.48,3.06,1.3,3.64,1.44,1.95,2.21,2.98,1.68,2.24,2.2,1.75,3.11,1.35,1.06,3.05,2.64,3.21,2.53,2.08,2.59,3.36,3.51,3.15,1.95,1.16,2.12,4.19,2.47,2.43,1.53,1.32,1.48,1.0,2.49,1.0,1.7,1.0,3.38,1.11,1.0,4.47,2.88,2.59,3.07,2.72,4.75,3.13,1.53,1.0,2.12,3.0,3.12,1.05,1.0,3.82,2.85,1.87,2.84,1.0,1.35,1.32,4.3,2.65,3.74,3.6,2.23,2.83,3.21,1.59,1.0,2.61,4.13,2.39,True,True,True,True,True,True,True,True
51-6052,"Tailors, Dressmakers, and Custom Sewers","Tailors, Dressmakers, and Custom Sewers","Tailors, Dressmakers, and Custom Sewers",0.0454545454545454,0.0909090909090909,0.1363636363636363,0.0,0.0681818181818181,0.1363636363636363,-0.4305268,1,51-6052,False,0.84,1,51-6052,False,base_00,2,base_00,False,1,3.88,2.0,3.0,3.5,2.62,2.0,1.0,2.0,1.38,2.0,2.5,3.88,2.62,2.88,1.0,1.75,1.38,2.0,2.62,3.0,3.12,1.88,2.0,2.88,3.75,1.0,2.0,3.62,3.0,3.0,2.62,1.0,2.88,2.62,2.38,1.75,2.88,1.0,1.12,3.0,3.0,2.12,1.0,2.0,2.0,2.12,2.25,2.88,3.88,2.25,2.88,2.75,2.62,3.0,2.62,2.62,3.0,2.0,2.0,1.0,2.12,2.75,2.0,1.75,1.62,2.0,1.88,2.75,2.12,2.25,2.38,2.5,2.12,1.0,2.12,2.62,2.0,1.0,2.62,2.88,3.0,2.0,2.0,1.88,3.12,2.12,2.5,2.15,2.11,1.63,2.51,2.66,3.82,1.85,2.0,2.89,2.16,1.88,2.31,2.46,2.75,3.05,1.99,2.68,3.15,3.03,2.3,3.19,3.33,2.28,2.31,2.21,3.57,1.56,3.03,2.88,2.46,1.92,1.25,2.58,2.83,2.94,2.46,1.07,3.55,1.98,3.24,1.4,2.0,3.01,3.8,3.24,3.98,2.42,1.16,2.13,3.9,2.65,1.84,1.03,1.06,1.16,1.0,1.82,1.03,2.15,1.0,2.32,1.52,1.05,3.74,4.4,3.83,3.16,4.14,4.53,3.17,1.34,1.0,4.37,1.47,2.74,1.14,1.15,3.71,3.58,1.65,2.72,1.05,1.12,1.67,3.58,3.82,2.6,4.83,2.09,4.05,4.53,1.98,1.0,3.53,3.67,2.63,True,True,True,True,True,True,True,True
51-6061,Textile Bleaching and Dyeing Machine Operators and Tenders,Textile Bleaching and Dyeing Machine Operators and Tenders,Textile Bleaching and Dyeing Machine Operators and Tenders,0.131578947368421,0.1578947368421052,0.1842105263157894,0.0,0.1184210526315789,0.2368421052631578,-0.8609312,1,51-6061,False,0.97,1,51-6061,False,base_00,2,base_00,False,1,3.62,2.62,3.0,3.62,3.12,2.25,1.25,2.25,1.62,2.5,3.0,3.12,3.0,2.5,1.5,2.12,2.0,2.38,3.0,3.12,3.25,2.38,2.0,2.88,3.38,1.62,2.5,3.12,3.0,2.38,3.12,1.62,3.0,3.12,3.0,2.25,3.12,1.62,1.88,2.75,3.0,2.5,2.12,2.5,3.0,2.5,3.0,3.25,3.0,2.62,2.75,2.5,2.12,3.0,2.62,2.75,2.88,2.62,2.5,1.75,2.0,2.88,2.0,1.62,1.75,2.0,2.5,3.0,2.0,3.38,1.62,3.75,2.0,1.38,2.88,2.88,2.5,1.62,2.0,2.62,2.88,2.12,2.12,1.62,3.0,2.62,2.5,3.22,2.22,2.41,1.58,3.42,3.89,2.29,2.35,2.5,2.6,1.98,2.34,2.88,3.29,4.08,2.11,4.0,3.59,4.11,2.98,2.96,3.65,1.82,3.91,3.06,3.23,2.08,1.63,3.42,3.25,1.93,1.77,2.7,2.31,2.85,1.47,1.39,2.69,2.86,3.56,2.99,1.97,3.0,4.17,2.94,2.08,2.64,1.23,2.7,3.29,1.78,4.7,2.31,1.07,2.79,4.0,3.87,2.18,3.2,1.03,3.97,4.06,1.0,4.58,3.76,3.84,3.94,3.6,4.19,3.51,1.48,1.99,1.96,4.6,3.04,1.17,1.2,4.29,3.31,1.81,2.88,1.97,1.61,2.03,3.31,1.58,4.63,3.98,4.07,2.86,3.82,4.52,1.72,3.22,4.05,1.5,True,True,True,True,True,True,True,True
51-6062,"Textile Cutting Machine Setters, Operators, and Tenders","Textile Cutting Machine Setters, Operators, and Tenders","Textile Cutting Machine Setters, Operators, and Tenders",0.1071428571428571,0.1607142857142857,0.2142857142857142,0.0,0.1428571428571428,0.2857142857142857,-1.022949,1,51-6062,False,0.95,1,51-6062,False,base_00,2,base_00,False,1,3.62,3.12,3.0,3.12,3.0,3.0,1.5,2.25,1.62,2.88,2.88,3.12,2.88,2.0,1.75,2.12,1.88,2.88,2.88,3.25,3.25,2.0,2.12,3.12,3.12,1.5,2.0,3.0,3.0,2.0,3.0,1.88,3.12,3.0,3.12,3.0,3.12,2.0,1.75,3.0,2.88,2.12,2.0,2.75,3.12,2.0,3.12,2.88,3.0,2.25,2.75,2.12,2.5,3.0,2.75,3.0,2.88,3.0,2.5,1.75,2.25,2.88,2.0,1.75,1.88,2.38,2.12,3.12,1.88,3.38,1.75,3.75,1.88,1.75,3.12,2.75,3.0,1.0,1.88,2.5,3.0,2.38,2.12,1.75,2.88,3.0,2.62,2.67,2.4,2.77,1.9,3.78,3.94,2.88,2.79,2.32,3.06,2.53,3.13,3.57,3.35,3.95,2.89,3.69,3.92,3.84,2.73,3.15,3.51,2.58,4.11,2.67,3.14,2.63,1.37,3.6,3.18,2.2,2.68,3.11,2.38,2.67,1.76,1.61,2.73,3.16,2.7,3.05,2.48,3.26,3.35,2.43,1.54,3.14,1.1,2.56,2.34,1.73,3.69,2.12,1.0,2.06,1.63,3.5,2.0,2.83,1.0,4.04,2.75,1.0,4.7,3.07,2.68,2.3,2.82,4.36,3.27,1.13,1.75,2.84,3.72,2.09,1.42,1.05,4.1,3.16,1.04,2.66,1.56,1.3,1.98,3.39,1.81,4.37,4.29,3.57,1.88,3.88,2.13,1.0,2.58,3.53,1.7,True,True,True,True,True,True,True,True
51-6063,"Textile Knitting and Weaving Machine Setters, Operators, and Tenders","Textile Knitting and Weaving Machine Setters, Operators, and Tenders","Textile Knitting and Weaving Machine Setters, Operators, and Tenders",0.125,0.15625,0.1875,0.0,0.125,0.25,-1.241662,1,51-6063,False,0.73,1,51-6063,False,base_00,2,base_00,False,1,3.88,3.0,2.75,3.62,2.88,2.0,1.25,1.88,1.38,2.88,2.38,3.62,2.75,2.0,1.25,2.0,1.88,2.5,2.75,2.88,3.25,2.0,2.0,3.5,3.12,1.0,2.0,3.12,3.0,2.12,2.88,1.0,3.12,2.62,3.0,2.38,3.12,1.25,1.12,2.88,2.88,2.0,1.75,2.75,2.62,2.12,3.25,2.88,3.0,2.25,2.75,2.5,2.0,3.0,2.5,2.38,2.88,2.5,2.25,1.62,2.12,2.5,2.12,1.5,1.5,2.0,1.88,3.12,1.88,3.0,1.75,3.38,1.62,1.25,2.88,2.75,2.25,1.12,2.12,2.25,2.88,2.12,2.0,1.25,2.62,2.5,2.38,3.08,2.6,2.46,1.93,4.1,4.15,2.97,2.7,2.4,3.21,1.99,3.09,3.09,3.43,3.98,2.59,3.72,3.69,3.69,2.56,3.48,3.46,1.89,3.87,2.0,3.22,2.08,2.07,3.83,3.3,2.84,3.06,3.06,2.39,2.71,2.46,1.94,2.9,3.14,3.32,2.61,2.19,2.27,3.75,2.62,1.44,2.38,1.04,1.87,3.55,1.73,3.47,1.67,1.33,1.43,1.37,2.82,1.0,3.02,1.0,4.41,1.24,1.0,4.25,3.79,2.91,3.6,3.06,3.98,3.48,1.18,1.39,3.62,2.27,2.68,1.0,1.0,4.2,3.33,1.87,2.94,1.1,1.82,2.21,3.5,2.07,4.03,4.81,3.94,1.77,4.06,4.59,1.22,3.38,3.65,1.88,True,True,True,True,True,True,True,True
51-6064,"Textile Winding, Twisting, and Drawing Out Machine Setters, Operators, and Tenders","Textile Winding, Twisting, and Drawing Out Machine Setters, Operators, and Tenders","Textile Winding, Twisting, and Drawing Out Machine Setters, Operators, and Tenders",0.0857142857142857,0.0857142857142857,0.0857142857142857,0.0,0.0714285714285714,0.1428571428571428,-1.392929,1,51-6064,False,0.96,1,51-6064,False,base_00,2,base_00,False,1,3.62,3.0,3.0,3.5,2.88,2.88,1.62,2.62,1.62,3.12,3.0,3.38,3.0,2.0,1.38,2.88,2.0,2.88,2.75,2.88,3.38,2.0,2.12,3.25,3.25,1.0,2.0,2.75,3.0,2.0,3.0,1.38,3.12,3.0,3.38,2.62,3.12,1.12,1.38,3.0,2.88,2.38,2.38,2.88,3.12,2.12,3.25,3.0,3.0,3.0,2.38,2.12,2.38,3.0,2.5,2.62,3.0,2.62,2.25,1.62,2.38,2.62,2.38,1.75,1.75,2.38,2.0,3.0,1.88,3.5,1.75,3.62,1.88,1.0,3.12,2.5,2.5,1.0,2.0,2.5,3.12,2.25,2.25,1.38,2.5,2.88,2.38,2.54,2.2,2.18,1.79,3.67,3.43,2.06,2.25,2.41,2.7,2.22,2.35,3.46,3.13,3.8,2.32,3.72,3.46,3.64,2.47,3.06,3.4,1.97,3.28,2.43,2.72,1.7,1.54,3.04,2.69,2.0,2.08,3.29,2.0,2.16,1.46,1.39,2.42,3.04,2.62,2.43,1.98,2.83,3.67,2.58,1.65,2.54,1.28,2.58,2.9,1.28,3.46,1.84,1.21,3.02,1.55,2.5,1.06,3.03,1.17,4.48,2.82,1.37,3.8,3.07,2.34,3.06,2.68,3.87,3.36,1.09,1.34,3.36,3.24,2.42,1.18,1.09,4.17,3.54,1.62,3.26,1.15,1.77,2.05,4.11,1.43,4.62,4.65,4.73,1.49,3.27,4.19,1.53,2.75,4.01,2.11,True,True,True,True,True,True,True,True
51-6091,"Extruding and Forming Machine Setters, Operators, and Tenders, Synthetic and Glass Fibers","Extruding and Forming Machine Setters, Operators, and Tenders, Synthetic and Glass Fibers","Extruding and Forming Machine Setters, Operators, and Tenders, Synthetic and Glass Fibers",0.0689655172413793,0.0689655172413793,0.0689655172413793,0.0,0.0862068965517241,0.1724137931034483,-0.8596925,1,51-6091,False,0.88,1,51-6091,False,base_00,2,base_00,False,1,3.38,3.0,3.0,3.75,3.12,2.62,1.12,2.5,1.62,2.88,2.75,3.38,3.0,2.38,2.0,2.0,2.0,2.62,3.12,3.12,3.25,2.25,2.0,3.25,3.5,1.88,2.0,3.38,3.12,2.25,3.0,2.0,3.75,3.12,3.25,2.88,3.0,2.0,2.0,3.0,2.88,2.12,2.12,2.12,2.75,3.0,3.0,2.62,3.0,2.5,3.0,2.62,2.75,3.0,3.0,3.0,2.88,2.62,2.62,1.0,2.25,3.0,2.25,1.75,2.0,2.12,2.0,3.5,2.12,3.75,2.0,4.0,2.25,1.25,3.0,2.88,2.88,1.25,2.12,2.62,3.0,2.0,2.0,1.5,3.0,2.88,2.62,3.42,2.4,2.97,1.61,3.78,4.38,2.63,2.84,2.54,3.65,1.87,2.71,3.31,3.65,4.42,2.92,3.89,4.16,4.16,2.83,3.84,3.88,2.09,4.41,4.06,2.85,1.97,1.45,3.48,3.75,2.37,2.11,3.11,2.45,2.66,1.45,2.08,2.85,3.33,3.29,2.67,3.08,3.77,4.45,3.63,2.21,2.81,1.18,3.11,3.61,3.65,4.65,2.3,1.12,2.06,2.57,3.33,2.09,3.0,1.28,4.66,4.22,1.26,4.92,3.67,4.19,3.79,3.89,4.04,3.31,1.7,2.56,4.46,3.25,3.1,1.73,1.12,3.61,3.19,2.35,2.61,1.64,1.52,1.71,3.01,2.24,3.35,3.88,2.94,4.01,3.88,5.0,1.81,3.74,4.56,3.09,True,True,True,True,True,True,True,True
51-6092,Fabric and Apparel Patternmakers,Fabric and Apparel Patternmakers,Fabric and Apparel Patternmakers,0.125,0.46875,0.8125,0.0,0.1875,0.375,-0.0831096,1,51-6092,False,0.0049,1,51-6092,False,base_00,3,base_00,False,1,3.12,2.12,3.38,3.0,3.62,2.5,1.0,2.0,1.12,2.0,3.12,3.5,3.12,3.25,1.0,2.0,2.0,2.12,3.25,3.75,3.12,3.62,2.25,2.88,4.0,1.0,3.5,3.38,3.62,3.75,3.25,1.0,3.25,2.0,2.0,1.75,3.25,1.0,1.0,3.12,3.12,2.62,1.12,2.0,2.12,3.0,2.38,3.0,4.0,2.25,3.62,3.12,3.12,3.38,3.0,2.88,3.75,1.12,1.5,1.0,2.88,3.25,3.0,2.0,2.0,2.12,3.12,3.12,2.5,2.5,2.88,3.0,2.62,2.0,3.12,3.12,1.25,1.12,2.88,2.88,3.12,2.75,2.75,2.12,3.25,2.12,3.0,3.4,2.42,2.54,2.82,4.19,2.59,2.94,2.82,3.18,3.54,2.96,3.41,3.53,3.32,4.42,2.53,3.06,4.01,3.58,3.41,3.17,3.85,2.06,4.16,1.72,3.47,2.49,1.24,3.15,3.73,2.61,1.83,1.71,2.17,2.95,1.88,1.64,3.92,3.04,3.68,3.73,2.88,3.29,4.52,4.24,2.54,2.34,1.06,2.21,4.21,3.67,2.24,1.48,1.05,1.36,1.0,1.78,1.19,1.84,1.05,2.53,1.17,1.0,4.78,4.27,4.19,2.27,3.81,4.72,3.24,1.1,1.05,3.95,1.55,2.13,1.05,1.0,1.66,2.97,1.52,2.2,1.05,1.45,1.75,3.64,3.06,3.17,3.78,2.07,4.03,4.07,1.7,1.0,3.51,4.53,3.44,True,True,True,True,True,True,True,True
51-6093,Upholsterers,Upholsterers,Upholsterers,0.1176470588235294,0.1911764705882352,0.2647058823529412,0.0294117647058823,0.088235294117647,0.1470588235294117,-1.313735,1,51-6093,False,0.39,1,51-6093,False,base_00,2,base_00,False,1,4.0,2.62,3.0,3.75,3.0,3.0,1.25,2.88,2.25,3.12,2.88,4.0,3.0,2.88,2.0,2.75,2.25,2.5,2.88,3.12,4.0,2.5,2.0,3.75,3.88,1.88,2.62,3.0,3.0,3.0,2.88,1.88,3.25,2.5,2.62,2.5,3.0,2.0,2.0,3.0,2.88,2.5,1.75,2.5,3.0,2.25,3.12,3.75,3.62,2.12,3.25,2.62,3.0,3.0,3.0,2.75,3.5,2.25,2.62,1.25,2.5,3.0,2.75,2.12,2.0,2.38,2.5,3.0,2.38,2.75,2.12,2.88,2.5,1.0,2.75,3.12,2.5,1.25,2.88,2.88,3.0,2.12,2.25,1.88,3.0,2.38,2.62,2.67,2.39,2.83,2.93,3.13,3.18,3.31,2.47,2.89,2.15,2.52,2.98,3.65,3.24,3.83,2.57,3.99,3.47,3.86,2.27,3.57,3.62,2.88,3.27,2.61,3.49,2.82,2.95,3.7,3.07,2.56,1.72,2.69,2.92,3.17,3.21,2.12,3.5,2.76,3.24,2.29,2.38,2.3,3.65,3.15,2.59,2.78,1.54,1.2,3.65,1.05,3.04,2.34,1.09,1.85,2.18,2.93,1.11,3.54,1.0,3.25,1.75,1.11,3.79,3.21,3.18,2.84,3.46,4.33,2.21,1.29,1.31,3.59,2.56,3.71,1.2,1.2,2.3,3.46,1.53,3.8,1.28,1.96,2.64,4.14,1.61,4.63,4.89,3.44,2.12,3.86,3.93,1.31,3.17,3.08,1.46,True,True,True,True,True,True,True,True
51-7011,Cabinetmakers and Bench Carpenters,Cabinetmakers and Bench Carpenters,Cabinetmakers and Bench Carpenters,0.0588235294117647,0.1176470588235294,0.1764705882352941,0.0,0.0441176470588235,0.088235294117647,-1.327489,1,51-7011,False,0.92,1,51-7011,False,base_00,2,base_00,False,1,3.88,3.0,3.0,3.75,3.12,3.0,1.25,2.88,2.0,3.0,3.0,3.88,2.88,2.88,1.75,2.88,2.12,3.0,3.0,3.12,3.88,2.88,2.12,3.62,3.88,1.75,2.75,3.0,3.0,2.88,3.0,1.75,3.25,2.75,3.25,3.0,3.0,1.88,2.12,2.88,3.0,2.62,2.62,2.75,3.25,2.38,3.62,2.88,3.5,2.62,3.12,2.75,2.75,2.88,2.88,2.75,3.0,2.88,3.0,1.62,2.25,3.0,2.25,1.75,1.75,2.5,2.88,3.12,2.0,3.12,3.0,3.5,2.25,1.62,3.38,2.88,2.88,1.38,2.38,2.62,3.0,2.0,2.25,1.88,3.0,3.0,2.38,3.23,2.09,2.12,2.48,3.42,4.13,2.47,2.45,2.55,2.26,2.78,2.78,3.84,3.37,4.18,2.09,4.13,3.6,3.74,3.06,3.36,3.87,2.45,3.37,2.82,3.21,2.47,3.24,3.9,3.31,1.7,2.53,3.11,2.68,2.86,2.88,1.32,3.36,2.55,3.01,1.88,2.27,2.5,4.03,3.39,3.23,3.25,1.0,2.13,3.57,1.0,3.81,2.24,1.01,1.93,2.96,4.16,1.8,2.75,1.0,3.39,2.96,1.25,4.88,3.64,3.61,3.4,3.77,4.11,2.67,1.57,1.93,2.53,4.42,3.01,1.86,1.74,2.31,3.21,1.21,3.43,1.83,1.63,2.51,3.48,1.49,4.64,4.29,3.4,2.95,4.11,4.76,1.8,2.49,3.85,2.84,True,True,True,True,True,True,True,True
51-7021,Furniture Finishers,Furniture Finishers,Furniture Finishers,0.0,0.0285714285714285,0.0571428571428571,0.0,0.0714285714285714,0.1428571428571428,-1.197727,1,51-7021,False,0.87,1,51-7021,False,base_00,2,base_00,False,1,3.75,2.75,3.12,3.5,3.0,2.5,1.25,3.12,1.75,2.88,3.0,3.12,3.12,2.5,1.62,2.62,2.12,2.75,3.12,3.0,3.62,2.0,2.0,3.12,4.0,1.38,2.0,3.12,3.12,2.88,3.0,1.38,3.12,2.5,2.38,2.25,3.25,1.5,1.38,2.88,3.0,2.5,2.38,2.88,3.25,2.12,3.25,3.88,3.38,2.75,3.0,2.25,2.75,3.12,2.88,2.88,3.12,2.25,2.38,1.0,2.75,3.0,2.5,1.88,2.12,2.62,2.0,3.12,2.25,2.75,2.12,3.0,2.5,1.12,2.88,2.75,2.38,1.12,2.88,2.75,3.0,2.12,2.12,1.5,3.0,2.5,2.38,2.71,2.92,2.82,2.46,3.64,2.88,3.02,2.78,2.93,2.58,1.97,3.53,3.23,3.6,4.09,2.85,3.81,3.72,3.89,2.78,3.64,3.98,2.74,3.69,2.23,3.48,2.26,2.37,3.71,3.16,2.83,1.63,2.68,2.95,2.78,2.07,2.36,3.64,3.17,3.64,2.55,2.83,2.33,3.3,3.18,1.45,2.39,1.18,1.36,3.03,1.4,4.66,1.23,1.09,2.1,4.01,2.34,1.18,1.63,1.0,3.65,2.33,1.09,3.88,3.81,3.58,3.22,3.57,4.22,2.08,1.51,1.26,2.47,3.49,2.45,1.3,1.32,2.07,3.17,1.77,3.28,1.18,1.75,2.36,3.63,1.52,4.65,4.84,3.59,1.96,3.82,4.93,2.63,3.82,3.75,1.75,True,True,True,True,True,True,True,True
51-7031,"Model Makers, Wood","Model Makers, Wood","Model Makers, Wood",0.0769230769230769,0.1538461538461538,0.2307692307692307,0.0,0.1538461538461538,0.3076923076923077,-0.7278869,1,51-7031,False,0.96,1,51-7031,False,base_00,3,base_00,False,1,3.75,2.62,3.12,3.5,3.0,2.5,1.0,2.12,1.5,2.62,2.88,3.75,3.0,2.88,1.62,2.0,2.0,2.62,3.0,3.38,3.5,2.62,2.0,3.12,3.88,1.5,2.62,3.38,3.12,3.12,3.0,1.75,3.38,2.25,3.0,2.25,3.0,1.62,1.75,3.0,3.0,2.25,1.62,2.12,2.62,2.62,2.62,2.62,3.38,2.5,3.25,2.62,2.75,2.88,2.75,2.75,3.0,1.88,2.12,1.12,2.25,3.0,2.25,1.38,1.62,2.12,2.38,3.12,1.75,2.88,2.88,3.12,2.12,1.0,2.88,3.0,1.75,1.62,2.38,2.75,3.0,2.12,2.0,1.75,3.0,2.12,2.62,3.1,2.61,3.33,2.0,3.78,4.21,2.75,2.49,2.87,2.96,3.37,3.68,3.31,3.14,3.9,1.93,4.22,3.46,4.08,3.54,3.36,3.72,1.3,3.6,3.01,3.66,1.85,1.23,4.1,3.75,2.84,1.97,3.7,2.4,2.9,2.57,1.09,3.84,3.19,3.37,2.1,2.47,2.49,3.77,3.26,2.26,2.16,1.4,1.87,3.75,3.02,3.71,2.17,1.01,1.49,1.31,4.36,1.57,1.26,1.0,4.02,2.38,1.7,4.21,3.32,3.81,3.47,3.35,4.24,3.3,2.16,1.15,2.0,4.08,2.41,1.48,1.41,2.78,2.98,1.54,2.81,1.38,1.62,1.81,2.61,1.94,4.1,3.99,2.61,3.33,4.16,4.91,1.4,3.55,3.51,1.18,True,True,True,True,True,True,True,True
51-7032,"Patternmakers, Wood","Patternmakers, Wood","Patternmakers, Wood",0.2051282051282051,0.2564102564102564,0.3076923076923077,0.1538461538461538,0.282051282051282,0.4102564102564102,-1.057897,1,51-7032,False,0.91,1,51-7032,False,base_00,3,base_00,False,1,3.88,2.75,3.12,3.88,3.12,3.0,1.25,2.38,1.38,2.25,2.88,3.38,2.88,2.88,1.62,2.0,1.88,2.38,2.88,3.25,4.0,3.0,2.0,3.12,3.75,1.5,2.75,3.12,3.0,2.88,3.0,1.88,3.12,2.88,3.5,2.88,3.12,1.75,1.62,3.0,3.0,2.12,2.5,2.12,3.12,2.38,3.0,2.75,3.25,2.62,3.0,2.75,2.75,3.0,3.12,2.5,3.0,2.62,2.75,1.12,2.12,2.88,2.12,2.38,2.25,2.12,3.0,3.12,1.75,3.12,2.88,3.12,1.88,1.62,3.0,3.12,2.25,1.75,2.12,2.88,2.88,2.25,2.25,1.88,2.88,2.38,2.62,3.43,1.86,2.57,3.05,3.42,4.23,2.6,2.02,3.33,2.38,4.46,2.86,3.15,3.15,4.13,2.06,3.87,3.4,3.83,2.88,3.79,4.17,2.6,3.73,3.12,3.7,1.93,1.39,4.05,3.58,1.97,2.15,3.4,1.97,2.58,1.73,1.35,4.34,2.65,3.47,3.07,3.0,2.92,4.2,3.82,3.36,2.37,1.38,2.19,4.15,3.68,3.95,1.99,1.2,1.55,1.89,4.15,1.4,2.72,1.0,3.81,2.52,1.13,4.4,4.33,4.01,3.34,3.87,4.7,3.71,2.22,2.02,3.41,3.51,3.43,2.39,2.11,3.1,3.62,2.01,2.6,1.32,1.75,1.99,2.92,2.1,4.02,4.43,2.7,3.65,4.14,4.57,2.18,3.52,4.14,2.56,True,True,True,True,True,True,True,True
51-7041,"Sawing Machine Setters, Operators, and Tenders, Wood","Sawing Machine Setters, Operators, and Tenders, Wood","Sawing Machine Setters, Operators, and Tenders, Wood",0.0,0.0588235294117647,0.1176470588235294,0.0,0.0147058823529411,0.0294117647058823,-1.165031,1,51-7041,False,0.86,1,51-7041,False,base_00,2,base_00,False,1,3.38,2.88,2.88,3.62,3.0,3.0,1.38,2.12,1.38,2.5,3.0,3.25,2.75,1.88,1.62,2.12,1.88,2.25,3.0,2.75,3.38,2.0,1.88,3.12,3.38,1.62,2.12,2.88,2.88,1.88,2.88,2.0,3.25,3.25,3.25,2.5,3.12,1.75,1.88,2.88,2.62,1.88,2.0,3.12,3.0,1.88,3.12,2.75,2.88,2.12,2.5,2.12,2.12,2.75,2.62,2.62,3.0,2.75,2.0,1.5,2.0,2.75,2.0,1.5,1.75,2.0,2.0,3.0,1.88,3.12,1.88,3.12,1.88,1.12,3.0,2.38,2.62,1.25,1.88,2.5,2.62,2.0,2.0,1.38,2.75,3.0,1.75,1.93,2.17,2.45,1.68,3.41,4.11,2.23,2.64,2.16,2.19,1.98,2.77,3.08,2.69,3.38,2.47,4.11,3.45,3.65,2.33,2.89,2.76,2.1,3.12,3.27,2.55,1.75,1.39,3.7,2.37,2.23,1.93,3.27,2.34,2.54,1.48,1.56,2.47,3.17,2.51,1.98,2.03,2.64,3.94,3.17,1.2,2.21,1.15,2.52,4.05,1.68,4.77,2.53,1.22,2.23,2.01,4.91,1.94,2.9,1.0,4.68,3.71,1.49,4.3,4.21,3.22,3.59,3.44,4.6,2.85,1.43,1.73,1.97,4.5,2.78,2.04,1.8,4.21,3.28,1.41,3.75,1.28,1.55,2.33,3.85,1.52,4.48,4.44,3.09,2.19,4.18,5.0,1.09,3.55,3.73,1.66,True,True,True,True,True,True,True,True
51-7042,"Woodworking Machine Setters, Operators, and Tenders, Except Sawing","Woodworking Machine Setters, Operators, and Tenders, Except Sawing","Woodworking Machine Setters, Operators, and Tenders, Except Sawing",0.0217391304347826,0.0652173913043478,0.108695652173913,0.0,0.0326086956521739,0.0652173913043478,-1.130357,1,51-7042,False,0.97,1,51-7042,False,base_00,2,base_00,False,1,3.12,3.12,3.0,3.5,3.0,2.88,1.62,3.0,1.88,3.0,3.12,3.12,3.0,2.0,1.5,2.38,2.12,2.5,2.88,3.0,3.5,2.0,2.0,3.25,3.62,1.38,2.38,3.38,3.0,2.0,3.12,1.62,3.25,3.0,3.62,2.62,3.12,1.75,1.75,2.88,3.0,2.75,2.62,2.5,3.25,2.25,3.25,2.62,3.12,2.62,2.88,2.0,2.5,2.88,2.75,2.12,3.0,3.0,2.88,1.88,1.88,2.88,2.25,1.62,1.75,1.88,2.38,3.12,1.88,3.5,1.88,3.62,1.88,1.75,3.25,2.75,2.88,1.5,1.88,2.25,3.0,1.75,2.0,1.88,2.75,3.0,1.88,2.34,2.02,2.19,1.42,3.41,4.0,2.45,2.35,2.05,2.47,1.93,2.34,2.89,2.77,3.61,1.88,3.9,3.03,3.79,2.02,3.02,3.23,1.8,3.17,2.29,2.63,1.32,1.3,3.51,3.02,1.99,2.13,2.59,1.84,1.94,1.47,1.26,2.67,2.45,2.56,2.01,2.58,2.8,3.64,3.18,2.28,2.76,1.23,2.13,3.7,1.57,4.99,2.99,1.03,2.45,2.69,4.54,1.6,3.34,1.04,4.78,3.51,1.25,4.85,3.75,3.58,3.32,3.38,4.4,3.68,1.44,1.73,1.59,4.68,2.64,1.7,1.38,3.17,3.05,1.55,3.83,1.3,1.74,2.57,4.34,1.39,4.74,4.81,3.3,2.61,3.96,4.32,1.99,3.41,4.19,1.92,True,True,True,True,True,True,True,True
51-8011,Nuclear Power Reactor Operators,Nuclear Power Reactor Operators,Nuclear Power Reactor Operators,0.1818181818181818,0.3181818181818182,0.4545454545454546,0.0,0.1212121212121212,0.2424242424242424,0.7705302,1,51-8011,False,0.95,1,51-8011,False,base_00,3,base_00,False,1,2.88,3.0,3.12,2.88,3.88,2.25,1.0,1.0,1.0,1.0,3.12,2.88,3.38,3.0,1.75,1.12,1.12,3.0,3.88,4.0,2.38,3.0,2.75,2.62,3.88,1.0,2.88,4.0,4.0,3.0,3.88,1.12,4.12,2.0,2.88,2.62,3.38,1.0,1.12,3.5,3.25,2.88,1.0,1.0,1.0,3.0,1.88,3.0,2.88,2.0,4.0,3.62,3.12,3.88,3.75,3.25,3.88,1.12,1.0,1.0,3.0,3.5,3.0,2.0,2.0,3.0,2.75,3.88,2.75,4.0,1.38,4.0,2.88,2.0,3.25,4.0,1.38,2.75,2.88,3.0,3.25,3.12,2.88,1.38,3.38,3.0,3.5,3.94,1.94,3.09,2.5,4.33,4.14,3.52,3.03,2.36,4.39,2.03,3.29,3.36,4.73,4.52,3.05,1.94,4.51,4.04,3.27,3.13,4.18,1.93,4.52,2.21,3.58,3.48,1.54,2.29,4.29,2.68,2.26,2.17,2.3,2.95,1.41,1.5,2.58,3.51,4.26,3.64,3.48,4.61,4.69,4.4,2.13,2.89,1.12,3.04,3.05,4.88,2.54,1.94,1.11,2.39,2.74,2.39,2.06,1.61,3.64,3.42,2.35,1.39,5.0,3.03,4.26,4.49,4.5,4.91,4.09,1.37,1.06,4.99,2.51,2.5,2.16,1.85,2.14,3.9,2.99,1.79,1.7,1.43,1.64,2.44,3.62,2.46,3.36,1.99,4.97,4.28,4.53,2.31,4.04,4.89,3.23,True,True,True,True,True,True,True,True
51-8012,Power Distributors and Dispatchers,Power Distributors and Dispatchers,Power Distributors and Dispatchers,0.0833333333333333,0.375,0.6666666666666666,0.0833333333333333,0.2499999999999999,0.4166666666666666,0.5012214,1,51-8012,False,0.64,1,51-8012,False,base_00,3,base_00,False,1,2.0,2.38,3.0,2.38,3.75,2.0,1.0,1.38,1.0,1.38,3.0,2.0,3.0,2.88,1.38,1.0,1.5,2.0,3.88,3.5,2.0,2.75,2.0,1.62,3.62,1.12,2.75,3.88,3.88,2.62,3.12,1.12,4.0,1.62,2.0,1.88,3.0,1.12,1.62,3.12,3.0,2.75,1.38,1.38,1.25,2.62,1.88,2.62,3.0,1.62,3.75,3.62,3.0,3.62,3.25,3.0,3.62,1.75,1.38,1.12,2.75,3.25,2.75,1.62,1.75,2.75,2.75,3.62,2.62,3.12,2.12,3.25,2.62,1.38,2.75,3.62,1.75,1.88,2.62,2.75,3.5,2.88,2.75,1.62,3.0,2.25,3.12,4.31,2.1,2.38,4.11,4.34,2.73,3.45,2.19,2.58,4.26,1.89,3.18,3.49,4.48,4.72,2.36,1.41,4.59,3.1,3.26,2.83,4.73,3.35,4.5,1.4,3.74,3.14,2.34,1.49,4.27,2.59,2.05,1.38,2.54,3.28,1.39,1.51,2.9,3.28,3.88,4.47,2.9,4.74,4.61,4.15,3.58,2.93,1.57,2.78,4.23,4.55,2.4,2.1,1.42,2.32,2.5,2.14,2.91,2.15,1.0,3.74,2.26,1.7,4.44,4.3,4.42,4.51,4.68,4.6,4.35,2.67,2.0,4.25,2.28,3.54,2.8,2.23,2.16,3.78,1.91,2.12,2.37,1.71,1.85,3.3,3.44,2.96,3.73,2.28,5.0,3.94,2.84,2.4,4.15,4.24,2.85,True,True,True,True,True,True,True,True
51-8013,Power Plant Operators,Power Plant Operators,Power Plant Operators,0.0825708061002178,0.1552287581699346,0.2278867102396513,0.0,0.0914488017429193,0.1828976034858387,-0.3482779,1,51-8013,False,0.85,1,51-8013,False,base_00,2,base_00,True,2,3.08,2.9166666666666665,2.9599999999999995,3.5,3.5833333333333335,2.6233333333333335,1.0833333333333333,2.1666666666666665,1.79,2.6666666666666665,3.1633333333333336,3.0,3.0400000000000005,2.706666666666667,2.04,2.2066666666666666,2.3733333333333335,2.8766666666666665,3.2900000000000005,3.4599999999999995,3.08,2.3766666666666665,2.4133333333333336,3.0400000000000005,3.8366666666666664,2.0,2.4166666666666665,3.5400000000000005,3.3333333333333335,2.5833333333333335,3.293333333333333,2.04,3.8766666666666665,2.706666666666667,3.0,2.6666666666666665,3.2466666666666666,2.08,2.04,3.0400000000000005,3.0866666666666664,2.7099999999999995,1.7066666666666668,2.29,2.4566666666666666,2.9599999999999995,2.6266666666666665,3.0,3.1266666666666665,2.1666666666666665,3.206666666666667,3.0400000000000005,2.9599999999999995,3.1233333333333335,3.0833333333333335,3.0,3.5833333333333335,3.293333333333333,2.706666666666667,1.663333333333333,2.4966666666666666,3.1199999999999997,2.6666666666666665,1.88,1.96,2.1633333333333336,2.5833333333333335,3.4166666666666665,2.29,3.8366666666666664,1.79,3.959999999999999,2.4133333333333336,1.75,3.0400000000000005,3.1233333333333335,3.0833333333333335,2.21,2.5833333333333335,2.8366666666666664,3.1666666666666665,2.793333333333333,2.5833333333333335,1.836666666666667,2.9599999999999995,3.043333333333333,3.0,3.4499999999999997,2.736666666666667,2.99,2.39,3.8666666666666663,4.25,2.856666666666667,2.84,2.67,3.75,2.546666666666667,3.2266666666666666,3.0533333333333332,3.709999999999999,3.983333333333333,2.8533333333333335,3.3633333333333333,3.923333333333334,3.98,3.1566666666666667,3.063333333333333,3.9933333333333336,2.693333333333334,4.08,3.686666666666667,3.1966666666666668,2.52,1.893333333333333,3.3966666666666665,3.56,2.6166666666666667,3.0666666666666664,3.786666666666666,2.5166666666666666,2.9233333333333333,2.0466666666666664,1.7566666666666666,3.1833333333333336,3.3833333333333333,3.3233333333333337,3.2900000000000005,2.893333333333333,4.06,4.416666666666667,3.78,2.5,2.9066666666666663,1.2033333333333334,2.8033333333333332,3.923333333333334,4.25,3.923333333333334,3.056666666666666,1.4400000000000002,3.85,4.456666666666666,4.123333333333334,3.956666666666667,3.67,1.1266666666666667,4.5,4.1066666666666665,1.9533333333333331,4.773333333333333,4.14,3.973333333333333,4.3566666666666665,4.010000000000001,3.946666666666667,3.6033333333333335,3.51,2.73,3.9333333333333336,3.963333333333334,2.7733333333333334,3.8,3.26,2.9766666666666666,3.5066666666666664,1.4799999999999998,2.53,2.5166666666666666,1.8133333333333332,2.2466666666666666,2.78,2.963333333333334,3.106666666666667,3.643333333333333,3.126666666666667,4.173333333333333,3.4299999999999997,4.986666666666667,2.7900000000000005,3.7266666666666666,4.55,3.2266666666666666,True,True,True,True,True,True,True,True
51-8021,Stationary Engineers and Boiler Operators,Stationary Engineers and Boiler Operators,Stationary Engineers and Boiler Operators,0.1395348837209302,0.1627906976744186,0.1860465116279069,0.0,0.1046511627906976,0.2093023255813953,-0.5032496,1,51-8021,False,0.89,1,51-8021,False,base_00,3,base_00,False,1,3.12,3.12,3.12,3.12,3.25,2.38,1.0,2.12,1.62,2.5,3.0,3.12,2.88,2.62,2.0,2.12,2.0,2.88,3.25,3.25,3.12,2.12,2.25,3.12,3.88,1.5,2.12,3.62,3.5,2.38,3.25,2.12,3.75,2.38,3.12,2.5,3.12,2.0,2.12,3.0,3.0,2.38,1.62,2.12,2.75,2.75,2.5,2.75,2.88,2.12,3.12,3.0,3.12,3.25,3.12,3.12,3.25,3.25,2.5,2.12,2.75,3.12,2.12,1.5,1.88,2.38,2.12,3.12,2.38,3.38,1.62,4.0,2.5,1.38,3.12,3.12,3.25,2.25,2.12,2.75,3.0,2.62,2.88,1.5,3.0,3.25,2.88,3.57,3.14,3.52,2.75,4.02,4.18,3.63,3.53,3.44,3.85,2.83,3.26,3.54,3.76,4.05,2.86,3.62,4.04,4.45,3.12,3.71,4.28,2.82,4.07,3.67,3.88,2.54,2.3,3.65,4.0,2.75,3.2,4.41,3.08,3.51,2.21,2.36,3.63,3.63,3.88,3.67,3.26,4.07,4.73,4.23,3.36,3.28,2.29,2.73,4.19,4.57,4.47,3.38,2.35,3.41,4.29,3.99,3.66,3.4,1.13,4.6,4.08,1.36,4.64,4.21,3.94,4.66,3.85,4.25,3.94,2.71,2.72,3.8,4.55,3.01,4.26,3.06,3.11,3.41,2.15,2.62,2.36,2.42,2.52,2.71,2.59,3.58,3.55,3.23,4.8,3.74,4.28,2.38,4.02,4.67,3.91,True,True,True,True,True,True,True,True
51-8031,Water and Wastewater Treatment Plant and System Operators,Water and Wastewater Treatment Plant and System Operators,Water and Wastewater Treatment Plant and System Operators,0.125,0.125,0.125,0.0,0.125,0.25,-0.44501,1,51-8031,False,0.61,1,51-8031,False,base_00,2,base_00,False,1,3.0,2.88,2.88,3.12,3.5,2.5,1.0,2.0,1.62,2.75,3.0,2.88,3.0,2.62,2.0,2.12,2.0,2.25,3.12,3.12,3.0,2.62,2.0,2.75,3.62,1.75,2.75,3.75,3.75,2.0,3.0,2.0,3.12,2.62,2.88,2.75,3.12,2.0,2.12,3.0,3.0,2.12,1.62,2.0,2.0,2.75,3.0,2.88,2.88,2.0,3.5,3.0,2.75,3.12,3.0,3.0,3.0,3.12,2.62,1.12,2.75,3.0,2.75,1.62,2.0,2.0,2.88,3.62,2.0,4.0,1.62,3.88,2.0,1.62,3.12,3.0,3.12,2.62,2.5,2.75,3.12,2.88,2.88,1.5,3.0,3.12,2.75,4.08,2.54,3.38,3.25,4.0,3.83,3.22,3.12,3.29,4.33,2.67,3.22,3.25,4.46,4.0,3.25,3.17,4.12,4.21,3.29,3.38,4.13,3.54,4.38,4.09,3.67,3.13,3.35,3.33,4.17,3.25,3.54,3.92,2.83,3.48,2.08,2.83,2.92,3.83,3.67,3.54,2.54,3.71,4.0,3.26,3.46,2.61,1.58,3.04,4.0,4.83,4.29,3.39,3.29,3.08,4.17,3.88,2.71,2.79,1.08,4.21,3.61,2.43,4.81,4.12,3.83,4.08,3.62,4.04,3.71,4.58,3.26,4.17,4.5,2.5,4.65,3.92,2.79,3.7,2.08,2.5,2.17,2.21,2.21,2.5,2.54,3.38,3.46,2.83,4.82,4.0,4.54,2.58,3.48,4.09,3.57,True,True,True,True,True,True,True,True
51-8091,Chemical Plant and System Operators,Chemical Plant and System Operators,Chemical Plant and System Operators,0.0303030303030303,0.1515151515151515,0.2727272727272727,0.0909090909090909,0.1515151515151515,0.2121212121212121,-0.3831282,1,51-8091,False,0.85,1,51-8091,False,base_00,2,base_00,False,1,3.38,3.25,3.0,3.5,3.62,2.5,1.0,2.0,1.5,2.62,3.5,3.0,3.12,2.38,2.0,2.12,2.5,3.38,3.12,3.5,3.12,2.75,2.62,2.88,3.75,1.38,2.88,3.62,3.62,2.12,3.5,1.5,3.75,2.88,3.25,2.38,3.75,1.5,1.62,3.12,3.12,2.88,1.88,2.38,2.62,2.88,2.75,3.12,2.75,2.75,3.25,3.12,3.25,3.38,3.25,2.88,3.5,2.75,2.12,1.0,2.62,3.25,2.88,1.88,1.88,2.75,2.62,3.62,2.25,4.0,2.12,4.12,2.38,1.75,3.62,3.25,2.75,2.88,2.5,2.62,3.12,2.62,2.88,1.0,3.25,2.88,3.0,3.08,1.88,2.43,1.39,3.71,4.19,2.99,2.43,1.58,3.58,1.44,2.85,2.98,4.04,4.62,2.28,3.52,4.36,3.84,3.17,2.46,3.83,2.23,4.55,2.39,2.33,2.38,1.33,3.58,3.12,2.28,1.87,3.09,2.13,1.87,1.52,1.33,1.73,4.04,3.15,3.6,2.41,4.13,4.36,3.81,1.68,2.77,1.21,3.64,3.57,3.54,4.85,3.34,1.3,3.3,4.94,3.65,3.7,3.82,1.19,4.8,4.07,1.67,4.99,4.2,4.66,4.47,3.96,4.46,4.04,2.93,2.38,4.54,4.76,2.7,4.54,4.17,4.41,3.55,1.34,2.44,2.12,1.65,2.05,2.99,2.7,3.28,3.9,3.12,4.59,4.11,4.98,3.24,3.59,4.1,3.39,True,True,True,True,True,True,True,True
51-8092,Gas Plant Operators,Gas Plant Operators,Gas Plant Operators,0.0625,0.09375,0.125,0.0,0.078125,0.15625,-0.2982082,1,51-8092,False,0.78,1,51-8092,False,base_00,2,base_00,False,1,3.0,3.5,3.0,3.0,3.25,2.75,1.0,2.0,1.5,2.25,3.25,3.0,3.25,2.88,2.12,2.0,2.12,3.0,3.0,3.12,3.0,2.75,2.12,2.88,3.75,2.0,2.75,3.25,3.0,2.25,3.88,2.0,3.62,3.0,3.12,2.75,3.38,2.0,2.12,3.0,3.0,2.62,1.75,2.12,2.25,3.0,2.62,3.0,3.0,2.25,3.12,3.12,2.88,3.0,3.0,3.0,3.5,2.88,2.25,1.0,2.75,3.25,2.75,2.0,2.0,2.75,2.88,3.62,2.5,3.75,1.88,4.12,2.62,1.62,3.25,3.12,2.88,2.0,2.25,2.88,3.0,2.75,2.62,1.88,3.0,3.0,3.0,3.85,2.75,2.83,2.69,3.98,3.93,3.02,2.53,3.02,4.05,2.89,3.1,3.54,4.13,4.3,2.63,2.8,4.34,4.07,3.34,3.35,4.33,3.18,4.34,3.09,3.34,2.85,1.93,3.05,3.85,3.17,3.42,3.37,2.3,3.06,1.86,1.91,3.0,3.49,3.91,3.61,2.75,4.27,4.2,3.72,2.81,2.44,1.14,3.24,4.1,4.6,4.01,2.64,1.0,2.7,4.06,3.28,2.32,2.07,1.07,4.39,3.6,1.35,4.49,4.2,4.08,4.26,4.27,4.52,3.86,3.66,2.82,3.66,3.44,2.62,4.29,3.3,3.13,3.17,1.81,2.53,1.72,1.93,1.92,2.77,2.88,3.01,3.71,2.92,4.86,3.6,4.44,2.18,3.79,4.41,2.71,True,True,True,True,True,True,True,True
51-8093,"Petroleum Pump System Operators, Refinery Operators, and Gaugers","Petroleum Pump System Operators, Refinery Operators, and Gaugers","Petroleum Pump System Operators, Refinery Operators, and Gaugers",0.048780487804878,0.1951219512195122,0.3414634146341463,0.024390243902439,0.1707317073170731,0.3170731707317073,-0.370036,1,51-8093,False,0.71,1,51-8093,False,base_00,2,base_00,False,1,3.0,3.38,3.12,3.12,3.25,2.75,1.0,2.0,1.62,2.88,3.0,3.0,3.75,2.38,2.12,2.38,2.75,3.38,3.12,3.75,3.0,2.88,2.62,3.0,3.75,2.0,2.75,3.12,3.12,2.38,3.75,2.0,3.62,2.88,3.0,2.5,3.5,2.0,2.38,3.0,3.25,2.75,1.88,2.38,2.62,2.88,2.75,3.0,3.0,2.62,3.12,3.0,3.0,3.0,3.12,2.88,3.0,2.88,2.5,1.0,2.62,3.0,2.88,1.88,1.88,2.5,2.62,3.62,2.25,3.75,1.88,4.0,2.12,1.88,2.88,3.5,2.62,2.0,2.25,2.88,3.12,2.75,2.5,1.5,3.0,2.88,3.0,2.99,2.27,3.11,2.38,4.01,4.1,2.99,2.92,2.12,3.6,1.92,3.4,3.37,3.4,3.88,2.43,3.53,4.09,4.24,2.75,3.14,3.63,1.86,4.15,3.39,3.4,2.07,1.32,3.93,3.28,2.5,2.36,3.19,2.08,2.51,1.85,1.4,2.29,3.07,3.12,2.81,2.52,4.22,4.28,3.86,2.63,2.62,1.13,3.31,4.2,3.9,4.7,2.75,1.04,3.81,4.76,3.69,4.33,3.52,1.54,4.35,4.69,1.92,4.44,3.74,4.15,4.03,4.07,4.05,3.79,3.37,3.29,3.83,3.58,2.67,4.84,3.88,3.48,3.28,1.42,2.7,2.48,1.92,2.07,2.94,3.32,3.0,3.86,2.92,4.34,3.75,5.0,2.46,3.65,4.5,3.67,True,True,True,True,True,True,True,True
51-8099,"Plant and System Operators, All Other",,Biofuels Processing Technicians,0.0,0.0945945945945946,0.1891891891891892,0.0,0.081081081081081,0.1621621621621621,-0.6702387,1,51-8099,False,0.86,1,51-8099,False,first_detail,2,detail_mode,False,1,3.38,3.12,3.12,3.5,3.38,2.62,1.5,2.62,2.75,3.0,3.0,3.25,3.12,2.75,2.25,2.62,2.75,3.0,3.38,3.38,3.38,2.75,2.5,3.25,3.38,1.88,2.75,3.5,3.5,2.5,3.38,2.12,3.38,3.12,3.38,2.75,3.38,2.5,2.38,3.38,3.5,2.62,1.0,2.38,2.62,3.12,3.0,3.38,3.0,2.38,3.5,3.25,2.88,3.25,2.88,3.12,3.12,3.25,2.5,1.5,3.0,2.88,2.5,1.75,2.25,2.5,2.88,3.38,2.88,3.75,1.12,3.88,2.88,1.62,3.38,3.5,3.0,2.88,3.0,3.12,3.25,2.88,2.88,1.5,2.88,3.0,3.12,3.76,2.86,3.05,2.34,4.48,4.18,2.64,3.17,2.77,4.37,2.05,3.63,3.36,3.61,4.29,3.0,3.73,4.19,4.12,3.55,3.41,4.25,2.58,4.52,3.95,3.42,2.81,1.91,3.74,3.98,2.6,3.03,3.4,2.85,2.61,2.0,1.95,2.69,3.54,3.55,3.72,2.54,4.06,4.73,3.69,2.65,2.94,1.21,3.57,4.08,3.33,4.82,3.12,1.2,3.15,4.8,3.49,4.07,3.3,1.17,4.45,4.45,1.78,4.87,4.27,4.24,4.33,4.34,4.39,3.89,2.98,3.66,4.67,4.19,2.93,4.28,3.64,4.3,2.96,1.74,2.32,2.59,1.56,2.01,2.82,2.84,3.31,3.65,3.17,3.86,3.93,5.0,2.94,3.17,4.67,3.4,True,True,True,True,True,True,True,True
51-9011,Chemical Equipment Operators and Tenders,Chemical Equipment Operators and Tenders,Chemical Equipment Operators and Tenders,0.0869565217391304,0.1521739130434782,0.217391304347826,0.0434782608695652,0.0652173913043478,0.0869565217391304,-0.511521,1,51-9011,False,0.76,1,51-9011,False,base_00,2,base_00,False,1,3.12,3.0,3.0,3.75,3.25,2.75,1.25,2.12,1.88,2.62,3.38,3.0,3.12,2.5,2.0,2.12,2.5,2.62,3.12,3.38,3.25,2.75,2.62,3.38,3.75,1.75,2.38,3.75,3.75,2.25,3.5,2.0,3.75,3.12,3.25,2.75,3.12,1.75,2.12,3.12,3.12,2.62,1.88,2.25,2.88,2.88,2.88,3.0,3.0,2.0,3.62,3.25,3.0,3.38,3.12,3.0,3.38,2.75,2.38,1.0,2.62,3.38,2.75,1.5,2.0,2.5,2.88,3.75,2.0,3.88,2.0,3.88,2.12,1.62,3.0,3.38,2.38,2.62,2.5,2.75,3.12,2.75,2.75,1.75,3.0,3.0,3.0,3.67,3.07,3.38,2.35,4.13,4.2,3.45,3.4,2.39,3.89,2.12,3.87,3.43,3.82,4.33,2.98,3.61,4.04,4.21,3.72,3.05,4.25,2.74,4.45,3.7,3.38,2.84,1.83,3.65,3.7,3.05,2.6,2.92,2.74,2.59,2.01,2.1,2.59,3.87,3.36,3.46,2.82,3.98,4.15,4.03,1.68,2.86,1.58,2.88,3.82,4.41,4.69,3.47,1.6,2.92,4.55,3.84,3.49,3.55,1.18,4.37,4.25,1.57,4.71,3.98,3.71,4.46,3.75,4.28,3.86,1.7,2.4,2.68,4.2,3.08,4.12,2.64,4.15,3.03,1.4,2.61,2.42,2.12,2.25,3.06,2.7,3.72,3.66,3.68,3.78,4.02,5.0,3.82,3.95,4.41,3.17,True,True,True,True,True,True,True,True
51-9012,"Separating, Filtering, Clarifying, Precipitating, and Still Machine Setters, Operators, and Tenders","Separating, Filtering, Clarifying, Precipitating, and Still Machine Setters, Operators, and Tenders","Separating, Filtering, Clarifying, Precipitating, and Still Machine Setters, Operators, and Tenders",0.1142857142857142,0.1428571428571428,0.1714285714285714,0.0,0.0857142857142857,0.1714285714285714,-0.9379141,1,51-9012,False,0.88,1,51-9012,False,base_00,2,base_00,False,1,3.38,2.88,3.0,3.12,3.0,2.75,1.12,2.5,1.75,3.0,3.0,3.0,3.12,2.25,2.38,2.5,3.0,3.0,3.0,3.38,3.0,2.62,2.38,3.12,3.88,2.0,2.62,3.12,3.0,2.12,3.75,2.0,3.5,3.0,3.25,2.5,3.12,2.12,2.0,2.88,3.0,2.5,2.12,2.62,3.12,2.5,3.0,3.0,3.0,2.5,2.88,2.62,2.88,3.0,2.88,2.88,3.12,2.88,2.38,2.0,2.62,3.0,2.75,1.88,2.0,2.75,2.62,3.12,2.12,3.12,1.75,3.75,2.5,1.75,3.12,3.0,2.88,2.5,2.38,2.75,2.88,2.62,2.0,1.88,3.0,2.88,2.88,3.04,2.21,2.62,1.58,3.92,3.65,2.68,2.14,2.26,3.17,1.54,2.54,2.62,3.45,3.93,2.18,3.61,3.95,3.86,2.44,2.9,3.61,2.52,3.96,2.97,2.86,2.24,1.54,3.5,3.29,2.17,2.4,2.96,2.35,2.27,1.69,1.95,2.81,3.11,2.87,3.18,3.52,4.13,3.21,3.0,1.39,3.43,1.52,3.5,3.99,1.86,4.64,3.03,1.18,3.09,3.49,3.51,3.3,3.51,1.57,4.35,3.83,1.7,4.57,4.27,3.59,3.61,3.99,3.66,2.99,1.28,1.51,3.27,4.16,2.2,1.63,1.37,3.33,2.91,1.4,2.52,1.94,1.99,1.7,2.89,2.51,3.34,3.94,3.23,3.84,2.95,4.91,2.13,3.12,3.82,3.06,True,True,True,True,True,True,True,True
51-9021,"Crushing, Grinding, and Polishing Machine Setters, Operators, and Tenders","Crushing, Grinding, and Polishing Machine Setters, Operators, and Tenders","Crushing, Grinding, and Polishing Machine Setters, Operators, and Tenders",0.1081081081081081,0.1081081081081081,0.1081081081081081,0.0,0.081081081081081,0.1621621621621621,-1.043476,1,51-9021,False,0.97,1,51-9021,False,base_00,2,base_00,False,1,3.5,3.12,3.0,3.62,3.0,2.75,1.75,2.62,2.0,3.0,2.88,3.12,3.12,1.88,1.75,2.5,2.25,3.0,3.0,2.88,3.62,2.25,2.0,3.5,3.5,1.75,2.38,3.0,3.0,1.88,3.12,2.0,3.25,3.5,3.5,3.0,3.0,2.0,2.25,3.0,3.0,2.62,1.88,2.75,3.12,2.62,3.12,3.0,3.0,2.62,3.0,2.62,2.75,3.0,2.88,3.0,2.88,2.88,2.12,1.12,2.88,3.0,2.5,1.62,1.88,2.38,2.38,3.12,2.0,3.88,1.25,3.88,2.5,1.25,3.12,3.0,2.75,1.88,2.38,2.75,3.0,2.88,2.62,1.25,3.0,2.88,2.88,2.62,2.62,2.48,1.5,3.81,3.73,2.7,2.61,2.09,3.48,1.6,3.1,2.8,3.36,3.77,1.94,3.63,3.36,3.57,2.8,2.6,3.38,2.62,3.97,2.95,3.15,2.57,1.16,3.24,3.18,2.64,2.22,2.88,2.13,2.48,1.5,1.5,2.06,2.87,3.17,3.02,2.07,3.97,3.47,3.29,2.24,1.75,1.04,2.67,3.99,2.19,3.77,2.68,1.15,1.76,3.38,3.49,2.83,2.08,1.0,3.77,3.06,2.0,4.83,4.07,3.28,4.04,3.62,3.7,3.28,2.61,2.2,2.57,3.47,2.97,3.4,2.81,4.03,2.94,1.99,2.48,1.8,1.93,2.2,3.18,2.24,3.93,4.28,3.59,2.61,3.72,5.0,3.65,3.7,3.55,2.06,True,True,True,True,True,True,True,True
51-9022,"Grinding and Polishing Workers, Hand","Grinding and Polishing Workers, Hand","Grinding and Polishing Workers, Hand",0.0357142857142857,0.0357142857142857,0.0357142857142857,0.0,0.0357142857142857,0.0714285714285714,-1.146524,1,51-9022,False,0.97,1,51-9022,False,base_00,2,base_00,False,1,4.0,2.88,3.0,3.75,2.88,2.62,1.0,2.25,2.0,2.88,2.75,3.75,3.0,2.75,2.0,2.0,2.12,2.75,2.62,3.12,3.62,2.0,2.0,3.25,3.75,2.0,2.0,3.12,3.0,2.75,3.0,2.0,3.12,3.0,2.88,2.75,3.12,2.0,2.0,3.12,3.12,2.12,1.75,2.0,2.88,2.5,3.0,3.0,3.0,2.75,2.75,2.5,2.38,2.88,2.75,2.62,2.88,3.12,2.62,1.0,2.25,2.75,2.12,1.75,1.88,2.12,2.12,2.75,2.12,3.12,1.62,3.25,2.25,1.25,3.38,2.75,3.0,1.12,2.25,2.62,2.88,2.25,2.12,1.88,2.75,2.88,2.38,3.29,3.28,3.85,2.6,4.24,4.87,3.0,2.36,3.89,2.68,3.57,4.19,3.91,3.97,4.29,2.35,4.88,3.97,4.63,3.87,3.6,4.8,3.52,4.54,4.22,4.17,2.3,2.02,4.9,3.91,4.12,2.34,4.46,3.29,3.6,2.33,2.02,4.8,3.59,4.22,3.22,2.49,3.43,3.92,2.38,2.03,1.99,1.18,2.18,3.16,1.84,4.53,1.36,1.02,1.8,1.94,4.83,1.47,3.47,1.0,4.48,3.25,1.09,4.64,3.78,2.23,3.1,2.9,4.21,3.57,1.67,2.36,3.58,3.49,2.07,2.53,1.51,3.04,3.47,1.19,3.13,1.34,1.4,1.43,3.86,2.29,3.91,4.83,2.32,2.67,4.05,4.83,2.32,2.04,3.68,2.56,True,True,True,True,True,True,True,True
51-9023,"Mixing and Blending Machine Setters, Operators, and Tenders","Mixing and Blending Machine Setters, Operators, and Tenders","Mixing and Blending Machine Setters, Operators, and Tenders",0.1111111111111111,0.1111111111111111,0.1111111111111111,0.0555555555555555,0.0833333333333333,0.1111111111111111,-0.819664,1,51-9023,False,0.83,1,51-9023,False,base_00,2,base_00,False,1,3.25,2.75,3.12,3.12,3.0,2.62,1.38,2.38,1.62,2.62,3.12,3.0,2.88,2.38,1.75,2.0,2.12,2.5,3.0,3.12,3.25,2.0,2.0,3.12,3.38,1.5,2.12,3.12,3.0,2.0,3.12,1.88,3.12,3.0,3.12,3.0,3.12,2.0,2.0,3.0,2.88,2.25,1.88,2.38,3.0,2.88,3.0,3.0,2.62,2.62,3.12,2.88,2.75,2.88,2.75,3.0,3.12,3.12,2.12,1.12,2.12,3.0,2.62,1.38,1.62,2.0,2.38,3.12,1.88,3.62,1.12,3.62,1.88,1.38,3.12,3.12,3.12,1.88,2.0,2.62,3.0,2.62,2.12,1.38,3.12,3.12,2.75,2.51,2.89,3.17,2.05,4.06,4.31,3.09,3.02,2.35,3.89,2.28,3.24,2.68,3.41,4.41,2.98,4.14,3.46,3.62,3.03,2.56,3.4,2.02,4.14,3.96,3.5,2.08,1.87,4.22,2.81,2.47,2.59,3.65,2.25,2.81,1.89,2.05,2.66,3.75,2.86,2.54,2.77,3.67,3.92,4.25,1.69,2.7,1.1,2.53,3.46,1.65,4.62,1.97,1.0,2.55,4.53,3.77,2.99,2.02,1.04,4.18,3.06,1.19,4.63,3.65,4.29,4.53,4.03,4.62,4.24,1.23,3.17,3.63,2.44,2.87,2.49,2.06,4.09,2.67,1.42,3.63,1.72,1.69,2.07,3.78,1.63,4.69,4.5,3.4,2.07,4.68,5.0,3.28,4.26,4.47,2.31,True,True,True,True,True,True,True,True
51-9031,"Cutters and Trimmers, Hand","Cutters and Trimmers, Hand","Cutters and Trimmers, Hand",0.0,0.0,0.0,0.0,0.0,0.0,-0.9479839,1,51-9031,False,0.64,1,51-9031,False,base_00,2,base_00,False,1,3.12,2.0,3.0,3.0,2.75,2.0,1.12,2.12,1.88,2.38,2.75,2.88,2.5,2.0,1.38,2.0,2.0,2.12,2.62,3.12,3.5,2.0,2.0,2.88,3.38,1.0,2.0,3.0,2.88,2.0,2.62,1.0,2.75,2.38,2.62,1.75,2.88,1.0,1.25,2.88,3.0,2.0,1.75,2.0,3.0,2.0,2.75,2.62,2.62,2.0,2.75,2.25,2.12,2.88,2.5,2.25,2.62,1.12,1.12,1.0,2.12,2.75,2.0,1.25,1.5,2.25,2.0,2.75,2.0,2.25,1.25,2.25,2.12,1.0,2.25,2.75,1.0,1.0,2.25,2.75,2.88,2.0,2.0,1.0,2.88,2.0,2.12,2.66,2.77,2.8,1.93,3.43,3.17,2.84,2.63,2.76,2.54,2.09,3.24,3.6,3.0,3.33,2.29,3.67,3.17,3.15,2.17,3.22,2.91,2.05,3.14,2.37,3.15,3.07,1.88,3.53,3.13,2.82,2.36,2.38,2.46,2.17,2.2,2.58,2.41,2.94,2.65,2.01,1.42,2.13,3.39,2.99,1.16,1.24,1.02,2.22,3.44,1.09,2.13,1.04,1.03,1.5,1.14,2.24,1.04,1.77,1.02,1.88,2.14,1.02,2.89,3.16,2.05,2.23,2.28,4.57,2.6,1.0,1.26,4.63,1.99,1.86,1.02,1.0,2.7,2.37,1.28,2.88,1.02,1.32,1.71,4.04,1.5,4.56,4.66,2.35,1.05,3.75,2.65,1.94,3.22,3.47,2.33,True,True,True,True,True,True,True,True
51-9032,"Cutting and Slicing Machine Setters, Operators, and Tenders","Cutting and Slicing Machine Setters, Operators, and Tenders","Cutting and Slicing Machine Setters, Operators, and Tenders",0.0454545454545454,0.0681818181818181,0.0909090909090909,0.0,0.0568181818181818,0.1136363636363636,-1.079282,1,51-9032,False,0.86,1,51-9032,False,base_00,2,base_00,False,1,3.75,2.88,3.12,3.88,3.25,3.12,1.62,2.5,1.88,3.12,2.88,3.88,2.88,2.62,1.62,2.38,2.0,2.25,3.0,3.25,3.62,2.5,2.12,3.38,3.88,1.75,2.38,3.38,3.0,2.0,3.12,1.88,3.62,3.25,3.38,3.0,3.25,1.75,1.88,2.88,2.88,2.75,1.88,2.88,3.12,2.12,3.12,2.5,3.38,2.88,3.12,2.88,2.62,2.88,2.88,3.0,3.0,3.0,2.62,1.5,2.12,2.75,2.12,1.62,1.88,2.25,2.62,3.25,2.0,3.62,1.62,3.75,2.0,1.88,3.5,3.12,2.75,1.5,2.0,2.75,2.62,2.62,2.25,1.75,2.75,3.0,2.38,3.12,2.94,3.24,1.84,3.7,4.18,3.21,2.94,2.82,3.32,2.13,3.11,3.21,3.41,3.69,3.03,4.16,3.58,3.9,2.88,3.23,3.63,2.68,3.93,3.4,2.84,2.67,1.94,3.91,3.43,3.22,2.56,3.04,3.07,2.64,2.09,2.44,2.74,3.6,2.85,2.83,2.59,3.23,3.75,3.66,1.8,2.6,1.33,2.92,3.61,2.6,3.78,2.35,1.22,1.7,1.9,4.11,1.65,2.46,1.34,4.33,3.01,1.08,4.54,3.59,3.69,4.0,3.99,4.53,3.84,1.34,2.04,3.28,3.2,2.62,1.7,1.77,3.97,3.27,1.35,3.52,1.47,1.99,2.33,4.07,1.53,4.77,4.36,3.82,2.82,3.93,4.84,1.48,3.66,4.21,1.88,True,True,True,True,True,True,True,True
51-9041,"Extruding, Forming, Pressing, and Compacting Machine Setters, Operators, and Tenders","Extruding, Forming, Pressing, and Compacting Machine Setters, Operators, and Tenders","Extruding, Forming, Pressing, and Compacting Machine Setters, Operators, and Tenders",0.075,0.075,0.075,0.025,0.075,0.125,-1.042151,1,51-9041,False,0.93,1,51-9041,False,base_00,2,base_00,False,1,3.62,3.25,3.12,3.25,3.12,3.0,1.75,2.62,1.75,2.88,3.25,3.25,2.75,2.12,1.88,2.5,2.0,3.0,3.0,3.25,3.38,2.25,2.0,3.12,3.38,1.25,2.12,3.12,3.12,2.12,3.75,1.5,3.38,3.75,3.75,3.0,3.12,1.75,1.88,3.0,3.0,2.38,2.38,3.12,3.12,2.5,3.12,2.88,3.12,2.62,3.12,2.62,2.62,3.0,2.88,2.75,3.0,2.62,2.38,1.88,2.25,2.88,2.12,1.62,1.75,2.12,2.12,3.38,1.75,3.75,2.0,3.75,2.0,1.25,3.0,3.0,2.75,1.75,2.0,2.88,3.12,2.25,2.12,1.75,2.75,3.0,2.75,3.16,2.62,2.8,1.56,3.99,4.42,2.81,2.66,2.38,3.87,2.19,3.01,3.01,3.35,4.09,2.77,3.85,3.93,4.08,3.01,3.27,3.92,1.93,4.09,2.65,2.9,2.53,1.5,3.84,3.86,2.6,3.05,3.44,2.35,2.67,1.87,1.68,2.86,3.42,3.36,3.66,2.73,3.2,4.05,3.06,2.15,3.02,1.29,3.23,3.12,1.55,4.28,2.84,1.67,2.35,2.36,3.52,2.69,3.64,1.05,4.43,4.04,1.21,4.36,3.54,3.78,3.59,3.62,4.2,3.66,1.04,1.67,3.03,3.33,2.64,1.13,1.17,4.34,3.64,1.65,2.83,1.68,1.66,2.03,3.32,1.72,4.55,4.09,3.55,2.88,3.92,5.0,2.33,3.35,4.16,2.01,True,True,True,True,True,True,True,True
51-9051,"Furnace, Kiln, Oven, Drier, and Kettle Operators and Tenders","Furnace, Kiln, Oven, Drier, and Kettle Operators and Tenders","Furnace, Kiln, Oven, Drier, and Kettle Operators and Tenders",0.16,0.16,0.16,0.0,0.04,0.08,-0.9582346,1,51-9051,False,0.37,1,51-9051,False,base_00,2,base_00,False,1,3.25,2.75,2.88,3.5,3.0,2.12,1.0,2.25,1.5,2.75,2.25,2.75,2.25,2.12,1.62,2.12,2.62,2.0,3.0,3.12,3.0,2.0,1.75,3.0,3.25,1.62,2.12,3.38,3.12,2.0,3.0,1.38,3.62,2.38,3.12,2.12,3.12,1.5,2.0,3.12,3.25,1.75,1.88,2.12,2.88,2.25,3.0,2.12,2.25,2.0,3.38,2.88,2.38,3.12,2.38,2.5,3.12,2.12,1.5,1.0,2.12,2.38,2.12,1.25,1.38,2.12,2.25,3.12,2.12,3.12,1.5,3.88,2.12,1.25,3.0,3.12,1.75,1.88,2.12,2.25,3.12,2.0,2.0,1.38,2.38,2.12,2.62,3.44,2.73,2.62,1.59,4.06,4.34,3.13,2.58,2.67,3.43,1.66,2.96,2.94,3.19,4.13,2.73,4.19,4.26,4.28,2.65,3.91,4.08,2.26,4.17,3.73,3.27,1.63,1.46,3.89,3.79,1.95,2.45,2.81,2.54,2.69,1.78,1.56,2.59,3.06,3.62,2.79,1.93,4.05,3.65,2.87,1.46,2.47,1.03,2.82,3.67,1.41,4.46,2.53,1.55,2.72,2.55,3.62,2.61,4.13,1.39,4.61,4.58,1.9,4.38,3.55,3.49,4.44,3.87,3.99,3.37,1.39,1.98,2.38,4.44,2.83,1.76,1.92,3.55,3.45,1.47,3.2,1.78,1.37,1.65,3.51,2.25,3.87,4.28,2.99,1.92,2.84,5.0,2.41,3.99,3.81,2.28,True,True,True,True,True,True,True,True
51-9061,"Inspectors, Testers, Sorters, Samplers, and Weighers","Inspectors, Testers, Sorters, Samplers, and Weighers","Inspectors, Testers, Sorters, Samplers, and Weighers",0.2708333333333333,0.4166666666666666,0.5625,0.0416666666666666,0.1770833333333333,0.3125,-0.0293395,1,51-9061,False,0.98,1,51-9061,False,base_00,2,base_00,False,1,3.0,2.75,3.12,2.62,3.0,2.0,1.0,2.12,2.0,2.5,2.88,3.0,3.25,2.38,1.5,2.0,2.12,2.12,2.88,3.12,3.0,2.5,2.12,2.5,3.5,1.5,2.25,3.5,3.62,2.25,3.38,1.5,3.25,2.12,2.5,2.12,3.0,1.5,1.62,3.0,3.0,2.25,1.62,2.0,2.38,2.38,2.38,2.88,3.0,2.0,3.12,2.88,2.38,3.12,2.88,2.88,3.25,1.75,2.0,1.0,2.0,3.12,2.0,1.75,1.88,2.12,2.62,3.0,2.12,2.88,2.0,3.0,2.25,1.5,3.75,3.12,1.62,1.62,2.38,2.88,3.12,2.12,2.12,1.62,3.0,2.25,3.25,3.38,2.81,2.88,2.36,4.25,3.31,2.32,2.89,2.47,4.25,2.51,2.96,3.3,3.9,4.09,2.54,3.7,4.28,4.33,2.56,3.77,3.99,2.08,4.37,2.77,3.38,3.18,1.95,3.55,3.61,2.43,2.63,2.33,2.79,2.57,2.42,1.82,2.87,3.0,3.7,3.29,2.84,2.46,4.54,3.97,2.96,2.82,1.49,2.15,3.98,4.18,4.27,2.65,1.02,2.64,3.01,3.39,2.07,2.44,1.0,4.16,3.21,1.07,4.9,4.12,3.75,3.87,3.66,4.55,3.63,1.68,1.62,3.24,4.42,2.52,1.94,1.66,3.13,3.43,2.13,2.4,1.42,1.89,2.29,3.17,2.37,3.82,3.75,3.51,3.73,3.72,4.93,1.75,3.94,4.5,3.21,True,True,True,True,True,True,True,True
51-9071,Jewelers and Precious Stone and Metal Workers,Jewelers and Precious Stone and Metal Workers,Jewelers and Precious Stone and Metal Workers,0.0357142857142857,0.2053571428571428,0.3749999999999999,0.0178571428571428,0.1339285714285714,0.2499999999999999,-0.1560197,1,51-9071,False,0.9499999999999998,1,51-9071,False,base_00,3,base_00,False,1,3.5,2.06,3.12,3.0,3.06,2.375,1.06,1.5,1.375,1.435,2.44,3.62,2.935,2.69,1.06,1.125,1.125,2.0,2.88,3.0,3.0,2.375,1.94,2.19,4.0,1.12,2.5,3.125,3.06,2.81,2.625,1.19,3.125,1.875,1.94,1.69,2.875,1.06,1.19,3.0,3.0,2.19,1.25,1.125,1.75,2.315,1.625,3.19,3.06,2.12,2.88,2.56,2.44,3.12,2.685,2.75,3.0,2.0,2.31,1.0,2.25,2.88,2.25,1.87,2.065,2.12,2.375,2.875,2.25,2.125,1.875,2.435,2.375,1.19,2.75,2.815,1.88,1.315,2.685,2.815,3.06,2.0,1.88,1.875,2.56,1.94,2.56,2.47,2.21,2.455,2.785,2.92,3.46,2.16,2.31,2.665,3.08,2.3,3.38,3.52,2.94,3.595,2.075,3.265,3.425,3.5199999999999996,2.215,3.585,3.67,3.0549999999999997,3.5,1.735,3.315,2.475,2.9000000000000004,2.255,2.865,2.305,1.95,2.73,2.355,2.71,3.1100000000000003,1.6150000000000002,3.99,2.625,3.1900000000000004,2.5,3.0,2.005,4.495,3.905,3.94,2.5549999999999997,1.395,2.035,3.89,4.175,3.825,1.385,1.15,1.205,2.6950000000000003,2.375,1.19,2.22,1.135,3.05,1.5,1.105,4.765,3.79,3.825,2.7350000000000003,4.375,4.8149999999999995,4.02,1.66,1.0,4.835,1.285,2.575,1.545,1.14,1.35,2.9850000000000003,1.835,1.535,1.105,1.025,1.23,3.5,4.42,1.735,4.51,1.605,4.455,4.17,2.605,1.64,2.8600000000000003,4.255,3.855,True,True,True,True,True,True,True,True
51-9081,Dental Laboratory Technicians,Dental Laboratory Technicians,Dental Laboratory Technicians,0.0,0.0416666666666666,0.0833333333333333,0.0,0.0416666666666666,0.0833333333333333,0.0013206,1,51-9081,False,0.97,1,51-9081,False,base_00,2,base_00,False,1,3.88,2.62,3.12,3.88,3.38,2.12,1.0,1.5,1.38,1.62,2.75,4.0,3.0,2.88,1.38,1.0,1.0,2.75,3.0,3.38,3.25,2.0,2.12,2.75,4.0,1.38,2.0,3.12,3.0,2.62,3.0,1.38,3.38,2.12,2.38,1.88,3.25,1.38,1.88,3.12,3.12,2.25,1.0,1.0,2.0,2.38,2.12,3.0,3.62,2.12,3.25,2.75,3.0,3.0,3.0,2.75,3.25,2.25,2.38,1.0,2.75,3.12,2.88,1.88,1.88,2.38,2.0,3.0,2.38,2.75,1.75,3.12,2.38,1.25,2.88,3.38,2.25,2.12,2.38,2.88,3.0,2.25,2.0,1.88,3.25,2.25,2.88,3.65,2.81,3.23,3.19,3.79,3.79,3.26,3.21,3.51,3.57,2.8,3.69,3.29,3.76,4.24,2.95,3.47,3.86,3.69,3.42,3.96,4.1,3.07,3.94,2.65,3.99,2.64,1.95,2.41,4.04,3.04,3.04,2.75,3.05,3.5,2.63,2.18,4.34,3.71,4.02,2.94,2.12,2.85,3.24,3.36,2.63,2.38,1.0,1.97,4.43,2.92,4.54,1.34,3.64,1.26,3.46,3.18,1.05,3.61,1.07,3.34,1.73,1.0,4.4,4.21,3.18,2.71,3.75,4.79,3.75,1.92,1.07,4.73,1.27,3.22,1.03,1.03,2.69,3.21,1.55,1.92,1.0,1.29,1.2,4.09,4.44,2.05,4.72,2.0,3.33,4.81,4.4,1.95,3.51,4.06,3.09,True,True,True,True,True,True,True,True
51-9082,Medical Appliance Technicians,Medical Appliance Technicians,Medical Appliance Technicians,0.0689655172413793,0.1379310344827586,0.2068965517241379,0.0689655172413793,0.1034482758620689,0.1379310344827586,-0.4949538,1,51-9082,False,0.45,1,51-9082,False,base_00,3,base_00,False,1,3.75,2.88,3.0,3.38,3.75,3.0,1.0,2.38,1.62,2.25,2.88,3.62,2.88,2.88,1.0,2.0,2.0,3.0,3.5,3.62,3.5,2.88,2.38,3.38,3.88,1.0,2.75,3.88,3.75,3.0,2.88,1.0,3.88,2.12,2.75,2.38,3.0,1.0,1.0,3.5,3.5,2.62,1.0,2.0,2.62,2.88,3.0,3.0,3.75,2.5,3.25,3.0,3.0,3.88,3.38,3.0,3.75,3.0,2.75,1.5,3.0,3.25,2.88,1.88,2.12,2.62,2.75,3.25,2.75,2.75,2.38,3.5,2.88,1.38,3.75,3.62,3.0,1.88,3.12,3.5,3.62,2.88,2.5,2.38,3.0,3.62,3.0,3.04,3.31,2.56,2.76,3.7,3.44,3.13,2.8,2.79,3.22,2.43,3.12,3.59,3.3,4.05,2.56,3.29,3.63,3.87,3.15,3.29,3.87,2.73,3.61,1.83,3.67,1.99,3.13,3.22,3.4,2.59,2.29,2.54,2.58,2.99,1.85,1.72,3.58,3.08,3.3,2.59,2.74,3.17,4.27,3.81,3.76,2.72,1.82,1.78,4.29,3.79,4.74,2.09,2.91,1.14,3.34,4.32,1.38,3.26,1.85,4.24,1.67,1.15,4.39,3.86,4.39,3.75,3.89,4.39,3.21,1.65,1.39,4.85,1.29,3.34,1.18,1.02,2.04,3.84,2.53,2.92,1.12,1.83,1.96,3.51,1.96,4.34,4.48,2.91,4.21,4.39,4.57,2.75,3.85,3.94,2.89,True,True,True,True,True,True,True,True
51-9083,Ophthalmic Laboratory Technicians,Ophthalmic Laboratory Technicians,Ophthalmic Laboratory Technicians,0.0,0.09375,0.1875,0.0,0.0625,0.125,-0.5966759,1,51-9083,False,0.97,1,51-9083,False,base_00,2,base_00,False,1,3.62,2.38,3.0,3.5,3.38,2.88,1.0,1.62,1.62,2.0,2.88,3.62,3.0,2.12,1.0,1.75,1.25,2.12,2.88,3.12,3.5,2.12,2.0,2.88,3.75,1.0,2.12,2.88,2.88,2.12,3.0,1.0,3.25,3.0,3.0,1.75,3.12,1.0,1.0,2.88,3.0,2.25,1.75,2.12,2.0,2.25,2.38,3.0,3.12,3.0,3.0,2.88,2.75,2.88,2.62,2.62,3.0,2.25,2.62,1.0,2.25,3.0,2.5,1.75,1.75,2.5,2.12,3.0,2.12,3.25,1.62,3.12,2.25,1.75,3.12,3.0,2.62,1.75,2.75,2.62,2.88,2.25,2.12,1.75,3.12,2.38,2.75,2.88,2.81,2.25,2.04,3.05,3.39,2.71,2.53,2.18,2.98,1.8,3.25,2.53,3.09,3.71,2.39,3.41,3.14,3.04,2.75,3.21,3.21,2.04,3.27,1.5,3.14,2.61,2.48,2.34,2.98,2.13,2.7,2.36,2.52,2.64,2.15,1.67,2.28,2.74,3.29,3.34,2.82,2.0,3.4,3.22,3.31,3.48,1.3,3.18,4.33,2.82,3.84,1.63,2.16,1.32,1.61,2.07,1.02,2.81,1.01,3.48,1.25,1.13,4.18,3.99,3.73,2.69,3.56,4.26,4.14,1.02,1.0,4.97,1.39,2.64,1.01,1.0,3.9,3.53,1.43,2.47,1.07,1.69,2.12,4.18,2.13,3.87,4.58,3.22,3.53,4.58,2.12,1.28,3.03,4.06,2.34,True,True,True,True,True,True,True,True
51-9111,Packaging and Filling Machine Operators and Tenders,Packaging and Filling Machine Operators and Tenders,Packaging and Filling Machine Operators and Tenders,0.0,0.0,0.0,0.0,0.075,0.15,-0.978608,1,51-9111,False,0.98,1,51-9111,False,base_00,2,base_00,False,1,3.25,2.88,2.88,3.12,2.88,2.25,1.12,2.12,1.62,2.62,2.88,3.0,3.0,2.25,1.88,2.0,2.12,2.88,2.88,3.0,3.12,2.12,2.0,3.0,3.12,2.0,2.12,3.12,3.12,2.12,3.12,2.0,3.12,3.0,3.0,2.5,3.0,2.0,2.0,3.0,3.0,2.12,2.25,2.5,2.75,2.88,3.0,2.5,3.0,2.5,2.88,2.62,2.38,3.0,2.75,3.0,2.88,2.88,2.0,1.0,2.62,2.75,2.12,1.25,1.25,2.25,2.12,3.12,2.25,3.0,1.0,3.25,2.25,1.12,2.88,2.88,2.38,1.0,2.38,2.88,2.75,2.12,2.12,1.38,2.88,2.75,2.62,3.4,3.02,2.98,2.18,3.63,3.44,3.05,2.63,2.82,3.11,2.28,2.99,3.08,3.65,3.7,2.87,3.79,3.79,3.82,2.77,3.42,3.64,1.96,3.96,3.33,3.33,2.51,1.91,3.47,3.61,2.7,2.26,2.92,2.72,2.95,2.36,2.1,3.22,3.51,3.39,2.85,2.51,3.38,4.4,3.77,1.95,3.29,1.4,2.56,3.59,1.89,4.52,2.56,1.15,1.49,2.03,4.09,2.1,3.12,1.13,4.01,2.75,1.18,4.18,3.59,4.15,4.38,3.92,4.41,3.97,1.07,2.81,4.13,2.63,3.42,1.72,1.21,4.6,3.37,1.81,3.91,2.02,2.29,2.17,4.11,1.55,4.57,4.55,3.87,1.55,4.44,4.24,2.05,3.69,4.04,1.85,True,True,True,True,True,True,True,True
51-9123,"Painting, Coating, and Decorating Workers","Painting, Coating, and Decorating Workers","Painting, Coating, and Decorating Workers",0.0,0.0,0.0,0.0,0.0294117647058823,0.0588235294117647,-0.9705587,1,51-9123,False,0.92,1,51-9123,False,base_00,2,base_00,False,1,3.5,2.0,2.5,2.62,2.75,2.25,1.12,2.0,1.5,2.38,2.25,3.0,2.25,2.12,1.38,2.0,2.0,2.0,2.75,2.88,3.25,2.0,2.0,2.62,3.62,1.0,2.0,3.0,3.0,2.25,2.0,1.0,3.0,1.38,1.5,1.75,2.5,1.0,1.25,2.88,2.75,2.12,1.38,2.0,2.12,2.0,2.5,3.38,2.25,1.75,2.88,2.12,2.12,2.88,2.12,2.88,2.75,1.5,1.62,1.0,2.12,2.5,2.0,1.5,1.62,2.12,1.88,2.88,2.0,1.5,1.62,2.12,2.0,1.0,2.12,2.75,1.38,1.0,2.38,2.88,2.75,2.0,2.0,1.5,2.62,2.0,2.25,2.3,2.62,2.71,2.17,4.16,2.24,1.9,2.42,2.94,2.09,1.43,2.89,3.06,3.36,3.54,1.98,3.81,4.13,3.62,2.52,2.74,3.25,3.28,3.56,1.41,2.92,1.72,2.21,2.94,3.53,2.08,1.5,2.06,2.27,2.99,1.4,1.38,2.82,3.41,3.02,1.47,2.02,1.83,3.77,3.68,3.21,2.1,1.11,2.19,3.91,2.9,4.0,2.08,1.02,2.12,3.22,1.14,1.16,1.27,1.16,3.81,1.84,1.0,4.76,3.65,2.82,2.11,2.95,3.85,2.43,1.0,1.01,2.79,3.41,2.49,1.23,1.25,2.31,3.32,1.6,2.34,1.21,1.17,1.9,3.83,2.58,3.38,4.4,2.42,3.09,2.86,2.66,2.26,2.45,3.95,2.74,True,True,True,True,True,True,True,True
51-9124,"Coating, Painting, and Spraying Machine Setters, Operators, and Tenders","Coating, Painting, and Spraying Machine Setters, Operators, and Tenders","Coating, Painting, and Spraying Machine Setters, Operators, and Tenders",0.0217391304347826,0.0434782608695652,0.0652173913043478,0.0,0.0108695652173913,0.0217391304347826,-1.284442,2,51-9121;51-9122,True,0.8,2,51-9121;51-9122,True,base_00,2,base_00,False,1,3.75,2.88,2.88,3.75,3.0,2.62,1.5,3.0,1.62,3.0,3.25,3.25,3.12,2.12,1.75,2.5,2.25,2.62,2.88,3.0,3.62,2.0,2.0,3.0,3.88,1.62,2.0,3.0,2.88,2.0,3.12,2.12,3.0,2.88,2.88,2.75,3.0,1.75,2.12,2.62,2.62,2.38,1.88,2.88,2.62,2.0,3.12,3.75,3.12,2.5,2.75,2.62,2.5,2.62,2.88,2.88,2.75,3.0,2.88,1.12,2.12,2.62,2.62,1.62,1.88,2.0,2.0,3.12,1.88,3.12,1.5,3.62,1.88,1.38,3.12,2.62,3.0,1.12,2.12,2.75,2.62,2.25,2.12,1.38,2.88,2.88,2.25,3.25,2.76,2.84,2.11,3.2,3.65,2.68,2.88,2.98,3.07,2.4,2.58,3.34,3.66,4.27,2.43,3.56,4.21,4.15,2.82,3.48,3.72,3.04,4.02,2.86,3.47,2.37,1.54,3.07,3.58,2.74,2.83,3.42,2.77,2.57,2.29,2.09,2.43,3.4,3.4,2.59,2.37,2.32,3.52,3.28,2.01,2.35,1.23,1.82,2.87,1.39,4.35,2.3,1.72,2.34,3.67,2.48,2.2,3.09,1.11,4.66,4.04,1.26,4.48,3.79,4.19,3.69,3.26,3.96,2.73,1.74,1.44,2.81,3.22,2.64,2.11,1.57,3.42,3.77,1.89,3.36,1.43,1.96,2.32,4.61,1.31,4.28,4.83,3.8,1.63,4.23,4.25,3.84,3.29,4.1,2.22,True,True,True,True,True,True,True,True
51-9141,Semiconductor Processing Technicians,Semiconductor Processing Technicians,Semiconductor Processing Technicians,0.1875,0.234375,0.28125,0.03125,0.0625,0.09375,-0.6372312,1,51-9141,False,0.88,1,51-9141,False,base_00,2,base_00,False,1,3.5,2.38,2.88,3.25,3.25,2.38,1.0,2.13,1.0,2.13,2.63,3.25,2.75,2.38,1.63,2.13,1.75,2.25,3.25,3.13,3.13,2.0,2.25,3.13,3.63,1.63,2.0,3.38,3.25,2.38,3.0,1.63,3.13,2.75,2.38,2.38,2.75,1.63,1.5,2.88,2.88,2.0,1.75,2.25,2.75,2.25,2.63,2.88,3.0,2.0,3.5,3.13,2.5,3.25,2.75,2.88,3.38,2.88,2.38,1.38,2.25,2.88,2.25,1.5,1.62,2.25,1.88,3.25,2.0,2.88,2.12,3.62,2.25,1.62,3.25,3.38,2.5,1.88,2.12,2.88,2.88,2.25,2.0,1.75,2.75,2.88,2.75,3.1,2.99,3.05,1.65,3.92,4.23,3.21,3.01,2.49,3.05,2.22,3.51,3.02,3.55,4.01,2.53,4.18,3.8,3.63,2.95,3.7,3.29,2.09,4.01,2.69,3.78,1.89,1.85,4.08,3.2,2.0,2.78,2.62,2.04,2.59,2.08,1.94,2.94,3.58,3.54,3.75,2.77,3.93,3.73,3.75,1.72,2.8,1.16,2.83,3.18,2.54,4.08,2.69,1.0,2.54,4.09,2.31,1.14,1.88,1.57,3.61,1.93,1.0,3.92,3.34,3.2,3.75,3.18,4.25,3.79,1.8,1.52,4.98,1.16,3.05,1.28,1.01,3.49,3.39,1.6,2.16,1.47,1.24,1.54,3.14,2.85,3.56,3.9,3.35,3.75,3.86,4.57,3.09,3.39,4.01,2.26,True,True,True,True,True,True,True,True
51-9151,Photographic Process Workers and Processing Machine Operators,Photographic Process Workers and Processing Machine Operators,Photographic Process Workers and Processing Machine Operators,0.08,0.38,0.68,0.0,0.17,0.34,-0.3615806,1,51-9151,False,0.99,1,51-9151,False,base_00,2,base_00,False,1,3.25,2.5,3.0,3.25,3.25,2.12,1.12,2.12,2.12,2.62,2.75,3.0,3.25,2.5,1.0,1.88,1.88,2.12,3.12,3.25,3.12,2.38,2.38,2.38,3.75,1.25,2.5,3.62,3.5,2.75,3.12,1.0,3.12,2.38,2.5,1.75,3.25,1.0,1.12,3.12,3.0,2.5,1.12,2.38,2.25,2.88,2.5,3.62,3.12,2.0,3.38,3.0,2.88,3.38,3.12,2.75,3.12,2.75,2.75,1.38,2.75,3.0,2.5,2.0,2.12,2.25,2.0,3.12,2.88,3.12,1.5,3.5,2.88,2.38,3.38,3.25,2.38,1.62,3.25,2.88,3.25,2.75,2.5,2.0,3.0,2.88,2.75,2.72,2.33,2.69,3.25,3.18,4.24,2.35,1.96,2.71,2.75,1.73,3.68,3.13,2.6,4.19,2.57,2.72,3.53,3.75,2.2,3.24,3.93,3.0,3.06,1.07,3.89,2.77,3.95,2.57,2.69,2.64,3.24,3.61,2.88,2.88,3.16,2.02,3.59,3.14,3.69,4.39,2.84,2.54,4.27,2.91,4.03,3.11,1.47,3.22,3.71,3.14,4.0,2.39,2.64,1.96,3.22,2.24,1.82,1.74,1.0,2.83,2.93,1.0,4.86,3.51,3.23,3.19,3.03,3.73,3.25,1.41,1.04,4.08,1.69,3.3,2.23,1.76,1.77,3.33,1.77,2.98,2.02,2.23,2.24,3.22,2.47,3.9,3.93,3.44,4.43,4.01,1.95,1.18,3.34,3.8,3.28,True,True,True,True,True,True,True,True
51-9161,Computer Numerically Controlled Tool Operators,Computer Numerically Controlled Tool Operators,Computer Numerically Controlled Tool Operators,0.22,0.25,0.28,0.0,0.18,0.36,-0.9823542000000001,2,51-4011;51-9199,True,0.86,1,51-4011,True,base_00,2,base_00,False,1,3.75,3.25,3.12,3.5,3.12,3.0,1.25,2.25,1.5,2.5,2.88,3.25,3.12,2.88,1.75,2.12,2.0,3.38,3.0,3.62,3.25,2.75,2.75,3.12,3.75,1.75,3.0,3.25,3.0,2.75,3.25,2.12,3.62,3.12,3.5,2.88,3.12,2.62,2.12,3.0,3.0,3.0,2.25,2.38,2.88,2.75,3.12,3.0,3.25,2.88,3.0,2.88,2.88,3.12,3.12,2.88,3.62,3.0,2.75,2.12,2.75,3.0,2.62,1.5,1.62,2.38,2.75,3.62,2.0,4.12,2.5,4.12,1.88,2.12,3.38,2.88,3.0,1.62,2.0,2.88,3.0,2.88,2.88,1.75,3.0,3.12,2.62,3.23,2.21,2.96,1.89,3.85,4.6,2.31,2.36,2.69,3.21,3.25,3.08,3.28,3.77,3.83,2.83,3.83,4.01,4.29,2.72,3.55,3.84,2.1,4.07,2.85,3.66,1.85,1.4,3.33,3.44,2.79,3.16,3.61,2.82,2.85,1.7,1.5,2.82,3.21,3.29,3.79,2.6,3.4,4.03,3.48,1.91,2.41,1.28,3.26,3.51,2.37,4.12,1.69,1.1,1.63,2.54,4.07,1.22,3.38,1.34,4.28,2.07,1.15,4.22,4.04,3.52,2.59,3.93,4.79,4.01,1.29,2.44,3.8,2.7,2.8,1.27,1.25,3.94,2.98,1.66,2.83,1.24,1.88,1.57,3.33,1.6,4.6,4.22,3.07,2.19,4.41,4.99,1.49,2.51,3.75,2.25,True,True,True,True,True,True,True,True
51-9162,Computer Numerically Controlled Tool Programmers,Computer Numerically Controlled Tool Programmers,Computer Numerically Controlled Tool Programmers,0.7142857142857142,0.8035714285714285,0.8928571428571428,0.0,0.3571428571428571,0.7142857142857142,-0.6575732,2,51-4012;51-9199,True,0.36,1,51-4012,True,base_00,2,base_00,False,1,3.0,2.75,3.12,3.0,3.0,2.62,1.0,1.88,1.62,2.12,2.88,3.0,2.88,2.88,1.25,2.0,1.88,2.62,3.0,3.88,2.88,3.5,2.5,2.88,4.0,1.12,3.0,3.0,3.0,2.75,3.75,1.38,3.88,2.12,2.88,2.0,3.12,1.25,1.5,3.0,3.0,2.88,1.5,2.0,2.0,2.75,2.5,2.5,3.12,2.0,3.0,3.0,2.88,3.0,3.12,2.75,3.0,2.75,2.62,1.12,2.5,3.0,2.62,1.75,1.75,2.12,3.12,3.5,1.75,3.0,2.88,3.12,2.0,3.75,3.0,3.0,2.12,1.88,2.0,2.62,3.0,3.12,3.0,2.12,3.0,3.0,2.88,3.27,2.58,2.67,2.73,3.86,3.99,2.54,2.45,3.21,3.58,3.62,3.57,3.24,3.37,4.04,2.43,3.53,4.0,3.79,2.91,3.15,4.23,2.26,3.89,3.27,3.6,2.44,2.0,2.86,3.7,2.91,2.98,3.74,2.12,3.2,1.96,1.31,3.72,3.21,3.82,4.79,2.62,3.2,3.44,3.28,2.22,2.54,1.15,2.79,4.03,4.01,3.34,1.93,1.31,1.36,2.81,3.21,1.68,2.4,1.0,4.0,2.4,1.32,4.55,3.9,4.23,3.07,4.09,4.43,3.97,1.5,1.83,3.84,2.76,3.21,1.38,1.15,3.81,2.82,1.73,2.65,1.37,1.19,1.96,2.92,2.83,3.19,4.5,2.67,3.45,4.2,4.88,1.37,3.25,3.74,2.57,True,True,True,True,True,True,True,True
51-9191,Adhesive Bonding Machine Operators and Tenders,Adhesive Bonding Machine Operators and Tenders,Adhesive Bonding Machine Operators and Tenders,0.064516129032258,0.064516129032258,0.064516129032258,0.0,0.0,0.0,-1.311418,1,51-9191,False,0.95,1,51-9191,False,base_00,2,base_00,False,1,3.62,3.0,3.12,3.5,3.12,3.0,1.5,3.0,1.88,3.25,2.88,3.38,3.0,1.88,1.75,2.88,2.12,2.75,3.0,3.12,3.62,2.5,2.12,3.25,3.5,1.75,2.38,3.25,3.12,2.0,3.25,2.0,3.38,3.38,3.25,2.88,3.12,1.88,1.88,3.0,3.0,2.25,2.25,3.12,3.62,2.75,3.5,2.75,3.12,2.75,3.12,2.75,2.62,3.12,2.75,3.0,2.88,2.88,2.12,1.12,2.25,2.62,2.25,1.75,1.75,1.88,2.5,3.12,1.88,3.88,1.75,3.75,2.0,1.62,3.12,3.0,3.0,1.5,2.25,2.88,3.12,2.75,2.12,1.25,3.0,3.0,2.75,2.58,2.36,2.53,1.31,3.89,4.6,3.02,3.12,2.48,3.38,1.49,3.05,3.46,3.47,4.2,2.22,4.44,4.11,4.36,2.72,4.0,3.48,1.57,4.04,3.99,3.68,2.07,1.13,4.17,3.25,2.08,2.62,3.42,1.97,2.56,1.73,1.56,2.2,3.35,2.92,2.84,2.82,3.82,4.61,3.27,2.32,2.99,2.08,2.84,3.31,2.58,4.78,2.92,1.34,2.13,2.94,3.87,1.75,2.88,1.6,4.21,2.76,1.41,4.43,4.14,3.76,3.82,3.91,3.88,3.65,1.0,2.43,3.91,2.34,2.59,1.22,1.26,4.0,3.79,2.36,3.22,1.57,2.23,2.9,3.73,1.47,4.58,4.64,3.8,2.43,4.11,4.54,2.3,3.98,3.74,3.3,True,True,True,True,True,True,True,True
51-9192,"Cleaning, Washing, and Metal Pickling Equipment Operators and Tenders","Cleaning, Washing, and Metal Pickling Equipment Operators and Tenders","Cleaning, Washing, and Metal Pickling Equipment Operators and Tenders",0.1052631578947368,0.1052631578947368,0.1052631578947368,0.0,0.0526315789473684,0.1052631578947368,-1.141885,1,51-9192,False,0.81,1,51-9192,False,base_00,2,base_00,False,1,3.12,2.88,3.0,3.12,2.75,2.62,1.12,2.0,1.5,2.88,2.75,3.0,2.38,2.0,1.88,2.62,2.0,2.25,2.75,3.12,3.0,2.0,2.0,3.0,3.25,1.5,2.0,2.88,2.75,1.88,3.12,1.5,2.88,2.5,2.38,2.12,2.88,1.5,1.62,2.75,2.88,2.12,1.88,2.75,2.62,2.38,3.0,2.38,2.38,2.0,2.25,2.25,2.12,2.88,2.5,2.75,2.88,2.25,1.88,1.0,2.12,2.62,2.25,1.25,1.38,2.25,2.0,2.88,2.0,3.25,1.38,3.12,2.0,1.12,2.5,2.75,1.75,1.5,2.12,2.75,2.88,2.0,2.0,1.0,2.88,2.25,2.25,2.9,2.86,2.68,1.67,4.24,4.05,2.85,2.83,2.28,4.36,1.79,3.85,3.11,3.82,4.23,2.32,4.13,3.73,4.41,2.98,3.57,4.13,2.41,4.23,3.7,3.38,2.55,1.93,4.04,3.99,2.43,2.42,3.18,3.09,2.74,2.17,1.98,2.32,3.3,3.38,3.42,2.5,3.02,3.69,2.97,1.25,2.6,1.05,2.44,3.41,1.36,3.32,2.49,1.53,1.95,2.85,2.14,1.97,2.68,1.02,4.44,3.33,1.03,4.25,3.25,3.23,3.59,3.53,3.2,3.07,1.0,2.08,3.15,3.35,2.11,2.53,1.43,3.61,2.29,1.96,2.98,2.14,1.89,2.62,3.44,1.97,4.7,3.87,4.35,1.8,4.09,5.0,2.57,2.76,4.11,2.84,True,True,True,True,True,True,True,True
51-9193,Cooling and Freezing Equipment Operators and Tenders,Cooling and Freezing Equipment Operators and Tenders,Cooling and Freezing Equipment Operators and Tenders,0.08,0.08,0.08,0.0,0.04,0.08,-0.9604952,1,51-9193,False,0.93,1,51-9193,False,base_00,2,base_00,False,1,3.25,2.75,3.0,3.12,3.5,2.62,1.12,2.25,1.62,2.88,2.88,3.12,2.75,2.88,2.0,2.12,2.25,2.25,3.0,3.0,3.12,2.38,2.12,3.0,3.75,1.75,2.75,3.0,3.12,2.38,3.25,1.88,3.62,3.0,3.12,2.25,2.88,1.75,1.88,3.0,3.0,2.25,2.25,2.88,3.12,2.38,3.12,2.88,2.75,2.62,3.0,3.0,3.0,3.0,3.5,2.88,3.62,3.12,2.75,1.5,2.75,3.12,2.5,1.75,1.88,2.75,2.38,3.5,2.38,3.75,1.88,3.88,2.5,1.75,3.12,3.0,3.12,1.75,2.38,2.75,3.12,2.38,2.25,1.62,3.0,3.12,2.88,2.65,2.72,2.98,2.28,3.99,4.5,2.72,2.8,2.78,4.06,2.58,3.3,3.23,3.93,4.18,2.87,3.68,3.81,4.21,3.19,3.47,3.93,2.77,4.19,3.22,3.47,3.01,2.02,3.78,3.19,2.7,3.11,3.66,2.68,2.86,2.29,2.08,2.59,3.7,3.38,3.37,2.27,2.91,3.83,3.74,1.96,2.22,1.05,2.98,3.96,2.26,3.56,2.58,1.01,2.83,3.44,3.6,2.82,2.85,1.0,4.52,4.05,1.3,4.69,3.89,3.89,4.16,4.05,4.09,3.74,2.03,2.8,4.33,3.53,3.2,3.21,2.25,3.87,2.95,2.13,2.27,2.05,2.09,2.01,2.4,2.39,4.32,3.82,3.41,1.83,4.06,4.99,3.54,3.67,4.02,3.61,True,True,True,True,True,True,True,True
51-9194,Etchers and Engravers,Etchers and Engravers,Etchers and Engravers,0.0,0.1363636363636363,0.2727272727272727,0.0,0.0303030303030303,0.0606060606060606,-0.6395226,1,51-9194,False,0.98,1,51-9194,False,base_00,2,base_00,False,1,3.75,2.0,3.0,3.75,3.0,2.5,1.0,2.0,1.5,2.25,2.75,3.25,2.75,3.0,1.5,2.0,2.12,2.25,3.0,3.0,3.25,2.0,2.12,2.88,3.88,1.5,2.0,3.38,3.25,2.62,2.88,1.5,3.12,2.62,2.5,2.12,3.25,1.5,1.62,3.12,3.12,2.0,1.0,2.12,2.25,2.12,2.62,2.75,3.12,2.0,3.0,2.62,2.38,3.0,2.62,2.5,3.0,2.62,2.25,1.0,2.25,2.88,2.25,1.88,1.88,2.12,2.0,3.12,2.0,3.0,1.88,3.12,2.12,1.62,3.0,3.12,2.12,1.12,2.25,2.75,3.0,2.0,2.0,2.12,2.75,2.62,2.25,3.43,2.95,2.7,2.9,3.56,3.94,2.41,2.47,2.6,3.16,3.04,3.16,3.22,3.39,4.14,2.47,3.65,3.69,3.25,2.95,3.61,3.46,2.27,3.57,2.73,3.71,2.15,2.33,3.25,3.44,2.38,2.38,3.62,2.47,3.17,2.36,1.64,3.52,3.25,3.25,3.44,1.98,3.03,3.41,3.03,2.76,2.25,1.14,2.28,4.19,3.32,4.25,2.19,1.0,1.68,2.63,2.96,1.2,2.19,1.4,3.65,2.17,1.03,4.93,4.09,3.16,2.97,2.92,4.43,3.35,1.59,1.17,4.39,2.11,2.6,1.33,1.08,2.69,2.82,1.2,2.32,1.25,1.33,1.79,3.01,2.75,3.41,4.38,2.54,3.95,4.25,3.66,1.87,2.81,3.36,2.8,True,True,True,True,True,True,True,True
51-9195,"Molders, Shapers, and Casters, Except Metal and Plastic","Molders, Shapers, and Casters, Except Metal and Plastic","Molders, Shapers, and Casters, Except Metal and Plastic",0.0227272727272727,0.0709815546772068,0.1192358366271409,0.0,0.0465651914302588,0.0931303828605177,-1.183408,1,51-9195,False,0.9,1,51-9195,False,base_00,2,base_00,True,2,3.815,2.345,3.03,3.56,3.03,2.5325,1.28,2.5,1.91,2.8775,2.815,3.565,2.7175,2.75,1.8725,2.03,2.0325,2.2175,2.97,3.06,3.625,2.1875,2.1275,3.3125,3.5925,1.625,2.2175,3.03,2.9075,2.75,2.9075,1.685,3.0,2.9075,2.9375,2.53,3.215,1.5625,1.81,2.7825,2.9375,2.0,1.78,2.53,2.875,2.5325,3.0025,2.9375,3.3425,2.5,2.88,2.5275,2.4075,2.97,2.655,2.59,2.905,2.03,2.1575,1.06,2.0925,2.6875,2.185,1.685,2.0,2.25,2.2475,2.97,2.0275,3.0,1.845,3.0025,2.095,1.25,2.8475,2.8775,1.9375,1.4075,2.22,2.6875,2.815,2.125,2.0625,1.685,2.6575,2.2175,2.4675,2.9000000000000004,2.34,2.45,2.1125,3.5025000000000004,4.07,2.5675,2.2775,2.8025,2.785,2.335,2.9875,3.1275,3.2425,3.8275,2.2925,4.105,3.305,3.7375,2.63,3.0974999999999997,3.4825,2.42,3.5325,3.1425,3.2575000000000003,2.0575,2.19,3.895,3.0025,2.1675,2.3575,3.11,2.3049999999999997,2.7375,2.15,1.63,3.405,2.78,3.035,2.725,2.19,3.255,3.5825,3.0425,2.9075,1.9825,1.1625,2.3225,3.765,2.0599999999999996,4.2675,1.9875,1.1025,2.365,2.4525,3.155,1.395,3.4775,1.0125,3.87,3.2275,1.37,4.1625,3.8275,3.33,3.3425,3.4525,4.17,3.42,1.45,1.65,2.72,3.3975,2.7875,1.77,1.8425,2.95,3.0700000000000003,1.6949999999999998,3.0175,1.3225,1.565,1.87,4.1,2.0675,3.9825,4.455,2.8375,2.4,3.6775,4.1975,2.2875,3.2575000000000003,3.73,2.325,True,True,True,True,True,True,True,True
51-9196,"Paper Goods Machine Setters, Operators, and Tenders","Paper Goods Machine Setters, Operators, and Tenders","Paper Goods Machine Setters, Operators, and Tenders",0.0,0.0,0.0,0.0,0.0263157894736842,0.0526315789473684,-0.8740445,1,51-9196,False,0.67,1,51-9196,False,base_00,2,base_00,False,1,3.25,2.88,2.88,3.25,3.0,2.62,1.25,2.12,1.88,2.88,2.38,3.12,2.88,2.25,1.88,2.0,2.0,2.88,2.88,3.12,3.12,2.0,2.0,2.75,3.38,1.38,2.12,3.0,3.0,2.25,2.75,1.5,3.25,3.0,3.0,1.88,3.12,1.75,1.62,2.75,2.88,2.0,1.75,2.12,2.5,2.75,2.88,2.62,2.75,2.12,2.75,2.5,2.88,3.0,2.88,2.88,3.0,2.88,2.25,1.38,2.12,2.75,2.0,1.62,1.88,2.25,2.12,3.0,2.25,3.25,2.0,3.62,2.38,1.0,3.12,2.75,2.25,1.0,2.38,2.88,3.0,2.25,2.25,1.88,3.0,2.75,2.25,2.35,3.27,3.24,2.07,3.96,4.42,3.07,3.5,3.02,3.59,2.35,3.83,3.27,3.21,4.0,2.91,4.33,3.67,4.22,3.01,3.67,3.67,2.48,4.18,2.36,3.54,2.75,1.77,3.59,3.14,2.84,2.47,3.29,2.65,2.64,1.85,2.18,3.13,3.51,3.22,2.33,2.91,2.94,4.43,3.52,2.2,2.5,1.15,2.36,3.17,1.65,3.93,3.22,1.13,2.54,2.75,3.94,2.15,3.44,1.0,4.89,3.38,1.37,4.72,3.43,4.42,4.33,4.13,4.12,3.43,1.06,1.25,3.0,3.54,3.53,1.12,1.06,4.11,3.42,2.66,3.51,1.76,1.73,2.34,3.62,1.46,4.68,4.65,3.0,1.63,4.27,4.78,1.11,3.48,4.52,2.46,True,True,True,True,True,True,True,True
51-9197,Tire Builders,Tire Builders,Tire Builders,0.0,0.0192307692307692,0.0384615384615384,0.0,0.0,0.0,-1.610915,1,51-9197,False,0.94,1,51-9197,False,base_00,2,base_00,False,1,3.62,3.0,2.5,3.62,2.88,2.38,1.12,2.75,1.62,3.25,2.62,3.5,2.62,2.12,1.75,2.75,2.12,2.25,2.88,2.75,3.75,2.0,2.0,3.62,3.5,1.62,2.0,3.0,2.88,2.0,2.75,1.75,3.0,3.5,3.12,2.75,3.12,1.75,1.88,2.75,3.0,2.0,2.38,3.0,3.12,2.0,3.5,2.5,2.88,2.38,2.5,2.0,2.0,3.0,2.25,2.0,3.0,1.88,1.88,1.12,2.0,2.75,2.0,1.5,1.62,1.88,1.88,3.0,1.75,3.25,1.38,3.12,1.88,1.25,2.62,2.25,1.75,1.0,2.12,2.38,2.62,1.88,1.75,1.62,2.75,2.12,2.0,2.92,2.58,2.58,2.05,3.8,4.19,3.04,3.29,2.84,3.34,1.96,3.21,3.35,3.54,4.17,2.89,4.34,4.0,4.37,3.07,3.64,3.8,2.71,4.04,3.42,3.81,2.3,2.46,4.1,3.4,2.8,2.02,3.33,2.84,2.99,2.2,1.66,3.04,3.05,3.68,2.98,2.82,3.29,3.79,2.12,2.09,2.86,1.6,2.09,2.43,1.28,4.47,2.28,1.14,2.12,3.97,4.31,2.44,3.75,1.27,4.64,2.85,1.28,4.4,2.68,3.37,2.89,3.65,3.53,3.75,1.42,2.83,3.41,3.35,2.24,1.81,1.38,3.67,3.52,1.37,4.45,1.62,2.63,2.04,4.66,1.09,5.0,4.87,3.06,1.74,4.15,4.77,1.06,3.62,2.98,2.49,True,True,True,True,True,True,True,True
51-9198,Helpers--Production Workers,Helpers--Production Workers,Helpers--Production Workers,0.0444444444444444,0.0888888888888888,0.1333333333333333,0.0,0.0555555555555555,0.1111111111111111,-1.411304,1,51-9198,False,0.66,1,51-9198,False,base_00,2,base_00,False,1,3.12,2.75,2.88,3.25,2.88,2.88,1.38,2.62,1.88,3.0,2.88,3.12,2.25,1.88,1.75,2.25,2.0,2.5,2.75,3.12,3.25,2.0,2.0,3.12,3.5,1.75,2.0,3.0,3.0,1.88,3.0,2.0,3.12,2.25,2.75,2.12,2.88,1.75,1.88,2.62,2.88,2.12,2.0,3.0,3.25,2.25,3.25,2.5,2.75,2.12,2.88,2.0,2.0,2.88,2.25,2.62,2.75,2.12,2.0,1.0,2.0,2.25,2.0,1.62,1.75,1.88,2.0,2.88,1.88,2.62,1.62,2.75,1.88,1.25,2.62,2.62,2.12,1.25,2.12,2.62,2.75,2.0,1.88,1.25,2.25,2.12,1.88,2.71,2.77,2.45,2.27,3.51,3.98,2.39,2.53,2.45,2.71,2.56,3.06,2.73,3.15,3.63,2.23,4.16,3.7,3.52,2.76,3.27,3.03,2.28,3.48,3.1,2.92,2.16,2.1,4.03,3.28,2.25,2.53,3.32,2.32,2.37,2.12,2.33,2.33,2.59,2.99,2.62,2.15,3.13,3.84,2.99,1.99,2.1,1.39,2.62,3.39,1.71,3.51,2.9,1.02,2.17,2.12,3.47,2.19,3.47,1.11,4.17,3.17,1.78,4.31,3.69,3.52,3.38,2.98,3.88,3.21,1.55,2.87,1.83,3.74,2.76,2.12,1.62,3.87,3.17,1.58,3.54,2.05,1.59,2.18,4.06,2.03,3.75,4.62,3.17,1.71,4.09,4.94,2.57,2.88,3.89,2.16,True,True,True,True,True,True,True,True
53-1041,Aircraft Cargo Handling Supervisors,Aircraft Cargo Handling Supervisors,Aircraft Cargo Handling Supervisors,0.1,0.3,0.5,0.0,0.0,0.0,-0.7091902,1,53-1011,False,0.066,1,53-1011,False,base_00,2,base_00,False,1,3.0,3.12,3.12,2.88,3.62,3.0,1.75,2.62,1.75,3.0,3.62,2.75,3.25,3.0,2.25,2.62,2.12,2.88,3.12,3.25,3.0,2.88,2.5,3.5,3.5,1.75,2.88,4.0,4.0,2.88,3.38,2.0,3.88,3.0,3.0,2.5,3.5,1.88,2.12,3.25,3.38,3.0,2.25,2.62,3.25,3.25,3.12,2.88,3.25,2.12,3.12,3.12,3.0,3.62,3.12,3.5,3.75,2.0,1.88,1.12,3.12,3.38,3.5,1.75,2.12,3.75,3.0,3.62,2.5,2.75,1.75,2.75,2.75,1.62,2.62,3.25,2.0,1.5,2.88,3.25,3.62,3.0,2.75,1.75,3.62,2.38,3.12,3.1,3.04,3.68,3.58,4.36,3.56,4.11,3.78,2.93,3.6,1.81,3.75,3.34,4.2,4.39,4.05,4.04,3.98,3.93,3.18,3.37,4.21,3.21,3.92,3.96,3.99,3.51,3.64,3.5,3.67,2.58,2.61,2.34,3.45,3.78,2.38,2.7,3.15,3.7,4.07,3.86,4.03,3.65,4.89,3.97,4.25,3.73,1.99,2.56,4.48,4.98,3.46,2.67,1.39,2.52,2.24,3.59,2.2,1.98,1.21,4.62,3.39,1.36,4.94,4.47,4.67,4.56,4.61,4.57,3.88,4.23,3.95,4.07,4.46,2.85,4.38,2.86,2.75,3.73,2.73,2.96,1.81,1.78,2.23,3.14,2.48,3.52,3.32,3.11,4.95,4.69,4.36,1.62,4.39,4.85,3.63,True,True,True,True,True,True,True,True
53-1042,"First-Line Supervisors of Helpers, Laborers, and Material Movers, Hand","First-Line Supervisors of Helpers, Laborers, and Material Movers, Hand","First-Line Supervisors of Helpers, Laborers, and Material Movers, Hand",0.1022988505747126,0.3007662835249042,0.4992337164750957,0.2551724137931034,0.4105363984674329,0.5659003831417625,0.1160332,1,53-1021,False,,,,,base_00,2,base_00,False,1,2.5,2.565,3.125,2.5,3.62,2.375,1.25,1.56,1.375,1.625,2.81,2.62,2.685,2.88,1.815,1.56,1.5,2.0,3.38,3.31,2.625,2.5,2.185,2.315,3.315,1.75,2.565,3.94,3.94,2.62,2.5,1.935,3.44,2.0,2.06,2.0,3.12,1.81,2.0,3.75,3.75,2.375,1.685,1.56,2.185,2.69,2.435,2.06,2.565,1.685,3.565,3.12,2.935,3.56,3.19,3.685,3.5,1.25,1.5,1.0,3.0,3.25,3.0,2.185,2.25,3.685,2.375,3.44,2.81,2.185,1.625,2.565,3.0,1.315,2.315,3.31,1.25,1.315,2.875,3.125,3.75,2.75,2.88,1.625,3.5,1.875,3.12,3.535,2.965,3.79,3.935,4.4,2.675,3.7,3.77,3.69,3.95,2.125,3.765,3.38,3.814999999999999,4.325,3.8,3.04,3.5,3.53,3.3,4.02,4.3149999999999995,3.425,3.875,3.0700000000000003,4.17,3.465,2.92,2.505,3.81,2.9299999999999997,2.115,2.46,3.775,4.025,3.0700000000000003,2.935,3.4400000000000004,3.715,3.93,4.135,3.425,2.8899999999999997,4.8100000000000005,4.225,4.154999999999999,3.235,1.535,2.47,4.535,4.869999999999999,3.45,1.625,1.67,2.685,2.255,2.96,1.285,1.965,1.05,3.565,3.225,1.335,4.93,4.605,4.66,4.355,4.3,4.205,3.395,3.185,2.055,3.68,3.44,3.05,3.604999999999999,2.6849999999999996,2.405,3.155,2.78,1.825,1.265,1.455,1.485,2.545,3.28,3.12,2.155,2.59,4.865,4.1049999999999995,3.46,1.505,4.365,4.66,3.63,True,True,False,True,True,True,True,True
53-1043,First-Line Supervisors of Material-Moving Machine and Vehicle Operators,First-Line Supervisors of Material-Moving Machine and Vehicle Operators,First-Line Supervisors of Material-Moving Machine and Vehicle Operators,0.1538461538461538,0.3717948717948718,0.5897435897435898,0.1538461538461538,0.3076923076923077,0.4615384615384615,0.1466245,1,53-1031,True,,,,,base_00,3,base_00,False,1,2.75,2.38,3.12,2.38,3.62,2.5,1.0,1.5,1.12,1.88,3.25,2.5,3.12,3.0,1.62,2.0,1.75,2.25,3.5,3.38,2.38,2.88,2.25,2.5,3.5,1.62,3.0,4.0,4.0,3.0,2.88,2.0,3.75,2.12,2.12,2.12,3.12,1.88,2.0,3.38,3.38,2.75,1.62,2.0,2.12,3.0,2.25,2.5,2.88,2.0,3.75,3.5,3.12,4.0,3.5,4.0,3.62,2.25,1.62,1.0,3.12,3.62,3.12,1.75,2.5,4.0,2.75,3.5,3.12,2.25,2.5,2.5,3.0,1.25,2.38,3.62,2.25,1.25,3.0,3.62,3.88,2.88,2.88,1.38,4.0,2.25,3.38,3.69,3.17,3.99,3.7,4.44,3.41,4.41,4.43,3.32,4.14,1.77,3.89,2.88,3.9,4.72,4.33,3.54,3.78,3.97,3.72,3.98,4.16,2.9,3.91,3.62,3.95,3.89,3.19,2.42,3.63,3.26,1.9,3.54,3.65,3.66,2.82,3.38,3.45,3.78,3.77,3.96,4.01,3.86,4.89,4.05,4.6,3.83,1.51,2.4,4.6,5.0,3.43,2.04,1.43,1.81,1.66,3.02,1.77,2.25,1.1,3.67,3.61,1.64,4.96,4.16,4.59,4.02,4.82,4.64,3.62,3.09,2.9,2.91,3.79,4.22,3.85,1.82,3.45,3.39,2.64,2.33,1.38,1.36,2.08,2.35,2.76,3.62,3.51,3.77,4.71,3.97,3.34,1.88,4.7,4.66,3.92,True,True,False,True,True,True,True,True
53-1044,First-line Supervisors of Passenger Attendants,First-Line Supervisors of Passenger Attendants,First-Line Supervisors of Passenger Attendants,0.0526315789473684,0.2894736842105263,0.5263157894736842,0.2631578947368421,0.3157894736842105,0.3684210526315789,0.288466,2,39-1021;53-1031,True,0.076,1,39-1021,True,base_00,3,base_00,False,1,,,,,,,,,,,,,,,,,,,,,,,,,,,,,,,,,,,,,,,,,,,,,,,,,,,,,,,,,,,,,,,,,,,,,,,,,,,,,,,,,,,,,,,,,,,,,,,,,,,,,,,,,,,,,,,,,,,,,,,,,,,,,,,,,,,,,,,,,,,,,,,,,,,,,,,,,,,,,,,,,,,,,,,,,,,,,,,,,,,,,,,,True,True,True,True,False,False,False,False
53-2011,"Airline Pilots, Copilots, and Flight Engineers","Airline Pilots, Copilots, and Flight Engineers","Airline Pilots, Copilots, and Flight Engineers",0.0909090909090909,0.3522727272727273,0.6136363636363636,0.0,0.2272727272727273,0.4545454545454546,-0.2070626,1,53-2011,False,0.18,1,53-2011,False,base_00,4,base_00,False,1,4.0,3.25,3.0,4.62,4.12,4.12,1.0,1.88,1.5,2.5,4.25,3.12,4.0,3.0,3.62,1.75,2.0,3.75,4.0,4.0,3.5,3.12,3.12,4.0,4.25,3.38,3.25,4.0,4.0,2.88,4.12,3.88,4.75,4.12,4.25,4.88,4.0,2.88,4.0,3.75,3.75,3.38,2.75,1.62,2.12,4.0,2.12,3.62,3.38,2.75,4.0,3.12,3.75,4.12,3.62,3.62,4.12,1.75,1.0,1.0,3.0,4.0,3.0,1.62,1.88,2.88,3.12,4.12,2.62,4.88,2.12,4.62,2.75,1.5,3.12,3.88,1.12,2.75,2.88,3.25,3.75,3.25,3.25,1.62,3.88,3.12,3.12,3.97,2.57,3.21,2.72,4.0,4.3,2.22,3.09,2.71,3.52,1.5,2.89,3.5,4.69,4.66,2.79,2.73,4.88,4.83,3.73,3.46,4.73,2.64,4.71,4.65,3.52,1.97,2.7,2.04,4.46,2.36,2.15,1.72,3.21,2.41,1.53,1.53,2.64,2.97,4.45,3.54,3.47,4.37,4.43,3.68,3.34,3.14,1.63,3.58,3.64,4.03,3.5,2.85,2.05,3.65,2.78,2.75,3.62,1.66,3.51,4.41,3.59,2.21,4.62,4.33,4.12,4.44,4.43,4.84,3.97,4.57,1.41,3.77,2.39,4.05,3.42,1.61,3.4,4.05,3.73,1.86,1.57,1.43,1.36,3.01,4.74,1.94,4.6,1.99,3.45,4.54,3.59,1.97,3.88,4.55,2.47,True,True,True,True,True,True,True,True
53-2012,Commercial Pilots,Commercial Pilots,Commercial Pilots,0.1136363636363636,0.2386363636363636,0.3636363636363636,0.0,0.2159090909090909,0.4318181818181818,-0.1817332,1,53-2012,False,0.55,1,53-2012,False,base_00,3,base_00,False,1,3.25,3.12,3.12,4.12,4.0,4.0,1.0,2.12,1.75,2.25,4.0,2.88,3.5,3.0,3.12,2.0,1.88,3.12,4.0,4.0,3.38,2.88,2.5,3.88,4.12,2.75,2.62,4.0,4.0,3.0,4.12,3.0,4.12,3.88,4.0,4.0,4.0,2.5,3.88,3.75,3.75,3.12,1.88,2.0,2.12,3.62,2.5,3.0,3.25,2.25,3.88,3.38,3.62,3.88,3.62,3.25,4.0,1.88,1.5,1.0,3.0,3.88,3.12,1.62,1.88,2.88,2.75,4.12,2.12,4.75,1.62,4.38,2.88,1.5,2.62,3.75,1.88,2.62,2.88,3.0,3.75,3.12,3.0,1.5,3.0,3.12,3.0,4.59,3.1,2.79,4.16,4.46,4.84,3.49,3.66,4.21,4.42,2.55,3.87,3.79,4.66,4.41,3.14,3.02,4.7,4.91,3.65,4.08,4.75,3.49,4.53,4.92,4.37,2.85,3.76,3.47,4.65,2.78,3.96,4.35,3.11,3.48,2.24,2.78,3.95,4.17,4.1,3.07,2.94,3.81,4.39,3.9,2.89,2.79,1.2,2.06,4.8,4.94,3.61,3.09,2.43,3.3,3.41,3.75,2.87,2.42,2.44,3.73,3.16,1.86,4.39,4.81,4.36,4.68,4.67,4.63,3.67,3.96,2.26,3.55,2.34,3.06,3.72,3.24,1.98,4.23,2.0,2.65,1.91,1.78,2.05,2.68,4.34,1.99,3.56,2.17,4.3,3.77,3.68,2.39,3.47,4.68,3.05,True,True,True,True,True,True,True,True
53-2021,Air Traffic Controllers,Air Traffic Controllers,Air Traffic Controllers,0.0909090909090909,0.3409090909090909,0.5909090909090909,0.0,0.3068181818181818,0.6136363636363636,1.152798,1,53-2021,False,0.11,1,53-2021,False,base_00,3,base_00,False,1,2.5,3.5,3.62,2.88,4.38,2.62,1.0,1.0,1.0,1.12,4.12,2.88,4.25,3.38,2.12,1.0,1.0,2.88,4.25,4.0,2.38,3.12,3.0,1.38,4.12,2.12,3.0,4.62,4.62,3.38,4.12,1.62,4.75,1.5,1.75,1.62,4.5,1.75,1.88,4.12,4.0,4.25,1.0,1.0,1.0,4.12,1.75,3.0,3.5,1.12,3.88,3.38,3.75,4.38,4.0,3.88,4.12,1.25,1.25,1.0,3.12,4.12,3.12,1.75,1.75,2.88,2.88,4.0,2.62,2.5,2.75,3.25,2.88,1.75,2.75,3.75,1.12,1.75,3.12,3.38,4.25,3.25,3.12,1.75,3.5,2.0,3.12,4.0,2.21,3.59,3.19,4.21,2.31,2.87,2.76,3.09,3.32,1.52,3.12,3.33,3.91,4.54,2.46,1.76,4.6,2.94,3.15,2.74,4.85,1.87,4.24,1.27,3.91,1.99,3.63,1.48,4.18,2.43,1.4,1.16,2.69,2.53,1.5,1.73,3.92,4.12,4.11,3.46,4.4,4.18,4.71,4.14,4.25,3.49,1.36,3.58,3.92,2.68,2.17,1.29,1.28,2.53,1.16,1.18,2.07,1.13,1.69,3.51,1.39,1.13,4.12,4.29,4.93,2.63,4.82,4.83,4.67,1.2,1.13,4.89,1.24,3.08,1.13,1.14,2.28,4.28,1.94,1.52,1.17,1.13,1.22,3.52,4.44,2.27,4.17,1.57,3.83,3.41,1.13,1.13,3.51,4.81,3.34,True,True,True,True,True,True,True,True
53-2022,Airfield Operations Specialists,Airfield Operations Specialists,Airfield Operations Specialists,0.0975609756097561,0.3658536585365853,0.6341463414634146,0.0,0.3292682926829268,0.6585365853658537,0.4845738,1,53-2022,False,0.71,1,53-2022,False,base_00,3,base_00,False,1,2.38,3.0,3.12,2.75,4.12,2.62,1.0,1.75,1.38,1.88,3.62,2.25,3.25,2.88,2.25,1.75,1.88,2.62,3.75,3.62,2.62,2.62,2.25,2.25,3.62,2.25,2.25,4.0,4.0,2.88,3.25,2.12,4.12,1.88,2.25,2.38,3.25,2.0,2.38,3.75,3.25,2.88,1.62,1.88,1.88,3.0,2.38,2.75,3.0,1.88,4.0,3.62,3.25,4.0,3.38,3.75,3.75,1.0,1.25,1.0,3.25,3.25,3.0,1.62,2.0,2.88,2.12,4.0,2.88,2.75,2.5,3.0,2.75,1.38,2.25,3.75,1.0,1.62,3.0,3.12,3.75,3.12,3.12,1.75,3.12,1.62,3.38,3.34,2.94,3.55,3.6,4.39,3.35,3.67,3.53,3.13,4.31,1.9,3.73,2.96,4.56,4.31,3.3,3.17,4.42,4.72,3.19,3.8,4.3,2.68,4.21,4.67,3.91,3.54,3.5,3.11,3.72,2.95,2.32,2.35,3.57,3.2,2.11,3.09,2.93,3.73,4.27,3.77,3.62,4.79,4.92,4.37,4.77,3.66,1.69,2.61,4.64,4.7,3.98,2.25,1.6,3.51,2.95,3.03,2.59,1.75,1.14,4.3,3.65,1.61,4.86,4.79,4.38,4.23,4.64,4.67,4.45,4.41,2.23,3.91,3.28,2.84,4.21,1.87,2.13,3.83,2.66,2.56,1.87,1.55,1.67,2.87,3.06,3.31,3.41,3.12,4.9,4.1,3.99,1.72,3.86,4.75,3.57,True,True,True,True,True,True,True,True
53-2031,Flight Attendants,Flight Attendants,Flight Attendants,0.1458333333333333,0.1666666666666666,0.1875,0.0416666666666666,0.1458333333333333,0.25,-0.7621183,1,53-2031,False,0.35,1,53-2031,False,base_00,2,base_00,False,1,2.88,3.25,3.0,2.0,3.62,2.0,1.0,2.12,1.62,3.12,3.12,2.75,3.0,2.75,1.5,2.88,3.0,2.88,3.12,3.25,2.88,2.0,2.12,2.75,3.75,1.25,2.12,3.88,4.0,2.88,3.12,1.12,3.75,1.62,2.12,2.25,3.12,1.12,1.25,4.0,3.88,2.75,2.0,2.75,2.88,2.88,3.0,2.5,2.12,1.5,3.0,2.88,3.12,3.88,2.88,3.62,3.12,1.0,1.0,1.0,2.88,3.0,2.75,1.88,1.88,2.5,2.0,3.88,2.88,2.0,1.62,2.38,3.0,1.38,2.12,3.12,1.0,1.38,3.75,3.75,4.12,2.0,2.0,1.75,3.12,2.0,3.0,2.99,4.06,2.2,2.71,3.34,2.27,3.06,2.41,2.42,2.87,1.19,3.51,2.92,3.98,4.26,2.27,4.04,4.09,3.89,2.57,3.61,4.25,2.23,4.04,1.65,3.4,1.82,4.81,3.97,3.53,2.2,1.34,1.37,4.05,3.35,2.57,1.56,2.86,2.7,3.75,2.81,4.39,4.46,4.87,3.99,4.87,4.6,2.79,2.3,3.9,4.43,4.41,4.18,4.04,3.35,3.32,3.08,4.5,2.27,4.28,4.85,3.27,3.3,4.73,4.53,4.57,4.96,4.47,4.14,3.8,4.17,1.07,4.89,1.84,2.67,2.7,1.77,2.43,4.72,4.94,3.68,1.4,3.05,2.9,3.34,2.39,4.07,3.05,3.87,3.16,4.46,2.9,2.21,4.19,4.53,2.32,True,True,True,True,True,True,True,True
53-3011,"Ambulance Drivers and Attendants, Except Emergency Medical Technicians","Ambulance Drivers and Attendants, Except Emergency Medical Technicians","Ambulance Drivers and Attendants, Except Emergency Medical Technicians",0.0909090909090909,0.0909090909090909,0.0909090909090909,0.0,0.0454545454545454,0.0909090909090909,-0.8298703,1,53-3011,False,0.25,1,53-3011,False,base_00,2,base_00,False,1,3.12,2.5,3.0,3.0,3.25,3.0,1.0,2.38,1.62,2.88,3.12,2.88,3.0,2.75,1.88,2.75,2.12,2.62,3.12,3.12,3.0,2.0,2.0,3.12,3.25,2.12,2.12,3.88,3.75,2.12,3.0,2.12,3.88,2.88,3.12,3.12,3.0,1.88,3.12,3.12,3.25,2.75,2.5,2.25,3.12,3.12,3.0,2.5,2.88,1.5,3.12,2.88,3.12,3.38,2.88,2.88,3.5,2.25,2.0,1.0,3.0,3.0,2.38,1.38,2.12,2.25,2.0,3.0,2.75,3.0,1.75,2.75,2.75,1.12,2.0,3.12,2.12,1.62,3.5,3.12,3.12,2.0,1.88,1.38,2.88,2.38,2.88,2.98,4.41,2.61,2.95,3.53,3.01,2.49,2.84,2.75,4.25,2.11,3.64,2.66,3.39,4.29,2.33,3.63,3.9,4.06,3.74,3.35,3.36,3.08,3.65,4.3,3.23,2.5,4.21,3.96,3.63,2.55,3.06,3.25,2.88,2.83,2.33,2.38,3.41,3.18,3.69,3.09,2.93,3.99,4.66,3.81,4.06,3.61,2.51,2.24,4.11,3.49,3.6,3.39,3.89,2.32,2.62,2.69,1.69,2.55,1.86,3.06,3.34,1.52,4.3,4.08,4.31,4.77,4.38,4.4,3.86,4.1,1.54,2.73,2.92,3.05,4.23,3.56,1.59,4.61,2.35,3.44,1.54,2.21,2.6,2.98,3.22,3.04,3.84,2.76,3.9,3.78,4.26,1.63,3.3,4.17,3.14,True,True,True,True,True,True,True,True
53-3031,Driver/Sales Workers,Driver/Sales Workers,Driver/Sales Workers,0.1666666666666666,0.3333333333333333,0.5,0.0,0.1388888888888889,0.2777777777777778,-0.7293087,1,53-3031,False,0.98,1,53-3031,False,base_00,2,base_00,False,1,3.0,2.38,3.0,3.0,3.0,2.62,1.0,2.12,1.5,2.5,3.0,3.0,2.75,2.12,2.0,2.25,2.12,2.25,3.0,3.0,2.88,2.5,2.12,2.88,3.25,2.0,2.62,3.75,3.75,2.38,2.88,2.38,3.12,2.5,2.5,2.0,2.88,2.0,2.62,3.12,3.12,2.0,1.75,2.25,3.0,2.75,3.0,2.62,2.25,2.0,3.0,2.88,2.75,3.75,3.0,2.75,3.12,1.62,1.0,1.0,2.12,2.88,2.0,1.75,1.75,2.0,2.62,2.88,2.75,2.75,1.12,2.5,2.88,1.0,2.0,3.0,1.25,1.0,3.12,3.0,3.62,2.0,2.0,1.38,3.0,2.0,2.75,2.73,1.95,1.92,3.02,3.73,2.56,2.1,2.35,2.22,3.24,1.29,2.8,2.32,3.1,3.94,2.25,4.57,3.55,3.0,2.57,2.87,2.83,1.86,3.63,4.58,3.68,1.79,3.92,4.36,3.01,2.19,1.41,1.7,2.11,2.83,2.86,1.34,2.87,1.82,2.67,2.41,2.85,3.11,4.37,2.55,4.3,3.35,1.19,2.13,3.98,2.19,3.46,3.39,1.36,3.72,1.61,2.22,1.84,2.59,1.0,3.71,4.82,1.29,4.6,3.43,3.59,3.31,3.65,4.18,4.41,4.1,2.47,3.21,2.79,3.01,5.0,2.37,2.25,2.91,2.92,4.17,2.27,3.38,3.33,4.24,2.9,3.61,4.61,3.83,3.77,4.92,3.54,1.29,2.16,3.28,3.1,True,True,True,True,True,True,True,True
53-3032,Heavy and Tractor-Trailer Truck Drivers,Heavy and Tractor-Trailer Truck Drivers,Heavy and Tractor-Trailer Truck Drivers,0.1923076923076923,0.2788461538461538,0.3653846153846154,0.0384615384615384,0.173076923076923,0.3076923076923077,-1.149057,1,53-3032,False,0.79,1,53-3032,False,base_00,2,base_00,False,1,3.0,3.0,3.0,3.88,3.12,3.5,1.75,2.38,1.75,2.75,4.12,2.88,3.0,2.0,3.0,2.38,2.25,3.0,2.88,3.0,3.0,2.0,2.0,3.88,3.5,3.0,2.0,3.12,3.0,1.88,2.88,3.0,3.62,3.88,3.75,3.88,3.25,2.62,3.88,3.0,3.0,2.38,2.5,2.5,3.0,3.0,2.88,2.62,3.0,2.62,3.0,2.5,2.5,2.88,2.62,2.75,3.0,2.88,2.12,1.75,1.88,2.88,2.0,1.75,1.88,1.88,2.0,3.12,2.0,3.75,1.75,3.75,1.88,1.0,2.62,3.0,2.88,1.0,2.5,2.75,3.0,2.12,2.0,1.38,3.0,3.0,2.75,2.48,2.23,2.22,3.26,3.72,2.95,2.19,2.06,2.12,3.28,1.64,2.76,3.11,3.67,4.29,1.99,3.14,3.87,4.44,2.03,2.97,3.09,2.06,3.88,4.62,2.94,1.88,2.85,3.46,3.04,1.92,1.94,3.31,2.55,2.61,1.72,1.62,2.49,2.34,2.99,2.82,2.47,4.03,4.17,3.06,3.75,3.17,1.63,1.79,3.88,3.31,3.86,2.43,1.15,3.11,2.45,2.46,2.1,2.53,1.19,3.61,4.24,2.73,4.06,4.26,4.64,3.74,4.49,3.99,3.54,4.95,2.05,1.96,2.38,3.27,4.76,2.81,2.93,2.61,1.8,2.56,1.75,1.75,1.75,3.65,4.16,2.21,4.42,2.18,3.97,4.24,4.35,1.81,2.7,3.6,2.28,True,True,True,True,True,True,True,True
53-3033,Light Truck Drivers,Light Truck Drivers,Light Truck Drivers,0.2307692307692307,0.3653846153846154,0.5,0.0,0.25,0.5,-1.120501,1,53-3033,False,0.69,1,53-3033,False,base_00,2,base_00,False,1,2.88,2.5,2.88,3.12,3.12,3.0,1.38,2.25,1.5,3.0,3.62,2.88,2.38,2.38,2.5,2.62,2.0,2.5,3.0,3.0,3.12,2.12,2.0,3.62,3.25,2.38,2.12,3.12,3.12,2.12,3.0,2.62,3.25,2.88,3.12,3.0,2.88,2.0,3.5,3.0,3.0,2.12,1.88,3.12,3.12,2.75,3.12,2.75,2.88,1.88,3.0,2.75,2.12,3.12,2.62,2.5,3.0,2.25,1.75,1.0,2.25,2.62,2.0,1.5,1.62,2.0,2.25,3.12,1.88,3.12,1.62,2.75,2.0,1.0,2.12,3.12,2.0,1.12,2.75,2.75,3.12,2.12,2.12,1.25,3.0,2.0,2.75,2.88,3.25,2.83,3.35,4.21,3.3,2.23,2.4,3.08,3.71,2.74,2.68,2.9,3.41,3.75,2.71,4.54,4.11,4.36,3.08,3.21,3.7,2.27,3.74,4.41,3.48,2.09,3.36,4.39,3.62,2.6,2.08,3.58,3.28,3.15,2.74,1.59,2.72,3.07,3.65,2.17,2.25,3.08,4.56,3.06,4.08,2.6,1.1,2.67,3.09,3.27,3.08,2.11,1.45,2.71,1.99,1.93,1.62,1.91,1.0,2.39,3.48,1.09,3.68,3.34,3.98,3.13,3.83,4.34,3.43,4.61,1.84,2.43,2.82,3.04,4.15,2.58,2.4,3.0,1.88,3.05,1.23,1.54,1.84,2.76,3.56,2.81,4.19,3.34,4.24,4.19,3.47,1.07,3.31,3.47,1.57,True,True,True,True,True,True,True,True
53-3051,"Bus Drivers, School","Bus Drivers, School","Bus Drivers, School",0.2941176470588235,0.3235294117647059,0.3529411764705882,0.0,0.1764705882352941,0.3529411764705882,-0.2977046,1,53-3022,True,0.89,1,53-3022,True,base_00,2,base_00,False,1,3.12,3.25,2.5,3.38,3.0,3.5,1.38,2.25,1.75,2.12,4.0,2.25,2.75,2.25,2.75,2.12,1.88,2.88,2.88,3.12,2.88,1.88,2.38,3.38,3.75,2.62,2.25,3.25,3.12,2.25,2.88,3.38,3.5,3.12,3.5,3.12,3.12,2.62,3.25,3.25,3.5,2.75,1.75,2.0,2.12,3.12,2.5,3.12,2.62,2.5,2.75,2.75,2.5,3.38,2.38,3.0,3.38,1.5,1.12,1.12,2.38,2.88,2.38,1.25,1.25,2.0,1.75,3.38,2.25,2.88,1.12,3.12,2.38,1.0,2.25,3.0,1.5,1.0,3.0,3.25,3.12,1.88,1.75,1.25,2.88,2.38,2.62,2.69,3.73,2.16,1.96,3.54,2.8,2.48,2.34,2.22,3.51,2.14,3.51,3.07,3.32,3.92,2.77,2.16,4.04,4.32,2.52,3.05,3.76,1.86,4.05,4.21,3.02,1.67,2.91,2.51,2.92,2.24,1.92,2.5,3.07,3.31,1.33,1.88,2.77,2.88,3.08,1.83,3.01,3.5,4.26,2.69,3.3,2.75,1.62,1.67,3.33,2.3,3.11,1.8,2.15,2.23,1.96,1.83,1.14,1.58,1.45,3.86,3.46,1.78,4.13,4.01,4.5,3.69,3.51,4.11,2.51,4.84,1.86,1.66,2.56,1.61,3.9,2.11,2.62,4.0,1.46,2.31,1.28,1.63,1.49,3.85,4.27,1.78,4.39,1.75,2.53,3.77,1.63,1.54,2.68,3.42,2.3,True,True,True,True,True,True,True,True
53-3052,"Bus Drivers, Transit and Intercity","Bus Drivers, Transit and Intercity","Bus Drivers, Transit and Intercity",0.2222222222222222,0.2407407407407407,0.2592592592592592,0.0,0.1666666666666666,0.3333333333333333,-0.605453,1,53-3021,False,0.67,1,53-3021,False,base_00,2,base_00,False,1,3.12,3.12,2.5,3.88,3.0,3.75,1.12,2.0,1.62,2.5,4.12,2.75,2.88,1.88,3.0,1.88,1.75,2.88,2.75,3.0,2.88,2.0,2.5,3.75,3.5,3.0,2.0,3.25,3.25,2.0,2.88,3.25,3.5,3.5,3.62,3.62,3.38,2.25,3.62,3.25,3.25,2.5,2.0,1.88,2.12,3.25,2.5,2.88,2.75,2.0,3.12,2.75,2.62,3.12,2.38,2.62,3.12,1.88,1.38,1.0,2.0,2.75,2.12,1.75,1.75,2.12,2.0,3.0,2.12,3.88,1.0,3.62,2.5,1.0,2.12,2.75,1.62,1.0,3.12,3.0,3.0,1.88,1.88,1.75,3.12,2.0,2.5,2.77,3.52,2.73,3.54,4.12,3.07,2.16,2.22,2.49,3.32,1.5,3.41,3.05,3.29,3.99,2.0,2.68,3.84,4.15,2.85,3.02,3.85,1.71,3.83,4.73,2.64,1.75,4.2,2.99,3.23,2.46,1.73,2.28,3.19,2.62,1.72,1.42,2.53,3.53,3.44,2.48,3.15,3.91,4.53,2.71,3.87,3.61,2.17,2.27,2.81,2.13,3.52,2.0,2.88,2.94,1.13,1.92,1.0,1.69,1.1,4.03,2.82,1.67,3.93,3.68,4.26,2.96,4.22,3.82,3.06,4.64,1.4,2.71,1.62,2.16,3.16,2.1,2.73,4.11,2.1,2.09,1.0,1.22,1.58,3.89,4.85,1.76,4.47,1.61,2.87,3.84,1.78,1.0,2.52,3.2,2.28,True,True,True,True,True,True,True,True
53-3053,Shuttle Drivers and Chauffeurs,Shuttle Drivers and Chauffeurs,Shuttle Drivers and Chauffeurs,0.1923076923076923,0.25,0.3076923076923077,0.0384615384615384,0.173076923076923,0.3076923076923077,-0.46498245,2,53-3022;53-3041,True,0.89,2,53-3022;53-3041,True,base_00,2,base_00,False,1,3.12,3.0,2.62,3.5,3.12,3.38,1.25,2.0,1.62,2.5,4.0,2.62,2.75,2.5,2.62,2.12,1.88,2.75,3.12,3.12,2.75,1.75,2.38,3.5,4.0,3.0,2.38,3.38,3.12,2.5,3.0,3.12,3.38,3.25,3.25,3.0,3.25,2.62,3.25,3.25,3.25,2.38,1.5,2.0,2.12,3.12,2.75,2.5,2.38,1.88,2.88,2.62,2.62,3.38,2.38,2.88,3.25,2.25,1.62,1.12,2.12,2.75,2.25,1.5,1.5,1.75,1.88,3.25,2.25,3.25,1.25,3.12,2.38,1.12,2.38,2.88,1.88,1.0,3.12,3.12,3.12,1.88,2.0,1.5,2.88,2.38,2.5,2.59,4.35,3.22,3.14,4.2,2.53,2.79,2.9,2.8,3.82,2.16,3.21,2.82,3.87,4.44,2.22,2.65,4.04,4.2,2.28,3.19,3.68,2.45,3.99,4.8,3.44,2.87,3.89,3.38,2.84,3.02,2.44,3.18,3.32,3.35,1.83,2.06,2.83,2.94,3.63,2.83,3.2,4.02,4.27,2.89,4.38,3.48,2.24,1.48,3.43,2.66,2.87,1.88,2.37,2.22,1.09,1.59,1.15,1.56,1.17,3.84,3.21,1.28,3.71,4.09,4.01,3.7,4.07,4.12,3.26,4.96,1.29,2.49,1.74,2.31,4.35,1.87,2.42,4.52,1.69,2.84,1.04,1.72,2.02,3.33,4.02,2.65,3.91,2.09,3.28,4.13,2.65,2.05,2.81,3.86,2.98,True,True,True,True,True,True,True,True
53-3054,Taxi Drivers,Taxi Drivers,Taxi Drivers,0.25,0.28125,0.3125,0.125,0.25,0.375,-0.6322603,1,53-3041,True,0.89,1,53-3041,True,base_00,2,base_00,False,1,,,,,,,,,,,,,,,,,,,,,,,,,,,,,,,,,,,,,,,,,,,,,,,,,,,,,,,,,,,,,,,,,,,,,,,,,,,,,,,,,,,,,,,,,,,,,,,,,,,,,,,,,,,,,,,,,,,,,,,,,,,,,,,,,,,,,,,,,,,,,,,,,,,,,,,,,,,,,,,,,,,,,,,,,,,,,,,,,,,,,,,,True,True,True,True,False,False,False,False
53-4011,Locomotive Engineers,Locomotive Engineers,Locomotive Engineers,0.2142857142857142,0.2857142857142857,0.3571428571428571,0.0714285714285714,0.2321428571428571,0.3928571428571428,-0.4977403,1,53-4011,False,0.96,1,53-4011,False,base_00,2,base_00,False,1,3.12,3.62,2.75,4.0,3.25,3.88,1.0,2.12,1.5,2.25,4.38,3.0,3.62,2.12,3.0,2.0,2.12,3.38,3.5,3.62,3.38,2.5,2.25,3.75,3.88,2.75,2.5,3.75,3.75,2.0,3.75,2.88,3.88,3.62,3.88,4.0,4.0,2.62,3.12,3.25,3.38,2.88,2.38,2.12,2.5,3.25,2.75,3.0,3.0,2.75,3.25,3.0,3.12,3.75,3.12,3.0,3.62,2.12,1.5,1.0,2.38,3.38,2.88,1.62,1.75,2.5,2.5,3.62,2.0,4.12,1.75,4.0,2.0,1.0,2.88,3.38,1.88,1.38,2.38,2.75,3.62,2.25,2.12,1.25,3.12,2.75,3.0,3.75,2.53,3.06,2.33,4.12,4.63,3.24,2.63,2.93,3.58,1.88,2.98,3.74,4.23,4.32,3.05,3.62,4.5,4.49,3.4,3.05,3.89,2.48,4.16,4.42,3.08,2.17,2.3,3.31,3.93,2.36,2.63,2.87,2.43,2.93,2.07,1.97,2.69,3.43,3.1,2.32,3.17,4.07,4.6,4.34,3.23,3.13,2.02,1.75,3.88,2.75,4.36,3.47,1.5,3.7,3.3,3.99,2.15,2.96,1.75,4.86,4.45,3.94,4.79,4.37,4.36,4.78,3.97,4.48,3.61,4.74,2.63,1.49,3.37,2.58,4.44,2.16,2.81,2.99,1.87,2.82,2.51,1.77,1.42,3.92,4.37,2.4,4.61,2.11,4.46,4.38,4.85,1.24,3.84,4.76,3.34,True,True,True,True,True,True,True,True
53-4013,"Rail Yard Engineers, Dinkey Operators, and Hostlers","Rail Yard Engineers, Dinkey Operators, and Hostlers","Rail Yard Engineers, Dinkey Operators, and Hostlers",0.2045454545454545,0.2045454545454545,0.2045454545454545,0.0,0.0568181818181818,0.1136363636363636,-0.8320907,1,53-4013,False,0.91,1,53-4013,False,base_00,2,base_00,False,1,3.38,3.12,2.88,3.75,3.25,3.25,1.12,2.38,1.75,2.88,3.88,3.0,3.12,2.62,2.75,2.62,2.88,2.88,3.0,3.12,3.38,2.0,2.12,3.25,3.62,2.0,2.0,4.0,3.62,2.0,3.12,2.88,4.0,3.38,3.75,3.62,3.38,2.5,3.0,3.5,3.25,2.62,2.62,2.25,3.0,3.0,3.12,3.62,3.12,2.75,3.0,2.75,3.0,3.38,3.38,3.12,3.25,2.88,2.75,1.62,2.75,3.12,2.75,1.75,1.88,2.75,2.38,3.62,1.88,3.75,1.38,3.62,2.38,1.25,3.12,3.12,2.88,1.5,2.62,2.62,3.5,2.75,2.75,1.25,3.12,3.12,2.88,3.09,2.45,3.73,3.07,4.13,4.42,3.76,3.12,2.76,4.09,2.03,3.45,3.81,4.34,4.42,3.15,4.06,4.32,4.42,3.18,3.5,4.22,2.62,4.0,4.45,3.56,2.72,2.66,3.7,3.58,3.28,2.51,3.53,2.82,3.09,2.18,2.17,2.97,3.34,3.73,2.79,3.07,4.49,4.31,4.16,2.66,2.81,1.18,1.88,3.33,2.65,4.31,2.88,1.0,3.4,2.41,3.35,1.9,2.78,1.0,4.48,4.15,3.14,4.7,3.96,3.52,4.75,4.17,3.54,3.27,3.92,2.32,1.41,3.69,1.8,4.68,1.96,2.02,2.87,2.28,2.95,2.31,1.98,1.98,3.85,3.74,2.25,4.32,2.39,3.36,3.48,4.95,1.45,4.1,4.89,2.96,True,True,True,True,True,True,True,True
53-4022,"Railroad Brake, Signal, and Switch Operators and Locomotive Firers","Railroad Brake, Signal, and Switch Operators and Locomotive Firers","Railroad Brake, Signal, and Switch Operators and Locomotive Firers",0.0833333333333333,0.1666666666666666,0.2499999999999999,0.0,0.0416666666666666,0.0833333333333333,-0.994359,2,53-4012;53-4021,True,0.88,2,53-4012;53-4021,True,base_00,2,base_00,False,1,3.62,3.12,2.88,3.75,3.25,2.75,1.38,2.75,2.62,2.88,3.62,3.0,3.12,2.38,2.38,2.75,2.38,3.0,3.25,3.25,3.38,2.0,1.88,3.38,3.75,2.62,2.25,3.62,3.25,2.5,3.5,2.25,3.5,3.38,3.5,3.38,3.0,2.12,2.5,3.25,3.38,2.75,1.88,2.5,2.75,3.0,3.0,3.12,3.0,2.62,3.25,2.88,2.62,3.25,2.75,3.0,3.25,1.75,1.5,1.0,2.75,3.0,2.62,1.75,1.88,2.38,2.12,3.5,2.12,3.25,1.25,3.38,2.5,1.0,2.75,3.12,1.88,1.0,2.5,3.0,2.88,2.12,2.0,1.12,3.0,2.38,2.62,2.75,2.24,2.91,2.3,3.75,3.71,2.98,2.55,2.57,3.25,1.52,3.1,3.25,3.98,4.29,2.59,3.6,4.22,4.12,3.1,2.98,3.62,1.77,4.1,3.75,3.1,2.01,2.31,3.49,3.23,2.21,1.92,2.46,2.25,2.53,1.5,1.33,2.47,3.0,3.77,1.92,2.79,4.43,4.28,3.5,2.6,2.75,1.79,1.8,3.57,1.69,4.79,3.21,1.5,4.3,4.0,4.37,3.1,2.92,1.06,4.93,4.05,4.1,4.7,4.3,4.15,4.39,4.29,4.05,3.66,4.56,2.65,1.43,3.12,2.02,4.72,1.96,2.73,2.72,1.36,2.98,2.52,2.23,2.11,3.92,3.74,2.46,4.43,2.53,4.08,4.15,4.71,1.27,3.56,4.36,3.17,True,True,True,True,True,True,True,True
53-4031,Railroad Conductors and Yardmasters,Railroad Conductors and Yardmasters,Railroad Conductors and Yardmasters,0.0833333333333333,0.2777777777777778,0.4722222222222222,0.0,0.2083333333333333,0.4166666666666666,-0.4662731,1,53-4031,False,0.83,1,53-4031,False,base_00,2,base_00,False,1,2.88,3.12,3.12,3.12,3.38,3.0,1.0,2.0,1.0,2.5,3.62,2.75,3.0,2.62,2.25,2.5,2.75,2.88,3.38,3.5,2.75,2.38,2.25,2.88,3.62,1.88,2.38,3.88,4.0,2.62,3.12,2.25,3.88,2.88,3.25,2.62,3.12,1.88,2.5,3.62,3.62,2.75,2.5,2.5,2.62,3.0,2.75,2.75,3.12,1.88,3.25,3.12,3.0,3.5,3.25,3.75,3.62,1.12,1.0,1.0,2.88,3.5,2.75,1.75,1.88,3.0,2.25,3.75,2.5,3.25,1.88,3.38,3.0,1.5,3.0,3.12,1.0,1.5,2.88,2.88,3.75,3.0,3.0,1.38,3.5,2.25,3.0,2.77,2.62,2.6,2.49,3.98,3.34,3.12,2.24,2.42,3.85,1.87,3.06,2.64,3.72,4.37,2.39,3.64,3.97,4.18,2.59,2.56,3.22,1.97,3.59,2.74,3.53,2.57,2.48,3.9,2.97,2.15,1.52,1.76,2.31,2.51,1.51,1.75,2.16,2.83,3.51,3.2,3.09,4.3,4.52,3.96,3.27,2.77,1.51,2.21,3.37,3.17,4.32,2.8,1.6,3.81,3.25,3.7,2.62,3.11,1.14,4.65,4.13,3.04,4.91,3.84,4.32,4.17,4.0,4.06,3.68,4.34,2.01,2.09,3.33,2.43,4.7,1.74,2.87,3.52,1.3,2.5,2.06,2.29,1.99,3.0,3.91,2.54,3.15,2.61,4.3,3.41,4.82,1.15,3.77,4.49,3.03,True,True,True,True,True,True,True,True
53-4041,Subway and Streetcar Operators,Subway and Streetcar Operators,Subway and Streetcar Operators,0.4090909090909091,0.4090909090909091,0.4090909090909091,0.0,0.2045454545454545,0.4090909090909091,-0.6155429,1,53-4041,False,0.86,1,53-4041,False,base_00,2,base_00,False,1,3.62,3.75,3.0,4.12,3.62,3.5,1.0,2.12,2.0,2.25,3.75,3.0,3.5,2.0,2.75,2.38,2.0,3.0,3.0,3.25,3.5,2.38,2.12,3.88,3.75,2.75,2.62,3.38,3.62,2.0,3.62,2.75,3.75,3.75,3.88,3.62,3.62,2.75,2.88,3.38,3.0,2.62,2.38,2.0,2.38,3.25,2.38,3.0,2.88,2.62,3.0,2.75,3.0,3.62,3.0,3.0,3.0,2.25,2.0,1.0,2.38,3.12,2.62,2.0,2.0,2.12,2.38,3.25,2.62,3.88,1.75,3.88,2.75,1.0,2.5,3.12,2.12,1.0,3.12,3.0,3.38,2.0,2.0,1.0,3.0,2.62,2.75,2.7,3.09,2.82,3.26,4.02,3.69,2.07,1.73,2.21,3.03,1.74,3.0,2.54,3.76,4.43,2.17,2.58,4.52,4.15,2.24,3.05,3.93,1.62,3.83,4.63,2.69,1.79,4.38,3.42,3.31,1.93,3.17,3.1,2.89,2.38,1.48,1.87,2.07,3.02,3.72,2.16,3.47,4.16,4.39,2.9,4.36,4.25,3.24,2.06,2.5,1.68,3.83,2.4,2.99,3.5,3.8,2.95,2.19,2.77,1.24,3.7,3.64,2.35,3.46,2.78,4.32,4.19,4.18,4.42,4.0,5.0,1.88,2.4,2.06,2.47,4.04,2.32,3.73,3.47,2.38,3.02,1.47,2.26,1.68,4.39,4.24,2.61,4.92,2.55,2.46,3.82,4.33,1.2,2.88,3.98,2.44,True,True,True,True,True,True,True,True
53-5011,Sailors and Marine Oilers,Sailors and Marine Oilers,Sailors and Marine Oilers,0.0212765957446808,0.0425531914893617,0.0638297872340425,0.0,0.0106382978723404,0.0212765957446808,-1.150001,1,53-5011,False,0.83,1,53-5011,False,base_00,2,base_00,False,1,3.62,3.62,3.0,3.88,3.12,3.75,1.12,2.88,1.88,3.12,4.0,3.0,3.25,2.38,3.0,2.88,3.12,3.25,3.12,3.12,3.5,2.5,2.25,3.62,3.25,2.62,2.25,3.75,3.12,2.38,3.75,2.75,3.75,3.0,3.12,2.88,3.25,3.0,3.0,3.12,3.12,2.62,2.5,3.0,3.12,3.0,3.0,3.38,3.12,2.62,3.0,2.88,2.88,3.12,3.0,3.0,3.12,2.88,2.75,1.0,2.62,3.0,2.5,1.88,2.0,2.75,2.5,3.25,2.5,3.62,1.25,3.88,2.75,1.0,3.0,2.88,3.12,1.88,2.88,2.88,3.0,2.12,2.12,1.88,3.0,3.12,2.75,3.72,3.47,3.07,2.74,3.92,4.46,2.75,2.76,2.78,3.25,1.9,2.79,4.05,3.53,4.49,3.61,4.23,4.57,4.75,2.47,3.43,4.24,2.53,4.59,3.87,3.1,2.72,2.35,3.95,3.85,2.5,2.63,4.24,3.03,3.06,1.64,1.47,3.51,3.76,3.49,2.28,2.82,4.22,4.41,3.6,2.81,3.08,1.62,1.52,3.68,3.23,4.6,3.63,1.74,3.12,3.26,3.67,3.05,3.82,1.99,4.96,4.93,3.04,4.33,3.07,3.64,4.46,3.64,4.32,3.42,1.39,1.61,2.4,2.47,2.82,5.0,1.84,3.03,3.75,2.08,3.86,2.47,3.05,2.69,3.64,1.91,4.2,4.35,3.68,2.38,4.0,5.0,2.69,4.13,4.05,2.6,True,True,True,True,True,True,True,True
53-5021,"Captains, Mates, and Pilots of Water Vessels","Captains, Mates, and Pilots of Water Vessels","Captains, Mates, and Pilots of Water Vessels",0.1999999999999999,0.2636363636363636,0.3272727272727272,0.0727272727272727,0.209090909090909,0.3454545454545454,-0.4281868,1,53-5021,False,0.27,1,53-5021,False,base_00,3,base_00,False,1,3.62,3.12,3.25,3.62,3.75,3.38,1.75,2.62,2.62,3.0,3.75,3.12,3.38,2.75,3.25,2.38,3.12,2.88,3.5,3.5,3.38,2.5,2.62,3.25,3.62,2.5,2.5,3.88,3.88,2.75,3.5,2.62,3.75,3.25,3.25,3.12,3.25,2.62,3.75,3.62,3.5,3.0,1.62,2.38,2.88,3.25,3.12,3.0,3.25,2.38,3.62,3.38,3.12,3.38,3.25,3.25,3.38,3.12,2.62,1.38,3.12,3.38,2.88,2.5,2.75,3.25,2.38,3.5,2.88,3.62,1.62,3.38,3.0,1.88,3.12,3.25,3.0,1.88,2.88,3.12,3.5,2.75,2.5,2.12,3.12,2.88,3.12,3.21,3.03,3.41,3.36,3.83,4.11,3.4,3.18,3.0,3.5,2.19,3.55,3.35,3.71,4.11,3.48,3.65,4.24,4.4,3.01,3.56,4.2,2.66,4.0,4.55,3.46,2.84,2.81,3.7,3.52,2.88,2.99,3.63,3.05,3.26,2.47,1.92,3.25,3.65,3.85,2.85,3.21,4.31,4.58,3.91,3.49,2.93,1.61,1.8,4.35,3.73,3.88,2.98,1.67,4.07,2.98,3.18,2.94,3.21,1.36,4.43,3.54,3.39,4.81,4.54,4.63,4.47,4.61,4.09,3.57,4.22,3.24,2.87,3.81,3.39,4.34,3.04,2.82,3.86,2.54,2.87,2.38,2.82,1.85,3.09,2.86,3.41,4.31,2.46,4.38,3.98,4.31,2.06,4.08,4.43,3.12,True,True,True,True,True,True,True,True
53-5022,Motorboat Operators,Motorboat Operators,Motorboat Operators,0.0,0.0,0.0,0.0,0.1290322580645161,0.2580645161290322,-0.8871186,1,53-5022,False,0.62,1,53-5022,False,base_00,2,base_00,False,1,3.62,3.5,2.88,4.0,3.38,3.25,1.0,2.38,1.62,2.5,3.75,3.12,3.12,2.62,3.12,2.12,2.62,3.0,3.0,3.0,3.62,2.0,2.62,3.5,3.25,2.75,2.0,3.12,3.5,2.62,3.62,3.0,3.62,3.12,3.25,3.25,3.38,2.62,3.88,3.5,3.12,2.5,2.25,2.12,3.0,3.25,3.0,3.0,3.0,2.25,2.75,2.62,2.75,3.12,3.0,3.0,3.12,3.38,2.62,1.0,2.88,3.25,2.38,1.88,2.0,2.75,2.25,3.38,2.62,3.88,1.62,3.75,2.38,1.0,2.88,2.88,2.88,1.5,3.0,3.0,3.38,2.75,2.62,1.88,3.0,3.0,2.5,2.61,2.37,2.46,3.54,3.92,4.0,3.1,2.79,2.59,3.67,2.32,3.21,3.08,3.1,3.49,2.83,2.77,4.32,4.11,2.82,3.57,3.82,2.02,4.0,4.58,2.51,2.19,3.4,3.16,3.03,2.04,3.09,3.7,3.16,2.27,1.61,1.76,2.68,3.23,2.36,2.38,2.81,2.65,4.29,3.91,4.38,3.51,1.7,2.19,4.42,2.35,3.53,2.02,1.51,3.33,2.99,2.48,2.14,2.39,1.03,3.13,3.7,2.0,4.47,4.96,4.99,4.43,4.54,4.39,3.61,2.88,3.52,1.58,2.34,2.53,4.26,3.22,2.45,4.02,2.69,2.37,1.8,2.16,1.62,2.63,2.8,2.94,3.62,2.34,3.36,4.13,4.1,1.14,4.06,3.86,1.95,True,True,True,True,True,True,True,True
53-5031,Ship Engineers,Ship Engineers,Ship Engineers,0.125,0.171875,0.21875,0.0,0.140625,0.28125,-0.5264951,1,53-5031,False,0.041,1,53-5031,False,base_00,3,base_00,False,1,3.12,3.12,3.12,3.62,4.0,2.5,1.38,2.0,2.0,3.0,3.0,3.12,3.12,3.0,2.0,2.12,2.12,3.12,3.25,3.25,3.12,2.62,2.38,3.12,3.62,1.88,2.75,4.0,4.0,3.0,3.0,2.25,4.0,3.0,3.12,3.0,3.12,2.38,2.25,3.5,3.38,2.88,1.5,2.5,3.0,3.0,3.0,2.88,3.12,2.38,3.62,3.12,3.25,3.62,3.38,3.0,3.88,3.75,3.0,2.5,2.75,3.25,2.75,1.75,2.0,2.88,2.38,3.62,2.0,3.88,1.75,3.88,2.0,1.62,3.12,3.12,3.75,1.88,2.75,2.88,3.5,3.25,2.75,1.5,3.0,3.75,3.0,3.84,3.21,2.98,3.21,3.97,4.34,3.24,2.82,3.19,3.45,3.0,3.69,3.25,4.03,4.26,3.13,3.86,4.59,4.26,3.36,3.65,4.47,2.94,4.28,4.17,3.94,2.69,2.69,3.76,3.87,3.07,3.83,4.66,3.06,3.78,2.16,2.23,3.22,3.6,3.62,2.79,3.11,4.47,3.97,3.65,2.84,2.83,1.29,2.28,3.94,3.41,4.19,4.07,1.32,3.59,3.96,4.27,2.67,3.09,1.22,4.66,4.03,3.46,4.53,3.98,4.19,4.7,4.51,3.62,3.86,3.41,2.54,3.26,4.39,2.72,4.39,3.74,2.55,3.77,1.67,2.96,2.26,2.87,2.39,2.87,2.56,3.31,4.19,2.67,3.89,3.81,4.55,2.25,3.6,4.36,2.76,True,True,True,True,True,True,True,True
53-6011,Bridge and Lock Tenders,Bridge and Lock Tenders,Bridge and Lock Tenders,0.2857142857142857,0.2857142857142857,0.2857142857142857,0.0,0.1607142857142857,0.3214285714285714,-0.6322159,1,53-6011,False,0.97,1,53-6011,False,base_00,2,base_00,False,1,3.0,3.12,2.88,3.12,2.88,2.62,1.0,2.12,1.88,2.12,3.12,2.62,2.75,2.0,2.88,2.0,2.12,3.0,2.88,3.25,2.62,2.0,2.25,2.88,3.25,2.25,2.12,3.0,3.0,2.25,3.0,2.25,3.0,2.75,3.0,2.62,3.12,2.75,2.0,3.0,3.0,2.12,2.0,2.0,2.12,2.62,2.38,2.38,2.5,2.12,2.88,2.75,2.38,3.0,2.88,3.0,3.0,1.75,1.5,1.0,2.75,3.0,2.5,1.0,1.12,2.25,2.0,3.25,2.5,3.0,1.12,3.0,2.62,1.12,2.5,2.88,1.62,1.12,2.88,2.62,3.0,1.75,2.0,1.12,2.88,2.38,2.88,2.32,2.53,3.16,2.84,4.0,4.11,2.79,2.42,2.0,3.89,1.68,3.05,1.95,3.26,3.74,2.37,2.53,2.89,3.53,2.05,2.06,3.21,2.11,3.42,2.95,2.58,3.16,3.37,2.84,3.0,2.53,2.32,2.37,2.63,2.47,1.53,1.89,1.84,3.63,3.0,2.63,2.16,4.16,4.2,2.63,3.55,2.63,1.15,2.89,3.85,3.8,2.0,1.8,1.16,2.95,1.79,2.6,3.2,1.95,1.0,2.55,2.42,1.37,3.89,4.15,3.63,3.8,3.85,3.95,3.53,2.5,2.21,4.47,2.95,2.26,3.37,2.65,2.26,2.26,1.65,1.89,1.8,1.47,1.6,2.6,3.2,2.84,3.2,2.11,4.32,3.1,3.37,1.95,2.21,3.47,3.21,True,True,True,True,True,True,True,True
53-6021,Parking Attendants,Parking Attendants,Parking Attendants,0.0357142857142857,0.1071428571428571,0.1785714285714285,0.0357142857142857,0.125,0.2142857142857142,-0.8353891,1,53-6021,False,0.87,1,53-6021,False,base_00,2,base_00,False,1,2.75,2.12,2.5,3.0,3.0,3.0,1.12,2.0,1.88,2.88,3.5,2.5,2.75,2.0,2.38,2.75,1.88,2.0,3.0,3.0,2.88,2.5,2.12,3.0,3.38,2.75,2.62,3.38,3.38,2.0,2.88,2.75,3.25,1.88,2.88,2.62,3.0,2.0,3.12,3.25,3.38,2.12,2.12,2.75,2.5,2.5,2.88,2.88,2.88,2.0,2.62,2.62,2.25,3.25,2.5,2.75,2.88,1.5,1.25,1.0,2.38,2.75,2.12,1.62,1.75,2.12,2.75,2.75,2.38,2.62,1.25,2.25,2.25,1.0,1.62,2.5,1.25,1.0,3.38,3.0,3.5,1.88,2.0,1.0,2.38,1.62,2.75,2.08,2.98,2.15,3.14,3.55,2.85,2.69,2.14,1.95,3.19,1.42,3.48,2.84,2.73,3.34,2.16,3.13,3.17,3.13,2.78,2.64,3.06,1.77,2.65,3.28,2.96,2.38,3.81,2.76,2.54,1.92,1.71,1.71,2.4,1.98,1.89,1.71,2.22,2.58,2.44,2.16,2.72,3.46,4.6,3.54,4.25,3.53,1.34,2.59,3.41,1.55,3.51,1.37,1.58,1.79,1.01,2.05,1.0,1.17,1.13,3.42,3.42,1.0,4.26,2.91,3.24,3.21,3.59,3.95,3.17,3.97,1.75,3.46,2.0,2.34,3.61,3.45,2.23,3.93,2.23,3.36,1.0,1.72,1.08,3.79,3.06,3.07,4.21,3.87,3.74,2.99,1.89,1.14,2.89,3.8,2.67,True,True,True,True,True,True,True,True
53-6031,Automotive and Watercraft Service Attendants,Automotive and Watercraft Service Attendants,Automotive and Watercraft Service Attendants,0.1304347826086956,0.1304347826086956,0.1304347826086956,0.0,0.0652173913043478,0.1304347826086956,-1.221489,1,53-6031,False,0.83,1,53-6031,False,base_00,2,base_00,False,1,3.12,2.75,2.75,3.25,3.12,2.88,1.0,2.38,1.75,3.12,3.0,3.25,2.75,2.25,1.88,2.5,2.25,2.75,2.75,3.12,3.25,2.38,2.12,3.12,3.25,1.75,2.25,3.38,3.38,2.12,2.75,2.0,3.0,1.88,2.88,2.62,2.88,2.12,2.25,3.0,3.12,2.38,1.88,3.12,3.12,2.75,3.25,2.88,3.0,2.5,2.88,2.62,2.5,3.12,3.0,3.0,3.0,3.0,2.38,2.0,2.25,3.0,2.25,1.88,1.88,2.12,2.38,2.75,2.62,3.12,1.25,2.75,2.62,1.12,2.62,2.75,3.0,1.38,3.12,2.88,3.12,2.12,2.12,1.62,3.12,2.5,2.62,3.25,2.69,2.74,3.84,3.44,4.06,2.61,2.17,3.05,3.13,2.32,3.1,3.2,3.27,4.22,2.53,3.74,3.64,3.56,2.65,3.03,3.87,2.33,3.32,3.86,3.08,2.39,3.82,3.59,3.5,2.55,2.83,3.24,2.53,3.07,2.84,2.38,3.03,2.88,3.6,2.41,3.43,3.71,4.51,3.34,4.41,3.64,1.43,1.68,3.75,2.59,4.57,2.99,1.14,2.59,3.01,4.45,1.62,4.13,1.01,4.0,3.55,1.44,4.96,4.4,4.53,3.67,4.5,4.48,2.68,3.43,1.98,1.1,4.0,3.27,4.45,3.09,2.15,3.4,2.09,3.08,1.6,2.31,3.75,3.79,2.04,4.59,4.72,4.07,4.84,4.6,4.75,1.13,3.49,4.13,2.14,True,True,True,True,True,True,True,True
53-6032,Aircraft Service Attendants,Aircraft Service Attendants,Aircraft Service Attendants,0.1111111111111111,0.1388888888888889,0.1666666666666666,0.1111111111111111,0.1111111111111111,0.1111111111111111,,,,,,,,,base_00,2,base_00,False,1,,,,,,,,,,,,,,,,,,,,,,,,,,,,,,,,,,,,,,,,,,,,,,,,,,,,,,,,,,,,,,,,,,,,,,,,,,,,,,,,,,,,,,,,,,,,,,,,,,,,,,,,,,,,,,,,,,,,,,,,,,,,,,,,,,,,,,,,,,,,,,,,,,,,,,,,,,,,,,,,,,,,,,,,,,,,,,,,,,,,,,,,True,False,False,True,False,False,False,False
53-6041,Traffic Technicians,Traffic Technicians,Traffic Technicians,0.1111111111111111,0.4629629629629629,0.8148148148148148,0.037037037037037,0.3888888888888888,0.7407407407407407,0.3995872,1,53-6041,False,,,,,base_00,3,base_00,False,1,2.5,2.25,3.12,2.25,3.38,2.38,1.0,1.62,1.62,1.62,3.12,2.75,3.12,3.0,2.0,1.5,1.5,2.25,3.75,3.12,2.12,3.0,2.25,2.25,3.25,2.0,3.0,3.88,3.88,3.0,3.12,2.0,3.88,2.0,2.25,2.0,3.12,2.0,2.12,3.38,3.38,2.38,1.5,1.62,1.62,2.38,1.62,2.75,3.12,1.62,3.62,3.12,3.0,3.62,3.25,3.0,3.25,2.0,2.0,1.12,2.88,3.25,2.62,2.0,2.0,3.0,2.88,3.12,2.75,2.75,2.88,2.88,2.88,2.0,2.38,3.25,1.88,2.75,2.88,3.0,3.25,3.0,3.0,2.12,3.0,2.12,3.12,3.66,1.89,2.08,3.51,3.82,3.11,3.09,2.53,2.93,3.75,2.76,3.29,2.86,3.53,4.31,2.57,3.22,3.74,3.35,3.11,2.7,3.9,2.13,3.68,3.47,3.54,2.78,3.27,3.33,3.88,2.86,2.88,2.37,2.89,3.1,1.8,1.77,3.06,2.56,3.6,3.98,2.69,2.15,3.82,3.66,3.82,2.59,1.16,2.57,3.64,4.6,2.73,1.61,1.0,2.04,1.75,3.58,1.64,2.03,1.02,2.67,3.0,1.11,4.27,4.0,3.89,2.94,3.82,4.39,3.82,4.35,1.39,4.28,2.25,2.61,4.0,1.26,2.08,2.93,1.74,2.08,1.37,1.84,1.78,3.13,3.56,2.43,3.11,2.25,4.11,4.23,3.92,1.6,3.2,4.07,3.07,True,True,False,True,True,True,True,True
53-6051,Transportation Inspectors,Transportation Inspectors,Transportation Inspectors,0.187020202020202,0.4125757575757576,0.6381313131313131,0.0602020202020202,0.2343939393939393,0.4085858585858586,-0.18376,1,53-6051,False,0.9,1,53-6051,False,base_00,4,base_00,True,3,2.706666666666667,2.8733333333333335,3.1266666666666665,2.75,3.5833333333333335,2.75,1.0,1.92,1.5033333333333332,2.46,3.213333333333334,2.38,3.206666666666667,2.6266666666666665,1.96,2.04,2.08,2.8333333333333335,3.58,3.2099999999999995,2.5,2.46,2.25,2.6266666666666665,3.8333333333333335,1.8766666666666667,2.3766666666666665,3.8333333333333335,3.5866666666666664,2.5,3.1266666666666665,2.0833333333333335,3.9166666666666665,2.1266666666666665,2.2066666666666666,2.0,3.1233333333333335,1.92,2.1666666666666665,3.3333333333333335,3.2533333333333334,2.67,1.413333333333333,2.2066666666666666,2.1233333333333335,2.7900000000000005,2.54,2.786666666666666,3.1266666666666665,2.04,3.4166666666666665,3.33,2.8733333333333335,3.5,3.0400000000000005,2.9166666666666665,3.5400000000000005,2.21,1.9566666666666668,1.04,2.5833333333333335,3.0833333333333335,2.5,1.5833333333333333,1.75,2.5,2.29,3.213333333333334,2.5,2.75,1.83,3.25,2.54,1.3333333333333333,3.3333333333333335,3.5,2.1666666666666665,2.213333333333334,2.6666666666666665,2.956666666666667,3.5,2.5433333333333334,2.6266666666666665,1.663333333333333,3.17,2.9166666666666665,3.286666666666666,3.1233333333333335,2.066666666666667,2.486666666666667,3.1133333333333333,3.856666666666667,2.5433333333333334,2.5066666666666664,2.4499999999999997,2.4066666666666667,3.9566666666666666,2.1633333333333336,3.4466666666666668,3.1266666666666665,4.2700000000000005,4.376666666666667,2.1333333333333333,2.8866666666666667,4.086666666666667,4.363333333333333,3.4466666666666668,3.3533333333333335,3.93,2.213333333333334,3.5066666666666664,3.4066666666666663,3.456666666666667,2.64,2.39,3.3699999999999997,3.3333333333333335,2.8733333333333335,2.35,2.7566666666666664,2.856666666666667,3.0700000000000003,2.1033333333333335,1.6666666666666667,3.0,2.9299999999999997,3.736666666666667,3.2633333333333336,2.943333333333334,3.806666666666666,4.533333333333333,3.823333333333333,3.5233333333333334,2.8200000000000003,1.35,2.17,4.29,3.9966666666666666,3.716666666666667,3.216666666666667,1.6166666666666665,3.26,3.1333333333333333,3.11,2.763333333333333,3.073333333333333,1.26,4.12,3.3833333333333333,1.7666666666666666,4.63,4.293333333333333,4.496666666666667,3.7966666666666664,4.413333333333333,4.483333333333333,3.683333333333333,3.643333333333333,2.2066666666666666,3.3533333333333335,3.74,3.3333333333333335,3.803333333333333,3.046666666666667,2.06,3.75,1.83,2.86,1.92,1.81,2.4666666666666663,2.783333333333333,2.4966666666666666,3.67,3.17,3.036666666666666,4.463333333333334,4.043333333333333,4.14,2.1633333333333336,3.8466666666666662,3.790000000000001,3.26,True,True,True,True,True,True,True,True
53-6061,Passenger Attendants,Passenger Attendants,Passenger Attendants,0.1666666666666666,0.2222222222222222,0.2777777777777778,0.0,0.1388888888888889,0.2777777777777778,-0.3752249,1,53-6061,False,0.75,1,53-6061,False,base_00,2,base_00,False,1,2.38,2.62,2.88,2.38,3.38,2.38,1.0,2.0,2.12,2.12,2.75,2.12,2.75,2.0,1.5,2.38,2.25,2.5,3.0,2.75,2.38,2.25,2.12,2.5,2.88,1.5,2.25,3.75,3.75,2.25,2.5,1.5,3.5,1.38,1.75,2.0,3.0,1.38,1.5,3.62,3.62,2.12,1.62,2.38,2.38,2.75,2.62,2.62,2.25,1.38,3.0,2.62,2.62,3.75,2.62,3.0,2.88,1.0,1.0,1.0,2.5,2.62,1.62,1.38,1.38,2.12,2.12,3.25,2.88,2.38,1.38,2.5,3.0,1.38,2.25,3.0,1.0,1.0,3.88,3.75,3.75,1.88,2.0,1.38,2.5,2.0,2.5,2.07,3.78,2.32,2.19,3.36,1.69,2.08,2.81,1.87,1.79,1.37,3.81,1.81,1.91,3.82,2.48,2.34,3.23,2.6,1.63,1.99,3.1,1.87,2.67,2.25,2.78,1.87,2.75,2.6,2.31,1.84,1.81,1.83,3.73,1.83,1.76,1.47,2.15,2.34,2.45,1.39,2.54,2.4,4.14,1.9,3.23,4.03,2.58,2.06,2.53,1.56,3.61,1.82,2.06,1.4,1.13,1.56,1.21,2.09,1.0,3.22,3.83,1.11,3.65,2.84,3.7,3.24,2.87,3.42,2.42,3.44,1.14,1.27,2.47,2.21,3.17,2.42,1.37,4.7,1.39,2.16,1.07,1.47,1.55,2.72,3.8,2.51,3.07,2.52,1.77,2.92,1.55,1.14,2.51,3.38,2.03,True,True,True,True,True,True,True,True
53-7011,Conveyor Operators and Tenders,Conveyor Operators and Tenders,Conveyor Operators and Tenders,0.0689655172413793,0.1034482758620689,0.1379310344827586,0.0,0.1379310344827586,0.2758620689655172,-0.7554432,1,53-7011,False,0.93,1,53-7011,False,base_00,2,base_00,False,1,3.12,2.88,2.88,3.75,3.5,3.0,1.25,2.0,1.88,2.38,3.12,3.0,3.12,2.5,2.5,2.12,2.12,3.0,3.38,3.0,3.12,2.0,2.12,3.38,3.25,2.0,2.0,3.75,3.5,2.12,3.25,2.0,3.62,3.0,2.5,2.88,3.25,2.0,2.0,3.12,2.88,2.25,1.75,2.12,3.12,2.88,3.0,2.75,3.0,2.0,2.88,3.0,2.75,3.12,3.0,2.62,3.0,2.62,2.12,1.0,2.75,2.88,2.12,1.38,1.88,2.5,2.0,3.38,2.12,4.0,2.0,4.0,2.5,1.25,2.88,2.88,2.5,1.75,2.75,2.75,3.0,2.62,2.75,1.88,2.88,2.88,2.75,2.92,3.11,2.78,2.75,3.91,4.15,3.21,2.88,2.76,2.99,2.28,3.41,3.41,3.49,4.21,2.62,3.89,4.21,4.18,2.73,3.39,3.57,2.32,4.17,3.76,3.61,2.55,2.17,3.84,3.17,2.78,2.42,3.03,2.69,2.88,2.16,2.1,3.03,3.07,2.97,2.64,2.65,3.28,3.43,3.53,1.76,2.29,1.41,2.62,4.03,1.64,4.37,2.15,1.21,2.31,1.84,3.18,2.25,2.48,1.11,4.35,3.94,1.8,3.48,3.16,3.92,4.17,4.18,4.42,3.0,2.18,3.39,1.99,2.97,3.43,3.85,3.48,4.58,2.48,2.7,2.82,1.95,1.66,1.9,2.97,2.65,3.73,4.36,2.68,3.03,4.05,5.0,2.79,2.9,4.09,2.59,True,True,True,True,True,True,True,True
53-7021,Crane and Tower Operators,Crane and Tower Operators,Crane and Tower Operators,0.1052631578947368,0.1842105263157894,0.2631578947368421,0.0,0.0263157894736842,0.0526315789473684,-1.030619,1,53-7021,False,0.9,1,53-7021,False,base_00,3,base_00,False,1,3.62,2.88,2.75,4.12,3.0,3.88,1.0,2.25,1.25,2.88,3.88,3.0,2.88,2.38,3.0,2.12,2.5,2.88,2.88,3.0,3.5,2.38,2.12,4.0,3.38,2.0,2.25,3.12,3.25,2.38,3.12,2.75,3.62,3.75,3.75,3.5,3.5,2.5,3.0,3.12,3.12,2.12,2.25,2.12,2.75,3.0,2.88,3.12,3.12,2.5,2.88,2.88,2.88,3.12,2.88,2.75,3.25,2.88,2.0,1.62,2.25,3.0,2.25,1.5,1.62,2.38,2.62,3.12,2.12,3.88,1.88,3.75,2.25,1.0,2.62,3.0,2.88,1.12,2.12,2.5,3.0,1.62,2.12,1.38,3.0,2.88,2.62,2.99,2.25,2.83,2.64,3.87,4.27,3.52,3.19,2.82,2.83,2.55,3.15,3.38,3.67,3.97,2.64,4.0,3.94,4.24,3.03,3.27,3.95,2.32,3.81,4.25,3.16,2.14,2.36,3.52,3.2,2.46,2.45,3.9,2.42,2.89,2.19,1.53,3.04,2.75,3.56,2.49,2.57,3.99,4.55,3.37,2.21,2.64,1.08,2.13,3.97,2.61,4.22,2.82,1.07,3.36,2.46,4.0,3.74,2.64,1.03,4.43,3.83,2.67,4.54,4.0,4.17,4.73,3.99,4.54,2.96,3.77,3.07,2.78,4.2,2.16,3.79,3.19,3.77,2.92,1.91,2.6,2.22,1.22,1.83,3.61,3.38,2.5,4.26,2.1,3.61,3.8,4.95,2.48,3.71,4.36,3.32,True,True,True,True,True,True,True,True
53-7031,Dredge Operators,Dredge Operators,Dredge Operators,0.0,0.0,0.0,0.0,0.0,0.0,-1.016648,1,53-7031,False,0.92,1,53-7031,False,base_00,2,base_00,False,1,3.38,3.0,2.62,4.0,2.75,3.5,1.12,2.25,1.25,2.12,3.25,3.12,2.88,2.38,2.5,2.12,2.12,3.12,2.62,3.0,3.38,2.0,2.0,3.75,3.25,1.75,2.0,2.88,2.88,2.0,2.88,2.25,3.25,2.75,3.38,2.88,3.12,1.88,2.62,3.0,3.0,2.12,2.25,2.25,2.88,2.5,2.88,2.5,2.75,2.38,2.38,2.38,2.5,2.88,2.75,3.0,3.0,2.5,2.75,1.0,2.38,3.0,2.38,1.75,1.88,2.62,2.0,2.88,2.25,3.75,1.75,3.5,2.25,1.0,2.5,2.5,2.5,1.25,2.12,2.75,2.88,2.12,2.12,1.75,2.75,2.88,2.12,2.55,2.25,2.7,2.42,3.64,4.23,2.96,2.74,2.62,2.99,1.63,3.39,2.61,3.47,3.72,2.67,3.94,3.26,3.97,3.05,2.65,3.61,2.28,3.75,3.21,2.77,1.96,2.18,3.54,2.62,2.15,1.76,3.76,2.01,1.8,1.96,1.77,2.7,2.82,3.17,1.57,2.53,3.19,4.26,2.86,1.5,1.58,1.14,3.0,3.44,1.38,2.65,2.13,1.05,2.76,2.28,3.93,2.35,3.63,1.05,4.37,4.11,2.81,4.91,3.78,4.17,3.13,3.76,3.09,2.41,2.67,2.97,2.19,2.49,2.51,4.45,3.63,2.35,2.09,1.6,1.76,1.65,1.6,1.39,3.8,3.51,2.91,4.68,2.27,3.08,3.01,4.92,1.55,3.19,3.88,2.42,True,True,True,True,True,True,True,True
53-7041,Hoist and Winch Operators,Hoist and Winch Operators,Hoist and Winch Operators,0.0,0.0,0.0,0.0,0.0952380952380952,0.1904761904761904,-0.9781997,1,53-7041,False,0.65,1,53-7041,False,base_00,2,base_00,False,1,3.63,3.0,3.0,3.63,3.38,3.63,1.13,2.0,1.13,3.13,3.25,3.13,2.75,2.63,2.5,2.38,3.13,3.25,3.25,3.13,3.38,2.13,2.5,3.5,3.5,2.0,2.38,3.38,3.38,2.5,3.25,2.5,3.88,3.25,3.63,3.0,3.38,2.75,2.75,3.25,3.38,2.5,2.63,2.38,2.63,2.63,2.63,2.88,3.25,2.38,2.88,2.5,2.88,3.38,3.25,3.0,3.75,2.75,2.75,1.12,3.0,3.25,2.5,1.75,1.75,3.0,2.62,3.62,2.62,3.38,1.75,3.62,2.75,1.0,2.75,2.75,2.88,1.25,2.75,3.12,3.12,2.12,2.12,1.0,3.5,2.75,2.25,2.75,2.91,2.76,1.53,4.07,4.1,2.75,2.99,3.19,3.22,2.49,2.8,3.0,2.77,4.13,3.65,4.14,3.82,3.94,3.52,3.59,3.65,2.88,4.09,4.12,3.92,1.48,1.66,2.96,3.5,2.1,2.63,4.24,2.47,2.32,1.81,1.38,2.49,3.62,2.91,2.32,3.2,4.51,4.08,3.36,2.51,3.37,1.72,2.58,4.57,1.2,4.67,4.2,1.01,3.33,4.1,4.67,4.59,2.89,1.04,4.99,3.76,3.78,4.76,4.71,4.59,4.81,4.61,4.79,3.37,4.17,3.14,1.29,3.68,2.92,3.07,2.32,4.32,3.31,1.3,4.33,1.84,3.12,1.74,4.56,3.45,2.6,4.89,3.18,2.75,4.75,5.0,2.67,3.14,4.74,2.27,True,True,True,True,True,True,True,True
53-7051,Industrial Truck and Tractor Operators,Industrial Truck and Tractor Operators,Industrial Truck and Tractor Operators,0.0,0.03125,0.0625,0.0,0.03125,0.0625,-1.39869,1,53-7051,False,0.93,1,53-7051,False,base_00,2,base_00,False,1,3.12,3.12,2.38,4.0,3.12,3.25,1.62,2.25,1.88,2.88,3.75,3.0,2.62,2.12,1.88,2.5,2.25,2.75,2.75,3.12,3.5,2.12,1.88,3.88,3.12,1.75,2.12,3.0,3.0,1.88,3.12,3.0,3.25,3.38,3.25,3.62,3.12,2.12,3.12,2.75,2.75,2.0,1.88,2.5,3.12,2.88,3.12,2.75,3.12,2.12,2.38,2.5,2.12,2.88,2.25,3.0,2.75,3.0,2.0,1.0,2.0,2.75,2.12,1.62,1.88,1.88,2.12,2.75,2.0,3.88,1.62,3.25,2.0,1.25,2.0,2.88,2.25,1.25,2.12,2.62,2.75,2.0,2.12,1.62,3.0,3.0,2.5,3.12,2.89,3.46,2.67,3.75,3.53,3.24,2.88,2.57,3.64,2.39,3.27,3.09,3.71,3.83,2.94,4.4,4.19,4.44,3.04,3.4,4.05,2.94,3.77,4.53,3.99,2.78,2.48,4.14,3.25,2.92,2.74,3.28,2.9,3.7,3.09,2.78,3.13,3.37,3.28,3.28,2.14,4.27,4.08,3.68,2.48,2.56,1.36,1.98,4.04,1.78,3.94,2.96,1.08,1.96,1.95,3.29,2.01,3.11,1.15,3.5,4.43,2.37,4.42,4.2,4.26,4.16,4.18,4.65,2.97,1.8,4.4,2.07,4.21,3.59,3.55,2.63,3.64,3.19,1.61,3.63,1.34,2.66,2.02,4.2,2.45,3.69,4.71,2.96,2.79,4.49,5.0,2.72,3.41,3.98,1.86,True,True,True,True,True,True,True,True
53-7061,Cleaners of Vehicles and Equipment,Cleaners of Vehicles and Equipment,Cleaners of Vehicles and Equipment,0.0555555555555555,0.0833333333333333,0.1111111111111111,0.0,0.0,0.0,-1.629897,1,53-7061,False,0.37,1,53-7061,False,base_00,2,base_00,False,1,2.88,2.12,2.38,3.0,2.88,2.38,1.62,2.38,1.5,3.25,2.38,3.0,2.25,1.88,1.88,2.75,2.0,1.62,2.5,2.75,3.25,1.62,2.0,3.12,3.62,1.75,1.88,2.88,2.75,1.62,2.25,1.88,3.0,2.12,2.12,2.25,2.25,1.38,2.12,2.62,2.75,2.0,2.0,3.0,2.25,2.12,3.0,2.38,2.25,2.0,2.0,2.0,2.0,2.5,2.12,2.25,2.25,2.25,2.25,1.38,2.0,2.25,1.88,1.25,1.88,2.0,1.62,2.75,2.0,3.0,1.25,2.88,1.88,1.12,3.0,2.25,2.25,1.25,2.38,2.12,2.62,2.25,1.75,1.25,2.75,2.25,1.88,2.78,3.09,3.16,2.95,3.62,3.04,2.76,3.25,2.84,3.07,2.23,3.43,2.65,2.84,3.53,3.09,3.81,3.26,3.6,2.72,2.71,3.58,2.85,3.23,3.52,3.18,2.78,3.18,3.87,3.3,2.85,2.73,2.81,2.84,3.17,2.48,2.68,2.89,3.41,2.97,2.52,2.71,3.04,3.57,2.9,2.45,2.0,1.23,1.65,4.1,2.31,4.77,3.12,1.64,2.24,3.16,2.73,1.34,2.51,1.01,3.96,3.85,1.41,4.05,4.24,3.14,3.66,3.35,3.82,3.12,4.94,2.6,2.54,4.28,2.61,2.89,3.87,1.95,3.23,1.27,3.77,1.56,1.92,3.14,4.43,1.97,4.18,4.38,3.94,2.81,4.2,4.65,2.49,3.49,3.72,1.94,True,True,True,True,True,True,True,True
53-7062,"Laborers and Freight, Stock, and Material Movers, Hand","Laborers and Freight, Stock, and Material Movers, Hand","Laborers and Freight, Stock, and Material Movers, Hand",0.0417391304347826,0.0417391304347826,0.0417391304347826,0.0,0.0408695652173912,0.0817391304347825,-1.709183,1,53-7062,False,0.85,1,53-7062,False,base_00,2,base_00,False,1,3.25,2.25,3.065,3.31,2.81,2.875,1.69,2.625,1.685,2.87,3.0,3.065,2.62,2.06,1.94,2.56,2.06,2.19,2.685,3.0,3.435,1.94,2.0,3.44,3.31,2.0,1.94,3.12,3.06,2.0,2.685,2.06,2.94,3.0,3.0,2.63,3.06,1.875,2.06,2.75,2.88,2.25,2.44,2.87,3.38,2.37,3.375,2.69,2.565,2.12,2.815,2.685,2.25,3.0,2.19,2.81,2.625,2.13,2.0,1.0,2.185,2.5,2.06,1.375,1.815,2.185,1.94,2.935,1.94,2.935,1.185,2.87,2.0,1.0,2.375,2.685,2.065,1.06,2.25,2.5,2.75,1.94,1.94,1.375,2.62,2.25,2.315,2.5599999999999996,2.76,3.415,2.27,4.115,3.27,3.12,3.29,2.625,2.665,1.56,2.205,2.95,3.085,4.01,2.865,4.015,3.68,4.105,2.545,2.985,3.035,2.405,3.24,3.355,3.5549999999999997,2.145,2.43,3.75,2.955,1.975,1.62,2.26,2.625,2.83,2.485,1.92,2.575,3.6,2.825,2.075,2.255,3.3150000000000004,3.89,3.4000000000000004,2.58,2.675,1.25,2.0599999999999996,3.77,1.4700000000000002,4.465,2.9400000000000004,1.48,2.765,2.795,3.625,1.695,3.24,1.04,3.74,4.065,1.965,4.01,3.64,3.51,3.595,3.44,3.715,3.345,2.955,3.755,1.8,3.49,2.88,4.3100000000000005,3.765,3.205,2.77,2.115,3.415,1.56,1.82,2.145,3.965,2.255,4.1899999999999995,4.375,3.19,2.5,3.62,4.635,2.55,2.99,3.9,2.16,True,True,True,True,True,True,True,True
53-7063,Machine Feeders and Offbearers,Machine Feeders and Offbearers,Machine Feeders and Offbearers,0.0909090909090909,0.0909090909090909,0.0909090909090909,0.0,0.0909090909090909,0.1818181818181818,-1.037413,1,53-7063,False,0.93,1,53-7063,False,base_00,2,base_00,False,1,3.75,2.75,2.88,3.5,2.62,2.5,1.25,2.38,1.62,2.5,2.75,2.88,2.88,2.0,1.38,2.12,2.0,2.5,2.62,3.0,3.0,2.25,2.12,2.88,3.12,1.38,2.25,3.0,3.12,2.0,2.88,1.38,3.0,3.25,3.25,2.12,2.88,1.38,1.38,2.88,2.88,2.0,2.25,2.25,3.0,2.62,2.88,2.5,2.5,2.75,2.62,2.75,2.0,2.75,2.0,2.5,2.5,1.88,1.62,1.0,2.0,2.5,2.0,1.75,1.88,1.88,2.12,3.0,1.88,2.62,1.25,3.38,2.0,1.0,2.75,2.75,1.75,1.25,2.0,2.5,2.75,1.62,2.0,1.0,2.5,2.75,2.38,2.11,2.44,2.31,1.47,3.26,3.87,2.31,2.43,1.82,2.99,1.6,2.9,2.9,2.96,3.48,1.84,4.03,3.3,3.34,2.1,2.71,2.91,1.76,3.22,2.36,2.46,1.92,1.34,3.43,2.73,2.11,1.76,2.57,1.99,2.05,1.39,1.43,2.03,2.61,2.39,2.3,2.54,2.99,3.87,3.21,1.87,2.51,1.33,2.89,3.13,1.55,3.71,1.92,1.08,1.55,1.89,3.0,1.75,2.25,1.02,4.16,2.6,1.25,4.06,2.98,2.67,3.4,2.54,3.99,3.18,1.23,1.64,3.15,2.7,2.72,1.72,1.44,4.11,2.86,1.96,3.05,1.39,1.68,1.89,3.68,1.66,4.46,4.33,3.31,1.8,3.71,4.76,1.78,3.2,3.85,1.95,True,True,True,True,True,True,True,True
53-7064,"Packers and Packagers, Hand","Packers and Packagers, Hand","Packers and Packagers, Hand",0.1,0.1,0.1,0.0,0.1,0.2,-1.51362,1,53-7064,False,0.38,1,53-7064,False,base_00,2,base_00,False,1,2.75,2.12,2.38,2.38,2.62,2.5,1.5,2.5,1.38,2.75,2.12,2.75,2.12,1.88,1.5,2.0,1.88,1.88,2.5,2.75,3.0,2.0,2.0,3.0,3.25,1.5,2.0,3.0,2.88,1.62,2.38,1.75,3.12,2.12,2.0,1.88,2.75,1.5,1.88,2.62,3.0,2.0,2.0,2.5,3.0,1.88,3.12,2.12,2.25,2.12,2.12,2.0,2.12,2.75,2.0,2.62,2.75,1.38,1.62,1.0,1.88,2.25,2.0,1.25,1.5,1.75,2.0,3.0,1.62,2.0,1.12,2.12,1.62,1.38,2.25,2.62,1.25,1.0,2.12,2.12,2.62,1.88,1.88,1.12,2.25,1.75,2.0,3.37,3.35,3.44,2.5,3.63,3.22,3.18,3.21,2.9,2.84,2.77,3.53,3.5,3.17,4.64,2.89,4.33,4.2,4.26,2.97,3.28,3.69,2.56,4.2,2.51,3.25,2.59,2.31,3.45,2.97,2.63,2.7,3.12,2.89,2.73,2.41,2.29,2.73,3.58,3.42,2.75,1.93,2.58,4.26,3.64,2.69,2.19,1.59,2.12,3.36,3.32,3.69,1.65,1.85,1.74,2.04,3.11,1.77,2.31,1.18,3.33,2.96,1.52,4.56,3.24,3.63,3.65,3.3,4.32,3.87,1.47,1.93,3.04,4.26,2.97,1.92,1.61,3.04,3.33,1.77,3.34,1.73,1.25,2.31,3.88,1.88,4.27,4.06,3.21,3.05,4.22,4.38,2.13,3.59,4.03,2.4,True,True,True,True,True,True,True,True
53-7065,Stockers and Order Fillers,Stockers and Order Fillers,Stockers and Order Fillers,0.109090909090909,0.1818181818181818,0.2545454545454545,0.109090909090909,0.1909090909090909,0.2727272727272727,-0.7892948,1,43-5081,False,0.64,1,43-5081,False,base_00,2,base_00,False,1,3.0,2.38,2.88,2.38,2.62,2.62,1.62,2.75,2.25,3.12,2.62,2.62,2.25,2.5,1.75,2.62,2.5,2.12,2.62,3.0,3.12,2.0,2.38,3.0,3.62,1.62,2.38,3.38,3.12,2.25,2.62,1.88,2.88,2.12,1.88,2.12,3.0,1.75,2.0,3.12,3.0,2.38,1.25,2.62,3.0,2.5,3.25,2.62,2.5,2.0,3.12,2.5,2.38,3.25,2.25,2.75,2.75,1.25,1.25,1.12,2.25,2.62,2.25,1.62,1.88,2.38,2.0,2.88,2.12,2.25,1.38,2.25,2.25,1.62,2.25,3.0,1.12,1.12,2.88,2.88,2.88,2.38,2.25,1.62,2.62,1.88,2.5,2.65,2.78,2.73,2.93,3.81,2.71,2.84,2.95,2.18,3.0,1.47,3.39,2.55,2.5,3.79,2.5,3.83,3.44,2.7,2.33,2.93,3.12,2.44,3.03,2.55,3.31,2.43,3.32,3.73,2.96,2.1,1.76,1.8,2.59,2.23,2.64,1.69,2.6,2.95,2.92,3.05,2.5,2.21,4.5,3.4,4.09,3.31,1.49,1.98,3.84,3.37,2.06,1.7,1.56,1.53,1.21,1.38,1.43,1.54,1.0,2.23,1.83,1.1,4.87,3.85,3.42,2.81,3.37,3.96,3.68,1.53,1.23,4.32,2.28,2.33,1.74,1.41,1.47,3.48,2.28,2.8,1.56,1.8,2.12,3.46,2.4,3.9,3.06,3.34,3.89,3.44,1.76,1.24,2.6,4.18,2.76,True,True,True,True,True,True,True,True
53-7071,Gas Compressor and Gas Pumping Station Operators,Gas Compressor and Gas Pumping Station Operators,Gas Compressor and Gas Pumping Station Operators,0.2307692307692307,0.2692307692307693,0.3076923076923077,0.0,0.0769230769230769,0.1538461538461538,-0.6909992,1,53-7071,False,0.91,1,53-7071,False,base_00,2,base_00,False,1,3.88,3.0,3.0,3.5,3.12,2.62,1.0,2.0,1.75,2.38,3.12,3.88,3.12,2.75,2.0,2.0,2.12,2.88,3.12,3.25,3.88,2.12,2.25,3.62,3.62,2.0,2.25,3.12,3.12,2.5,3.38,2.0,3.75,3.0,3.25,2.75,3.12,2.0,2.0,3.0,2.88,2.88,1.75,2.0,2.25,3.0,2.88,2.88,2.75,2.0,3.12,3.0,2.88,3.12,3.0,3.0,3.62,3.12,2.12,1.0,2.5,3.0,2.25,1.62,2.0,2.25,2.25,3.12,2.25,3.88,1.0,4.0,2.25,1.38,3.0,3.12,3.0,1.88,2.25,2.75,3.0,2.62,2.0,1.88,3.0,3.12,3.0,3.68,2.54,2.98,3.04,4.1,4.4,3.04,3.01,3.04,4.48,2.38,2.48,3.36,4.21,4.38,3.28,3.76,4.34,4.18,2.77,3.64,4.28,2.99,4.23,4.24,3.66,2.75,2.34,3.99,3.9,2.42,3.82,4.47,2.6,2.51,1.9,1.84,3.12,3.73,4.05,3.85,2.59,4.41,4.07,3.42,2.36,2.5,1.17,2.77,4.31,4.81,4.63,2.81,1.15,3.08,4.12,4.44,2.98,2.97,1.44,4.7,4.51,2.41,4.45,4.3,3.91,4.76,4.01,4.17,3.74,4.42,2.65,3.34,3.77,3.11,4.83,4.04,3.61,3.64,2.45,2.33,2.13,1.83,2.03,2.49,3.06,3.0,3.65,3.1,4.76,3.76,5.0,2.33,3.61,4.51,2.73,True,True,True,True,True,True,True,True
53-7072,"Pump Operators, Except Wellhead Pumpers","Pump Operators, Except Wellhead Pumpers","Pump Operators, Except Wellhead Pumpers",0.1666666666666666,0.2499999999999999,0.3333333333333333,0.0,0.1666666666666666,0.3333333333333333,-0.8422927,1,53-7072,False,0.9,1,53-7072,False,base_00,2,base_00,False,1,3.12,3.0,3.0,3.38,3.12,3.0,1.0,2.88,1.38,3.0,3.12,3.0,3.12,2.38,2.0,2.62,2.75,3.0,3.0,3.25,3.12,2.88,2.12,3.12,3.88,1.88,2.88,3.75,3.62,2.12,3.75,2.0,3.75,3.0,3.0,2.62,3.12,2.0,2.12,3.0,3.0,2.62,2.38,2.62,3.0,2.38,3.0,3.0,3.0,2.62,3.12,3.25,2.88,3.12,2.88,2.88,3.12,2.88,2.25,1.12,2.88,3.0,2.12,2.0,2.25,2.62,2.38,3.5,2.25,3.5,1.88,3.88,2.38,1.75,2.88,3.12,2.75,2.0,2.38,2.75,3.12,2.38,2.12,1.88,3.0,3.0,2.88,3.96,3.09,2.86,2.74,4.4,3.86,2.65,2.82,3.58,3.94,3.15,3.0,3.91,3.78,4.23,2.68,3.61,4.61,4.9,3.62,3.62,4.1,3.02,4.47,4.3,4.05,2.52,1.8,3.84,3.91,2.78,3.17,4.22,3.19,3.44,2.15,2.18,3.41,3.15,3.99,2.69,1.92,3.59,4.25,3.11,2.9,2.21,1.15,2.11,4.09,2.51,4.85,2.62,1.0,2.94,3.59,4.23,3.24,2.4,1.24,3.67,4.22,1.95,4.58,3.96,4.28,4.45,4.18,3.84,4.0,4.74,2.64,1.74,3.34,2.78,4.69,2.55,2.64,3.07,1.62,2.57,1.86,2.07,2.17,3.7,2.52,3.44,4.11,2.33,4.48,3.31,4.99,1.55,3.03,3.85,2.38,True,True,True,True,True,True,True,True
53-7073,Wellhead Pumpers,Wellhead Pumpers,Wellhead Pumpers,0.0,0.0,0.0,0.0,0.0,0.0,-1.091197,1,53-7073,False,0.84,1,53-7073,False,base_00,2,base_00,False,1,3.0,2.25,2.88,3.25,3.12,2.12,1.62,2.38,1.75,2.5,2.88,2.75,2.38,2.12,1.88,2.25,2.5,2.0,3.12,3.25,3.12,2.12,2.12,3.25,3.5,1.62,2.12,2.88,3.0,2.12,3.12,2.0,3.88,2.25,3.25,3.0,2.75,1.75,2.12,3.0,3.0,2.12,1.88,2.75,3.12,2.25,3.0,2.0,2.75,2.12,2.88,2.62,2.38,2.88,3.0,2.25,3.12,3.12,2.25,1.25,2.12,3.12,1.88,1.38,1.75,2.12,2.25,3.12,2.0,3.88,1.38,4.0,2.0,1.25,2.38,2.75,3.12,1.12,1.88,2.5,3.0,2.0,2.0,1.5,2.75,3.12,2.62,3.7,3.04,3.16,2.72,4.09,4.1,2.84,3.24,2.87,4.28,2.35,3.38,3.69,3.67,3.54,2.88,3.25,4.06,4.34,3.04,3.0,3.97,3.19,4.11,4.12,3.83,2.53,2.47,3.83,3.79,2.81,2.74,3.9,2.78,3.31,2.21,1.94,3.34,3.48,3.31,3.53,2.62,3.67,4.12,3.13,3.43,2.52,1.38,2.0,4.59,3.96,5.0,3.23,1.23,3.55,4.76,3.95,3.13,4.08,1.32,4.3,4.51,1.36,4.34,4.51,4.37,3.09,3.97,3.74,3.55,4.97,2.37,2.41,3.22,3.2,4.97,2.32,2.35,1.74,1.59,2.48,1.73,1.48,1.88,2.71,2.72,2.95,3.38,2.59,4.95,3.52,5.0,1.59,3.24,3.81,3.2,True,True,True,True,True,True,True,True
53-7081,Refuse and Recyclable Material Collectors,Refuse and Recyclable Material Collectors,Refuse and Recyclable Material Collectors,0.1785714285714285,0.1964285714285714,0.2142857142857142,0.1071428571428571,0.2321428571428571,0.3571428571428571,-1.283373,1,53-7081,False,0.93,1,53-7081,False,base_00,2,base_00,False,1,3.25,2.75,2.75,2.88,2.62,2.75,1.0,2.62,1.88,3.0,3.0,2.75,2.38,1.75,2.75,2.62,2.38,2.75,2.5,2.88,3.12,1.0,2.0,3.38,3.0,2.38,1.0,3.0,2.88,1.5,2.38,2.5,2.88,2.62,3.12,2.62,2.75,2.0,2.38,2.88,2.88,2.0,2.12,2.75,3.25,2.62,3.12,2.88,2.5,1.62,2.5,2.5,2.25,2.88,2.38,2.62,2.75,2.75,1.75,1.0,1.88,2.38,1.38,1.0,1.0,2.0,1.0,2.5,2.0,3.0,1.12,3.0,2.0,1.0,2.25,2.62,2.5,1.0,2.38,2.5,2.88,1.38,1.38,1.0,2.5,2.5,2.5,1.61,1.69,2.1,2.39,3.26,3.15,2.15,2.38,1.58,2.22,1.45,2.56,1.92,3.01,3.17,1.92,3.66,2.52,3.38,1.36,2.28,2.45,1.39,3.13,4.33,2.25,1.72,2.33,3.7,1.8,1.72,1.21,2.95,1.49,1.71,1.02,1.0,1.57,1.69,2.17,1.55,2.44,3.17,3.61,2.56,2.78,2.91,1.34,2.33,3.68,1.31,4.3,1.86,2.92,3.0,1.75,3.73,1.37,2.92,1.23,3.58,4.22,2.3,3.73,3.91,2.95,2.92,3.28,2.96,3.41,4.68,2.78,1.34,2.23,2.65,4.89,1.99,2.78,2.59,1.06,3.17,1.6,2.29,2.17,4.32,3.47,3.09,4.15,2.66,2.8,3.74,4.99,1.42,2.21,2.93,1.62,True,True,True,True,True,True,True,True
53-7121,"Tank Car, Truck, and Ship Loaders","Tank Car, Truck, and Ship Loaders","Tank Car, Truck, and Ship Loaders",0.0714285714285714,0.0714285714285714,0.0714285714285714,0.0,0.125,0.25,-1.38776,1,53-7121,False,0.72,1,53-7121,False,base_00,2,base_00,False,1,3.38,3.0,2.88,3.88,2.88,3.62,1.38,2.75,1.75,3.12,3.75,3.12,3.0,2.62,2.75,2.75,3.0,3.0,2.88,3.0,3.75,2.5,2.0,3.88,3.5,2.0,2.62,3.25,3.12,2.38,3.62,2.25,3.62,3.75,3.62,2.75,3.12,2.0,2.75,3.12,3.12,2.5,2.38,3.12,3.62,3.0,3.12,2.75,3.0,2.12,3.0,3.0,2.75,3.0,3.0,2.88,3.0,2.62,2.38,1.0,2.5,2.88,2.5,2.0,2.0,2.88,2.5,3.0,2.25,3.75,1.0,3.75,2.0,1.38,2.88,3.25,2.5,1.5,2.25,2.62,3.0,2.5,2.12,1.75,3.12,2.62,3.0,3.85,2.87,3.07,2.61,4.26,3.85,3.29,2.93,3.2,4.24,2.1,3.07,3.79,4.16,4.4,2.91,4.13,3.99,4.56,3.29,3.98,4.24,2.56,4.62,4.15,3.83,2.54,1.92,4.12,4.28,2.72,2.49,3.54,2.91,3.55,1.99,1.93,3.44,3.45,3.84,2.82,3.71,4.74,4.47,4.07,3.05,2.82,1.3,1.87,3.89,3.97,4.73,3.6,1.12,3.67,4.65,4.22,4.2,2.92,1.23,4.58,4.27,2.75,4.84,3.92,4.4,4.52,4.15,4.46,4.45,4.24,2.97,2.63,3.91,2.97,4.76,2.93,3.56,3.46,2.11,3.14,2.97,2.06,2.6,3.8,2.48,3.62,4.31,3.49,4.39,4.47,4.94,4.18,3.67,4.61,3.09,True,True,True,True,True,True,True,True
