soc_6digit,title,title_rollup_method,work_activity_analyzing_data_or_information__4_a_2_a_4,work_activity_assisting_and_caring_for_others__4_a_4_a_5,work_activity_coaching_and_developing_others__4_a_4_b_5,work_activity_communicating_with_people_outside_the_organization__4_a_4_a_3,work_activity_communicating_with_supervisors_peers_or_subordinates__4_a_4_a_2,work_activity_controlling_machines_and_processes__4_a_3_a_3,work_activity_coordinating_the_work_and_activities_of_others__4_a_4_b_1,work_activity_developing_and_building_teams__4_a_4_b_2,work_activity_developing_objectives_and_strategies__4_a_2_b_4,work_activity_documenting_recording_information__4_a_3_b_6,work_activity_drafting_laying_out_and_specifying_technical_devices_parts_and_equipment__4_a_3_b_2,work_activity_establishing_and_maintaining_interpersonal_relationships__4_a_4_a_4,work_activity_estimating_the_quantifiable_characteristics_of_products_events_or_information__4_a_1_b_3,work_activity_evaluating_information_to_determine_compliance_with_standards__4_a_2_a_3,work_activity_getting_information__4_a_1_a_1,work_activity_guiding_directing_and_motivating_subordinates__4_a_4_b_4,work_activity_handling_and_moving_objects__4_a_3_a_2,work_activity_identifying_objects_actions_and_events__4_a_1_b_1,work_activity_inspecting_equipment_structures_or_materials__4_a_1_b_2,work_activity_interpreting_the_meaning_of_information_for_others__4_a_4_a_1,work_activity_judging_the_qualities_of_objects_services_or_people__4_a_2_a_1,work_activity_making_decisions_and_solving_problems__4_a_2_b_1,work_activity_monitoring_and_controlling_resources__4_a_4_c_3,work_activity_monitoring_processes_materials_or_surroundings__4_a_1_a_2,work_activity_operating_vehicles_mechanized_devices_or_equipment__4_a_3_a_4,work_activity_organizing_planning_and_prioritizing_work__4_a_2_b_6,work_activity_performing_administrative_activities__4_a_4_c_1,work_activity_performing_for_or_working_directly_with_the_public__4_a_4_a_8,work_activity_performing_general_physical_activities__4_a_3_a_1,work_activity_processing_information__4_a_2_a_2,work_activity_providing_consultation_and_advice_to_others__4_a_4_b_6,work_activity_repairing_and_maintaining_electronic_equipment__4_a_3_b_5,work_activity_repairing_and_maintaining_mechanical_equipment__4_a_3_b_4,work_activity_resolving_conflicts_and_negotiating_with_others__4_a_4_a_7,work_activity_scheduling_work_and_activities__4_a_2_b_5,work_activity_selling_or_influencing_others__4_a_4_a_6,work_activity_staffing_organizational_units__4_a_4_c_2,work_activity_thinking_creatively__4_a_2_b_2,work_activity_training_and_teaching_others__4_a_4_b_3,work_activity_updating_and_using_relevant_knowledge__4_a_2_b_3,work_activity_working_with_computers__4_a_3_b_1
11-1011,Chief Executives,base_00,4.3,3.0250000000000004,4.32,4.515000000000001,4.779999999999999,1.8,4.085,4.41,4.535,3.52,1.81,4.734999999999999,3.4,4.08,4.67,4.26,1.65,4.04,2.3099999999999996,4.295,4.015,4.74,3.995,3.865,2.185,4.45,3.6599999999999997,3.73,1.885,4.21,3.9400000000000004,1.4649999999999999,1.31,3.955,3.73,3.96,3.5199999999999996,4.325,3.82,4.305,4.16
11-1021,General and Operations Managers,base_00,4.04,3.02,3.91,3.57,4.34,2.07,3.99,3.81,3.84,3.94,2.12,4.28,3.23,3.59,4.42,4.2,2.0,4.22,2.62,3.72,4.1,4.33,3.86,3.91,1.9,4.2,3.4,2.54,2.11,4.08,3.66,1.89,1.83,3.88,3.81,3.58,3.7,3.7,3.41,3.8,4.46
11-2011,Advertising and Promotions Managers,base_00,3.26,2.37,2.62,4.37,4.25,1.85,3.07,2.96,3.42,3.31,1.28,4.01,2.79,2.35,4.32,2.98,2.08,3.6,1.77,3.01,3.37,3.82,2.52,2.78,1.82,4.17,3.11,3.18,1.9,3.51,2.31,1.34,1.21,2.82,3.34,3.64,2.29,4.05,2.74,3.78,4.61
11-2021,Marketing Managers,base_00,3.75,2.44,3.36,4.2,4.75,1.2,3.97,4.08,4.07,3.0,1.29,4.68,3.59,2.61,4.33,3.84,1.37,4.24,1.45,3.39,3.37,4.34,3.18,3.27,1.78,4.35,2.59,2.81,1.71,3.36,3.18,1.15,1.14,3.68,3.4,4.27,2.25,4.28,3.14,3.83,4.4
11-2022,Sales Managers,base_00,3.95,2.95,4.5,4.55,4.7,1.48,4.2,4.6,4.25,3.62,1.33,4.71,3.14,3.43,4.29,4.57,1.2,3.81,1.62,3.6,4.15,4.63,3.1,3.1,1.76,4.1,3.15,3.48,1.35,3.85,4.29,1.14,1.05,4.14,3.48,4.86,3.86,3.86,4.33,3.95,4.29
11-2033,Fundraising Managers,base_00,3.4,2.39,2.92,3.94,4.36,1.49,3.11,3.38,3.89,3.76,1.04,4.38,2.25,3.7,4.34,2.67,1.72,3.11,1.87,3.15,3.0,3.57,2.61,3.24,1.77,4.07,3.51,3.4,2.24,4.05,2.74,1.26,1.03,3.14,3.09,3.39,2.25,3.49,3.14,4.17,4.14
11-3012,Administrative Services Managers,base_00,3.5,3.23,3.64,3.84,4.44,2.92,3.94,3.71,2.96,3.95,2.04,4.16,3.08,3.71,4.62,3.9,3.11,3.89,3.15,3.27,3.44,4.22,3.77,3.81,2.56,4.39,4.03,3.06,3.17,3.77,3.22,2.38,2.49,3.6,4.19,2.49,3.26,3.46,3.34,3.87,4.15
11-3013,Facilities Managers,base_00,3.9850000000000003,3.34,3.975,3.995,4.445,2.9050000000000002,4.035,4.15,3.87,3.995,3.2199999999999998,4.07,3.5,4.195,4.4350000000000005,3.975,2.915,4.285,3.825,3.7199999999999998,3.92,4.57,3.79,4.0200000000000005,2.855,4.165,3.495,3.1550000000000002,3.3049999999999997,3.755,3.55,2.775,2.79,4.11,3.91,3.1550000000000002,3.575,4.01,3.905,4.125,3.995
11-3021,Computer and Information Systems Managers,base_00,4.25,2.38,3.76,3.13,4.36,1.98,3.9,4.12,3.99,3.36,1.98,3.9,3.64,3.72,4.43,3.98,1.65,4.31,2.96,3.56,3.86,4.51,3.58,3.79,1.63,4.31,3.15,1.81,2.01,3.94,3.45,1.99,1.48,3.5,3.72,3.11,3.58,3.58,3.2,3.89,4.9
11-3031,Financial Managers,base_00,4.44,2.2433333333333336,3.706666666666667,4.006666666666667,4.39,1.4633333333333336,3.36,3.6,3.8033333333333332,3.4933333333333336,1.1666666666666667,4.12,3.1966666666666668,3.8466666666666662,4.61,3.5666666666666664,1.3333333333333333,3.86,1.8233333333333333,3.6533333333333338,3.646666666666667,4.486666666666667,2.8533333333333335,3.0400000000000005,1.3499999999999999,4.066666666666666,2.8366666666666664,2.4433333333333334,1.4866666666666666,4.333333333333333,3.34,1.18,1.0433333333333332,3.0766666666666667,3.2866666666666666,2.99,2.7266666666666666,3.473333333333333,3.276666666666667,3.953333333333333,4.403333333333333
11-3051,Industrial Production Managers,base_00,3.8816666666666664,2.6283333333333334,3.813333333333333,3.356666666666667,4.385,3.155,3.9616666666666664,3.9466666666666668,3.5,3.9483333333333337,2.7216666666666662,3.895,3.546666666666667,3.953333333333333,4.3133333333333335,3.9499999999999997,2.4783333333333335,4.153333333333333,3.888333333333333,3.486666666666667,3.731666666666667,4.318333333333333,3.58,4.2283333333333335,2.6033333333333335,4.133333333333334,3.2433333333333336,2.0083333333333333,2.5100000000000002,3.9766666666666666,3.345,2.7933333333333334,2.9499999999999997,3.5683333333333334,3.86,2.54,3.2283333333333335,3.57,3.6966666666666668,3.72,4.301666666666667
11-3061,Purchasing Managers,base_00,4.05,2.59,4.17,4.44,4.53,1.72,4.05,4.0,3.95,4.0,2.42,4.33,3.26,4.0,4.42,4.11,1.74,3.37,2.82,3.53,3.16,4.63,3.53,3.28,1.63,4.33,3.47,3.11,1.89,4.05,3.63,1.33,1.28,4.05,3.56,2.53,3.32,3.78,4.11,4.26,4.37
11-3071,"Transportation, Storage, and Distribution Managers",base_00,3.975,2.4800000000000004,3.87,3.915,4.365,2.1100000000000003,3.88,4.165,3.77,3.46,2.175,4.17,3.425,3.735,4.185,4.055,2.255,3.725,2.9749999999999996,3.4699999999999998,3.6100000000000003,4.375,3.8200000000000003,3.605,2.385,4.055,3.095,2.51,2.085,3.69,3.4699999999999998,1.725,1.84,3.8899999999999997,3.675,3.225,3.505,3.785,3.705,3.785,4.05
11-3111,Compensation and Benefits Managers,base_00,3.95,2.71,3.5,4.14,4.48,1.48,3.43,3.4,4.0,3.81,1.0,4.43,2.24,4.15,4.33,3.67,1.48,3.29,1.43,3.71,3.0,4.24,3.58,2.81,1.05,3.9,3.57,1.48,1.48,3.86,3.6,1.05,1.0,3.85,3.5,2.76,2.48,3.55,3.38,4.14,4.33
11-3121,Human Resources Managers,base_00,3.95,3.41,4.32,3.86,4.73,1.55,3.91,4.45,3.95,3.95,1.14,4.73,2.82,4.59,4.18,4.14,1.68,3.59,2.0,3.91,4.0,4.64,3.59,3.48,1.73,4.45,3.5,3.05,2.09,4.0,4.27,1.5,1.18,4.73,3.55,3.45,4.23,3.73,4.09,4.0,4.23
11-3131,Training and Development Managers,base_00,3.89,2.68,4.68,3.25,4.79,1.32,4.07,4.46,4.25,4.04,1.68,4.61,3.38,3.64,4.71,4.29,1.61,3.68,1.93,4.14,3.57,4.46,3.21,3.54,1.21,4.32,3.14,1.5,1.82,4.0,4.11,1.21,1.07,3.57,3.96,3.52,3.14,4.18,4.93,4.32,4.71
11-9013,"Farmers, Ranchers, and Other Agricultural Managers",base_00,3.7,2.7,3.42,3.71,4.09,3.45,3.85,3.24,3.71,3.68,2.19,3.78,3.53,3.54,3.89,3.58,3.47,3.82,3.74,3.36,3.37,4.43,3.85,3.72,3.68,4.24,3.3,2.92,3.35,3.41,2.85,2.78,3.2,3.48,3.93,3.31,3.17,3.9,3.48,3.7,3.09
11-9021,Construction Managers,base_00,3.75,3.21,3.95,4.05,4.4,3.0,4.2,4.0,3.6,4.1,3.35,3.9,3.74,4.26,4.15,4.1,3.05,3.89,4.25,3.5,3.68,4.21,3.95,4.25,3.1,4.25,3.6,2.8,3.35,4.0,3.45,2.6,2.45,3.95,4.25,3.35,3.7,3.53,4.0,4.0,3.7
11-9031,"Education and Childcare Administrators, Preschool and Daycare",base_00,2.63,4.28,3.98,4.15,4.3,1.56,3.91,3.95,3.55,3.84,1.42,4.33,3.07,4.23,3.95,4.08,2.65,3.5,3.38,3.13,3.8,4.08,3.72,3.34,1.77,3.84,3.88,4.1,2.84,3.09,3.48,1.45,1.21,4.03,3.78,3.14,3.57,3.76,4.36,3.73,3.57
11-9032,"Education Administrators, Kindergarten through Secondary",base_00,4.03,3.74,4.6,4.53,4.65,2.12,4.38,4.64,3.96,3.98,1.86,4.86,3.2,3.47,4.61,3.96,2.05,3.75,2.98,3.69,3.81,4.69,3.71,3.93,2.01,4.48,4.15,4.06,2.3,4.1,4.2,1.7,1.74,4.44,3.48,3.3,4.06,4.14,4.77,3.94,4.12
11-9033,"Education Administrators, Postsecondary",base_00,4.05,2.78,3.8,3.73,4.37,1.24,3.79,3.96,4.1,3.28,1.08,4.41,3.13,4.17,4.39,3.93,1.28,4.11,1.83,3.91,3.83,4.66,3.17,3.55,1.23,4.33,3.73,2.67,1.76,3.89,3.53,1.23,1.17,3.84,3.62,3.15,3.38,4.11,3.38,4.0,4.04
11-9041,Architectural and Engineering Managers,base_00,4.1499999999999995,2.45,3.4050000000000002,4.05,4.465,2.735,4.195,3.81,3.49,3.8899999999999997,3.56,3.73,4.015,4.095,4.61,3.83,2.055,4.12,3.45,3.7,3.75,4.494999999999999,3.0949999999999998,3.92,1.865,4.005,2.56,2.24,2.34,4.1850000000000005,3.2199999999999998,2.355,2.0949999999999998,3.125,3.475,2.835,2.765,4.135,3.55,4.1899999999999995,4.57
11-9051,Food Service Managers,base_00,3.29,3.0,4.16,3.34,3.96,2.96,4.05,3.63,3.46,3.07,2.21,4.03,3.8,4.01,4.28,3.93,3.63,4.36,3.99,3.21,3.67,4.24,3.65,3.97,1.93,3.65,3.41,3.63,3.85,3.44,3.34,2.36,2.5,3.7,3.68,3.37,3.9,3.52,4.15,3.64,3.26
11-9071,Gambling Managers,base_00,3.71,2.5,3.84,3.05,4.35,2.79,3.46,3.51,3.29,3.89,1.79,3.88,2.83,4.16,4.19,3.68,2.3,3.66,2.82,3.33,3.39,4.21,3.32,3.65,1.53,3.62,3.2,4.32,2.17,3.65,3.3,2.05,1.93,4.06,3.66,2.56,3.73,3.29,3.64,3.4,4.05
11-9072,"Entertainment and Recreation Managers, Except Gambling",base_00,3.16,3.51,3.94,4.39,4.67,1.95,3.66,4.13,3.89,3.74,1.67,4.63,3.33,2.85,4.42,4.31,3.39,3.96,2.88,4.31,3.44,4.58,3.46,3.61,2.44,4.37,3.37,4.25,3.62,3.38,3.5,1.94,1.78,4.25,4.19,2.94,3.9,4.6,4.32,4.09,4.34
11-9081,Lodging Managers,base_00,3.48,3.72,4.02,4.16,4.47,2.53,4.19,3.73,3.86,3.38,1.62,4.14,2.28,3.5,4.28,3.85,2.66,4.27,3.12,3.07,3.19,4.38,3.16,3.34,2.53,3.95,4.07,4.16,2.61,3.56,3.47,1.88,2.09,4.11,3.96,3.58,3.92,3.98,4.29,3.59,4.27
11-9111,Medical and Health Services Managers,base_00,4.36,3.54,4.5,3.85,4.63,2.37,4.32,4.25,3.96,4.07,1.86,4.44,3.25,4.54,4.48,4.29,1.96,3.89,2.54,3.89,3.74,4.43,4.15,4.11,1.68,4.29,4.04,3.25,2.25,4.29,3.96,1.71,1.64,4.14,4.18,3.07,4.14,3.78,4.19,4.32,4.56
11-9121,Natural Sciences Managers,base_00,4.156666666666666,2.66,3.3533333333333335,3.686666666666667,4.2299999999999995,2.263333333333333,3.6999999999999997,3.4899999999999998,3.7000000000000006,4.253333333333333,2.35,4.023333333333333,3.3366666666666664,4.086666666666667,4.46,3.1966666666666668,2.11,4.006666666666667,3.026666666666667,3.703333333333333,3.36,4.260000000000001,3.1300000000000003,4.12,1.96,4.273333333333333,3.206666666666667,2.8333333333333335,2.376666666666667,3.91,3.1300000000000003,1.99,1.8566666666666667,2.8666666666666667,3.9466666666666668,2.44,2.5566666666666666,3.5766666666666667,3.4166666666666665,4.093333333333334,4.31
11-9131,Postmasters and Mail Superintendents,base_00,3.67,2.95,3.97,3.64,4.49,2.59,4.12,3.75,3.78,3.93,1.92,3.99,3.24,3.86,4.53,4.14,2.43,3.99,3.2,3.76,3.68,4.4,3.41,3.83,2.3,4.15,4.14,3.39,2.58,3.82,3.43,1.67,1.78,4.41,4.16,3.19,3.78,3.27,3.64,3.54,4.29
11-9141,"Property, Real Estate, and Community Association Managers",base_00,3.5,2.7,3.53,4.1,4.35,1.55,4.15,4.0,3.37,3.37,1.4,4.15,2.6,3.6,4.4,3.95,1.4,3.0,3.1,3.16,3.25,4.47,3.6,3.05,2.1,4.05,3.63,3.35,2.05,3.65,3.35,1.9,1.65,4.11,3.65,3.1,3.45,3.35,3.8,4.0,4.2
11-9151,Social and Community Service Managers,base_00,3.48,4.01,3.32,4.11,4.65,1.64,3.99,3.76,3.98,3.84,1.43,4.13,2.23,4.04,4.48,3.74,1.92,3.98,2.51,3.46,3.51,4.05,2.4,3.8,2.18,4.28,4.15,3.64,2.46,3.62,3.35,1.3,1.19,3.78,3.86,2.27,2.83,3.87,3.63,4.15,4.23
11-9161,Emergency Management Directors,base_00,3.77,3.9,3.73,4.27,4.5,2.33,4.14,4.43,4.14,4.24,2.14,4.5,3.14,3.81,4.45,4.14,2.5,4.0,3.27,3.86,3.5,4.48,4.05,3.73,3.1,4.32,3.71,4.23,2.71,3.81,3.73,2.29,2.18,3.89,3.55,3.14,3.59,3.65,4.25,3.95,4.35
11-9171,Funeral Home Managers,base_00,3.2,4.58,3.89,4.17,4.34,3.03,4.42,3.57,3.65,4.13,1.7,4.52,2.87,4.2,4.58,4.17,3.95,4.28,3.56,3.87,3.99,4.66,3.32,4.19,3.54,4.43,4.32,4.79,3.89,4.32,4.29,1.92,1.99,3.85,4.22,3.48,2.6,4.4,3.95,4.29,4.29
11-9179,Fitness and Wellness Coordinators,first_detail,3.365,4.05,4.234999999999999,3.5549999999999997,4.46,2.435,4.03,4.0600000000000005,3.65,3.535,1.74,4.355,3.1100000000000003,3.705,4.05,4.12,3.0149999999999997,3.62,3.6399999999999997,3.29,3.54,4.025,3.3899999999999997,3.89,1.645,3.825,3.98,3.8150000000000004,3.5700000000000003,3.3499999999999996,3.675,1.71,1.995,3.965,4.22,3.55,3.665,3.9699999999999998,3.95,4.04,3.9299999999999997
11-9199,Regulatory Affairs Managers,first_detail,4.058333333333334,2.73,3.4933333333333336,4.281666666666667,4.498333333333334,2.165,3.8433333333333337,3.84,3.715,4.148333333333333,2.18,4.21,3.373333333333333,4.453333333333333,4.475,3.525,2.1233333333333335,4.101666666666667,3.1633333333333336,3.935,3.6566666666666663,4.546666666666667,3.195,3.7533333333333334,2.455,4.156666666666667,3.2816666666666663,3.1016666666666666,2.4483333333333337,3.9283333333333332,3.5416666666666665,1.9549999999999998,2.0433333333333334,3.7816666666666663,3.7916666666666665,3.2216666666666662,2.7183333333333333,3.608333333333333,3.561666666666667,4.095,4.283333333333333
13-1011,"Agents and Business Managers of Artists, Performers, and Athletes",base_00,2.66,2.28,2.56,3.95,3.51,1.15,3.23,2.84,3.37,2.92,1.27,4.13,2.28,2.42,4.51,2.14,1.62,3.48,1.34,2.89,3.09,3.59,2.31,2.31,1.13,3.81,2.99,2.56,1.49,2.33,3.21,1.07,1.1,3.36,3.73,3.68,1.79,4.01,1.87,3.85,3.7
13-1021,"Buyers and Purchasing Agents, Farm Products",base_00,3.74,2.29,2.93,4.02,4.06,2.28,3.41,3.46,3.49,3.59,1.53,4.22,3.34,3.54,4.4,3.12,1.66,4.01,2.12,3.03,3.7,4.16,3.4,3.28,1.74,3.89,3.29,3.17,2.17,3.68,3.29,1.58,1.3,3.49,2.99,3.52,2.5,3.45,3.31,3.74,3.61
13-1022,"Wholesale and Retail Buyers, Except Farm Products",base_00,3.49,2.56,2.71,3.77,4.04,2.31,2.67,2.81,2.98,3.21,1.66,3.64,3.29,2.87,4.22,2.67,2.56,3.8,2.49,2.47,3.21,3.74,3.63,3.43,1.61,3.58,3.26,2.37,2.4,3.92,2.45,1.07,1.22,3.57,2.89,2.98,2.22,3.3,2.54,3.67,4.02
13-1023,"Purchasing Agents, Except Wholesale, Retail, and Farm Products",base_00,4.06,2.16,3.83,4.47,4.42,1.58,3.28,3.58,3.58,4.11,2.11,4.21,3.21,4.05,4.58,3.68,1.79,3.89,2.68,3.67,3.81,4.11,3.11,3.44,1.53,4.16,3.42,3.0,1.74,4.05,3.5,1.42,1.37,3.89,3.39,2.26,2.95,3.32,3.63,3.68,4.32
13-1031,"Claims Adjusters, Examiners, and Investigators",base_00,4.06,2.92,2.33,4.58,4.38,1.52,2.51,3.02,2.89,4.34,1.35,4.01,3.33,3.85,4.56,2.14,1.55,4.48,2.7,3.74,3.55,4.48,2.74,3.56,2.01,4.23,3.18,3.55,1.72,4.04,2.46,1.14,1.14,4.29,3.02,2.4,2.02,2.9,2.75,3.98,4.68
13-1032,"Insurance Appraisers, Auto Damage",base_00,3.77,3.35,2.27,4.26,4.32,2.3,2.25,2.69,3.12,4.52,2.12,3.54,3.77,3.43,4.24,2.43,1.67,3.99,3.75,3.26,3.66,4.52,3.09,3.2,3.81,4.09,3.17,4.39,2.75,3.77,3.27,2.53,1.34,4.41,3.6,2.81,1.83,3.09,3.14,4.04,4.68
13-1041,Compliance Officers,base_00,3.91,2.52,2.991428571428571,4.315714285714286,4.41,1.852857142857143,3.1314285714285717,3.162857142857143,3.2871428571428574,4.1971428571428575,1.6457142857142857,3.992857142857143,2.924285714285714,4.458571428571429,4.542857142857143,2.9628571428571426,2.1871428571428573,3.9957142857142856,2.8000000000000003,3.8242857142857143,3.261428571428571,4.180000000000001,2.4614285714285713,3.5042857142857144,2.4642857142857144,3.98,3.5914285714285716,3.5185714285714282,2.4714285714285715,4.018571428571429,3.3971428571428572,1.587142857142857,1.4728571428571429,3.697142857142857,3.391428571428571,2.3757142857142854,2.392857142857143,3.1028571428571428,3.217142857142857,3.9371428571428573,4.272857142857143
13-1051,Cost Estimators,base_00,4.57,1.95,3.36,3.77,4.27,1.1,3.05,3.36,3.36,3.81,2.0,3.82,4.48,3.64,4.64,3.27,1.5,3.82,2.32,3.76,3.36,4.32,2.75,3.45,1.14,3.81,2.59,1.64,1.55,4.09,3.43,1.27,1.18,2.95,3.81,2.59,2.0,3.55,3.09,4.23,4.57
13-1071,Human Resources Specialists,base_00,3.31,3.54,3.43,3.67,4.66,1.7,3.01,3.44,3.09,4.38,1.04,4.28,2.51,4.15,4.26,3.14,1.96,3.38,1.56,3.3,3.2,4.19,2.65,3.34,1.05,4.21,4.38,3.02,2.16,3.72,3.68,1.06,1.03,4.11,3.67,2.41,3.23,3.31,3.64,3.94,4.55
13-1074,Farm Labor Contractors,base_00,2.38,2.77,2.76,1.73,2.65,1.75,2.8,2.27,2.2,2.45,1.03,3.17,2.54,3.67,2.69,2.38,2.13,2.87,3.41,1.82,3.27,3.02,2.81,2.89,3.52,2.88,3.22,2.28,2.67,2.8,1.78,1.3,1.89,2.56,2.76,2.55,2.29,1.72,3.41,2.26,2.54
13-1075,Labor Relations Specialists,base_00,3.57,2.71,3.05,3.38,4.1,1.38,3.2,3.47,3.15,3.2,1.1,4.25,2.11,4.0,4.45,3.0,1.38,3.25,1.62,3.62,3.29,4.3,2.6,2.57,1.67,3.8,3.15,2.7,1.48,3.85,3.19,1.15,1.1,4.48,3.48,2.5,2.62,3.35,3.21,3.71,3.52
13-1081,Logisticians,base_00,4.196666666666666,2.283333333333333,3.4,4.06,4.346666666666667,2.0466666666666664,3.3699999999999997,3.5733333333333337,3.723333333333333,3.723333333333333,2.066666666666667,4.043333333333333,3.3266666666666667,3.6966666666666668,4.36,3.34,1.8999999999999997,3.6999999999999997,2.38,3.8000000000000003,3.3699999999999997,4.243333333333333,3.2466666666666666,3.856666666666667,1.9100000000000001,4.17,3.0400000000000005,2.186666666666667,1.9433333333333334,4.103333333333333,3.3666666666666667,1.7366666666666666,1.6500000000000001,3.34,3.6,2.89,2.823333333333333,3.6533333333333338,3.42,3.8833333333333333,4.453333333333333
13-1111,Management Analysts,base_00,4.4,2.48,3.76,4.33,4.65,1.57,3.6,3.9,4.38,4.05,1.52,4.65,3.52,3.9,4.7,3.14,1.71,4.0,2.0,4.38,3.6,4.62,3.2,3.86,1.67,4.29,3.19,2.9,1.71,4.15,4.45,1.33,1.24,3.95,3.4,3.95,2.38,4.14,3.76,4.24,4.29
13-1121,"Meeting, Convention, and Event Planners",base_00,3.39,3.13,3.86,4.47,4.51,2.72,3.93,4.08,3.52,3.7,2.28,4.13,3.27,3.29,4.12,3.83,3.22,4.05,3.32,3.86,4.18,4.56,3.76,3.41,2.35,4.63,4.05,4.34,3.34,4.01,3.58,2.62,1.91,4.18,4.34,3.59,2.85,3.99,3.36,3.82,4.43
13-1131,Fundraisers,base_00,4.1,2.76,3.9,4.71,4.19,1.57,3.33,4.05,4.4,3.71,1.1,4.81,3.0,3.1,4.48,3.24,1.38,3.19,1.55,3.6,3.43,4.4,2.95,2.43,2.4,4.24,3.1,3.79,1.76,3.71,3.9,1.35,1.1,3.65,3.68,4.1,2.62,4.38,3.38,4.0,4.38
13-1141,"Compensation, Benefits, and Job Analysis Specialists",base_00,4.14,2.52,2.81,3.9,4.19,1.52,2.71,3.14,3.3,3.62,1.48,3.95,2.52,4.29,4.24,2.8,1.67,2.86,1.67,3.43,3.1,4.05,2.67,2.86,1.29,3.95,3.48,2.1,1.62,4.05,3.48,1.48,1.33,3.29,2.57,2.6,2.43,3.2,2.9,3.86,4.19
13-1151,Training and Development Specialists,base_00,3.7,2.78,4.3,3.57,4.61,1.68,3.43,3.57,4.09,3.59,1.74,4.32,2.91,3.52,4.26,3.0,1.83,3.65,2.09,4.17,3.22,4.13,2.83,3.3,1.57,3.96,2.96,2.74,2.0,3.78,4.19,1.61,1.43,3.27,3.57,3.27,2.68,3.91,4.57,4.3,4.04
13-1161,Market Research Analysts and Marketing Specialists,base_00,4.715,1.65,3.0,4.0,4.195,1.545,3.175,3.175,4.279999999999999,3.6500000000000004,1.305,4.0649999999999995,3.3099999999999996,3.085,4.67,3.0,1.2149999999999999,4.0,1.85,4.465,3.145,4.58,3.1950000000000003,3.26,1.1749999999999998,4.140000000000001,3.025,2.1950000000000003,1.23,4.5600000000000005,3.955,1.345,1.09,2.8049999999999997,3.29,3.555,2.09,4.25,3.065,4.39,4.720000000000001
13-1199,Business Continuity Planners,first_detail,3.94,2.5300000000000002,3.1550000000000002,3.825,4.245,1.6425,3.275,3.3925,3.795,3.95,2.1275,4.154999999999999,3.2075,3.805,4.4475,3.245,1.755,3.97,2.67,3.6075,3.28,4.1575,3.0175,3.4725,1.6475,3.87,3.2875,2.7675,1.925,3.9825,3.545,1.4925000000000002,1.3375,3.3275,3.4325,3.4425,2.4074999999999998,3.6025,3.5,3.9375,4.415
13-2011,Accountants and Auditors,base_00,4.13,2.44,3.44,3.8,4.42,1.56,3.63,3.6,3.31,4.27,1.23,4.14,2.91,4.36,4.46,3.37,1.61,3.74,2.14,3.72,3.04,4.17,3.19,3.62,1.33,4.17,3.74,2.42,1.56,4.19,3.31,1.28,1.16,3.2,3.49,2.75,2.95,3.33,3.68,4.06,4.45
13-2022,Appraisers of Personal and Business Property,base_00,4.65,2.04,2.74,3.96,3.48,1.57,3.13,2.87,3.3,4.48,1.52,4.0,3.96,4.13,4.83,2.82,2.87,4.65,3.96,3.91,4.39,4.39,2.83,3.04,1.83,3.96,3.74,3.04,2.96,4.61,3.26,1.59,1.39,2.65,3.48,2.59,2.0,3.26,2.96,4.61,4.39
13-2023,Appraisers and Assessors of Real Estate,base_00,4.38,1.71,2.62,3.67,3.29,1.88,2.43,2.17,2.71,4.25,1.88,3.04,3.12,3.71,4.62,2.71,1.61,3.71,3.71,4.0,3.43,3.92,2.21,2.71,2.92,3.43,3.33,2.67,2.43,4.33,3.17,1.57,1.38,2.67,3.12,2.17,1.96,2.83,2.88,3.91,4.52
13-2031,Budget Analysts,base_00,4.01,2.4,2.12,2.86,4.23,1.56,2.39,2.38,3.35,3.82,1.44,3.43,2.81,3.83,4.47,2.11,1.68,3.78,1.62,3.15,2.51,3.81,2.9,3.37,1.35,3.99,2.94,2.01,1.69,4.44,2.53,1.45,1.32,2.43,2.68,1.94,1.89,3.22,2.28,3.71,4.48
13-2041,Credit Analysts,base_00,4.65,1.65,2.95,2.95,4.25,1.45,2.3,2.6,2.5,3.53,1.15,3.75,2.5,3.75,4.58,2.65,1.25,3.55,1.65,3.8,2.95,4.05,1.75,2.85,1.05,3.65,2.65,1.85,1.25,4.4,2.6,1.05,1.0,2.58,2.5,2.2,1.95,2.6,3.0,3.85,4.45
13-2052,Personal Financial Advisors,base_00,4.68,3.27,3.12,4.21,3.77,1.04,2.76,2.96,3.92,4.04,1.04,4.56,3.08,4.0,4.77,3.0,1.08,3.38,1.12,4.23,3.08,4.56,2.44,2.88,1.08,4.04,3.23,3.48,1.08,4.46,4.0,1.19,1.04,3.0,3.48,3.42,2.12,3.39,3.24,4.46,4.62
13-2053,Insurance Underwriters,base_00,4.43,1.77,2.59,4.07,4.0,1.3,2.47,2.93,2.6,3.83,1.03,4.31,2.73,3.9,4.8,2.43,1.53,3.77,1.45,3.45,3.34,4.63,2.0,3.0,1.37,4.03,3.29,2.33,1.43,4.13,2.8,1.1,1.0,3.73,2.37,3.34,1.8,2.97,2.79,3.83,4.41
13-2061,Financial Examiners,base_00,4.52,1.83,3.39,4.14,4.48,1.39,3.61,3.73,3.26,4.04,1.09,4.09,2.57,4.65,4.7,3.22,1.22,4.04,1.65,3.68,3.65,4.23,2.04,3.57,1.61,4.09,2.87,1.74,1.17,3.96,3.17,1.09,1.0,3.17,2.91,2.26,2.52,2.43,3.17,4.0,4.09
13-2071,Credit Counselors,base_00,3.68,3.2,3.17,4.0,3.74,1.46,2.39,2.72,3.04,4.39,1.0,3.75,1.88,3.46,4.56,2.38,1.5,3.8,1.4,3.12,2.32,4.12,1.96,2.4,1.21,3.62,3.84,3.84,1.42,3.92,3.17,1.29,1.09,3.42,3.08,2.54,1.48,3.22,3.09,4.0,4.39
13-2072,Loan Officers,base_00,4.26,2.08,2.37,4.11,4.06,1.69,3.06,3.4,2.83,3.79,1.2,4.34,2.75,4.49,4.5,2.47,1.51,3.66,2.23,3.58,3.68,4.08,2.1,3.14,1.33,3.94,3.34,3.63,1.6,4.28,2.99,1.38,1.21,3.3,3.01,3.35,2.11,3.26,2.32,3.94,4.24
13-2081,"Tax Examiners and Collectors, and Revenue Agents",base_00,3.72,3.01,2.63,4.88,4.34,1.75,2.93,3.44,2.94,4.0,1.17,3.76,3.21,4.46,4.57,2.53,1.86,4.25,2.38,3.79,2.76,4.04,1.52,3.57,1.45,4.15,3.28,4.74,1.84,4.32,3.01,1.48,1.16,3.36,3.27,2.25,1.87,2.89,3.42,3.63,4.77
13-2082,Tax Preparers,base_00,3.89,2.79,2.57,3.38,3.48,2.14,2.52,2.62,2.62,4.24,1.0,3.76,2.7,3.95,4.57,2.55,1.62,3.62,2.19,3.81,2.29,3.86,2.33,2.9,1.29,3.86,3.24,3.48,1.43,4.24,3.33,1.75,1.0,3.05,3.43,2.0,1.81,2.7,3.14,4.48,4.67
13-2099,Financial Quantitative Analysts,first_detail,4.57,2.1550000000000002,3.105,3.74,4.225,1.625,2.955,3.21,3.395,3.74,1.4300000000000002,3.7350000000000003,3.385,3.69,4.58,3.1799999999999997,1.55,3.79,2.135,3.985,3.08,4.34,2.64,3.01,1.565,3.785,2.495,2.035,1.7200000000000002,4.43,3.425,1.295,1.125,2.92,3.2199999999999998,2.875,2.375,3.59,3.2750000000000004,4.135,4.58
15-1211,Computer Systems Analysts,base_00,4.315,3.025,3.0700000000000003,3.4450000000000003,4.345,2.79,3.21,3.7350000000000003,3.6799999999999997,3.8649999999999998,2.215,4.0,3.175,3.96,4.63,3.125,2.075,3.915,2.98,4.095,3.465,4.58,2.755,3.915,1.51,4.01,2.875,1.87,1.95,4.335,3.125,2.23,1.595,3.2800000000000002,3.275,2.1799999999999997,2.02,3.96,3.37,4.41,4.859999999999999
15-1212,Information Security Analysts,base_00,4.08,1.65,2.67,3.13,4.0,1.91,2.85,2.83,3.27,4.03,1.95,3.45,3.18,4.12,4.5,2.42,1.68,4.29,2.45,3.74,3.07,3.94,2.56,3.92,1.34,3.67,3.27,1.75,1.62,4.09,3.01,2.53,1.36,2.59,2.63,2.32,2.27,3.56,2.73,4.05,4.7
15-1221,Computer and Information Research Scientists,base_00,4.56,2.18,2.32,4.22,4.3,2.43,2.83,2.88,3.71,4.37,2.17,3.75,4.2,3.54,4.62,2.65,1.66,4.31,2.67,4.27,3.54,4.65,2.73,3.05,1.66,3.67,2.51,1.97,1.81,4.32,3.28,2.24,1.75,2.84,3.38,2.24,2.22,4.53,3.18,4.57,4.97
15-1231,Computer Network Support Specialists,base_00,3.83,2.68,2.47,3.09,4.17,2.36,2.44,2.57,2.97,3.27,2.79,3.96,2.73,3.56,4.4,2.25,2.6,3.34,3.03,3.34,3.09,3.9,2.48,3.5,1.53,3.76,2.59,1.45,2.36,3.79,3.1,2.79,2.23,3.16,3.35,1.88,2.15,3.38,2.91,4.45,4.95
15-1232,Computer User Support Specialists,base_00,3.57,2.31,2.94,3.61,4.36,2.95,2.42,3.24,3.24,3.91,2.14,3.78,3.01,3.62,4.45,2.35,2.64,3.58,3.43,3.78,3.17,4.3,2.72,3.7,1.98,3.46,3.14,1.94,2.32,4.07,3.36,2.88,2.47,2.74,3.0,2.53,1.92,3.51,3.38,4.26,4.78
15-1241,Computer Network Architects,base_00,3.95,2.12,2.8499999999999996,3.625,4.1899999999999995,2.25,3.325,3.0700000000000003,3.425,3.76,2.975,3.51,3.335,4.0,4.365,2.975,2.3,3.9050000000000002,3.275,3.605,3.34,4.285,3.075,3.83,2.045,3.765,3.0999999999999996,2.34,2.22,4.025,3.605,2.88,1.9749999999999999,3.125,3.7350000000000003,2.455,1.95,3.535,3.2,4.3149999999999995,4.615
15-1242,Database Administrators,base_00,4.0,2.85,2.19,2.58,3.84,1.88,3.08,2.9,3.3,3.61,1.46,3.86,3.04,3.75,4.12,2.12,1.39,4.11,2.15,3.47,2.68,4.18,2.78,3.42,1.51,3.62,2.21,1.13,1.43,3.92,2.9,1.99,1.53,3.42,3.35,1.81,1.93,3.73,3.0,3.68,4.83
15-1243,Database Architects,base_00,4.585,1.98,2.9050000000000002,2.83,4.03,1.5,2.96,3.135,3.53,3.4299999999999997,1.93,3.5,3.4050000000000002,3.625,4.404999999999999,2.74,1.1400000000000001,4.074999999999999,1.9849999999999999,3.645,3.08,4.12,2.205,3.21,1.045,3.705,2.475,1.4,1.145,4.43,3.5,1.435,1.025,2.76,3.025,2.295,2.185,3.9299999999999997,3.0549999999999997,4.23,4.859999999999999
15-1244,Network and Computer Systems Administrators,base_00,3.59,2.77,2.55,2.92,3.71,3.13,2.52,2.4,3.22,3.62,2.5,2.95,2.7,2.99,4.17,1.99,2.41,4.02,2.68,3.68,2.82,4.3,2.99,3.35,1.5,4.08,2.24,1.47,2.24,3.8,2.77,3.72,2.28,2.39,3.24,2.18,1.29,3.53,3.07,4.24,4.86
15-1251,Computer Programmers,base_00,4.52,2.17,2.75,2.8,4.13,1.69,3.06,3.55,3.6,3.82,1.8,3.45,3.88,3.55,4.51,2.55,1.52,4.22,2.59,3.51,2.79,4.45,2.39,3.45,1.3,3.59,2.08,1.59,1.65,4.59,3.43,2.05,1.5,2.17,2.37,2.15,1.87,4.35,2.79,4.16,4.95
15-1252,Software Developers,base_00,4.2,2.28,2.71,2.52,4.23,2.28,2.34,2.22,3.76,3.78,1.69,3.54,2.67,3.94,4.04,1.69,1.2,3.66,2.06,3.61,2.61,4.34,2.1,3.7,1.12,4.06,2.32,1.12,1.67,4.38,3.27,1.65,1.06,2.39,3.32,1.61,1.53,4.33,2.83,4.1,4.61
15-1253,Software Quality Assurance Analysts and Testers,base_00,4.26,2.12,3.22,2.56,4.44,1.65,3.48,3.45,3.21,4.06,1.44,4.0,2.94,4.24,4.65,2.88,1.24,4.22,2.36,3.32,3.45,3.85,2.29,3.5,1.15,4.09,2.48,1.32,1.42,4.38,3.09,1.47,1.21,2.91,3.27,1.97,2.0,3.85,3.03,4.36,4.94
15-1254,Web Developers,base_00,3.54,1.92,2.5,3.04,3.88,2.0,2.79,3.25,3.33,3.46,1.58,3.54,3.33,3.33,4.48,2.67,1.25,3.67,2.46,3.33,3.04,4.25,2.42,2.96,1.21,3.91,2.58,1.79,1.42,4.13,3.29,1.67,1.08,2.88,3.46,2.29,2.0,4.38,2.83,4.29,4.88
15-1255,Video Game Designers,first_detail,3.75,2.1,2.55,2.85,4.3,1.68,2.9,3.3,3.6,3.6,2.15,3.8,3.1,2.61,4.05,2.9,1.25,3.65,1.9,3.16,3.35,4.7,2.05,3.0,1.0,3.6,2.1,1.7,1.3,3.95,2.89,1.45,1.0,3.32,2.75,2.84,2.05,4.9,2.65,3.7,4.85
15-1299,Web Administrators,first_detail,4.125,2.2083333333333335,3.3383333333333334,3.48,4.316666666666666,2.0283333333333333,3.4933333333333336,3.4516666666666667,3.6366666666666667,3.9433333333333334,2.3533333333333335,3.736666666666667,3.236666666666667,3.966666666666667,4.485,3.185,1.8766666666666667,4.001666666666667,2.5616666666666665,3.8733333333333335,3.1300000000000003,4.256666666666667,3.1300000000000003,3.47,1.5666666666666667,3.9766666666666666,3.11,2.2066666666666666,1.8483333333333334,4.158333333333333,3.5966666666666662,2.2483333333333335,1.5583333333333333,2.9316666666666666,3.353333333333333,2.611666666666667,2.47,3.6766666666666663,3.5933333333333333,4.211666666666667,4.745
15-2011,Actuaries,base_00,4.79,1.86,3.26,3.59,4.41,1.46,2.89,3.14,3.32,3.25,1.29,3.5,3.46,4.18,4.54,3.33,1.21,3.93,1.5,4.04,2.68,4.46,2.19,3.22,1.07,3.57,2.11,1.57,1.18,4.71,3.61,1.21,1.04,2.59,2.82,2.43,2.36,3.43,3.04,4.39,4.68
15-2021,Mathematicians,base_00,4.55,1.8,3.42,3.21,3.5,1.3,2.7,2.7,3.25,3.35,1.3,2.95,3.25,2.65,4.15,2.84,1.3,2.65,1.7,3.95,2.55,4.2,1.95,2.05,1.1,3.45,2.3,1.7,1.2,4.3,3.2,1.45,1.25,2.1,2.85,2.1,2.0,4.7,4.25,4.35,4.25
15-2031,Operations Research Analysts,base_00,4.67,2.45,2.81,3.35,4.05,1.52,2.85,3.33,3.9,3.43,1.81,3.48,3.76,2.95,4.8,2.86,1.43,4.33,2.1,4.24,3.33,4.67,2.62,3.52,1.52,3.81,2.29,1.9,1.38,4.48,3.86,1.45,1.38,2.81,3.71,2.86,2.05,4.1,3.1,4.24,4.67
15-2041,Statisticians,base_00,4.8100000000000005,1.955,2.9699999999999998,3.52,4.380000000000001,1.4849999999999999,2.955,3.13,3.3150000000000004,3.775,1.25,3.5700000000000003,3.3,3.58,4.27,2.985,1.22,3.735,1.47,4.42,2.875,4.43,2.075,2.52,1.1800000000000002,3.9050000000000002,2.34,1.78,1.3450000000000002,4.48,3.8899999999999997,1.3900000000000001,1.155,2.575,2.82,2.215,2.25,3.785,3.2649999999999997,4.215,4.800000000000001
15-2051,Business Intelligence Analysts,first_detail,4.365,1.955,2.95,3.42,4.215,1.2000000000000002,3.165,3.04,3.125,3.975,1.42,3.7199999999999998,3.185,3.72,4.5,2.865,1.195,3.98,1.5899999999999999,4.025,3.08,3.99,2.2199999999999998,2.9299999999999997,1.2000000000000002,4.050000000000001,2.65,1.5950000000000002,1.245,4.585,3.23,1.15,1.125,2.8,3.2,2.38,1.9249999999999998,3.535,3.1,3.9749999999999996,4.6899999999999995
15-2099,Bioinformatics Technicians,first_detail,4.76,1.93,2.6,2.46,4.13,1.62,2.42,2.52,3.16,3.86,2.64,3.11,3.3,3.18,4.61,2.2,1.6,4.15,2.08,4.04,3.48,4.29,1.94,3.95,1.16,3.72,2.2,2.04,1.5,4.76,2.96,2.33,1.33,1.98,2.82,2.04,1.71,4.13,2.81,4.33,4.91
17-1011,"Architects, Except Landscape and Naval",base_00,3.81,2.95,3.57,4.24,4.24,1.7,3.9,3.86,3.6,4.29,4.48,4.1,3.29,4.05,4.38,3.7,1.9,3.43,3.25,3.75,3.33,4.4,3.2,3.19,1.81,4.1,3.14,2.9,2.29,3.76,3.43,1.65,1.24,3.57,4.05,3.0,3.0,4.48,3.76,4.25,4.67
17-1012,Landscape Architects,base_00,3.55,2.6,3.35,4.16,4.15,1.65,3.63,3.6,3.4,3.2,4.55,3.9,3.63,3.8,4.5,3.3,1.75,3.4,3.15,2.9,3.26,4.3,2.58,3.55,1.95,3.85,2.85,3.2,2.1,3.37,2.89,1.5,1.35,2.84,3.45,2.9,2.7,4.5,3.37,3.95,4.1
17-1021,Cartographers and Photogrammetrists,base_00,4.08,2.13,2.21,4.11,4.07,2.46,3.4,3.21,3.39,4.14,3.3,3.82,3.78,4.22,4.86,2.34,1.76,4.19,2.7,3.51,3.05,4.22,2.03,3.72,2.01,3.74,2.87,3.52,1.73,4.12,2.72,2.63,1.91,3.23,3.79,1.51,1.28,3.86,3.23,4.21,4.69
17-1022,Surveyors,base_00,4.44,2.2800000000000002,3.25,3.7649999999999997,3.925,2.88,3.3200000000000003,2.99,3.325,4.43,3.2199999999999998,3.5149999999999997,3.41,4.135,4.415,3.205,2.8150000000000004,3.9,3.135,3.6950000000000003,3.12,4.2,3.05,3.51,3.075,3.795,3.185,3.05,3.46,4.4399999999999995,3.375,2.735,2.4050000000000002,2.865,3.835,2.3,2.875,3.4699999999999998,3.4850000000000003,4.165,4.58
17-2011,Aerospace Engineers,base_00,4.53,1.81,2.88,3.39,4.26,2.43,3.11,2.98,3.04,4.32,3.45,3.6,3.25,3.63,4.37,2.68,1.79,4.37,3.36,4.02,3.78,4.49,2.47,4.03,1.99,3.99,2.49,1.1,1.89,4.54,3.5,2.13,1.95,2.45,3.21,2.36,2.11,4.3,3.47,4.35,4.88
17-2021,Agricultural Engineers,base_00,4.55,2.2,2.84,3.75,4.2,2.95,3.15,3.35,3.95,4.32,3.95,3.7,4.0,4.3,4.45,3.05,2.35,4.0,4.1,3.84,3.85,4.5,3.2,3.85,2.85,4.2,2.75,2.65,2.58,4.35,3.32,2.65,2.65,2.85,4.05,2.3,2.35,4.3,3.15,4.45,4.7
17-2031,Bioengineers and Biomedical Engineers,base_00,4.61,2.65,3.05,3.61,4.22,2.74,3.22,3.43,3.48,4.0,3.13,3.39,3.52,4.13,4.39,3.39,2.14,4.09,3.48,3.78,3.57,4.45,3.09,3.7,1.74,3.91,2.82,1.78,2.09,4.35,3.3,3.09,2.09,2.52,3.39,2.17,2.57,4.26,3.52,4.35,4.7
17-2041,Chemical Engineers,base_00,4.36,2.04,3.17,2.83,4.33,2.57,3.04,3.43,3.22,3.7,3.65,3.52,3.45,4.1,4.39,2.91,1.83,3.83,3.59,3.81,3.26,4.7,2.39,4.18,1.65,3.7,2.13,1.41,1.82,4.17,3.7,1.83,2.05,3.0,3.36,2.3,2.3,3.48,3.14,3.74,4.52
17-2051,Civil Engineers,base_00,4.113333333333333,2.026666666666667,3.6533333333333338,4.133333333333333,4.406666666666666,1.6333333333333335,3.8266666666666667,3.796666666666667,3.1566666666666663,3.8433333333333333,3.9566666666666666,3.86,3.6666666666666665,4.213333333333334,4.433333333333334,3.686666666666667,1.6066666666666667,3.6966666666666668,3.5666666666666664,3.5399999999999996,3.2566666666666664,4.59,3.1733333333333333,3.2899999999999996,1.9900000000000002,4.073333333333333,2.8033333333333332,3.2466666666666666,1.9866666666666666,4.03,3.7566666666666664,1.7533333333333332,1.4966666666666668,3.3333333333333335,3.956666666666667,2.6166666666666667,2.9766666666666666,3.6333333333333333,3.4933333333333336,4.093333333333333,4.32
17-2061,Computer Hardware Engineers,base_00,4.45,2.1,2.93,3.04,4.25,2.38,3.31,3.5,3.64,3.97,3.82,3.31,4.03,4.14,4.41,3.1,1.69,3.97,3.11,3.64,3.29,4.66,2.83,3.38,1.48,3.9,2.54,1.69,1.66,4.31,3.64,3.41,1.46,2.86,3.37,2.28,2.43,4.38,3.17,4.48,4.86
17-2071,Electrical Engineers,base_00,4.32,2.2,3.27,3.74,4.17,2.2,3.73,3.31,3.51,4.54,4.37,3.57,3.28,4.24,4.32,2.67,1.98,3.99,2.89,3.65,3.63,4.87,3.39,3.85,2.29,4.34,2.64,1.8,2.3,3.93,3.52,2.86,1.72,2.92,4.58,1.76,2.32,4.21,3.34,4.51,4.92
17-2072,"Electronics Engineers, Except Computer",base_00,4.025,2.145,2.705,3.71,3.99,3.0700000000000003,2.88,3.1100000000000003,3.545,3.79,3.7199999999999998,3.83,3.2199999999999998,3.705,4.09,2.495,2.2,3.94,3.065,3.5700000000000003,3.09,4.4,2.83,3.71,1.92,3.665,2.63,1.82,2.0700000000000003,3.915,3.3899999999999997,3.1550000000000002,2.175,2.69,3.25,2.7800000000000002,2.04,4.08,2.925,3.87,4.76
17-2081,Environmental Engineers,base_00,4.24,2.65,3.43,3.76,4.1,2.14,3.86,3.67,3.95,3.71,3.9,3.76,3.67,4.14,4.38,3.71,1.95,3.95,3.81,3.9,3.57,4.33,3.57,4.15,2.2,4.05,2.76,3.52,2.38,3.95,3.9,1.86,1.9,3.33,3.76,2.75,3.19,3.71,3.48,3.86,4.38
17-2111,"Health and Safety Engineers, Except Mining Safety Engineers and Inspectors",base_00,3.92,2.5300000000000002,3.59,3.97,4.115,1.9849999999999999,3.2699999999999996,3.3899999999999997,3.45,3.9450000000000003,3.43,3.87,3.63,4.574999999999999,4.369999999999999,3.51,2.115,4.0,4.01,3.945,3.41,4.385,2.815,3.615,2.27,3.9699999999999998,3.105,2.455,2.4749999999999996,3.9699999999999998,3.94,1.9,1.8,3.4,3.5650000000000004,3.105,2.62,3.635,3.7800000000000002,4.195,4.03
17-2112,Industrial Engineers,base_00,4.1875,2.13,2.9725,3.2525,4.2425,2.8975,3.0825,3.2824999999999998,3.3925,3.965,3.1725000000000003,3.8025,3.6925,3.99,4.415,2.88,2.245,4.215,3.6550000000000002,3.7350000000000003,3.5949999999999998,4.45,2.735,3.9625000000000004,1.935,3.7425,2.98,1.67,2.4575,4.115,3.4850000000000003,2.1225,2.1625,2.9825,3.0625,2.725,2.06,3.6525,3.385,3.9099999999999997,4.2725
17-2121,Marine Engineers and Naval Architects,base_00,4.06,2.37,2.74,3.68,3.58,2.94,2.95,2.89,3.22,4.0,3.5,3.53,3.17,4.22,4.22,2.89,2.22,3.83,3.76,3.47,3.17,4.11,2.68,3.12,2.67,3.61,2.68,2.79,2.89,3.83,3.78,2.22,2.56,2.84,3.61,2.42,2.05,3.71,3.05,3.94,4.0
17-2131,Materials Engineers,base_00,4.43,2.38,3.52,3.7,3.8,2.9,3.6,3.57,3.67,4.05,3.19,3.57,3.86,3.57,4.38,3.76,2.33,4.29,4.19,3.76,3.62,4.43,3.14,4.24,1.81,3.9,3.0,2.38,2.24,3.95,3.48,2.71,2.57,2.9,3.48,3.05,2.9,4.19,3.76,4.38,4.1
17-2141,Mechanical Engineers,base_00,4.18,2.32,3.0866666666666664,3.2833333333333337,4.083333333333333,2.8333333333333335,3.1833333333333336,3.3033333333333332,3.39,3.9499999999999997,3.8233333333333337,3.3433333333333337,3.6166666666666667,3.983333333333333,4.319999999999999,2.966666666666667,2.1366666666666667,3.933333333333333,3.6999999999999997,3.86,3.3533333333333335,4.5,2.6133333333333333,3.66,2.4566666666666666,3.9766666666666666,2.63,1.6466666666666667,2.2399999999999998,3.9633333333333334,3.2733333333333334,2.5433333333333334,2.526666666666667,2.8699999999999997,3.323333333333333,2.49,2.066666666666667,4.026666666666666,3.3166666666666664,4.12,4.476666666666667
17-2151,"Mining and Geological Engineers, Including Mining Safety Engineers",base_00,4.29,2.07,3.17,3.57,4.48,2.12,3.87,3.67,3.55,4.15,3.14,4.04,3.67,4.26,4.4,3.23,1.88,4.17,2.82,4.09,3.4,4.71,3.01,3.99,2.11,4.05,3.26,2.02,2.23,4.3,3.97,1.6,1.39,3.52,3.46,2.79,1.93,3.54,3.76,3.85,4.75
17-2161,Nuclear Engineers,base_00,4.43,2.29,3.3,3.43,4.3,2.62,3.3,3.24,3.35,3.85,3.2,3.45,3.71,4.85,4.38,3.38,1.7,4.2,3.6,4.0,3.43,4.38,2.86,4.0,1.81,3.43,2.43,1.86,1.8,4.25,3.76,2.19,2.0,3.14,3.24,2.65,2.43,3.71,3.67,4.0,4.5
17-2171,Petroleum Engineers,base_00,4.58,2.1,2.63,4.1,4.1,1.56,3.74,3.37,4.1,3.72,2.82,4.01,3.77,3.41,4.4,3.22,1.36,4.37,2.72,3.74,3.69,4.49,3.39,3.33,1.36,4.18,2.78,1.39,1.54,4.2,3.67,1.53,1.41,3.56,3.77,2.83,2.42,4.11,2.51,3.95,4.43
17-2199,"Energy Engineers, Except Wind and Solar",first_detail,4.11125,2.23625,3.04125,3.6075,3.9775,2.91875,3.13625,3.23125,3.3112500000000002,3.9275,3.77125,3.59125,3.5775,3.6799999999999997,4.4075,3.045,2.26625,3.8625,3.605,3.5825,3.09125,4.4037500000000005,2.73625,3.675,2.00375,3.73375,2.615,1.88,2.33125,4.00875,3.4275,2.75875,2.36875,2.7025,3.38,2.49,2.3125,3.97125,3.245,4.0325,4.515
17-3011,Architectural and Civil Drafters,base_00,3.48,1.93,2.42,3.37,3.89,1.46,2.92,2.67,2.83,3.67,4.58,3.28,3.31,4.32,4.36,2.67,1.44,3.54,2.62,3.0,2.73,3.97,1.74,3.13,1.59,3.69,2.34,2.13,1.72,3.63,2.99,1.6,1.16,2.6,3.21,2.1,1.74,3.83,2.58,3.84,4.77
17-3012,Electrical and Electronics Drafters,base_00,3.37,2.25,2.36,3.27,4.37,2.08,2.75,2.56,2.89,3.78,4.66,3.47,3.42,4.0,4.55,1.83,1.68,3.7,2.53,3.23,2.7,3.79,1.72,2.57,1.68,4.2,2.61,1.77,1.76,3.79,2.22,2.49,1.8,2.45,3.4,1.48,1.4,3.13,2.75,3.99,4.76
17-3013,Mechanical Drafters,base_00,3.27,2.07,2.34,3.06,3.92,2.38,2.62,2.05,2.83,3.66,4.71,3.06,3.14,3.45,4.23,2.39,1.97,3.5,3.27,3.16,2.95,3.78,1.82,3.71,1.97,3.42,2.9,1.59,2.02,3.41,2.65,1.76,2.11,2.09,2.84,1.8,1.25,4.02,2.39,3.71,4.72
17-3021,Aerospace Engineering and Operations Technologists and Technicians,base_00,3.86,2.16,2.41,3.59,4.28,3.05,3.06,2.94,2.86,4.41,3.06,3.94,3.89,4.21,4.64,2.18,2.65,4.53,3.61,3.12,3.78,4.28,2.9,4.54,2.3,3.49,2.38,1.04,2.38,3.93,2.72,3.24,2.6,2.34,3.7,2.39,1.63,3.21,2.75,3.98,4.42
17-3022,Civil Engineering Technologists and Technicians,base_00,3.71,2.11,2.43,3.68,4.11,1.71,2.72,2.48,2.48,3.66,3.66,3.7,3.63,4.2,4.48,2.44,1.78,4.12,2.97,3.62,2.76,3.84,2.01,3.8,2.78,3.99,2.93,2.7,2.02,4.3,3.28,1.68,1.6,3.1,3.39,1.96,1.65,3.33,2.34,3.78,4.45
17-3023,Electrical and Electronic Engineering Technologists and Technicians,base_00,3.72,2.5,2.84,3.3,4.02,3.29,3.02,2.92,2.79,3.91,3.57,3.49,3.33,3.99,4.19,2.77,2.93,3.82,3.88,3.26,3.2,4.24,2.7,3.67,2.41,3.71,2.84,2.08,2.89,3.83,3.02,3.81,2.74,2.6,3.34,2.25,1.83,3.58,3.27,3.91,4.42
17-3024,Electro-Mechanical and Mechatronics Technologists and Technicians,base_00,3.6500000000000004,2.255,2.91,2.915,4.115,4.045,2.96,2.8049999999999997,2.7800000000000002,3.9699999999999998,3.495,3.52,3.06,3.8899999999999997,4.0,2.625,3.18,3.915,3.9050000000000002,3.2350000000000003,3.37,4.029999999999999,2.375,4.109999999999999,2.79,3.7800000000000002,2.715,1.565,3.255,3.575,3.2249999999999996,4.305,3.59,2.275,3.0949999999999998,2.0,1.83,3.5,3.24,3.7249999999999996,4.4399999999999995
17-3025,Environmental Engineering Technologists and Technicians,base_00,3.52,2.36,2.35,3.0,4.11,2.71,2.93,2.36,2.69,3.91,2.61,3.29,2.66,3.87,4.03,2.27,2.54,3.4,3.75,3.03,3.12,3.59,2.31,3.41,3.13,3.29,2.37,2.73,2.77,3.47,2.71,2.39,2.54,2.86,2.97,1.89,1.58,2.89,2.64,3.4,3.75
17-3026,Industrial Engineering Technologists and Technicians,base_00,3.9050000000000002,2.55,3.13,3.16,3.935,3.5999999999999996,3.0650000000000004,2.785,3.175,3.885,3.55,3.51,3.45,3.415,4.14,3.11,3.01,3.79,3.875,3.375,3.145,4.1850000000000005,2.8200000000000003,3.9,2.625,3.835,2.58,1.9649999999999999,2.885,3.745,3.255,3.2,3.55,2.435,3.385,2.175,2.0549999999999997,3.82,3.79,3.92,4.1850000000000005
17-3027,Mechanical Engineering Technologists and Technicians,base_00,3.8,2.1799999999999997,2.84,3.3049999999999997,4.155,3.4050000000000002,3.08,2.98,2.955,4.21,3.5999999999999996,3.5,3.35,3.9,4.2,2.865,3.27,3.89,4.0649999999999995,3.5949999999999998,3.075,4.1,2.4349999999999996,3.78,3.55,3.725,2.615,2.0149999999999997,3.1550000000000002,3.88,2.915,3.2249999999999996,3.5700000000000003,2.63,3.32,2.17,1.97,3.54,3.3449999999999998,3.89,4.15
17-3029,Non-Destructive Testing Specialists,first_detail,3.8400000000000003,2.34,3.29,3.34,3.9050000000000002,3.975,3.135,3.0,3.08,4.25,3.045,3.4749999999999996,3.48,4.27,4.35,2.91,3.515,4.025,4.48,3.285,3.545,4.145,2.955,4.155,2.825,3.56,3.045,2.31,3.185,4.025,3.0700000000000003,3.1399999999999997,2.955,2.9850000000000003,3.3,2.275,2.41,3.34,3.455,3.8150000000000004,4.07
17-3031,Surveying and Mapping Technicians,base_00,3.73,1.93,2.52,3.08,3.79,2.87,2.89,2.52,2.63,4.16,3.31,2.96,2.88,3.52,4.14,2.47,2.33,3.45,2.52,3.24,2.68,3.62,2.12,2.67,2.5,3.44,2.65,2.04,2.88,3.72,2.65,2.42,2.02,2.31,3.07,1.75,1.62,2.83,2.92,3.66,4.53
19-1011,Animal Scientists,base_00,4.55,2.7,3.41,4.09,4.0,2.48,3.3,3.7,3.91,4.0,1.78,4.04,3.65,3.61,4.43,3.43,2.09,4.04,2.78,4.26,3.7,4.43,3.13,3.91,2.77,3.91,2.7,2.82,2.59,4.35,4.09,1.87,1.78,3.22,3.45,3.45,2.43,4.24,4.09,4.26,4.48
19-1012,Food Scientists and Technologists,base_00,4.09,2.41,3.59,3.41,4.33,3.27,3.43,3.59,3.18,4.55,2.32,3.91,3.57,4.36,4.41,3.36,3.05,4.23,3.36,3.81,3.27,4.27,3.14,3.95,2.32,4.09,3.09,1.95,2.95,4.05,3.9,2.32,2.05,3.18,3.27,2.64,2.59,4.18,3.5,4.0,3.86
19-1013,Soil and Plant Scientists,base_00,4.48,2.62,3.33,3.9,4.19,2.48,3.38,3.24,3.86,4.2,2.05,3.43,3.95,3.75,4.2,3.57,2.57,4.0,3.1,4.05,3.38,4.29,3.14,3.76,3.0,4.0,2.9,3.19,3.1,4.29,3.67,2.24,2.48,2.86,3.81,2.76,2.57,4.05,3.67,4.33,4.62
19-1021,Biochemists and Biophysicists,base_00,4.95,2.6,3.75,3.47,4.35,3.45,3.26,3.32,4.32,4.75,3.1,3.6,4.3,3.53,4.7,3.85,2.75,4.55,4.0,4.5,3.95,4.7,3.32,4.35,2.15,4.1,3.25,1.95,2.35,4.7,3.35,3.42,2.55,2.65,3.55,2.58,2.65,4.75,4.15,4.75,4.67
19-1022,Microbiologists,base_00,4.32,2.45,3.09,3.55,4.18,3.73,3.14,3.09,3.48,4.27,2.59,3.59,3.71,4.23,4.27,3.27,3.05,4.0,3.41,3.95,3.43,4.0,3.77,4.09,2.23,4.23,3.23,2.18,2.59,4.14,3.0,2.45,2.45,2.59,3.77,2.05,2.95,3.76,3.55,3.95,4.36
19-1023,Zoologists and Wildlife Biologists,base_00,3.96,2.61,3.07,4.46,4.38,2.71,3.53,3.64,3.91,3.86,2.25,4.32,3.54,3.85,4.39,3.15,2.59,4.18,3.07,3.76,3.46,4.34,3.3,3.9,3.8,4.21,3.45,4.12,2.97,3.99,3.88,1.62,2.45,3.51,3.85,2.61,2.7,3.88,3.24,4.02,4.45
19-1029,Bioinformatics Scientists,first_detail,4.585,2.575,3.3425,3.7325,4.195,2.58,3.365,3.37,3.965,4.2475000000000005,2.1225,3.745,3.8425000000000002,3.09,4.5649999999999995,3.58,2.4925,4.205,3.0325,4.0625,3.41,4.5325,3.2800000000000002,3.6725,1.7275,4.1625,2.9975,2.09,2.1925,4.55,3.1225,2.1475,1.855,2.875,3.535,2.2925,2.4725,4.2825,3.87,4.51,4.58
19-1031,Conservation Scientists,base_00,3.936666666666667,2.7100000000000004,3.3699999999999997,4.11,4.41,2.6366666666666667,3.65,3.486666666666667,3.5833333333333335,4.003333333333333,2.32,4.206666666666667,3.3833333333333333,3.796666666666667,4.233333333333333,3.3433333333333333,2.9966666666666666,3.7533333333333334,3.206666666666667,3.9433333333333334,3.2933333333333334,4.1,3.35,3.7533333333333334,3.4066666666666663,3.9466666666666668,3.4933333333333336,4.21,3.59,3.7900000000000005,3.2066666666666666,1.9466666666666665,2.25,3.6500000000000004,3.813333333333334,2.7866666666666666,2.813333333333333,3.953333333333333,3.56,4.13,4.18
19-1032,Foresters,base_00,3.92,2.36,2.96,4.34,4.36,3.11,3.74,3.48,3.66,4.33,2.83,4.14,3.71,4.23,4.04,2.97,3.07,3.88,4.04,3.85,3.76,4.48,3.58,4.24,3.83,4.14,4.11,3.72,3.77,3.84,3.46,2.12,2.57,3.48,4.11,2.64,2.59,3.28,3.04,3.46,3.95
19-1041,Epidemiologists,base_00,4.95,2.42,3.47,4.42,4.28,1.37,3.56,3.89,3.78,4.11,1.32,4.0,3.72,3.44,4.53,3.33,1.32,4.06,1.84,4.58,2.67,4.63,2.94,3.26,1.32,4.0,2.94,3.22,1.33,4.58,3.68,1.21,1.11,2.78,3.5,2.63,2.68,4.11,3.78,4.53,4.58
19-1042,"Medical Scientists, Except Epidemiologists",base_00,4.14,2.66,3.13,2.36,4.47,2.23,2.93,3.48,3.27,4.07,1.8,3.82,4.03,3.14,4.27,2.8,1.75,4.07,3.34,3.63,2.91,4.26,2.21,3.26,2.35,4.1,2.5,1.36,2.08,4.06,3.31,1.87,2.13,1.86,3.69,1.79,1.87,4.32,3.55,4.58,4.25
19-2011,Astronomers,base_00,4.87,2.52,3.0,3.64,3.91,2.09,3.0,3.0,3.52,4.0,2.0,3.48,4.0,2.65,4.83,3.0,1.91,4.17,2.48,3.78,2.74,4.41,2.26,2.57,1.43,3.78,2.39,2.33,1.83,4.65,2.74,2.04,1.87,2.14,3.13,2.09,1.87,4.17,3.57,4.57,4.91
19-2012,Physicists,base_00,4.59,2.38,3.09,3.75,4.05,2.33,2.98,2.87,3.67,4.15,2.61,3.33,3.82,3.56,4.53,2.69,1.92,4.29,2.8,3.78,3.57,4.34,2.88,3.62,1.36,3.71,2.33,2.08,1.66,4.39,3.34,1.93,1.58,2.32,3.2,2.43,1.72,4.14,3.35,4.34,4.57
19-2021,Atmospheric and Space Scientists,base_00,4.75,2.0,3.05,4.0,3.85,1.9,3.16,3.3,3.2,3.45,1.79,3.55,3.11,3.05,4.6,3.1,1.4,3.7,2.3,4.21,3.4,4.1,2.16,3.1,1.3,3.8,2.55,2.8,1.5,4.25,3.2,1.95,1.63,2.45,3.26,1.8,2.3,3.84,3.45,4.25,4.79
19-2031,Chemists,base_00,4.19,2.51,3.07,2.89,3.91,3.26,3.2,3.35,3.21,4.39,2.55,3.15,3.56,3.95,4.1,2.86,3.06,4.08,3.72,3.76,3.38,4.09,3.03,3.75,2.04,3.78,2.5,1.52,3.02,3.88,3.0,2.36,2.7,2.94,3.51,2.65,2.51,3.34,3.47,4.04,3.82
19-2032,Materials Scientists,base_00,4.38,2.14,3.19,3.67,4.0,2.81,3.05,3.29,3.1,4.05,2.62,3.43,3.65,3.86,4.38,3.24,2.19,4.0,3.86,3.95,3.19,4.33,2.81,4.32,1.33,3.57,2.43,2.0,1.95,4.38,3.05,2.1,2.25,2.33,3.24,2.43,2.43,4.05,3.48,4.19,4.19
19-2041,"Environmental Scientists and Specialists, Including Health",base_00,4.41,1.895,2.9175,4.155,4.1625,1.645,3.17,3.255,3.62,3.7600000000000002,1.9075,3.75,3.67,3.8850000000000002,4.6375,2.985,1.6175,3.8625,2.55,4.1025,3.0175,4.15,2.6775,3.5725,1.9275,3.835,2.7025,2.85,2.1574999999999998,4.0875,3.605,1.55,1.455,3.0250000000000004,3.3600000000000003,2.6125,2.365,3.61,3.1100000000000003,4.1975,4.41
19-2042,"Geoscientists, Except Hydrologists and Geographers",base_00,4.68,2.03,3.26,4.0,4.39,2.31,3.44,3.19,3.62,4.03,2.41,3.88,3.39,3.31,4.69,3.32,2.47,4.38,2.42,4.03,3.23,4.19,2.94,3.69,2.67,4.03,2.84,2.84,2.73,4.32,3.58,1.97,2.0,2.81,3.27,2.52,2.41,4.25,3.88,4.34,4.44
19-2043,Hydrologists,base_00,4.82,1.91,3.09,3.86,4.0,2.14,3.36,3.23,3.68,4.27,2.14,3.59,3.68,3.32,4.64,3.41,2.27,4.18,2.77,4.18,3.09,4.45,2.86,4.0,2.36,3.81,2.32,2.68,2.55,4.18,3.5,2.59,2.05,2.77,3.36,2.55,2.55,3.95,3.27,4.14,4.64
19-2099,Remote Sensing Scientists and Technologists,first_detail,4.56,1.68,3.16,3.72,4.17,2.56,3.2,3.48,3.72,4.21,2.44,3.52,4.0,3.88,4.46,3.26,1.76,4.08,2.79,4.28,3.4,4.33,2.92,3.67,2.04,4.08,3.0,2.42,2.04,4.58,3.42,2.44,1.56,2.52,3.64,2.24,2.56,4.12,3.76,4.16,4.8
19-3011,Economists,base_00,4.885,1.68,2.985,3.95,4.015,1.175,2.475,2.575,3.33,3.4,1.08,3.18,3.73,2.84,4.725,2.725,1.0950000000000002,3.7800000000000002,1.22,4.325,3.33,4.085,2.025,2.385,1.02,3.5549999999999997,2.335,2.2649999999999997,1.135,4.545,3.34,1.1400000000000001,1.02,2.235,2.66,2.1950000000000003,1.855,4.005,3.75,4.345,4.6899999999999995
19-3022,Survey Researchers,base_00,4.68,2.15,3.31,4.23,4.12,1.6,3.62,3.58,3.81,4.0,1.28,3.96,3.84,3.36,4.31,3.38,1.46,3.48,1.96,4.31,2.92,4.4,3.27,3.16,1.12,4.19,3.08,2.68,1.38,4.68,3.62,1.46,1.19,2.81,3.72,2.31,2.85,3.96,3.58,4.08,4.76
19-3032,Industrial-Organizational Psychologists,base_00,4.6,2.42,4.32,4.04,4.54,1.24,3.6,3.92,4.12,3.88,1.0,4.64,2.88,3.96,4.73,3.6,1.2,3.65,1.27,4.62,3.85,4.68,2.8,2.81,1.0,4.36,3.0,2.04,1.4,4.48,4.76,1.08,1.0,3.4,3.26,3.4,3.71,3.64,4.16,4.36,4.56
19-3033,Clinical and Counseling Psychologists,base_00,4.04,4.6,3.57,3.16,3.75,1.3,2.36,3.0,3.67,4.4,1.2,4.68,1.72,4.04,4.36,2.88,1.44,3.48,1.6,4.0,3.92,4.62,1.8,3.24,1.28,3.76,3.32,3.36,1.33,3.92,3.96,1.12,1.08,3.92,3.64,2.17,1.88,3.88,3.52,4.33,3.28
19-3034,School Psychologists,base_00,3.68,3.48,3.02,3.6,4.21,1.24,2.89,3.29,2.67,3.04,1.12,4.19,1.57,2.83,4.53,2.53,1.27,3.95,1.54,3.76,2.21,3.83,1.93,4.15,1.38,3.73,3.05,2.06,1.13,2.73,3.38,1.12,1.12,3.18,2.66,1.8,1.75,3.28,3.26,3.49,3.13
19-3039,Neuropsychologists,first_detail,4.734999999999999,4.41,3.27,4.105,4.005,1.83,2.915,2.85,3.29,4.675,1.43,4.2,3.085,3.55,4.8149999999999995,3.15,2.145,4.27,2.375,4.675,3.94,4.57,2.46,3.8200000000000003,1.145,3.9,3.185,3.495,1.6749999999999998,4.795,4.04,1.425,1.2000000000000002,2.94,3.2,1.92,2.23,3.31,3.965,4.529999999999999,4.125
19-3041,Sociologists,base_00,4.79,2.35,3.25,3.9,3.95,1.45,3.35,2.85,3.65,4.05,1.05,3.9,3.55,3.0,4.85,3.05,1.25,4.0,1.85,4.65,3.79,3.95,2.55,3.21,1.2,4.0,2.95,3.11,1.5,4.63,3.26,1.25,1.0,2.74,3.26,2.21,2.3,4.35,4.3,4.5,4.37
19-3051,Urban and Regional Planners,base_00,4.32,2.12,3.08,4.6,4.48,1.12,4.08,4.17,4.52,3.36,1.6,4.28,3.32,4.44,4.64,3.4,1.28,3.68,1.44,4.28,3.32,4.6,3.24,3.04,1.6,4.25,3.08,4.24,1.44,4.21,3.56,1.08,1.04,4.24,3.72,3.04,2.96,4.2,2.96,4.36,4.08
19-3091,Anthropologists and Archeologists,base_00,4.45,2.2,3.35,3.95,4.05,1.75,3.15,2.9,3.6,4.47,1.26,4.35,2.89,2.6,4.8,3.15,2.2,4.37,1.8,4.5,3.78,3.9,2.85,3.37,1.7,3.75,2.85,3.0,2.25,4.3,3.25,1.56,1.26,2.9,3.35,2.25,2.42,4.15,4.25,4.4,4.35
19-3092,Geographers,base_00,4.58,2.2,2.8,3.42,4.0,2.0,3.0,2.89,3.63,4.1,2.15,3.75,3.05,3.25,4.45,2.5,2.05,3.95,1.9,4.2,3.35,3.95,2.3,3.1,1.53,3.84,2.58,3.47,2.25,4.5,3.15,1.8,1.4,2.7,3.05,1.95,2.05,4.0,3.74,4.25,4.55
19-3093,Historians,base_00,3.5,1.77,2.16,4.06,3.85,1.46,2.91,2.98,3.2,4.04,1.55,3.97,2.84,3.28,4.61,2.03,2.44,4.5,2.2,3.99,3.76,3.63,2.96,3.26,1.51,3.19,3.1,2.96,1.86,4.14,2.61,1.25,1.22,2.69,2.95,2.32,1.74,3.07,2.61,3.45,4.31
19-3094,Political Scientists,base_00,4.8,2.35,3.32,3.85,4.12,1.46,2.76,2.54,3.46,3.76,1.04,3.52,3.54,3.23,4.79,2.84,1.27,4.52,1.48,4.54,4.04,3.88,2.31,3.56,1.15,3.85,2.76,2.5,1.15,4.6,3.46,1.31,1.15,2.5,3.24,2.12,2.35,4.23,4.48,4.69,4.2
19-3099,Transportation Planners,first_detail,4.6,2.5,3.53,4.35,4.25,1.3,3.65,3.75,4.15,3.7,2.05,4.05,3.7,3.85,4.75,3.5,1.5,3.95,1.9,4.35,3.2,4.33,3.1,3.3,1.65,3.95,3.15,3.4,1.55,4.35,3.8,1.25,1.21,3.58,3.26,3.3,3.2,4.05,3.3,4.25,4.45
19-4012,Agricultural Technicians,base_00,3.745,2.77,2.7199999999999998,3.48,3.835,3.2249999999999996,2.76,2.79,3.08,3.8049999999999997,2.665,3.62,2.935,3.27,4.01,2.765,3.23,3.705,3.295,3.2800000000000002,2.96,3.86,2.74,3.59,3.995,3.5300000000000002,2.64,2.785,3.49,3.6,3.105,2.935,3.205,2.8499999999999996,3.48,2.77,2.025,3.255,3.0949999999999998,3.825,3.84
19-4013,Food Science Technicians,base_00,3.69,2.99,3.68,2.38,4.14,3.09,3.55,3.14,2.42,4.16,1.58,3.19,2.69,4.01,3.92,3.37,2.2,4.12,3.59,2.73,3.3,3.55,3.14,4.28,1.68,3.51,3.27,1.91,2.22,2.98,2.78,2.39,1.75,2.81,2.34,2.3,2.29,2.64,4.3,3.61,4.22
19-4021,Biological Technicians,base_00,4.44,1.81,1.91,2.45,3.98,3.07,2.46,2.13,3.2,4.65,1.47,3.29,3.54,3.17,4.19,1.93,3.68,4.39,3.4,3.29,1.99,4.01,2.39,3.69,2.0,3.8,2.21,2.61,2.66,4.61,2.11,2.35,1.8,2.23,3.05,1.19,1.38,3.19,2.8,3.94,4.1
19-4031,Chemical Technicians,base_00,4.0,2.6,2.56,2.6,4.15,3.61,3.17,2.58,2.89,4.49,2.91,2.93,3.37,4.08,4.06,2.24,3.64,3.86,4.23,3.17,3.7,4.27,2.55,4.33,2.46,4.18,2.76,1.61,3.17,4.33,2.87,3.22,2.33,2.23,3.02,1.66,2.0,2.75,3.44,3.74,4.14
19-4042,"Environmental Science and Protection Technicians, Including Health",base_00,3.67,2.14,3.05,3.43,3.95,2.95,3.14,3.1,2.86,4.38,2.14,3.76,2.86,4.05,4.24,2.82,2.73,3.82,3.48,3.41,2.5,3.5,2.52,3.45,3.36,3.64,3.1,3.29,3.18,3.68,3.05,2.32,2.32,3.19,3.86,2.36,2.18,2.81,3.14,3.82,3.85
19-4043,"Geological Technicians, Except Hydrologic Technicians",base_00,3.62,1.92,2.58,2.78,3.85,3.48,2.46,2.39,2.67,4.28,2.2,3.25,3.38,3.13,4.12,2.17,3.06,3.6,3.12,3.18,2.95,3.08,2.62,3.54,2.82,3.63,2.67,1.95,3.05,3.77,2.5,2.84,2.7,1.96,2.8,1.92,1.53,2.92,2.55,3.59,4.14
19-4051,Nuclear Technicians,base_00,3.8,2.5949999999999998,3.0949999999999998,2.73,4.345,3.48,3.19,2.9000000000000004,2.8049999999999997,4.475,2.245,3.25,3.39,4.1899999999999995,4.3,2.565,2.9050000000000002,4.335,4.15,3.2750000000000004,2.995,3.83,2.25,4.505,2.69,3.485,2.9699999999999998,1.77,3.29,3.95,2.7750000000000004,2.76,2.605,2.4400000000000004,3.09,1.8250000000000002,1.625,2.895,3.395,4.105,3.69
19-4061,Social Science Research Assistants,base_00,4.5,1.89,2.47,3.31,4.42,1.51,2.97,2.5,3.38,4.26,1.28,3.46,3.18,2.78,4.29,2.5,1.45,3.72,1.63,3.91,2.35,3.35,2.23,2.71,1.18,3.79,3.08,2.69,1.19,4.67,2.71,1.25,1.0,2.17,2.76,2.18,2.01,3.22,3.13,3.6,4.73
19-4071,Forest and Conservation Technicians,base_00,3.43,3.05,3.41,3.82,4.24,3.39,3.77,3.59,3.82,3.54,2.69,4.15,3.51,3.82,4.08,3.3,3.64,4.13,3.99,3.32,3.39,4.33,2.93,3.8,4.4,4.08,3.07,3.5,3.8,3.84,3.42,2.47,3.19,3.55,3.86,2.35,2.96,3.37,3.57,3.97,3.67
19-4092,Forensic Science Technicians,base_00,3.8,2.96,3.04,4.08,4.15,3.11,2.91,3.0,2.92,4.23,2.16,3.87,2.99,3.88,4.46,2.4,3.66,3.95,2.79,4.21,3.32,3.95,2.33,3.35,2.84,3.58,3.41,3.91,3.54,3.93,2.83,1.79,1.66,2.52,2.41,1.49,1.82,2.36,2.94,4.07,3.99
19-4099,Quality Control Analysts,first_detail,4.09,1.9,2.51,2.545,3.95,3.1950000000000003,2.865,2.4299999999999997,2.8899999999999997,4.07,2.34,3.1550000000000002,3.38,3.965,4.16,2.325,2.51,3.915,3.375,3.2649999999999997,3.315,3.525,2.35,3.895,1.7999999999999998,3.545,2.7,1.5699999999999998,2.3449999999999998,4.045,2.55,2.745,2.34,2.4349999999999996,2.755,1.935,1.885,3.0549999999999997,3.3049999999999997,3.8499999999999996,4.305
19-5011,Occupational Health and Safety Specialists,base_00,4.39,3.45,3.74,3.96,4.22,2.36,3.68,3.7,3.57,4.43,2.5,4.13,3.17,4.48,4.57,3.35,2.77,4.3,4.0,4.09,3.45,4.32,3.0,4.3,2.82,3.91,3.59,2.61,3.09,4.04,4.13,2.52,2.3,3.65,3.61,3.52,2.61,3.36,4.22,4.39,4.18
19-5012,Occupational Health and Safety Technicians,base_00,4.0,3.43,3.62,3.57,4.57,2.55,3.33,3.62,3.81,4.24,2.62,3.79,3.38,4.6,4.29,3.33,2.43,4.33,4.14,3.76,3.62,4.0,2.86,4.24,3.0,4.0,3.19,2.43,2.9,3.86,3.81,2.1,2.0,3.65,3.57,3.37,2.63,3.52,4.24,4.19,4.14
21-1011,Substance Abuse and Behavioral Disorder Counselors,base_00,4.14,4.46,3.64,4.16,3.82,2.68,3.5,3.6,4.14,4.48,1.82,3.93,2.58,4.14,4.75,2.75,2.15,4.58,3.05,3.2,4.18,4.5,2.31,4.43,2.78,4.35,3.33,3.88,2.54,4.58,3.8,1.83,1.8,4.22,4.03,3.16,2.49,3.97,3.49,3.83,4.49
21-1012,"Educational, Guidance, and Career Counselors and Advisors",base_00,3.86,3.74,3.53,4.07,4.75,1.55,3.07,3.28,3.63,4.13,1.15,4.71,2.73,4.09,4.77,2.78,1.62,3.93,2.58,3.83,3.19,4.58,2.2,3.62,1.35,4.24,3.3,3.89,1.81,4.26,4.32,1.01,1.0,3.62,3.52,2.59,1.89,3.67,3.28,4.41,4.44
21-1013,Marriage and Family Therapists,base_00,3.11,4.71,3.6,3.71,4.19,1.25,2.8,2.59,3.81,4.75,1.1,4.28,2.16,3.89,4.54,1.95,1.48,4.03,1.28,3.57,3.59,4.76,1.23,2.84,1.26,4.07,3.19,3.61,1.3,2.84,3.12,1.26,1.1,4.17,3.18,2.35,1.72,3.53,2.93,4.09,4.05
21-1014,Mental Health Counselors,base_00,3.61,4.86,4.0,3.96,4.14,1.32,2.54,2.61,4.19,4.5,1.07,4.64,2.25,4.26,4.64,2.61,1.32,3.75,1.54,4.11,3.68,4.54,2.39,3.18,1.21,3.78,3.89,4.18,1.61,3.75,3.93,1.61,1.07,4.04,3.74,2.07,1.93,4.33,3.52,4.29,3.86
21-1015,Rehabilitation Counselors,base_00,3.21,3.7,3.69,4.32,4.5,1.57,3.37,3.61,3.58,4.35,1.55,4.44,2.48,4.1,4.25,3.45,2.17,3.18,2.37,3.71,3.72,4.45,2.79,3.72,2.37,4.1,3.48,3.7,2.16,3.73,3.4,1.3,1.39,3.69,3.97,2.99,2.66,3.63,3.72,3.58,4.15
21-1021,"Child, Family, and School Social Workers",base_00,2.78,4.42,3.82,4.48,4.7,1.28,3.76,4.07,4.04,4.58,1.07,4.71,2.02,4.14,4.58,2.55,1.61,4.5,2.66,3.92,3.42,4.4,2.34,3.98,2.62,4.21,3.74,4.42,2.05,3.71,3.06,1.36,1.0,4.18,3.57,3.62,1.77,4.04,3.72,3.94,4.41
21-1022,Healthcare Social Workers,base_00,2.93,4.7,3.44,4.3,4.44,1.38,3.52,3.59,3.37,4.33,1.31,4.52,2.11,3.19,4.48,2.96,1.7,3.33,1.81,3.81,3.22,4.22,2.56,3.48,2.11,4.15,3.11,4.04,2.0,3.0,3.56,1.35,1.22,4.22,3.44,2.44,2.56,3.52,3.48,3.81,3.85
21-1023,Mental Health and Substance Abuse Social Workers,base_00,3.54,4.57,3.72,4.1,4.57,1.7,2.63,3.1,4.17,4.57,1.48,4.45,2.62,4.15,4.34,3.39,1.72,4.18,1.63,3.95,3.82,4.48,2.45,3.5,2.02,4.32,3.02,3.07,1.87,4.04,4.19,1.42,1.32,4.21,3.89,2.85,1.91,3.9,3.78,3.99,3.87
21-1091,Health Education Specialists,base_00,4.08,4.01,3.24,4.49,4.8,2.51,3.21,4.23,4.08,4.05,1.65,4.72,3.15,3.63,4.53,2.99,2.73,4.26,2.41,4.52,4.19,4.35,3.6,3.51,2.24,4.36,3.4,4.43,2.63,4.14,3.53,2.04,1.61,3.77,4.42,3.43,2.12,4.13,4.44,4.68,4.19
21-1092,Probation Officers and Correctional Treatment Specialists,base_00,3.36,3.65,3.48,3.94,4.44,1.89,3.15,3.2,3.47,4.45,1.67,4.07,2.57,4.37,4.75,2.95,1.99,4.25,3.12,3.58,3.9,4.3,2.67,3.84,2.81,4.33,3.38,3.63,2.63,3.79,3.39,1.98,1.66,3.8,3.91,2.91,2.51,3.25,3.3,3.95,4.19
21-1093,Social and Human Service Assistants,base_00,2.86,4.02,3.56,3.85,4.74,1.63,3.37,3.55,3.56,4.51,1.3,4.04,2.96,3.42,4.29,2.39,1.99,3.66,2.45,3.32,3.48,3.72,2.39,3.43,1.94,3.61,3.65,4.07,2.55,3.26,3.47,1.45,1.28,3.63,3.34,2.16,2.27,3.69,3.6,3.72,3.99
21-1094,Community Health Workers,base_00,3.66,4.36,3.3,4.87,4.68,2.67,3.68,3.92,4.35,4.5,1.81,4.75,3.41,3.83,4.14,3.32,3.69,4.1,3.44,4.39,3.66,3.66,3.44,3.99,2.66,4.75,3.65,4.62,3.1,3.79,3.14,1.98,2.0,3.42,4.27,3.81,2.19,4.02,4.07,4.51,4.4
21-2011,Clergy,base_00,2.62,4.33,3.56,3.05,3.95,1.69,3.55,4.05,3.6,2.82,1.31,4.34,2.45,2.88,4.21,3.74,1.66,3.51,2.37,3.07,3.47,3.76,2.76,2.68,1.86,3.52,2.68,3.58,1.73,2.44,3.19,1.48,1.47,3.81,3.3,2.94,2.49,3.69,3.52,3.26,3.33
21-2021,"Directors, Religious Activities and Education",base_00,3.03,4.75,3.64,3.92,4.42,1.98,3.4,4.16,3.99,3.49,1.6,4.59,3.53,3.51,4.22,3.39,1.9,4.34,2.85,3.39,3.59,4.24,3.49,3.33,2.19,4.33,3.55,3.92,3.08,2.96,3.31,1.38,1.6,3.9,3.89,2.99,2.69,4.21,3.79,4.22,3.94
23-1011,Lawyers,base_00,3.72,3.1,3.09,4.24,4.59,1.56,3.63,3.2,3.86,3.97,1.23,4.35,2.74,4.51,4.62,3.22,1.67,3.92,1.58,4.43,3.45,4.57,2.89,2.73,1.87,4.09,3.11,3.22,1.69,4.08,4.13,1.44,1.12,4.49,3.26,3.42,2.95,3.87,2.94,4.13,4.0
23-1012,Judicial Law Clerks,base_00,4.56,2.62,1.43,2.03,4.11,1.74,1.38,1.39,2.06,2.71,1.02,3.27,1.37,3.73,4.85,1.15,1.33,3.97,1.13,3.82,2.16,3.91,1.09,2.23,1.08,3.6,2.25,1.98,1.02,4.01,2.44,1.21,1.02,2.08,1.48,1.75,1.3,3.23,1.56,3.5,3.94
23-1021,"Administrative Law Judges, Adjudicators, and Hearing Officers",base_00,3.82,2.33,2.12,3.76,3.8,1.6,2.11,1.75,2.02,3.72,1.31,3.37,2.05,4.43,4.57,1.96,1.45,4.11,1.3,3.92,3.75,4.6,1.73,2.22,1.64,3.78,3.72,3.78,1.45,4.2,2.41,1.42,1.29,3.94,3.08,2.36,1.42,3.08,2.23,4.28,3.44
23-1022,"Arbitrators, Mediators, and Conciliators",base_00,4.39,1.89,2.32,2.8,2.75,1.4,1.9,2.1,2.5,3.32,1.42,3.6,2.65,4.35,4.65,1.7,1.45,3.9,2.15,4.1,4.16,4.61,1.79,2.8,1.45,3.32,2.84,2.42,1.33,4.05,2.5,1.37,1.42,4.63,3.26,2.72,1.4,3.63,2.65,4.22,3.35
23-1023,"Judges, Magistrate Judges, and Magistrates",base_00,3.53,2.3,2.25,3.43,3.57,1.95,3.12,2.55,2.7,3.98,1.27,3.49,2.67,4.51,4.79,2.76,1.47,4.1,1.68,3.83,4.15,4.91,1.61,2.67,1.17,3.86,3.53,4.64,1.29,4.42,2.15,1.38,1.08,3.52,3.84,1.84,1.82,3.06,2.5,4.19,3.55
23-2011,Paralegals and Legal Assistants,base_00,3.82,2.54,2.11,4.34,4.33,1.73,2.8,2.86,2.4,4.41,1.01,3.47,2.21,3.44,4.31,1.95,1.97,3.53,1.97,3.24,2.26,3.25,1.78,3.14,1.41,3.98,3.83,3.07,1.24,3.58,2.3,1.33,1.19,2.81,3.16,1.87,1.22,2.72,2.05,4.09,4.38
23-2093,"Title Examiners, Abstractors, and Searchers",base_00,4.26,1.77,2.32,3.33,4.12,2.22,2.56,2.6,2.72,4.62,1.57,3.52,2.69,4.09,4.7,1.94,2.13,4.28,2.05,3.85,2.44,4.11,1.74,3.85,1.45,3.85,2.92,2.34,2.0,4.4,2.27,1.31,1.32,2.76,2.81,1.73,1.38,2.43,2.68,3.85,4.54
25-1011,"Business Teachers, Postsecondary",base_00,3.68,2.56,3.73,3.53,3.92,1.74,2.7,2.79,3.38,2.9,1.22,3.72,2.48,3.1,4.42,2.93,1.76,3.5,1.94,4.07,3.16,3.6,1.91,2.74,1.44,3.97,2.73,3.55,1.92,3.49,3.53,1.23,1.09,2.53,3.41,2.23,1.96,3.95,4.68,4.14,4.13
25-1021,"Computer Science Teachers, Postsecondary",base_00,4.25,2.84,3.81,3.52,4.06,1.93,3.34,3.48,3.76,3.69,2.3,3.51,2.98,3.28,4.33,3.64,1.67,3.55,2.3,3.93,3.18,4.38,2.46,3.21,1.32,3.94,2.81,2.63,1.61,4.19,3.71,1.98,1.54,2.75,3.28,2.39,2.37,4.35,4.75,4.65,4.65
25-1022,"Mathematical Science Teachers, Postsecondary",base_00,3.56,2.9,3.58,2.81,3.96,1.88,3.01,2.6,3.27,3.41,1.2,3.45,2.57,2.4,4.19,3.28,1.72,3.32,2.07,3.84,3.03,3.81,1.75,2.52,1.45,3.35,3.01,3.21,1.54,3.3,3.11,1.37,1.09,2.6,2.94,2.16,2.24,3.76,4.47,3.68,4.02
25-1031,"Architecture Teachers, Postsecondary",base_00,3.56,2.65,3.89,4.17,3.97,2.73,3.84,3.84,4.17,3.73,3.83,4.32,3.3,3.27,4.36,3.46,2.4,4.12,2.84,4.08,4.15,4.21,2.7,3.65,1.61,4.53,3.11,3.2,2.24,4.05,3.5,1.36,1.63,3.59,4.09,2.78,2.77,4.46,4.58,4.49,4.52
25-1032,"Engineering Teachers, Postsecondary",base_00,4.48,2.48,4.04,3.53,3.99,2.56,3.76,3.27,3.87,3.41,1.94,3.58,3.67,3.04,4.13,3.46,1.9,3.57,2.9,3.84,3.37,4.36,3.14,3.56,1.74,3.96,2.97,1.99,1.87,4.37,3.74,1.91,1.96,2.79,3.91,2.49,2.62,4.63,4.64,4.62,4.13
25-1041,"Agricultural Sciences Teachers, Postsecondary",base_00,3.86,3.41,4.23,4.24,4.59,2.51,4.08,3.94,4.01,4.11,2.09,4.39,3.47,3.62,4.51,4.2,2.8,4.33,2.65,4.24,3.59,4.39,3.35,3.94,2.48,4.19,3.45,3.31,2.98,3.88,3.41,1.84,2.06,3.03,4.04,2.73,3.54,4.03,4.7,4.36,3.89
25-1042,"Biological Science Teachers, Postsecondary",base_00,4.4,2.57,4.0,3.22,4.41,2.19,3.4,3.28,4.17,4.19,1.53,3.54,3.81,3.53,4.3,3.6,2.05,4.38,3.33,4.44,4.19,4.36,2.58,3.97,1.71,4.28,3.06,2.89,2.02,4.56,3.56,1.4,1.36,2.63,3.86,2.35,2.14,4.4,4.7,4.63,4.59
25-1043,"Forestry and Conservation Science Teachers, Postsecondary",base_00,4.44,2.25,3.94,3.93,4.36,1.92,3.74,3.39,3.72,4.18,1.51,4.08,4.17,2.93,4.8,4.03,2.49,4.6,2.91,4.79,4.04,4.51,2.49,4.16,2.58,4.01,3.12,3.01,3.0,4.27,3.54,1.52,1.51,2.91,3.29,1.89,2.1,4.58,4.48,4.85,4.39
25-1051,"Atmospheric, Earth, Marine, and Space Sciences Teachers, Postsecondary",base_00,4.2,3.02,3.71,2.99,3.7,2.47,3.11,2.78,3.55,3.83,1.86,3.75,3.13,2.82,4.32,3.51,2.11,4.01,2.34,4.11,3.28,3.8,2.59,3.32,1.8,3.68,2.86,3.39,2.17,3.88,3.37,1.86,1.72,3.0,3.51,2.12,1.89,4.09,4.51,4.22,4.37
25-1052,"Chemistry Teachers, Postsecondary",base_00,4.03,2.55,4.01,3.16,3.97,2.19,3.29,3.3,3.54,3.67,1.37,3.77,2.94,3.01,4.02,3.06,2.33,3.5,2.56,4.08,3.18,4.01,2.49,2.99,1.35,3.64,3.04,2.54,2.15,3.81,3.11,1.78,1.74,2.69,3.07,2.24,2.02,3.91,4.67,4.05,4.35
25-1053,"Environmental Science Teachers, Postsecondary",base_00,3.94,2.97,3.72,3.29,4.21,2.46,3.43,3.26,3.7,3.64,1.8,3.97,3.45,3.03,4.46,3.52,2.25,4.03,2.61,4.16,3.76,4.01,2.84,3.9,1.92,4.1,2.73,2.68,2.4,3.99,3.26,2.06,1.9,2.74,3.57,2.0,2.35,4.02,4.47,4.44,4.28
25-1054,"Physics Teachers, Postsecondary",base_00,4.36,3.17,3.75,3.33,4.01,2.51,3.03,2.97,3.84,3.98,2.2,3.85,3.61,2.99,4.2,3.32,2.04,4.26,2.69,4.45,3.27,4.38,2.44,3.52,1.48,4.08,2.79,2.86,2.02,4.25,3.5,2.64,1.88,2.78,3.73,2.48,2.25,4.34,4.71,4.46,4.56
25-1061,"Anthropology and Archeology Teachers, Postsecondary",base_00,4.76,3.41,4.0,3.86,4.41,1.91,3.23,3.41,3.95,4.68,1.68,4.33,2.27,2.91,4.68,3.48,2.23,4.36,2.19,4.82,3.77,4.0,2.41,3.18,1.48,4.14,3.27,3.18,2.32,4.59,3.48,1.77,1.55,3.14,3.73,2.0,2.18,4.27,4.55,4.48,4.41
25-1062,"Area, Ethnic, and Cultural Studies Teachers, Postsecondary",base_00,3.62,2.54,4.08,3.82,4.46,1.45,3.41,3.12,4.24,4.09,1.09,4.33,2.66,2.94,4.54,3.12,1.35,4.1,1.91,3.99,2.9,3.84,2.59,3.15,1.11,4.27,3.01,2.97,1.52,3.39,3.42,1.35,1.01,3.02,3.84,2.62,2.22,4.42,4.59,4.07,4.04
25-1063,"Economics Teachers, Postsecondary",base_00,4.17,2.33,3.54,3.14,3.08,1.69,2.4,2.33,2.75,3.19,1.49,3.49,2.65,2.53,4.71,2.92,1.61,4.26,2.0,4.14,3.25,3.72,2.02,3.36,1.42,3.76,2.47,2.55,1.45,3.95,2.55,1.51,1.48,1.9,3.0,2.43,2.72,4.33,4.42,4.37,4.25
25-1064,"Geography Teachers, Postsecondary",base_00,4.51,2.86,3.49,3.77,4.22,2.07,2.79,3.05,3.5,3.86,1.73,3.93,3.44,2.62,4.51,3.16,1.49,3.75,2.17,4.65,3.71,3.78,2.26,3.04,1.76,3.61,2.78,2.99,1.72,4.52,3.1,1.43,1.25,2.71,3.31,2.28,1.98,4.34,4.45,4.54,4.74
25-1065,"Political Science Teachers, Postsecondary",base_00,4.63,2.29,3.42,3.22,3.7,1.23,2.72,2.98,3.2,3.1,1.01,3.76,2.77,2.68,4.57,3.37,1.1,4.12,1.27,3.81,3.61,3.7,2.1,2.53,1.01,3.79,2.96,2.67,1.24,4.09,2.66,1.2,1.01,3.0,3.39,2.09,2.08,4.27,4.4,4.57,4.14
25-1066,"Psychology Teachers, Postsecondary",base_00,3.93,3.73,4.26,3.65,4.26,1.76,3.58,3.0,3.88,4.05,1.11,4.45,2.94,3.58,4.24,3.96,1.58,3.66,1.91,4.87,4.13,4.23,2.43,3.42,1.22,4.13,3.28,3.8,1.59,3.99,3.79,1.37,1.13,3.51,3.65,2.3,1.95,3.96,4.95,4.45,4.35
25-1067,"Sociology Teachers, Postsecondary",base_00,4.66,2.4,2.84,3.47,4.23,1.47,2.33,2.36,3.62,3.88,1.05,4.26,2.28,3.03,4.17,2.82,1.3,4.43,1.42,4.59,3.87,3.91,1.88,3.38,1.12,4.16,2.76,2.02,1.57,4.78,2.92,1.01,1.0,2.63,3.67,2.11,1.63,4.47,4.49,4.4,4.47
25-1071,"Health Specialties Teachers, Postsecondary",base_00,3.94,3.43,3.74,3.91,3.95,2.66,3.12,3.7,3.81,3.91,1.7,4.24,3.11,3.49,4.47,2.57,2.81,4.04,3.4,4.11,3.31,4.04,2.27,3.42,1.64,4.17,2.87,3.42,3.11,3.83,3.27,2.73,1.67,2.87,3.31,1.63,2.3,4.3,4.56,4.56,4.44
25-1072,"Nursing Instructors and Teachers, Postsecondary",base_00,4.2,4.64,4.15,3.91,4.25,2.3,4.07,4.07,4.03,4.42,1.68,4.61,3.22,4.24,4.67,3.43,3.05,4.28,3.49,4.28,4.02,4.52,2.63,4.1,1.68,4.49,3.36,3.39,3.35,4.01,3.52,1.62,1.42,3.81,3.75,2.6,2.54,3.98,4.94,4.7,4.58
25-1081,"Education Teachers, Postsecondary",base_00,3.68,2.82,4.2,3.63,4.31,1.09,3.21,3.2,3.79,3.73,1.09,4.01,2.56,3.56,4.72,3.07,1.23,3.77,2.17,3.84,4.4,4.3,2.52,3.94,1.46,4.48,3.18,2.57,1.39,3.73,3.18,1.2,1.19,2.81,3.26,2.28,2.83,4.11,4.74,3.89,4.09
25-1082,"Library Science Teachers, Postsecondary",base_00,4.49,2.25,3.97,3.8,3.84,1.77,3.22,3.14,4.05,3.79,1.41,3.81,3.2,3.24,4.85,3.0,1.35,4.18,1.9,4.66,4.14,4.19,2.2,2.77,1.38,4.04,3.12,2.86,1.42,4.37,3.68,1.58,1.38,2.46,2.76,2.27,2.29,4.39,4.79,4.59,4.8
25-1111,"Criminal Justice and Law Enforcement Teachers, Postsecondary",base_00,3.72,2.9,3.7,3.34,3.65,1.68,2.25,2.45,3.49,4.17,1.48,3.8,2.45,3.19,4.06,2.57,1.44,3.82,1.92,4.07,3.67,3.84,2.15,2.99,1.05,4.25,3.51,3.21,1.62,3.32,2.81,1.52,1.37,2.59,3.27,1.92,1.65,4.21,4.35,4.33,4.53
25-1112,"Law Teachers, Postsecondary",base_00,4.03,2.71,4.28,3.04,3.76,1.36,2.54,2.53,3.31,3.65,1.35,3.72,2.38,3.39,4.62,2.24,1.21,3.78,1.3,4.47,3.48,3.52,2.04,2.95,1.17,3.9,2.57,2.62,1.36,3.61,3.29,1.29,1.06,2.32,3.23,1.99,1.61,4.2,4.79,4.4,3.72
25-1113,"Social Work Teachers, Postsecondary",base_00,3.99,2.99,3.82,4.46,4.58,1.83,3.44,3.29,4.03,4.28,1.5,4.24,2.14,3.86,4.49,3.04,1.56,3.55,1.77,4.51,3.8,4.21,2.07,3.45,1.29,4.69,3.13,2.89,1.91,3.67,3.63,1.16,1.14,3.6,3.86,2.47,2.2,4.21,4.44,4.68,4.58
25-1121,"Art, Drama, and Music Teachers, Postsecondary",base_00,3.18,3.39,4.5,3.84,4.7,2.81,3.51,3.29,3.85,3.61,2.23,4.47,2.54,2.73,4.01,4.04,3.13,3.7,2.39,3.83,3.72,4.31,2.7,3.23,2.11,4.22,3.12,3.5,3.18,2.98,3.84,1.47,2.02,3.49,3.91,3.05,2.53,4.87,4.71,3.98,3.9
25-1122,"Communications Teachers, Postsecondary",base_00,3.35,3.13,3.95,3.41,4.14,1.88,3.07,3.07,3.52,4.56,1.24,4.0,2.73,3.54,4.12,2.93,1.72,4.2,2.25,3.95,4.08,4.22,1.78,3.51,1.35,3.85,3.05,3.63,1.75,3.53,3.33,1.8,1.12,3.17,3.43,2.75,1.8,4.48,4.21,4.19,4.42
25-1123,"English Language and Literature Teachers, Postsecondary",base_00,3.93,3.22,4.21,3.04,4.5,1.7,3.27,3.32,3.89,4.19,1.08,4.55,1.87,2.58,4.07,3.05,1.48,3.72,2.06,4.53,4.04,4.41,2.29,3.22,1.04,4.25,3.2,2.67,1.76,3.42,3.31,1.48,1.29,3.43,3.98,2.52,2.3,4.48,4.73,3.84,4.11
25-1124,"Foreign Language and Literature Teachers, Postsecondary",base_00,3.54,2.78,3.42,2.62,3.33,1.6,2.2,2.36,3.19,2.97,1.08,3.47,1.67,2.22,3.88,1.72,1.3,3.3,1.51,3.87,3.45,3.61,1.36,2.9,1.05,3.88,2.81,3.0,1.53,2.99,3.04,1.31,1.04,1.91,3.06,1.88,2.08,4.32,4.44,4.06,4.27
25-1125,"History Teachers, Postsecondary",base_00,4.65,2.65,3.35,3.34,3.59,1.53,2.58,2.26,3.41,4.42,1.01,3.94,2.14,2.6,4.77,2.38,1.4,4.8,1.86,4.37,3.8,3.58,2.32,3.28,1.01,3.78,2.93,2.62,1.68,4.28,3.07,1.16,1.0,2.63,3.34,2.26,1.92,4.46,4.61,4.68,3.85
25-1126,"Philosophy and Religion Teachers, Postsecondary",base_00,3.46,3.19,3.75,3.15,3.71,1.62,3.18,2.86,3.36,3.46,1.02,3.77,1.98,2.98,4.47,3.05,1.61,3.85,1.34,4.53,3.81,4.16,2.23,2.82,1.24,3.77,2.92,3.14,1.52,3.55,2.99,1.25,1.01,3.27,3.56,2.8,2.09,4.24,4.76,3.93,4.06
25-1192,"Family and Consumer Sciences Teachers, Postsecondary",base_00,3.31,2.94,3.86,3.56,3.92,1.87,3.14,2.96,3.51,3.36,1.62,3.92,2.67,3.53,4.25,2.87,2.4,3.97,2.33,3.62,3.44,3.78,2.43,3.27,1.63,4.02,3.03,2.85,2.03,3.16,3.34,1.3,1.27,3.16,3.41,1.96,2.11,3.45,4.56,4.18,3.95
25-1193,"Recreation and Fitness Studies Teachers, Postsecondary",base_00,3.89,3.24,4.17,3.57,4.23,1.74,3.72,3.39,3.67,3.76,1.33,4.52,2.55,3.49,4.42,3.42,2.47,4.02,2.57,4.05,3.79,3.99,2.95,2.83,1.39,4.07,3.35,3.72,2.38,3.65,3.47,1.64,1.43,3.08,3.32,2.69,2.73,3.77,4.51,4.23,3.96
25-1194,"Career/Technical Education Teachers, Postsecondary",base_00,3.37,3.38,4.23,3.69,4.02,3.28,3.33,3.32,3.43,3.62,3.08,4.02,2.66,3.86,4.42,3.41,3.44,3.69,3.51,3.76,3.33,3.85,3.08,3.43,2.73,4.15,3.2,3.51,3.15,3.25,3.72,2.96,3.05,3.02,3.67,2.69,2.62,3.31,4.66,4.28,3.55
25-2011,"Preschool Teachers, Except Special Education",base_00,1.98,4.24,3.02,2.8,3.52,1.36,2.79,3.61,3.11,3.05,1.03,4.02,1.86,3.25,4.02,2.73,2.59,3.43,2.69,2.45,2.78,3.43,2.63,3.25,1.31,3.28,2.26,2.76,3.17,2.54,2.63,1.41,1.2,3.38,3.08,1.84,1.9,3.67,3.76,2.87,2.27
25-2012,"Kindergarten Teachers, Except Special Education",base_00,3.54,3.76,3.6,3.34,3.8,1.87,3.56,3.49,4.04,3.41,1.07,4.11,2.45,3.55,3.88,3.27,2.51,3.37,1.98,3.0,2.8,3.98,2.3,3.52,1.28,4.19,2.62,3.25,2.56,3.17,2.87,1.55,1.12,3.47,3.6,1.91,1.69,4.25,3.96,3.95,3.55
25-2021,"Elementary School Teachers, Except Special Education",base_00,3.08,4.14,4.09,3.44,3.86,1.38,3.7,3.62,3.76,3.39,1.29,4.09,2.19,2.79,3.58,3.31,2.37,3.49,1.82,3.33,3.12,3.92,2.04,3.22,1.42,3.7,3.07,3.41,2.58,3.02,2.71,1.42,1.06,3.72,3.78,1.71,1.86,3.87,4.48,3.98,4.12
25-2022,"Middle School Teachers, Except Special and Career/Technical Education",base_00,3.83,4.33,4.37,3.39,4.14,1.91,4.31,3.79,4.38,4.14,1.55,4.51,2.64,3.76,4.22,3.56,2.13,3.99,2.19,4.16,3.96,4.31,2.0,3.75,1.3,4.33,3.19,3.14,2.35,3.58,3.26,1.56,1.4,3.99,3.81,2.25,1.51,4.39,4.62,4.03,3.87
25-2023,"Career/Technical Education Teachers, Middle School",base_00,3.66,3.18,3.84,3.58,4.21,2.82,3.66,3.71,3.97,3.91,2.25,4.17,2.83,3.62,4.29,3.51,2.47,3.92,2.9,3.78,3.65,4.0,2.99,3.88,1.43,4.03,3.43,3.01,2.68,3.5,3.11,2.1,1.73,3.65,3.39,1.94,1.41,4.17,4.41,4.28,4.14
25-2031,"Secondary School Teachers, Except Special and Career/Technical Education",base_00,3.5,4.0,4.45,3.28,4.18,1.81,3.74,3.54,4.22,3.65,1.67,4.35,2.44,3.59,4.07,3.35,2.24,3.65,2.64,3.48,3.2,4.36,2.63,3.39,1.63,4.17,3.31,3.3,2.72,3.7,3.23,1.84,1.61,3.78,3.71,2.06,1.63,4.06,4.65,4.06,4.19
25-2032,"Career/Technical Education Teachers, Secondary School",base_00,3.74,4.07,4.49,3.72,4.41,3.44,3.96,4.16,4.28,4.22,3.14,4.37,3.08,3.78,4.43,3.94,3.46,4.03,3.79,4.08,3.73,4.42,3.46,4.09,2.69,4.5,3.24,3.7,3.34,4.06,4.07,2.4,3.32,3.86,4.19,2.96,2.46,4.5,4.74,4.41,4.08
25-2051,"Special Education Teachers, Preschool",base_00,3.44,4.35,3.62,3.22,4.29,1.83,3.49,3.55,3.92,4.22,1.68,4.21,2.1,3.76,4.45,2.78,3.07,3.74,2.65,3.66,2.98,3.57,1.97,3.75,1.55,4.06,3.21,3.03,3.21,3.22,2.76,1.37,1.42,3.01,3.2,2.16,1.98,3.41,4.13,3.61,4.03
25-2056,"Special Education Teachers, Elementary School",base_00,4.02,3.27,3.59,3.77,4.24,1.58,3.41,3.4,3.83,3.74,1.76,4.7,2.52,3.93,4.75,3.44,2.14,3.84,2.63,3.34,3.59,3.81,2.08,3.79,1.53,4.56,3.27,3.1,2.81,3.85,3.64,1.37,1.38,2.81,3.47,1.74,2.01,3.73,3.68,4.17,3.63
25-2057,"Special Education Teachers, Middle School",base_00,3.25,3.6,3.57,3.28,3.49,1.71,3.0,3.32,3.35,3.25,1.57,4.18,1.83,3.1,3.52,3.04,2.05,3.25,2.05,3.35,2.51,3.5,2.41,3.28,1.5,4.01,2.97,2.99,2.16,3.15,2.8,1.68,1.39,3.39,2.82,2.2,1.94,3.12,3.6,3.49,3.84
25-2058,"Special Education Teachers, Secondary School",base_00,3.74,4.13,3.61,3.46,4.69,2.08,3.4,3.6,3.94,4.39,1.99,4.55,2.76,3.89,4.3,3.02,2.3,3.94,2.19,4.11,3.58,4.16,2.2,4.54,1.82,4.47,3.26,3.33,2.71,4.03,3.25,1.84,1.69,3.45,3.51,2.45,2.09,4.18,4.21,4.13,4.49
25-2059,Adapted Physical Education Specialists,first_detail,3.14,4.38,3.75,2.95,4.05,1.48,3.19,3.57,4.05,3.9,1.19,4.0,2.38,3.52,4.1,3.67,3.62,3.57,2.81,3.29,3.38,4.0,1.9,3.38,1.86,4.0,2.95,3.19,4.48,2.9,3.52,1.33,1.48,3.05,3.29,2.2,1.43,4.05,3.62,3.52,3.24
25-3011,"Adult Basic Education, Adult Secondary Education, and English as a Second Language Instructors",base_00,2.85,2.97,3.83,2.21,3.76,1.84,2.92,2.59,3.69,3.43,1.29,3.68,2.16,3.13,3.54,2.34,1.63,3.33,2.34,3.98,3.15,3.79,1.97,2.91,1.4,3.72,2.82,3.37,1.72,2.72,3.31,1.73,1.42,2.76,2.93,1.98,1.42,4.12,3.82,3.37,3.65
25-3021,Self-Enrichment Teachers,base_00,3.02,2.99,4.74,3.1,3.72,1.61,3.09,2.7,3.07,3.43,1.42,4.12,1.91,2.59,4.03,2.72,2.44,3.9,2.63,4.28,2.96,4.01,1.89,3.54,1.79,3.34,2.52,3.03,2.83,2.95,3.11,1.28,1.74,2.99,3.08,3.02,1.91,4.12,4.87,3.51,2.83
25-3031,"Substitute Teachers, Short-Term",base_00,2.11,3.73,2.79,1.82,3.83,2.04,2.54,2.44,2.47,3.47,1.16,3.56,2.16,2.86,3.98,2.46,2.05,3.48,2.23,2.58,2.33,3.36,2.29,3.92,1.56,3.06,2.6,2.36,2.28,2.72,2.09,1.71,1.47,3.43,2.76,1.57,1.42,2.63,2.81,2.68,3.25
25-3041,Tutors,base_00,3.18,3.45,4.48,2.55,4.14,1.67,2.68,2.57,3.45,3.79,1.14,4.55,1.73,2.55,3.86,2.33,1.55,2.82,1.64,4.1,2.55,4.18,1.95,3.14,1.38,3.82,3.05,3.64,1.59,3.19,3.52,1.48,1.19,2.73,3.45,1.76,1.77,4.05,4.71,4.0,3.45
25-4011,Archivists,base_00,3.7,2.32,3.35,4.1,4.13,2.1,3.39,3.29,3.81,4.74,1.68,3.9,3.19,3.61,4.42,3.45,3.81,4.19,2.61,3.97,3.97,4.03,3.37,3.26,1.84,4.13,3.43,3.87,2.87,4.39,3.3,1.77,1.68,3.0,3.52,2.06,3.17,3.7,3.58,4.35,4.52
25-4012,Curators,base_00,3.78,2.41,3.01,4.02,4.03,2.07,3.24,3.21,3.53,4.5,2.29,4.11,3.0,3.21,4.44,3.21,3.94,4.54,3.08,3.88,3.9,4.04,3.24,3.41,2.05,4.21,3.15,3.78,2.95,3.98,3.11,1.55,1.63,2.85,3.63,2.71,2.13,4.35,3.57,3.97,3.99
25-4013,Museum Technicians and Conservators,base_00,3.0,1.94,2.6,3.26,3.83,2.97,2.69,3.01,3.25,3.57,2.31,3.72,3.03,2.82,4.21,2.37,4.04,4.29,3.29,2.86,3.34,3.86,2.25,3.88,2.17,3.41,2.83,2.93,3.6,3.39,2.66,2.03,2.59,2.53,2.76,1.93,1.6,3.58,2.55,3.49,3.31
25-4022,Librarians and Media Collections Specialists,base_00,3.4,2.85,3.11,3.48,4.2,1.87,3.11,3.12,3.45,3.7,1.31,4.41,2.62,2.98,4.37,2.68,2.69,3.54,2.34,3.92,3.14,3.76,3.4,3.16,1.38,3.76,3.33,3.65,2.48,3.72,2.98,1.7,1.29,3.12,3.39,2.53,1.69,3.77,3.78,4.2,4.74
25-4031,Library Technicians,base_00,2.41,2.96,2.01,2.77,4.0,2.15,2.78,2.15,2.52,3.61,1.06,3.81,2.1,2.77,4.02,1.79,3.52,3.48,2.46,2.99,2.99,3.17,2.76,3.38,1.26,3.49,3.12,3.47,3.31,3.42,1.82,1.58,1.35,2.66,2.92,1.89,1.71,3.08,2.25,3.43,4.29
25-9021,Farm and Home Management Educators,base_00,3.56,2.59,3.5,4.52,4.31,2.07,3.44,3.89,3.67,3.67,1.44,4.41,2.78,3.19,4.22,3.27,2.59,3.78,2.54,3.96,2.88,4.0,3.38,3.41,3.33,4.3,3.37,4.41,2.67,3.48,3.93,1.78,1.81,3.11,4.15,2.78,2.62,3.7,4.33,4.48,4.19
25-9031,Instructional Coordinators,base_00,4.19,3.29,4.14,3.23,4.54,1.5,3.31,4.12,4.16,3.67,1.46,4.63,2.97,3.83,4.23,3.44,2.11,3.69,2.36,3.76,3.6,4.38,3.26,3.71,1.67,4.5,3.71,3.22,2.08,3.89,3.83,1.39,1.3,3.21,3.91,2.4,2.31,3.72,4.53,4.06,4.45
25-9042,"Teaching Assistants, Preschool, Elementary, Middle, and Secondary School, Except Special Education",base_00,3.07,4.5,3.26,3.03,4.15,1.62,3.78,2.58,4.16,4.01,1.36,4.14,2.89,3.6,4.45,1.95,2.07,3.77,3.91,3.44,3.62,4.37,2.0,4.03,1.9,4.04,1.97,3.38,3.69,3.65,2.45,1.24,1.37,4.31,4.1,1.91,1.64,4.46,3.08,4.11,3.12
25-9043,"Teaching Assistants, Special Education",base_00,2.47,4.06,3.57,2.27,3.87,1.63,2.78,3.0,3.01,3.22,1.37,3.78,2.18,3.21,4.34,2.95,2.2,3.63,2.35,2.97,2.99,3.6,1.88,3.71,1.49,3.37,1.89,2.61,2.71,2.78,2.57,1.53,1.67,3.59,2.79,1.72,1.78,3.15,3.44,3.29,3.11
25-9044,"Teaching Assistants, Postsecondary",base_00,3.26,3.3,3.34,2.42,4.61,1.79,2.86,2.39,3.11,3.84,2.07,3.81,2.71,3.0,3.77,2.97,1.87,3.37,2.61,3.82,3.44,3.63,1.73,3.4,1.63,3.7,2.76,2.39,1.73,3.47,2.92,1.79,1.23,2.77,3.06,2.29,1.21,3.61,4.25,3.56,4.22
27-1011,Art Directors,base_00,3.36,2.7,2.78,3.79,4.39,1.7,3.24,3.33,3.03,2.99,2.45,3.89,2.28,2.75,4.41,3.26,1.78,3.78,2.27,3.56,2.95,4.37,2.03,2.76,1.37,4.2,2.56,2.63,1.7,2.54,3.5,1.48,1.3,3.5,2.91,2.54,2.28,4.95,3.34,4.34,4.57
27-1012,Craft Artists,base_00,2.43,1.83,2.59,3.23,2.22,3.57,2.0,1.65,2.78,3.09,2.3,3.13,3.13,2.35,3.71,1.7,3.65,3.04,3.26,2.3,2.96,4.0,3.17,3.57,1.7,3.64,2.74,3.3,3.09,2.74,2.39,1.78,2.52,2.22,3.04,3.64,1.3,4.61,2.96,3.3,3.09
27-1013,"Fine Artists, Including Painters, Sculptors, and Illustrators",base_00,2.49,1.91,1.56,2.83,2.54,2.89,1.64,1.62,1.94,1.99,2.51,3.56,2.45,1.85,3.91,1.56,3.16,2.85,3.34,2.18,2.81,3.57,2.33,3.37,1.3,3.72,1.84,2.64,2.77,2.71,1.77,1.68,1.38,1.72,2.29,2.28,1.24,4.8,1.57,3.46,3.46
27-1014,Special Effects Artists and Animators,base_00,3.44,2.48,2.9,2.73,4.76,2.91,2.19,3.11,3.22,2.72,1.53,3.82,2.9,3.53,4.55,3.45,2.06,4.02,2.3,3.21,2.98,4.01,1.94,3.09,1.38,3.48,2.61,2.36,1.51,4.06,3.07,2.1,1.4,2.42,3.38,2.45,1.88,4.82,3.05,4.34,4.84
27-1021,Commercial and Industrial Designers,base_00,3.45,1.78,2.12,3.66,4.37,2.76,2.67,2.01,2.74,3.73,4.57,3.86,2.99,3.9,4.19,2.49,2.07,3.87,2.67,2.93,2.94,4.39,2.78,3.73,2.21,3.72,2.04,1.51,1.89,3.61,3.0,1.8,1.81,2.99,2.79,2.98,1.56,3.97,2.89,3.71,4.38
27-1022,Fashion Designers,base_00,3.03,2.31,3.73,3.68,4.19,2.44,3.66,3.66,3.14,3.29,3.06,4.21,3.49,2.43,4.19,3.51,2.74,3.63,2.94,3.17,3.43,4.09,2.99,2.92,1.64,4.62,2.22,2.19,2.43,3.61,2.87,1.69,1.71,3.28,3.75,2.96,3.21,4.8,3.56,4.12,3.93
27-1023,Floral Designers,base_00,2.36,2.27,1.92,2.69,2.29,1.63,2.05,1.83,2.6,3.42,1.3,2.69,3.39,1.68,4.05,1.51,3.41,3.55,2.37,1.73,3.28,2.63,3.27,3.51,1.49,3.75,3.18,3.68,3.18,2.54,2.16,1.41,1.24,3.08,2.66,2.8,1.21,3.87,2.12,3.11,3.01
27-1024,Graphic Designers,base_00,2.65,2.45,3.0,3.95,4.2,2.4,3.25,3.15,3.5,3.0,3.16,4.2,2.6,3.0,4.6,3.0,1.79,3.65,2.25,3.6,3.0,4.21,2.42,2.8,1.75,4.2,2.72,2.65,1.65,3.45,3.65,1.9,1.55,3.05,3.45,3.25,2.16,4.9,3.21,4.0,4.75
27-1025,Interior Designers,base_00,3.21,2.62,3.29,4.33,4.33,1.75,4.0,3.67,3.48,3.71,4.25,4.46,3.42,4.08,4.42,3.62,2.46,3.87,2.92,3.17,3.67,4.65,2.88,3.71,1.96,4.25,3.42,3.29,2.33,3.91,3.62,1.43,1.25,3.65,3.73,3.88,2.67,4.78,3.25,4.0,4.42
27-1026,Merchandise Displayers and Window Trimmers,base_00,2.74,2.69,3.19,2.18,4.15,2.6,3.39,3.23,3.38,2.07,1.99,3.97,2.98,3.48,4.29,3.2,4.21,3.92,2.58,2.96,2.84,3.84,2.56,3.29,1.48,4.13,2.25,3.45,4.26,2.63,2.61,1.34,1.22,3.24,2.93,3.13,1.45,4.28,3.17,3.26,3.2
27-1027,Set and Exhibit Designers,base_00,2.67,1.75,2.81,3.05,4.43,1.9,3.35,3.14,3.14,2.67,4.52,4.33,2.95,2.38,4.67,3.14,2.4,3.24,2.35,3.0,2.76,4.3,2.76,3.1,1.62,4.29,2.89,2.05,2.24,2.71,2.45,1.45,1.55,2.9,3.48,2.52,1.95,4.81,2.76,3.86,3.9
27-2011,Actors,base_00,1.78,2.39,2.22,3.29,3.95,1.42,2.33,2.32,1.9,2.56,1.22,4.57,1.87,1.53,3.26,2.09,3.04,3.17,1.94,2.3,2.15,2.71,1.6,2.98,1.3,2.99,1.64,4.16,4.02,1.49,1.78,1.25,1.27,2.31,2.33,1.79,1.32,4.41,2.55,2.07,1.97
27-2012,Producers and Directors,base_00,3.1075,2.4175,3.2875,3.4825,4.15,2.5175,3.6725000000000003,3.2475,3.1675,3.495,1.835,3.855,3.0375,3.22,4.54,3.375,2.1275,4.0725,2.6950000000000003,3.17,3.55,4.33,2.63,3.6025,1.7225000000000001,4.005,2.985,3.3425,2.0075,3.555,2.895,2.3975,1.6275,3.3025,3.5625,2.725,2.35,4.2924999999999995,3.2475,3.775,4.1175
27-2021,Athletes and Sports Competitors,base_00,3.98,2.68,3.71,3.26,3.85,3.25,3.29,3.54,3.84,3.27,2.58,3.87,3.6,3.51,4.22,2.94,3.51,3.93,3.42,3.01,3.21,4.05,3.13,3.25,2.91,3.6,2.19,3.46,3.91,3.7,3.22,2.25,2.38,3.09,3.45,2.91,2.3,3.39,3.03,3.68,2.37
27-2022,Coaches and Scouts,base_00,3.64,3.29,4.3,3.94,4.02,1.7,3.7,4.23,3.94,3.42,1.8,4.45,2.24,3.05,4.04,3.84,3.14,3.95,2.79,3.38,4.04,4.32,3.16,3.52,2.28,4.29,3.51,2.92,3.81,3.72,3.67,1.46,1.46,3.37,4.03,2.91,2.8,3.99,3.51,3.82,3.64
27-2023,"Umpires, Referees, and Other Sports Officials",base_00,2.55,2.24,3.1,2.74,3.84,1.33,2.7,3.14,1.9,3.15,1.19,3.63,2.0,3.62,4.05,2.67,1.71,3.85,2.71,3.06,3.43,4.0,1.65,2.86,1.38,2.3,2.33,2.52,3.38,2.95,2.86,1.25,1.19,3.48,2.62,2.05,1.9,2.05,3.33,3.86,2.38
27-2031,Dancers,base_00,1.77,2.42,2.12,2.45,3.23,1.37,2.19,2.78,2.38,1.74,1.24,3.58,1.53,2.16,4.1,2.21,2.6,3.08,2.02,2.29,2.42,2.38,1.33,2.52,1.37,3.02,1.28,3.95,4.51,1.82,1.8,1.21,1.28,2.04,2.11,2.34,1.28,3.35,2.59,2.47,1.19
27-2032,Choreographers,base_00,1.86,3.57,4.29,3.52,4.05,1.43,4.05,3.86,3.3,2.8,1.38,4.2,1.95,1.95,3.35,4.52,2.38,2.95,1.9,3.0,3.71,4.19,2.71,2.6,1.1,4.24,2.7,4.0,4.52,2.76,3.37,1.29,1.19,3.7,3.75,2.9,2.4,4.86,4.14,3.24,2.38
27-2041,Music Directors and Composers,base_00,2.92,2.5,3.28,3.64,4.0,1.51,3.7,3.38,3.16,3.02,1.51,4.44,2.35,2.23,4.14,3.24,2.0,3.35,2.08,2.78,3.59,3.55,3.1,2.44,1.41,3.78,3.26,3.74,2.54,2.85,2.76,1.76,1.41,2.88,3.93,2.76,1.88,4.48,3.36,3.53,3.61
27-2042,Musicians and Singers,base_00,3.11,2.43,2.45,2.55,3.48,1.79,2.56,3.08,2.74,2.44,1.46,3.93,2.33,2.62,3.63,2.33,2.48,3.82,2.23,2.7,3.5,3.26,1.83,3.02,1.49,3.13,2.1,4.19,3.06,3.84,2.07,1.48,1.61,2.53,2.72,2.06,1.71,3.76,2.48,3.17,1.82
27-3011,Broadcast Announcers and Radio Disc Jockeys,base_00,2.96,1.87,2.66,4.39,4.39,1.9,3.13,3.22,3.48,4.21,1.38,3.89,3.02,3.8,4.22,2.57,1.51,4.19,2.6,3.61,3.64,4.19,1.81,3.8,2.04,3.92,1.99,4.44,2.04,3.93,2.59,2.27,1.33,2.67,3.28,2.27,1.61,4.67,2.66,4.03,3.76
27-3023,"News Analysts, Reporters, and Journalists",base_00,3.73,1.94,2.47,4.46,4.08,1.7,2.89,2.86,2.36,3.85,1.34,4.09,2.79,3.16,4.79,2.22,1.89,4.17,1.94,4.34,3.01,3.55,1.81,3.37,2.15,3.84,2.33,3.94,2.1,3.57,2.34,1.5,1.31,2.83,3.08,2.28,1.81,3.86,2.38,3.92,3.81
27-3031,Public Relations Specialists,base_00,3.45,2.73,3.59,4.76,4.77,1.36,3.95,3.91,4.5,2.95,1.41,4.59,2.59,3.0,4.73,3.41,1.59,3.95,1.27,4.05,2.55,4.41,3.27,3.05,1.41,4.41,3.0,4.18,1.59,3.36,4.14,1.23,1.05,3.67,3.64,3.86,2.55,4.45,3.18,4.27,4.24
27-3041,Editors,base_00,3.56,1.88,2.95,4.0,4.15,1.88,3.35,2.79,2.9,3.32,1.83,3.72,2.35,3.13,4.45,3.07,1.8,3.79,1.72,3.51,3.37,3.96,2.03,3.08,1.62,3.69,2.85,2.89,1.66,3.89,2.71,1.57,1.28,3.03,3.4,2.55,2.15,4.07,2.78,3.89,4.57
27-3042,Technical Writers,base_00,4.0,2.07,1.94,3.07,4.03,1.89,2.65,2.76,2.76,3.9,2.76,3.6,2.82,3.48,4.33,2.11,1.44,4.19,2.14,4.02,2.99,3.33,1.82,3.08,1.49,3.96,2.58,1.66,1.65,3.99,2.79,1.92,1.78,2.68,2.92,2.63,1.63,3.57,3.05,4.09,4.61
27-3043,Writers and Authors,base_00,2.56,1.9300000000000002,2.535,3.51,3.33,1.34,2.795,2.55,3.475,3.0949999999999998,1.07,3.51,1.7850000000000001,2.21,4.445,2.46,1.405,3.0300000000000002,1.195,3.115,2.58,3.635,1.7999999999999998,2.0149999999999997,1.275,3.76,2.495,2.605,1.375,2.745,2.51,1.415,1.135,2.35,3.185,3.675,1.4900000000000002,4.32,2.51,3.665,3.63
27-3091,Interpreters and Translators,base_00,3.3,3.11,2.93,3.71,4.17,1.81,2.85,3.26,2.84,3.78,1.67,4.24,2.53,3.69,4.03,2.67,1.59,4.09,2.67,4.71,2.88,3.75,2.21,3.58,1.73,3.48,2.81,3.94,2.51,2.9,2.62,1.43,1.24,3.05,2.9,1.81,2.13,3.54,3.51,4.12,3.26
27-3092,Court Reporters and Simultaneous Captioners,base_00,2.19,2.44,1.73,3.39,3.88,2.24,2.3,1.52,2.29,4.77,1.33,3.15,2.52,2.22,4.25,1.84,1.68,2.97,2.75,2.12,1.95,2.71,1.39,2.66,2.11,3.76,3.46,3.08,1.94,3.84,1.77,2.56,1.71,1.53,3.39,1.25,1.27,1.4,1.94,4.18,4.64
27-4011,Audio and Video Technicians,base_00,3.58,2.37,2.76,3.09,4.1,3.5,3.34,2.36,2.91,3.71,2.72,3.24,3.09,3.59,4.16,2.19,3.43,4.16,3.76,3.31,3.33,4.14,2.82,3.72,2.41,4.04,2.52,3.26,3.04,3.62,3.15,3.77,2.59,2.34,3.93,1.78,1.97,4.15,2.91,4.2,4.54
27-4012,Broadcast Technicians,base_00,3.33,2.35,2.95,3.55,4.34,3.54,3.36,3.2,3.13,3.89,2.94,3.47,3.38,3.6,4.23,3.13,2.95,4.08,3.88,3.08,3.2,3.88,2.81,3.76,2.81,3.75,2.7,2.81,3.1,3.58,3.06,3.94,3.18,3.05,3.29,2.44,2.46,3.39,3.15,4.12,4.58
27-4014,Sound Engineering Technicians,base_00,2.92,2.72,2.88,3.33,4.2,3.25,3.24,2.92,3.08,4.04,2.29,4.4,2.84,2.96,4.0,3.16,2.56,3.21,3.28,3.33,3.56,4.46,2.59,3.67,1.72,3.86,2.52,2.56,2.29,3.48,2.92,3.29,2.83,3.4,3.72,2.8,1.76,4.76,2.84,4.28,4.92
27-4021,Photographers,base_00,2.95,2.41,3.43,4.09,3.14,2.82,3.27,3.09,3.55,3.24,1.64,4.32,3.1,2.64,3.95,3.23,3.29,3.59,3.59,2.73,3.36,4.09,3.52,3.55,2.05,4.05,4.05,4.45,3.41,3.18,3.43,2.55,2.1,3.77,4.09,4.27,2.33,4.59,3.23,4.18,4.68
27-4031,"Camera Operators, Television, Video, and Film",base_00,2.84,3.64,3.29,3.55,4.57,4.18,2.77,3.22,3.31,3.71,1.94,4.4,2.93,2.99,4.59,2.73,3.9,4.39,4.05,2.58,4.04,4.31,2.1,3.86,2.14,3.41,2.06,2.91,3.14,3.02,2.33,3.31,3.06,3.1,2.73,2.61,1.28,4.6,3.12,4.17,4.29
27-4032,Film and Video Editors,base_00,3.58,2.61,2.81,3.57,4.11,2.53,3.29,3.07,3.6,4.06,2.37,4.07,3.28,3.75,4.58,2.8,2.47,4.28,3.38,3.38,3.39,3.95,2.37,3.46,1.6,4.04,2.4,3.05,2.15,3.67,2.98,2.56,1.61,2.94,3.44,3.0,2.25,4.73,2.9,4.47,4.87
29-1011,Chiropractors,base_00,3.47,4.7,2.99,3.55,3.9,2.86,3.54,3.5,3.8,4.5,1.62,3.91,2.83,3.7,4.3,3.44,3.47,4.13,2.48,3.89,3.43,4.32,3.75,3.42,1.59,3.76,3.68,4.07,4.1,4.0,3.25,1.81,1.76,3.43,3.67,3.55,2.9,3.39,3.29,4.16,3.86
29-1021,"Dentists, General",base_00,3.62,4.65,3.1,3.37,4.01,3.97,3.91,3.98,3.43,4.43,2.08,4.32,3.51,4.39,4.68,4.2,3.24,4.27,4.13,3.52,4.07,4.63,3.54,4.1,1.66,4.37,3.54,4.67,2.72,4.02,3.49,2.31,2.7,3.51,4.05,3.35,3.68,3.64,3.26,4.64,3.3
29-1022,Oral and Maxillofacial Surgeons,base_00,4.15,4.79,3.74,3.82,3.8,3.45,3.81,3.72,3.26,4.42,1.82,4.15,3.84,3.91,4.43,3.93,2.75,4.12,4.0,3.99,4.1,4.52,3.39,3.86,1.42,3.64,3.23,4.54,3.41,4.1,4.3,2.63,2.36,3.1,3.59,3.02,3.19,3.63,3.99,4.59,3.68
29-1023,Orthodontists,base_00,3.19,3.64,3.83,3.59,4.1,2.65,3.53,4.18,3.49,4.12,2.1,4.33,2.85,3.41,4.05,3.78,3.01,3.34,3.09,3.1,3.67,4.36,3.8,4.01,1.57,3.76,2.66,3.99,1.98,2.98,3.06,1.8,1.92,2.79,3.59,3.37,3.46,3.61,3.65,4.33,3.61
29-1024,Prosthodontists,base_00,4.04,4.69,3.75,3.61,3.9,3.63,4.01,4.02,3.9,4.67,3.11,4.38,3.6,4.17,4.66,3.98,3.95,4.05,4.06,3.96,4.27,4.62,3.39,4.3,2.9,4.44,3.85,4.5,3.71,4.23,4.16,2.68,2.87,3.81,3.59,3.71,3.38,4.57,4.03,4.58,3.94
29-1031,Dietitians and Nutritionists,base_00,3.9,4.55,3.57,3.7,3.77,1.53,2.8,2.73,3.4,4.23,1.2,4.03,2.53,3.66,4.5,2.93,1.63,3.66,2.13,4.17,2.66,4.03,2.77,3.17,1.3,3.93,3.17,3.45,2.03,3.76,3.83,1.23,1.1,2.93,2.97,2.69,2.14,3.33,3.87,4.37,4.17
29-1041,Optometrists,base_00,4.52,4.81,3.43,3.29,4.05,3.24,3.71,3.71,3.57,4.71,1.76,4.1,3.71,3.9,4.67,3.71,3.05,4.29,3.52,4.45,3.67,4.8,3.33,4.1,1.43,3.62,3.85,4.57,2.43,4.55,3.57,2.0,1.95,3.15,3.71,3.29,3.24,3.29,3.9,4.79,4.24
29-1051,Pharmacists,base_00,3.34,3.77,3.04,3.07,3.85,3.13,3.51,3.02,2.48,4.38,1.21,3.67,3.25,4.32,4.24,3.33,2.75,3.81,2.95,3.88,2.97,4.28,3.15,4.07,1.5,3.84,3.03,3.37,2.61,4.15,3.03,1.88,1.57,3.14,2.65,2.24,2.06,2.7,3.18,4.34,4.16
29-1071,Physician Assistants,base_00,4.275,4.54,3.285,3.38,4.365,2.98,3.06,3.2699999999999996,3.185,4.52,1.705,4.135,3.23,3.825,4.57,2.9000000000000004,2.99,4.415,3.63,3.7350000000000003,3.7249999999999996,4.54,2.365,4.205,1.745,3.75,3.005,3.7199999999999998,2.965,4.17,3.6149999999999998,1.895,1.98,3.065,2.865,2.46,2.1799999999999997,3.2649999999999997,3.765,4.605,3.585
29-1081,Podiatrists,base_00,3.18,4.9,3.08,3.58,4.17,2.69,3.34,3.24,3.01,4.63,1.67,3.7,2.96,3.64,4.3,3.31,3.23,3.83,2.76,3.95,3.52,4.3,3.36,3.58,2.13,3.82,2.94,3.93,3.02,4.07,3.41,1.84,1.41,2.14,3.03,2.49,2.77,3.61,3.19,3.99,4.45
29-1122,Occupational Therapists,base_00,3.5149999999999997,4.449999999999999,3.7800000000000002,3.5999999999999996,4.0249999999999995,1.9,2.98,3.29,4.005,4.48,1.4700000000000002,4.154999999999999,2.7199999999999998,3.565,4.29,2.915,3.09,3.92,2.7800000000000002,3.76,3.33,4.4,2.3049999999999997,3.9299999999999997,2.24,4.135,3.25,3.645,3.735,3.3200000000000003,3.51,1.4449999999999998,1.535,3.2,3.6100000000000003,2.23,2.0949999999999998,3.915,3.9299999999999997,4.03,3.62
29-1123,Physical Therapists,base_00,3.46,4.7,3.58,3.36,4.27,2.54,3.74,2.99,3.86,4.68,1.38,4.08,2.79,4.1,4.41,3.21,3.85,3.95,3.06,3.8,3.26,4.52,2.26,4.0,1.95,3.69,3.34,4.43,3.95,3.89,3.44,1.69,1.51,3.13,3.68,2.48,2.04,3.91,3.99,4.24,3.86
29-1124,Radiation Therapists,base_00,3.59,4.61,3.01,3.44,4.4,4.6,3.73,3.47,2.64,4.58,3.03,3.96,3.53,3.95,4.34,3.01,3.64,4.5,4.59,3.9,3.76,4.3,2.56,4.14,3.11,3.69,3.18,4.45,3.9,3.89,2.72,3.34,3.01,3.35,3.41,1.69,2.37,3.12,3.7,4.45,4.38
29-1125,Recreational Therapists,base_00,2.78,4.86,3.84,3.39,4.42,1.89,3.65,3.73,3.61,4.33,1.68,4.45,2.32,3.54,4.29,3.39,3.26,3.62,2.97,3.14,3.19,4.08,3.16,3.31,2.57,4.25,3.13,3.68,3.57,2.89,3.03,1.84,1.64,3.73,4.27,2.65,2.74,4.46,3.65,3.92,3.64
29-1126,Respiratory Therapists,base_00,3.95,4.52,3.35,2.51,4.06,3.87,3.21,3.31,3.2,4.59,2.41,3.65,3.14,3.95,4.47,3.05,3.83,3.91,4.42,3.58,3.19,4.18,2.49,4.03,2.45,4.16,2.55,3.76,3.53,3.86,3.09,2.75,2.48,3.01,3.11,1.75,2.44,2.79,3.39,4.2,3.79
29-1127,Speech-Language Pathologists,base_00,4.45,4.16,3.66,2.57,4.24,1.34,3.02,3.04,4.46,4.94,1.17,4.69,2.16,4.25,4.81,2.26,2.26,4.04,2.74,3.76,3.76,4.58,1.23,3.59,1.17,4.59,4.26,4.02,2.36,3.88,2.72,1.43,1.14,3.2,3.58,1.87,1.07,3.74,3.76,4.19,4.31
29-1128,Exercise Physiologists,base_00,3.82,4.65,3.91,3.45,3.86,2.95,3.09,3.5,3.43,4.14,1.41,4.38,2.45,3.41,4.38,3.0,3.23,3.62,2.91,4.23,2.77,4.05,2.36,3.36,1.77,3.68,3.14,3.95,4.14,3.64,3.5,1.64,1.77,2.9,3.09,3.1,2.27,3.36,3.68,4.14,4.0
29-1129,Art Therapists,first_detail,3.2800000000000002,4.74,3.8549999999999995,3.4699999999999998,4.26,1.75,3.1,3.48,4.1049999999999995,4.395,1.4449999999999998,4.605,2.46,3.58,4.1850000000000005,3.005,3.005,3.83,2.5250000000000004,3.71,3.44,4.17,2.6,3.865,1.42,3.985,3.51,3.605,2.675,3.335,3.315,1.475,1.5499999999999998,3.76,3.63,2.1950000000000003,2.085,4.9,3.635,3.975,3.27
29-1131,Veterinarians,base_00,3.73,3.68,2.68,3.33,3.79,2.48,3.14,3.18,2.81,4.26,1.42,4.06,3.08,3.22,4.52,3.08,2.84,4.46,3.26,4.04,3.09,4.81,2.13,3.81,1.61,3.14,2.34,4.25,3.03,3.73,2.75,1.57,1.62,2.88,2.32,3.31,1.95,2.69,3.06,4.5,3.24
29-1141,Registered Nurses,base_00,4.0120000000000005,4.8420000000000005,3.7840000000000003,3.476,4.4399999999999995,2.5759999999999996,3.594,3.81,3.4240000000000004,4.556,1.5879999999999999,4.41,2.8939999999999997,4.154,4.55,3.432,3.012,4.282,3.2159999999999997,4.104,3.6399999999999997,4.568,2.71,4.0760000000000005,1.7879999999999998,4.32,2.9379999999999997,3.7600000000000002,3.3600000000000003,3.9659999999999997,3.692,1.876,1.7120000000000002,3.84,3.1719999999999997,2.376,2.646,3.692,4.042,4.578,4.186
29-1151,Nurse Anesthetists,base_00,4.56,4.85,3.59,3.04,4.5,3.85,3.67,3.77,3.54,4.68,1.96,4.19,3.81,4.37,4.74,3.89,3.74,4.62,4.52,3.88,3.73,4.63,3.41,4.46,2.35,3.96,2.73,3.89,3.89,4.3,3.7,2.81,2.67,3.69,3.37,2.67,3.08,3.46,4.19,4.65,4.15
29-1161,Nurse Midwives,base_00,3.94,4.94,3.72,3.44,4.52,2.38,3.82,3.97,3.44,4.82,1.24,4.58,2.81,4.15,4.79,3.5,3.26,4.67,3.16,4.1,3.5,4.61,2.5,4.3,1.56,4.19,3.21,4.15,3.5,4.06,3.64,1.53,1.55,4.0,3.59,2.44,2.91,3.48,3.91,4.59,4.0
29-1171,Nurse Practitioners,base_00,4.26,4.52,3.64,3.76,4.17,2.15,3.39,3.73,3.22,4.74,1.27,4.27,2.91,4.13,4.57,3.39,2.22,4.35,2.77,4.22,3.76,4.64,2.65,3.87,1.65,4.05,2.77,4.09,3.14,4.23,3.91,1.57,1.61,3.48,3.0,2.78,2.35,3.48,3.95,4.45,4.2
29-1181,Audiologists,base_00,3.86,4.86,3.57,4.33,4.29,3.71,3.0,3.32,3.32,4.59,2.14,4.71,3.16,4.05,4.62,3.5,3.0,4.14,3.55,4.38,3.81,4.57,3.36,3.55,1.64,3.86,4.1,4.73,2.23,3.95,3.91,3.45,2.73,3.82,3.91,4.14,3.05,3.27,4.05,4.77,4.77
29-1211,Anesthesiologists,base_00,4.35,4.68,3.14,3.19,4.22,4.2,3.35,3.09,3.19,4.34,1.92,3.96,3.93,4.39,4.44,3.45,3.2,4.22,4.21,3.78,3.6,4.78,2.64,4.4,2.21,3.88,2.52,3.42,2.92,4.33,3.45,2.24,2.13,3.02,3.44,1.84,2.87,3.36,3.68,4.43,3.33
29-1213,Dermatologists,base_00,3.43,4.75,2.96,3.66,4.29,1.84,3.63,3.3,3.28,4.62,1.2,4.28,2.58,2.98,4.62,3.33,2.21,4.04,2.31,4.15,2.9,4.32,2.88,3.57,1.16,3.78,3.12,3.68,2.91,3.59,2.99,1.15,1.11,3.15,3.24,2.02,2.2,2.54,3.81,3.82,4.12
29-1214,Emergency Medicine Physicians,base_00,4.59,4.86,3.44,3.62,4.41,2.74,3.64,3.79,2.86,4.72,1.67,4.52,3.1,3.31,4.83,3.67,2.72,4.28,2.72,4.76,3.63,4.93,2.55,4.03,1.96,4.0,2.93,4.71,3.07,4.45,3.76,1.5,1.36,3.71,2.89,2.43,2.32,3.28,3.97,4.76,4.34
29-1215,Family Medicine Physicians,base_00,4.25,4.99,1.82,3.8,4.3,1.2,1.78,3.55,3.13,4.96,1.15,4.29,2.16,4.33,4.59,2.32,1.95,4.2,2.63,4.47,3.59,4.35,1.18,3.93,1.01,3.33,2.92,4.2,1.96,3.07,2.53,1.01,1.0,2.53,2.63,2.33,1.28,2.26,2.64,4.87,4.55
29-1216,General Internal Medicine Physicians,base_00,4.46,4.91,2.86,3.3,4.03,2.66,3.07,3.07,3.04,4.77,1.53,4.24,3.37,3.84,4.43,2.91,2.79,4.23,3.03,4.26,3.61,4.46,1.88,4.06,1.37,4.25,2.74,3.98,3.02,4.11,3.05,1.65,1.39,2.91,3.74,2.1,2.61,3.09,3.14,4.81,4.1
29-1217,Neurologists,base_00,4.59,4.81,3.71,3.94,4.39,2.27,3.44,3.47,3.84,4.63,1.46,4.36,3.65,4.17,4.92,3.81,2.18,4.54,2.58,4.58,4.19,4.9,3.22,4.53,1.5,4.11,3.87,3.76,2.48,4.55,4.42,1.61,1.35,3.32,3.9,2.89,2.8,3.84,4.05,4.7,3.97
29-1218,Obstetricians and Gynecologists,base_00,4.43,4.87,3.68,3.87,4.25,3.22,3.58,3.49,3.59,4.63,1.76,4.4,3.64,3.82,4.52,3.5,3.09,4.43,3.57,4.21,3.74,4.8,2.96,4.01,2.14,4.0,3.18,4.38,3.08,4.13,4.46,1.8,1.65,3.5,3.45,2.13,2.19,3.31,4.17,4.7,4.18
29-1221,"Pediatricians, General",base_00,2.95,4.97,2.82,3.66,4.65,1.65,3.62,3.5,3.08,4.65,1.49,4.84,2.77,3.74,4.59,3.4,2.04,4.14,2.92,4.41,3.38,4.8,2.44,3.45,1.44,3.03,2.88,4.23,2.26,3.99,3.1,2.09,1.51,2.57,2.15,2.23,2.67,2.19,3.68,4.82,4.02
29-1222,"Physicians, Pathologists",base_00,4.09,3.33,2.83,3.55,4.27,2.9,2.84,3.15,3.02,4.59,2.52,4.01,3.35,4.3,4.57,2.64,2.67,4.52,3.75,4.05,4.01,4.56,3.2,3.94,1.98,4.02,2.97,2.08,2.49,4.61,3.75,2.29,2.2,2.91,2.91,2.51,2.55,3.27,3.48,4.77,4.28
29-1223,Psychiatrists,base_00,3.86,4.96,3.13,3.36,4.34,1.65,3.07,3.72,3.49,4.38,1.28,4.65,2.33,3.61,4.8,3.18,1.45,4.2,2.17,3.9,3.85,4.66,2.27,3.74,1.44,3.64,3.25,3.17,2.01,3.8,3.89,1.43,1.09,3.77,3.03,2.65,2.13,3.5,4.01,4.53,3.46
29-1224,Radiologists,base_00,4.21,4.87,3.31,3.92,4.57,3.17,3.1,2.91,3.36,4.37,2.39,4.36,3.44,4.06,4.58,3.33,3.06,4.45,3.64,4.43,4.19,4.57,2.36,4.14,2.28,4.1,3.17,3.68,2.77,4.37,3.92,2.55,2.22,2.46,3.73,1.98,2.11,3.27,3.39,4.69,4.47
29-1229,Allergists and Immunologists,first_detail,4.435,4.7316666666666665,3.565,3.8216666666666668,4.478333333333333,2.4516666666666667,3.6566666666666667,3.6166666666666667,3.6766666666666663,4.53,1.7783333333333333,4.335,3.435,3.9299999999999997,4.66,3.615,2.481666666666667,4.405,3.0833333333333335,4.213333333333333,3.7516666666666665,4.783333333333333,2.9983333333333335,4.198333333333333,1.9816666666666667,4.1433333333333335,3.2566666666666664,4.06,2.8166666666666664,4.3500000000000005,4.108333333333333,1.8216666666666665,1.68,3.4299999999999997,3.49,2.69,2.856666666666667,3.563333333333333,3.7383333333333333,4.55,4.194999999999999
29-1241,"Ophthalmologists, Except Pediatric",base_00,4.63,4.68,2.94,3.52,4.37,4.02,3.79,3.62,4.07,4.64,2.54,4.13,4.32,3.86,4.63,3.61,2.66,4.73,3.76,4.32,3.94,4.72,2.97,4.46,3.13,3.85,2.71,3.7,2.48,4.55,4.5,2.31,2.6,3.77,3.58,2.95,2.98,3.51,3.55,4.63,3.05
29-1291,Acupuncturists,base_00,3.45,4.72,3.0,3.21,2.86,1.59,2.17,2.03,3.17,4.54,1.28,4.24,2.17,3.1,4.31,2.21,2.9,3.62,2.36,3.5,3.07,4.17,2.81,3.21,1.21,3.64,3.75,4.18,3.03,3.17,3.54,1.52,1.45,2.66,3.39,2.71,2.03,3.62,2.86,4.28,3.03
29-1292,Dental Hygienists,base_00,3.41,4.48,3.04,3.54,3.94,3.01,3.34,3.14,3.5,4.17,2.16,4.61,3.43,3.83,3.87,2.76,3.94,3.67,3.77,3.98,3.86,4.05,2.77,3.67,1.65,3.59,3.0,4.26,3.48,3.47,3.36,2.75,2.71,3.7,3.34,3.64,2.13,3.35,3.17,4.02,3.82
29-1299,Naturopathic Physicians,first_detail,4.045,4.68,3.2,3.3200000000000003,3.9299999999999997,1.77,2.8,3.075,3.125,4.68,1.195,4.135,2.61,3.12,4.6,2.8600000000000003,2.4850000000000003,4.155,2.575,4.175000000000001,3.145,4.515000000000001,2.515,3.52,1.25,3.3600000000000003,3.21,4.115,2.33,3.6399999999999997,3.12,1.61,1.38,2.955,2.99,2.565,2.295,3.325,3.68,4.175000000000001,3.92
29-2011,Medical and Clinical Laboratory Technologists,base_00,3.8200000000000003,2.67,2.965,2.6075,4.1925,3.3175,2.99,2.8825000000000003,2.6425,4.4025,1.785,3.32,2.94,3.935,4.1225000000000005,2.8375,3.1525,3.92,3.9699999999999998,3.1225,3.06,3.975,2.6725,3.7474999999999996,1.73,3.605,2.96,1.8275000000000001,2.545,3.8025,2.61,2.6975,2.6325000000000003,2.5225,2.81,1.5825,2.41,2.5975,3.3825000000000003,4.08,4.125
29-2012,Medical and Clinical Laboratory Technicians,base_00,3.36,2.525,2.75,2.59,3.915,3.56,2.795,2.9050000000000002,2.645,4.085,1.6,3.2,2.755,3.9000000000000004,4.08,2.88,3.165,3.615,3.965,3.0949999999999998,3.045,4.1899999999999995,2.61,4.0600000000000005,1.675,3.56,2.64,2.1350000000000002,2.71,3.86,2.51,2.69,2.58,2.41,2.5650000000000004,1.2349999999999999,1.8250000000000002,2.795,3.5300000000000002,3.94,3.885
29-2031,Cardiovascular Technologists and Technicians,base_00,3.74,4.57,2.67,2.68,3.94,4.02,2.53,3.25,2.78,4.48,2.02,3.8,2.97,3.91,4.16,2.31,3.86,4.11,3.83,3.64,3.16,3.66,2.26,3.75,2.45,3.54,2.87,3.76,3.23,3.71,2.27,2.77,2.58,2.65,2.65,1.53,2.01,2.84,2.97,3.91,4.3
29-2032,Diagnostic Medical Sonographers,base_00,3.54,4.28,2.99,3.12,4.08,3.69,3.05,3.06,2.6,4.12,1.79,3.85,2.99,3.74,4.22,2.79,3.4,3.76,3.62,3.78,3.09,3.77,2.15,3.67,2.29,3.32,2.98,3.93,3.6,3.62,2.71,2.72,2.63,3.13,3.18,2.08,1.85,3.02,3.31,4.15,3.98
29-2033,Nuclear Medicine Technologists,base_00,2.87,4.61,2.86,2.96,3.91,3.81,3.61,3.25,2.56,4.27,1.95,3.94,3.14,4.03,4.2,2.81,3.49,3.79,3.84,3.34,3.12,3.68,2.79,3.8,2.24,3.68,3.2,4.09,3.39,3.68,2.6,2.93,2.39,2.9,3.26,1.98,2.14,2.81,3.31,4.21,4.55
29-2034,Radiologic Technologists and Technicians,base_00,2.67,4.87,3.24,2.58,3.81,4.02,2.89,3.02,2.33,4.04,1.69,3.85,2.38,3.38,3.9,2.6,3.95,3.69,3.75,3.27,3.04,3.43,2.27,3.82,2.51,3.45,2.39,3.95,3.69,2.96,2.46,2.71,2.27,2.97,2.71,1.55,2.06,2.8,3.42,4.04,4.29
29-2035,Magnetic Resonance Imaging Technologists,base_00,3.61,4.43,3.64,3.43,4.0,3.91,3.0,3.09,2.96,4.48,2.09,3.36,2.95,4.0,4.04,3.35,3.9,3.7,3.74,3.22,3.18,4.18,2.83,3.96,1.95,3.61,3.22,4.24,3.3,3.91,2.96,3.04,2.59,2.91,3.09,2.09,2.61,3.52,3.7,4.17,4.52
29-2036,Medical Dosimetrists,base_00,4.25,2.94,2.75,2.75,4.26,2.3,3.25,3.3,3.32,4.53,2.7,3.7,3.35,3.89,4.21,2.55,1.9,3.95,3.16,3.8,3.35,4.35,1.9,3.55,1.58,4.25,2.65,1.7,1.75,4.26,3.11,2.25,1.85,2.35,3.55,1.58,1.65,3.89,3.05,4.32,4.8
29-2051,Dietetic Technicians,base_00,3.75,4.42,3.25,3.02,4.11,3.16,3.33,3.81,3.23,4.14,2.39,4.06,3.43,4.53,4.8,3.43,3.67,4.46,4.26,3.11,3.71,4.2,3.15,4.24,3.05,4.08,3.03,3.05,3.28,4.2,3.78,2.1,2.39,3.66,3.64,2.68,3.17,3.65,3.91,4.13,3.0
29-2052,Pharmacy Technicians,base_00,3.63,3.61,3.12,3.29,3.85,2.92,3.21,2.95,2.62,4.05,1.93,3.96,3.2,4.1,4.28,2.78,2.98,3.84,3.21,3.61,3.18,3.64,2.99,3.91,1.98,3.64,2.83,3.93,2.74,4.09,2.73,2.07,2.07,3.46,3.03,2.29,2.18,2.54,3.66,3.67,4.17
29-2053,Psychiatric Technicians,base_00,2.34,4.92,3.49,2.85,4.56,1.53,3.49,3.69,2.15,4.2,1.25,4.03,1.87,3.64,4.44,2.09,2.71,4.45,3.15,3.26,1.87,3.78,1.99,3.82,2.19,3.85,2.69,2.37,3.16,3.24,2.74,1.4,1.19,4.5,3.15,2.09,1.6,3.01,3.56,3.38,3.13
29-2055,Surgical Technologists,base_00,2.85,4.49,3.41,2.4,4.34,3.21,3.45,3.45,2.89,3.35,2.43,3.93,3.01,4.42,4.52,2.8,4.42,4.36,4.4,3.37,3.54,3.93,2.76,4.06,2.17,3.76,2.05,3.0,3.71,3.35,2.64,2.75,2.73,3.02,3.0,1.7,1.98,3.05,3.73,4.1,2.85
29-2056,Veterinary Technologists and Technicians,base_00,3.39,4.48,2.9,3.63,3.96,3.22,3.27,3.28,2.67,4.37,2.13,3.63,3.53,3.49,4.34,2.77,3.92,4.51,4.33,3.96,3.6,3.9,2.86,4.23,2.08,3.83,3.08,3.97,4.24,3.45,2.65,2.74,2.83,3.1,2.94,2.98,2.3,2.76,3.54,4.16,3.28
29-2057,Ophthalmic Medical Technicians,base_00,2.82,4.48,3.18,3.0,3.95,2.73,3.09,3.3,2.18,4.33,1.3,3.95,2.23,3.38,4.55,3.0,2.59,3.68,3.38,3.36,2.62,3.25,2.18,3.1,1.29,3.27,2.6,4.55,2.38,3.62,2.81,2.5,2.14,3.09,2.73,1.8,2.32,2.27,3.81,4.09,4.09
29-2061,Licensed Practical and Licensed Vocational Nurses,base_00,3.64,4.57,3.32,3.22,4.12,2.57,3.59,3.64,3.32,4.47,2.01,3.53,2.93,3.68,4.43,3.63,2.85,4.14,3.69,3.44,3.47,4.2,2.48,4.01,1.92,4.2,2.87,3.07,3.54,3.75,2.79,2.19,2.09,3.79,3.44,1.88,2.37,2.93,3.6,4.15,3.77
29-2081,"Opticians, Dispensing",base_00,3.7,4.17,3.87,4.0,4.08,3.29,3.22,3.46,3.09,4.71,2.42,4.17,3.79,4.46,4.52,3.79,3.46,3.91,3.78,4.04,3.88,4.46,3.78,3.62,1.71,3.71,4.05,4.83,2.46,4.04,3.7,2.46,2.67,3.88,3.29,4.54,3.08,3.67,4.0,4.33,4.3
29-2091,Orthotists and Prosthetists,base_00,3.4,4.48,3.19,3.76,4.15,3.62,3.24,3.24,3.1,4.5,3.05,3.95,3.11,3.95,4.1,3.21,3.48,3.86,4.05,3.9,3.53,4.48,3.35,3.57,2.57,4.1,3.85,4.38,3.29,4.1,3.38,2.76,3.24,3.38,3.63,2.76,2.75,4.05,3.38,4.05,4.14
29-2092,Hearing Aid Specialists,base_00,3.19,4.66,2.31,3.68,3.62,2.9,2.74,2.53,2.86,4.12,2.22,4.13,2.91,3.1,4.34,2.26,2.71,4.16,3.62,3.91,3.21,4.05,2.8,3.12,2.0,3.55,3.26,4.37,2.31,2.98,3.05,3.78,2.29,3.29,3.21,3.99,2.01,3.12,2.73,4.26,4.3
29-2099,Neurodiagnostic Technologists,first_detail,3.3800000000000003,4.546666666666667,3.233333333333333,3.3666666666666667,4.3500000000000005,2.8033333333333332,3.466666666666667,3.3766666666666665,2.563333333333333,4.526666666666666,1.6166666666666665,4.253333333333333,2.8033333333333332,3.8466666666666662,4.59,3.0133333333333336,2.953333333333333,4.096666666666667,3.1466666666666665,3.5399999999999996,3.063333333333333,4.1033333333333335,2.7466666666666666,3.7733333333333334,1.54,3.76,3.3833333333333333,3.9933333333333336,2.9133333333333336,3.8366666666666664,2.8266666666666667,2.4,2.07,3.3333333333333335,3.09,2.18,2.53,2.66,3.6533333333333338,4.13,4.326666666666667
29-9091,Athletic Trainers,base_00,2.91,4.88,3.53,3.23,3.8,1.73,2.71,2.98,3.42,4.86,1.72,4.16,3.0,3.6,3.91,2.6,2.72,3.7,3.02,3.07,3.31,4.65,2.46,3.31,1.8,4.01,3.37,2.63,3.68,3.12,2.79,1.74,1.69,2.68,3.48,1.6,1.77,3.98,3.18,4.24,3.2
29-9092,Genetic Counselors,base_00,3.83,4.43,2.91,4.17,4.13,1.17,2.7,2.52,2.57,4.43,1.26,4.22,2.13,3.39,4.68,2.43,1.35,3.39,1.35,4.74,3.26,4.13,1.43,3.04,1.09,4.04,3.39,3.78,1.26,3.91,3.61,1.04,1.0,3.0,2.78,1.61,2.04,2.78,3.65,4.74,4.26
29-9093,Surgical Assistants,base_00,3.31,4.97,3.35,3.0,4.4,3.82,3.0,3.4,3.24,3.74,2.24,4.4,3.54,4.13,4.47,3.14,4.33,4.61,4.33,3.58,3.75,4.54,2.69,4.52,2.38,3.9,2.6,3.82,4.33,3.67,3.37,2.47,2.31,3.26,2.95,2.54,1.9,3.35,3.61,4.27,3.53
29-9099,Midwives,first_detail,3.87,4.72,3.59,3.91,4.19,2.35,3.13,3.68,3.53,4.5,1.81,4.41,3.44,3.92,4.33,3.35,3.1,4.27,3.95,3.93,3.84,4.37,3.06,3.99,2.06,3.88,3.2,4.04,3.63,3.85,3.75,1.78,2.26,3.67,3.79,3.11,2.71,3.31,3.76,4.07,3.5
31-1121,Home Health Aides,base_00,2.96,4.76,3.1,2.35,4.29,2.3,2.94,2.83,2.71,4.18,1.69,3.85,3.15,3.78,4.4,2.13,3.99,4.06,3.53,3.12,3.42,3.52,2.78,3.76,2.72,3.69,2.21,3.1,3.37,3.59,2.6,1.47,1.58,3.2,3.28,1.85,1.97,3.54,2.92,3.66,1.91
31-1122,Personal Care Aides,base_00,3.3,4.95,3.59,4.02,4.12,2.74,3.74,3.76,3.61,4.01,2.45,4.44,3.31,4.11,4.74,2.99,3.9,3.86,3.56,3.82,3.52,3.96,2.78,3.66,3.16,4.0,2.83,3.9,4.07,3.54,2.7,2.34,2.49,3.37,3.28,3.18,2.5,3.65,4.22,3.8,3.47
31-1131,Nursing Assistants,base_00,2.88,4.56,2.94,2.22,4.13,2.63,3.5,3.59,2.57,4.05,1.94,3.93,2.81,3.54,4.16,2.29,3.17,3.7,3.55,3.15,3.11,3.62,2.08,3.75,2.28,3.4,2.49,2.89,3.81,3.33,2.67,1.97,1.94,3.49,2.9,2.15,2.34,3.25,3.32,3.46,3.08
31-1132,Orderlies,base_00,2.42,4.31,2.84,2.3,3.88,2.93,2.6,2.8,2.1,2.79,1.37,3.73,2.31,3.87,3.94,1.86,4.24,3.94,4.16,2.54,3.1,3.07,2.35,3.38,1.97,3.39,1.97,3.0,4.25,3.24,2.55,1.62,1.94,3.12,2.07,1.82,1.73,2.23,3.09,3.03,2.45
31-1133,Psychiatric Aides,base_00,2.68,4.65,3.4,2.45,4.46,1.97,3.12,3.59,3.03,4.41,1.34,3.74,2.5,3.81,4.85,2.83,2.69,4.03,3.18,3.72,2.78,4.07,2.08,4.15,2.9,3.87,3.15,2.89,3.31,2.78,2.84,1.76,1.69,4.09,2.98,1.92,2.1,3.68,4.35,4.11,2.96
31-2011,Occupational Therapy Assistants,base_00,2.96,4.76,3.36,3.46,4.79,2.4,3.4,3.5,3.78,4.79,1.84,4.46,2.44,3.92,4.04,3.1,3.85,4.1,3.35,4.09,3.03,4.2,2.33,4.21,1.47,4.07,2.23,3.82,4.17,3.41,3.18,1.72,1.82,3.52,3.59,2.06,1.71,4.56,3.61,4.35,3.97
31-2012,Occupational Therapy Aides,base_00,3.17,4.82,3.66,3.58,4.4,3.11,3.71,3.8,3.13,3.89,2.41,4.13,2.72,3.95,4.23,3.41,3.54,4.01,3.58,3.88,3.32,3.9,2.85,3.76,2.72,3.88,3.67,4.51,4.31,3.34,3.12,2.62,2.67,3.91,3.76,2.32,2.69,3.52,3.92,3.5,3.9
31-2021,Physical Therapist Assistants,base_00,3.17,4.99,3.23,3.26,4.91,2.66,3.16,3.71,3.13,4.79,2.2,4.63,2.68,4.22,4.21,2.69,3.67,4.65,3.55,3.52,3.49,4.1,2.05,3.6,2.15,3.66,2.56,4.46,4.68,3.51,2.95,2.95,2.19,2.79,3.16,2.18,1.57,3.52,3.4,4.27,4.14
31-2022,Physical Therapist Aides,base_00,2.83,4.98,2.81,3.35,4.43,2.43,3.43,3.55,3.13,3.99,1.71,3.89,2.58,3.57,4.26,2.92,4.07,3.66,3.28,3.49,3.87,3.74,2.31,4.01,1.9,3.4,2.61,4.5,3.65,3.39,2.82,1.61,1.92,2.77,3.06,1.97,1.29,3.51,3.2,3.97,4.01
31-9011,Massage Therapists,base_00,2.69,4.6,2.5,3.04,3.0,1.58,2.19,2.62,3.0,3.81,1.15,4.2,2.12,3.81,4.19,2.27,3.35,3.64,2.62,3.16,3.38,3.88,3.23,3.15,1.15,3.31,3.27,4.52,4.23,2.81,2.92,1.46,1.5,3.12,3.04,2.08,1.96,3.19,2.69,3.58,2.27
31-9091,Dental Assistants,base_00,3.2,4.49,3.57,2.98,4.1,2.84,3.4,3.32,3.16,3.81,2.39,3.75,3.28,3.57,4.55,3.14,3.57,4.37,4.18,3.34,3.91,4.02,2.79,4.02,2.19,3.92,2.95,4.17,3.12,3.54,3.19,2.75,2.72,3.26,4.0,3.05,2.47,3.17,3.54,3.85,4.45
31-9092,Medical Assistants,base_00,4.06,4.58,3.15,3.58,4.43,3.05,2.89,3.0,3.8,4.65,2.99,3.48,3.61,4.24,4.89,3.37,3.06,4.43,4.4,3.55,3.89,4.28,3.17,3.85,2.84,4.31,4.07,3.6,3.32,4.46,3.37,2.99,2.74,3.33,3.58,2.39,2.93,3.35,3.7,4.59,4.68
31-9093,Medical Equipment Preparers,base_00,3.35,3.57,2.88,3.08,4.11,3.85,2.71,2.93,2.8,4.63,1.91,3.41,3.81,4.71,4.36,2.88,4.24,4.31,4.39,3.71,4.12,4.27,2.76,4.62,2.5,4.41,2.64,3.04,3.91,4.47,2.79,2.57,2.49,3.02,3.03,2.21,1.97,3.36,3.31,4.17,3.52
31-9094,Medical Transcriptionists,base_00,3.31,3.61,2.04,2.19,4.3,2.04,1.92,2.32,2.0,4.49,1.11,3.92,2.07,3.82,4.41,2.14,2.27,4.0,2.07,3.19,2.33,3.38,2.44,3.52,1.32,3.76,3.21,2.54,1.86,4.2,1.87,1.24,1.2,2.24,3.3,1.41,1.33,1.63,2.62,3.65,4.84
31-9095,Pharmacy Aides,base_00,2.92,4.06,2.9,3.31,4.39,2.78,3.32,3.65,3.0,3.39,2.28,3.55,3.85,3.36,4.34,3.5,3.29,4.05,3.56,2.97,4.07,4.04,2.25,3.89,2.43,3.35,2.66,3.96,2.9,3.21,2.95,2.38,2.34,3.67,3.03,3.48,2.28,3.23,3.79,4.16,4.51
31-9096,Veterinary Assistants and Laboratory Animal Caretakers,base_00,3.16,4.25,3.06,3.11,4.39,3.61,2.86,3.16,2.54,4.61,1.82,3.55,3.25,3.38,4.14,2.6,3.99,3.96,3.73,3.74,2.9,4.1,2.75,4.19,2.19,3.77,3.1,3.96,4.47,3.6,2.63,2.55,2.49,3.44,3.43,3.65,1.83,3.03,3.48,3.47,3.94
31-9097,Phlebotomists,base_00,3.38,4.57,3.73,3.27,4.41,3.0,3.73,3.64,3.0,4.18,2.36,4.09,2.86,4.18,4.45,3.32,3.36,3.91,3.77,3.64,3.59,4.23,2.86,3.82,2.32,4.14,3.64,4.09,3.73,4.27,2.73,2.55,2.27,3.86,3.73,2.0,2.86,2.95,4.05,4.32,4.41
31-9099,Speech-Language Pathology Assistants,first_detail,3.165,4.23,3.2350000000000003,3.075,4.505,2.75,2.86,2.95,3.2649999999999997,4.29,1.96,3.9,2.8099999999999996,3.825,4.1850000000000005,2.4,3.21,4.035,3.21,3.3,3.115,3.8600000000000003,2.24,4.2,2.49,3.865,2.825,3.22,3.1799999999999997,3.54,2.605,2.325,2.26,3.0549999999999997,3.245,2.08,1.8900000000000001,3.56,3.42,4.125,3.63
33-1011,First-Line Supervisors of Correctional Officers,base_00,3.49,4.04,4.23,3.44,4.58,2.44,4.17,3.83,3.29,4.7,2.5,4.02,3.23,4.44,4.5,4.25,2.78,4.07,3.97,3.84,3.96,4.36,2.98,4.18,3.07,4.06,3.82,3.34,3.62,4.15,3.59,2.34,2.4,4.51,3.96,2.95,3.58,3.15,4.28,3.7,4.08
33-1012,First-Line Supervisors of Police and Detectives,base_00,3.78,4.2,3.93,4.18,4.41,2.87,3.94,3.81,3.8,4.48,2.65,4.23,3.17,4.03,4.7,4.19,3.3,4.2,3.2,3.8,3.39,4.34,3.4,3.54,4.19,3.86,4.05,4.32,3.41,3.95,3.86,2.52,2.57,4.14,3.71,3.3,3.64,3.55,3.9,4.13,4.08
33-1021,First-Line Supervisors of Firefighting and Prevention Workers,base_00,3.5,4.61,4.2,4.02,4.37,3.71,4.28,4.19,3.99,4.33,2.75,4.02,3.73,3.75,4.46,4.4,4.1,4.37,4.48,3.68,4.02,4.61,3.78,4.38,4.45,4.23,3.92,4.58,4.37,3.84,3.72,2.61,3.59,4.19,4.1,3.05,3.72,3.7,4.34,4.31,3.4
33-1091,First-Line Supervisors of Security Workers,base_00,3.13,3.4,3.95,3.38,4.64,2.39,4.32,3.98,3.06,3.82,1.59,3.57,2.88,3.84,3.98,4.12,2.22,4.6,3.58,3.04,3.44,4.61,2.59,3.8,3.25,3.79,3.01,3.45,3.38,3.74,3.03,2.59,2.35,3.89,3.43,2.67,3.24,3.29,3.48,3.43,3.9
33-2011,Firefighters,base_00,3.31,4.48,3.47,3.68,4.06,4.03,3.4,3.69,3.35,4.18,2.51,3.83,3.56,3.59,4.24,3.31,4.2,4.2,4.54,3.24,3.71,4.38,3.08,4.2,4.49,3.59,2.82,4.21,4.33,3.67,3.22,2.91,3.74,3.41,3.07,2.5,2.75,3.29,3.83,4.09,3.08
33-2021,Fire Inspectors and Investigators,base_00,3.66,3.64,3.08,4.53,4.33,2.41,3.3,3.39,3.31,4.59,2.48,4.05,3.37,4.66,4.46,3.02,3.11,4.32,4.38,3.99,3.55,4.2,2.71,3.85,3.42,4.01,3.34,4.61,3.74,3.71,3.09,1.84,2.2,3.45,3.83,2.43,2.46,3.16,3.33,4.53,3.94
33-2022,Forest Fire Inspectors and Prevention Specialists,base_00,3.13,3.49,3.66,3.92,4.46,3.1,3.73,3.97,3.99,4.1,2.35,4.04,3.21,3.72,4.16,3.61,3.83,4.18,4.01,3.38,3.48,4.15,3.07,4.45,4.36,3.88,3.06,4.2,4.43,3.42,3.05,2.31,3.39,3.56,3.23,2.67,2.6,3.17,3.83,3.8,3.44
33-3011,Bailiffs,base_00,3.14,4.06,3.8,3.97,4.46,2.72,3.48,3.16,2.91,4.05,1.74,3.9,2.52,3.35,4.05,3.14,2.84,4.27,3.74,3.19,3.92,4.4,2.3,4.38,3.31,3.67,3.16,4.26,3.94,3.41,3.03,1.98,1.82,4.51,2.89,2.56,2.82,2.98,3.49,4.35,3.57
33-3012,Correctional Officers and Jailers,base_00,3.2,3.75,3.76,3.38,4.21,2.79,3.21,3.57,3.59,4.11,2.37,3.73,2.83,3.84,4.03,3.83,2.74,3.86,3.65,3.15,3.3,4.36,3.28,3.84,3.18,3.89,3.44,3.08,3.4,3.62,3.47,2.65,2.85,4.21,3.3,2.49,3.49,3.63,3.96,3.87,3.81
33-3021,Detectives and Criminal Investigators,base_00,4.003333333333333,3.03,3.22,3.9966666666666666,4.513333333333333,2.11,2.9966666666666666,3.1133333333333333,3.296666666666667,4.34,1.8833333333333335,4.006666666666667,2.6799999999999997,3.61,4.61,2.8433333333333333,2.54,4.206666666666667,2.6533333333333333,3.733333333333333,3.1933333333333334,4.253333333333333,2.1966666666666668,3.59,2.9133333333333336,3.9433333333333334,3.3266666666666667,3.2000000000000006,2.8433333333333333,4.223333333333334,3.1666666666666665,1.7566666666666666,1.6633333333333333,3.4233333333333333,3.0766666666666667,2.3699999999999997,2.18,3.6766666666666663,3.4,4.2700000000000005,4.173333333333333
33-3031,Fish and Game Wardens,base_00,3.2,3.42,3.0,4.6,4.55,2.95,3.05,2.94,3.44,4.36,1.79,4.24,3.04,4.33,4.42,2.22,3.23,4.4,3.56,3.53,3.19,4.47,2.49,4.11,4.67,4.0,3.05,4.37,4.18,3.81,2.58,2.18,2.74,3.96,3.84,3.26,1.65,3.95,3.27,4.08,3.75
33-3041,Parking Enforcement Workers,base_00,3.49,3.94,3.05,3.94,4.4,3.68,3.1,2.87,3.03,4.3,2.55,3.88,2.78,4.25,4.16,2.91,3.31,4.32,3.59,3.28,3.73,3.86,2.46,3.79,4.37,3.59,2.85,4.21,3.29,4.19,2.69,3.34,2.97,3.54,3.48,2.31,2.49,3.33,3.83,3.85,3.5
33-3051,Police and Sheriff's Patrol Officers,base_00,3.96,3.5650000000000004,3.3,4.09,4.465,2.86,3.3200000000000003,3.34,3.26,4.34,1.9749999999999999,3.975,3.25,4.265000000000001,4.654999999999999,3.33,2.9,4.529999999999999,3.505,3.8,4.045,4.48,2.6550000000000002,4.06,3.8899999999999997,3.5949999999999998,3.56,4.58,3.58,4.195,3.14,2.27,2.165,4.12,3.25,2.645,2.44,3.165,3.67,4.25,4.4
33-3052,Transit and Railroad Police,base_00,3.52,4.07,3.51,3.77,4.4,2.24,3.13,3.16,3.58,4.65,1.73,3.75,2.99,3.46,4.2,3.7,3.1,4.4,3.1,3.7,3.48,4.61,2.6,3.76,4.17,3.48,3.3,4.5,4.36,4.41,3.19,2.16,2.02,4.52,3.42,2.76,2.74,3.5,3.71,4.19,3.67
33-9011,Animal Control Workers,base_00,3.76,3.46,3.35,4.54,4.42,2.19,3.32,3.44,3.2,4.58,1.88,4.04,2.62,4.0,4.31,3.19,3.96,4.0,3.54,3.42,3.36,4.72,3.0,3.68,4.38,4.27,3.62,4.56,4.15,4.15,3.48,1.77,2.33,4.08,3.54,2.68,2.46,3.73,3.73,3.92,3.73
33-9021,Private Detectives and Investigators,base_00,4.12,1.92,2.56,3.99,4.12,1.82,2.94,2.52,3.69,4.5,1.72,3.89,3.06,4.09,4.75,2.5,1.8,4.6,2.94,3.39,3.87,4.31,2.82,3.79,3.47,3.81,3.82,3.22,2.4,3.96,2.53,2.4,1.95,3.08,3.78,2.54,1.72,3.48,2.8,4.03,4.34
33-9031,Gambling Surveillance Officers and Gambling Investigators,base_00,3.85,2.82,3.42,3.38,4.58,2.41,3.3,2.94,3.13,4.78,2.02,3.6,3.42,4.25,4.58,2.88,2.65,4.55,3.83,3.82,3.91,4.22,2.29,4.58,1.64,3.95,3.26,2.11,2.39,4.09,3.08,2.23,1.56,2.98,3.23,1.4,1.87,3.3,3.74,4.38,4.62
33-9032,Security Guards,base_00,3.95,4.15,3.5,4.2,4.54,2.61,4.13,3.46,4.11,4.48,2.42,4.45,3.63,4.2,4.58,3.79,2.61,4.76,4.17,3.48,3.42,4.27,3.04,4.02,3.92,4.23,3.35,4.37,3.96,4.11,3.16,2.15,2.07,4.19,3.72,2.67,3.77,3.77,4.24,3.87,4.11
33-9091,Crossing Guards and Flaggers,base_00,2.57,3.44,2.44,2.63,3.29,2.01,2.14,2.19,2.44,2.53,1.56,2.81,2.51,2.84,3.52,1.61,2.81,2.87,2.64,2.42,2.73,2.9,1.8,3.07,2.05,2.66,2.19,3.44,3.39,2.71,2.29,1.35,1.47,3.01,2.69,1.8,1.47,2.33,2.45,2.74,1.98
33-9092,"Lifeguards, Ski Patrol, and Other Recreational Protective Service Workers",base_00,2.34,4.59,3.29,3.34,3.82,2.66,3.02,3.18,2.47,3.91,1.87,3.43,2.75,2.66,3.85,3.3,3.19,3.74,4.06,2.62,3.0,3.88,2.79,3.53,2.83,3.25,2.38,4.1,4.44,2.98,3.06,1.58,2.52,2.88,2.64,2.02,2.43,2.63,3.55,3.82,2.5
33-9093,Transportation Security Screeners,base_00,2.81,2.85,3.23,2.81,3.93,3.12,3.07,3.11,2.44,3.07,1.26,3.26,2.7,3.74,4.22,3.22,3.89,4.11,3.3,3.15,2.81,3.7,2.44,3.41,1.63,2.63,2.35,4.0,3.93,2.78,2.58,2.85,2.04,3.11,2.7,1.7,2.46,2.26,3.52,3.59,3.0
33-9099,Retail Loss Prevention Specialists,first_detail,4.17,3.27,3.4,3.21,4.36,2.28,2.92,3.63,3.41,4.34,1.82,3.91,3.18,4.28,4.35,3.56,2.54,4.43,3.54,3.34,3.57,4.23,2.95,4.07,2.63,4.1,3.61,2.81,2.97,4.4,3.13,2.45,1.91,3.55,3.52,2.41,2.11,3.31,3.72,4.0,3.91
35-1011,Chefs and Head Cooks,base_00,3.08,2.96,3.91,3.0,3.79,3.08,4.08,4.04,3.12,3.17,2.21,3.79,3.21,3.46,3.91,3.88,3.43,3.71,3.38,2.71,3.25,3.88,3.71,3.61,2.54,3.92,3.0,3.38,3.67,3.0,3.17,2.0,2.67,3.71,3.78,2.52,3.38,3.71,4.13,3.25,3.21
35-1012,First-Line Supervisors of Food Preparation and Serving Workers,base_00,3.27,3.24,3.79,3.58,3.78,2.9,3.76,3.72,3.01,3.29,2.4,3.91,3.19,3.93,4.39,3.93,3.19,3.79,3.63,3.39,3.73,3.67,3.37,3.64,2.41,3.82,3.76,3.88,3.63,2.94,3.11,3.14,2.88,3.84,3.74,3.08,3.42,3.18,3.95,3.37,3.48
35-2011,"Cooks, Fast Food",base_00,2.22,2.02,2.53,2.47,3.0,2.4,2.52,2.49,2.33,2.33,1.66,2.23,2.03,2.04,3.0,2.39,2.99,2.86,2.11,2.34,2.48,2.83,2.27,2.84,1.66,2.54,1.73,2.64,2.99,2.88,2.3,1.71,1.97,2.52,2.2,2.35,1.67,2.79,2.74,2.8,2.14
35-2012,"Cooks, Institution and Cafeteria",base_00,3.21,3.68,2.94,2.73,3.82,3.09,3.29,2.85,2.79,3.16,1.3,3.65,3.16,3.65,3.98,3.0,3.36,3.76,3.85,3.07,3.38,3.56,2.65,3.8,1.97,3.76,2.2,2.72,3.53,3.39,2.95,1.34,1.9,3.02,3.1,2.14,2.28,2.73,3.34,3.2,2.02
35-2013,"Cooks, Private Household",base_00,2.36,2.77,2.5,3.0,2.73,2.62,2.69,2.23,2.8,2.85,1.27,3.92,3.28,3.28,3.92,2.65,3.19,3.4,2.77,1.96,3.0,3.65,3.46,3.44,2.42,3.96,3.15,3.12,3.62,3.08,2.04,1.24,1.65,2.77,3.16,3.08,1.76,3.73,2.65,3.32,2.54
35-2014,"Cooks, Restaurant",base_00,1.55,1.77,2.15,1.6,2.64,2.3,2.37,2.12,1.68,1.41,1.25,2.17,2.12,2.35,2.87,2.33,3.39,2.67,2.41,1.79,2.75,2.54,1.84,2.8,1.63,2.64,1.5,1.99,2.99,2.71,1.92,1.35,1.49,1.87,1.69,1.41,1.33,2.18,2.57,1.98,1.48
35-2015,"Cooks, Short Order",base_00,2.22,2.24,2.52,1.93,3.14,2.74,2.51,2.48,2.31,1.91,1.7,3.09,3.21,3.1,3.4,2.21,2.64,2.93,3.18,2.78,3.26,3.11,1.82,2.78,1.56,3.01,1.16,2.87,2.79,3.65,1.78,1.13,1.8,2.53,2.83,2.41,1.48,2.42,2.64,3.26,1.65
35-2021,Food Preparation Workers,base_00,2.38,2.52,3.07,1.79,3.26,2.42,2.81,2.97,2.16,2.43,1.64,3.4,3.37,3.59,3.94,3.38,3.24,2.9,3.01,1.61,2.53,3.66,2.16,3.19,2.14,3.25,1.93,2.63,3.43,2.53,2.22,1.73,1.5,1.97,2.16,1.77,1.71,2.26,3.2,2.43,1.88
35-3011,Bartenders,base_00,2.7,3.44,3.33,3.12,3.49,2.11,3.46,3.16,2.7,3.2,1.54,3.99,3.77,3.31,3.74,3.45,3.65,3.41,3.62,2.39,3.61,3.45,3.55,3.23,1.9,3.4,2.61,4.07,3.36,2.94,2.72,1.9,1.97,3.29,3.0,3.28,2.56,3.33,3.66,3.22,2.57
35-3023,Fast Food and Counter Workers,base_00,2.26,2.9299999999999997,2.4699999999999998,2.5949999999999998,3.625,3.2800000000000002,2.745,2.565,2.5650000000000004,2.375,1.4300000000000002,3.37,2.42,2.435,3.435,2.3899999999999997,3.215,3.0,2.62,2.2750000000000004,2.84,3.01,2.265,3.075,1.565,2.96,1.7799999999999998,3.91,3.135,2.705,2.2750000000000004,1.95,2.0,3.21,2.4850000000000003,2.92,1.87,2.385,3.16,2.605,2.545
35-3031,Waiters and Waitresses,base_00,2.32,3.16,2.43,2.35,3.62,2.17,3.06,2.96,1.95,1.32,1.12,3.16,2.57,3.05,3.27,2.38,3.67,3.88,2.79,2.65,3.47,2.65,2.04,2.78,1.32,2.56,1.59,3.99,3.76,2.33,2.08,1.74,1.29,3.03,1.79,3.05,1.48,2.75,2.42,3.09,3.0
35-3041,"Food Servers, Nonrestaurant",base_00,3.17,3.64,3.21,3.21,3.82,3.08,2.93,2.73,2.28,2.79,1.63,3.44,2.44,3.15,4.27,2.78,3.79,4.38,3.29,2.48,3.08,3.31,2.92,3.33,1.69,3.31,2.19,4.09,3.93,3.15,2.68,1.7,1.65,3.21,2.26,2.31,1.93,2.69,3.25,2.9,2.8
35-9011,Dining Room and Cafeteria Attendants and Bartender Helpers,base_00,2.43,3.34,2.9,2.45,3.93,2.34,3.09,3.17,2.82,2.42,1.98,3.73,2.65,2.49,3.39,2.57,2.86,3.29,2.62,2.5,3.03,3.03,2.57,2.86,1.82,3.04,2.04,3.86,2.62,2.88,2.27,2.17,2.35,3.27,3.13,2.69,2.4,2.99,3.13,2.74,3.04
35-9021,Dishwashers,base_00,2.43,2.84,2.73,1.74,3.04,2.63,2.48,2.53,2.36,1.97,1.91,2.49,2.38,2.85,2.85,2.23,3.4,2.79,3.11,1.87,3.31,2.99,2.3,2.89,2.32,2.6,2.25,2.14,3.04,2.09,2.48,2.21,2.56,2.42,2.63,1.69,2.22,2.19,3.07,2.17,1.95
35-9031,"Hosts and Hostesses, Restaurant, Lounge, and Coffee Shop",base_00,2.57,3.32,2.79,2.83,3.17,2.74,3.17,2.67,2.15,2.61,1.55,3.96,3.11,2.59,3.86,2.19,3.22,3.66,3.45,2.22,3.72,3.2,2.42,3.58,1.34,2.84,1.64,3.61,3.7,2.74,2.14,1.75,1.33,3.58,2.01,2.77,1.93,2.15,2.77,2.56,2.09
37-1011,First-Line Supervisors of Housekeeping and Janitorial Workers,base_00,3.24,4.13,4.19,2.43,4.55,3.24,4.44,4.09,3.36,3.47,2.63,4.06,3.44,3.77,4.2,4.37,3.64,3.85,4.37,3.8,3.55,4.11,4.04,3.73,2.56,3.89,3.84,3.69,3.51,3.61,3.59,3.05,2.78,3.78,3.91,3.32,3.67,3.28,4.27,3.74,3.74
37-1012,"First-Line Supervisors of Landscaping, Lawn Service, and Groundskeeping Workers",base_00,2.89,2.74,3.87,3.64,4.32,3.59,4.36,3.97,3.51,4.0,3.08,3.82,3.53,4.17,4.26,4.15,3.95,4.16,4.08,3.59,3.83,4.33,3.86,4.16,4.32,4.08,3.02,3.76,3.96,3.72,3.55,3.05,3.54,3.5,4.44,2.79,3.6,3.65,3.82,3.97,2.93
37-2011,"Janitors and Cleaners, Except Maids and Housekeeping Cleaners",base_00,2.73,2.97,2.95,2.17,4.15,2.78,3.34,3.52,3.26,3.1,1.69,3.0,2.88,3.17,3.63,2.76,3.6,3.41,3.73,2.95,3.02,3.72,3.08,3.47,2.32,3.88,2.33,2.82,3.78,3.22,2.84,2.69,2.87,3.07,3.3,2.21,2.39,3.33,3.29,3.05,2.76
37-2012,Maids and Housekeeping Cleaners,base_00,2.19,3.4,2.55,2.32,3.31,2.46,2.68,2.48,2.27,2.6,1.41,2.83,2.06,2.62,3.29,2.08,3.17,2.83,2.85,2.8,2.46,2.52,2.56,2.82,1.53,3.06,1.56,3.31,3.85,2.65,1.89,2.02,2.3,2.63,2.64,1.97,1.76,2.19,2.55,2.56,1.72
37-2021,Pest Control Workers,base_00,2.86,2.5,2.53,3.87,4.0,2.74,2.48,2.75,3.09,3.64,1.72,3.69,3.18,3.53,4.3,2.6,3.53,4.29,4.15,2.78,3.12,4.05,2.74,3.79,4.2,3.59,2.7,3.89,3.75,3.32,2.51,1.86,2.73,3.25,3.53,3.25,1.97,3.36,2.93,3.74,2.5
37-3011,Landscaping and Groundskeeping Workers,base_00,2.28,3.31,3.14,1.62,2.83,3.79,2.96,2.69,2.49,1.95,1.27,3.65,2.47,3.22,3.6,1.94,3.9,3.41,3.45,1.73,2.66,3.44,1.89,2.75,3.34,3.44,1.56,2.26,3.62,2.4,1.67,1.56,3.39,2.24,3.08,2.04,1.58,3.38,2.65,3.55,1.25
37-3012,"Pesticide Handlers, Sprayers, and Applicators, Vegetation",base_00,2.82,2.85,3.08,3.65,3.66,3.48,2.93,2.67,3.03,3.95,1.83,3.49,3.31,3.55,4.08,2.74,4.01,4.01,3.89,2.91,3.33,3.74,2.99,4.18,4.31,3.61,2.79,4.01,4.02,3.33,2.78,1.94,3.49,3.15,3.39,3.23,2.22,3.09,3.2,3.53,2.31
37-3013,Tree Trimmers and Pruners,base_00,2.56,3.08,2.77,2.44,3.43,3.88,2.75,2.42,2.92,2.11,1.97,2.74,3.15,3.6,4.11,2.7,4.01,3.83,4.74,2.91,3.44,3.83,2.42,3.96,4.56,2.83,1.89,2.74,4.22,2.92,2.26,1.9,3.41,2.58,3.03,2.25,1.65,3.07,3.28,3.45,1.44
39-1013,First-Line Supervisors of Gambling Services Workers,base_00,2.63,2.83,3.23,2.51,3.85,2.13,2.9,3.18,2.34,3.34,1.36,3.34,2.27,3.55,3.76,3.65,2.56,3.17,2.41,2.77,2.91,3.36,1.94,3.01,1.44,3.22,2.95,4.51,2.85,3.03,2.45,1.98,1.75,3.54,2.71,2.22,2.28,2.29,3.0,2.98,3.66
39-1022,First-Line Supervisors of Personal Service Workers,base_00,3.27,3.27,3.53,3.53,4.26,2.43,3.35,3.1,3.18,4.06,1.76,3.53,3.31,4.02,4.48,3.36,2.86,4.24,3.9,3.39,3.59,4.06,2.67,3.84,2.3,3.32,3.87,3.46,2.75,3.51,2.7,2.03,1.85,3.42,3.46,2.84,3.54,3.07,3.71,3.62,4.14
39-2011,Animal Trainers,base_00,2.59,3.1,3.4,3.67,3.85,1.68,3.17,2.93,3.31,3.53,1.36,3.84,2.54,2.96,3.68,2.83,3.36,3.82,2.54,3.59,3.65,4.18,2.69,3.3,2.55,3.5,3.01,3.99,4.13,2.69,3.59,1.33,1.45,3.23,3.3,3.3,2.13,3.91,4.03,3.32,2.62
39-2021,Animal Caretakers,base_00,2.42,3.27,2.59,3.24,4.22,2.14,2.62,2.73,2.89,3.58,1.35,3.57,2.64,3.01,4.38,2.24,3.85,4.01,3.55,3.22,3.12,3.71,2.49,3.8,2.4,3.6,2.59,3.36,4.19,3.45,2.49,1.56,1.82,2.92,2.96,2.23,1.68,3.36,2.98,3.38,2.93
39-3011,Gambling Dealers,base_00,1.81,2.55,2.62,2.61,3.43,2.12,2.23,2.43,1.46,1.97,1.15,3.37,1.43,2.65,3.02,2.09,2.96,2.85,1.78,2.46,2.47,2.37,1.86,2.17,1.27,1.65,1.57,3.75,2.53,2.43,2.2,1.4,1.08,2.71,1.98,1.86,1.22,1.75,2.49,2.37,1.51
39-3012,Gambling and Sports Book Writers and Runners,base_00,2.06,3.23,2.59,3.1,3.59,2.31,3.01,2.57,1.95,2.51,1.39,3.51,2.07,2.71,3.66,2.52,2.15,3.17,2.63,2.61,2.57,2.98,2.02,3.14,1.46,2.33,2.78,4.12,2.32,3.32,1.97,2.1,1.89,2.84,2.36,2.72,1.99,2.35,3.02,3.05,2.75
39-3021,Motion Picture Projectionists,base_00,2.07,1.92,2.37,2.39,3.82,3.58,2.44,1.89,1.6,2.16,1.86,2.73,1.96,2.36,3.59,2.29,3.02,3.04,3.74,1.8,2.59,3.16,2.08,3.36,1.22,2.77,2.08,3.15,2.65,2.74,2.19,3.15,2.8,2.2,2.83,1.53,1.67,1.95,3.01,2.98,4.14
39-3031,"Ushers, Lobby Attendants, and Ticket Takers",base_00,2.04,3.11,2.47,3.0,3.17,2.86,2.52,2.57,1.84,2.75,1.28,3.17,2.21,2.32,3.57,2.31,2.41,3.26,2.54,2.32,2.48,2.96,2.2,2.66,1.25,2.3,2.32,3.98,2.56,2.32,2.06,2.02,1.82,3.11,2.4,2.89,1.74,2.27,2.82,2.89,2.7
39-3091,Amusement and Recreation Attendants,base_00,2.38,3.13,2.79,3.06,3.64,2.14,2.47,3.07,2.69,2.88,1.56,3.33,2.07,3.12,3.87,2.12,2.73,3.26,3.68,2.89,3.23,3.36,1.92,2.64,1.66,3.11,2.55,4.45,3.37,3.33,1.93,1.67,1.74,2.78,2.85,3.24,1.91,3.55,3.34,3.0,3.24
39-3092,Costume Attendants,base_00,2.67,3.19,2.65,1.95,4.19,3.04,3.39,3.02,2.61,2.88,2.1,3.78,3.09,2.16,4.17,2.86,4.07,4.04,3.12,3.14,3.14,4.1,2.7,3.34,1.55,3.71,2.29,1.6,3.63,3.17,2.54,1.46,2.13,2.98,2.81,1.45,1.99,4.24,2.76,3.09,2.4
39-3093,"Locker Room, Coatroom, and Dressing Room Attendants",base_00,1.7,2.7,2.18,2.46,2.98,2.05,2.59,2.39,1.48,1.4,1.24,3.87,1.74,2.29,3.87,1.82,2.89,3.0,2.27,1.79,3.19,2.69,2.25,2.81,2.14,2.36,1.42,3.79,3.08,2.11,1.87,1.59,1.6,2.96,1.75,1.69,1.69,2.32,2.16,2.38,1.46
39-4011,Embalmers,base_00,2.96,4.55,2.5,3.85,3.82,3.27,3.06,2.53,2.96,4.41,1.64,3.84,3.08,4.04,4.16,2.11,4.3,3.93,3.37,2.83,3.52,4.3,2.72,3.8,3.63,3.7,3.18,3.9,3.68,3.95,2.07,1.63,2.11,2.88,3.14,2.23,1.7,3.27,2.82,4.0,3.35
39-4021,Funeral Attendants,base_00,2.38,4.24,2.49,3.49,4.14,2.57,2.84,2.91,1.81,3.03,1.64,3.86,2.11,2.87,3.88,1.95,4.02,3.29,3.0,2.94,2.73,3.33,2.27,3.33,3.85,2.75,2.39,4.41,3.49,2.7,2.14,1.76,2.16,2.5,2.16,1.93,1.51,2.45,2.61,2.7,2.5
39-4031,"Morticians, Undertakers, and Funeral Arrangers",base_00,2.73,4.43,2.79,4.07,4.33,3.02,3.71,3.72,2.92,4.46,2.0,4.53,2.9,3.73,4.57,3.46,4.22,3.52,3.32,3.35,3.64,4.35,3.09,2.97,3.61,4.36,4.1,4.69,3.86,3.77,3.91,1.93,2.27,3.96,4.37,3.59,2.8,3.83,2.74,3.95,3.7
39-5011,Barbers,base_00,2.44,3.46,1.96,3.06,2.35,2.93,2.51,2.22,2.56,1.71,1.25,3.75,2.59,3.2,3.02,1.89,3.45,2.64,3.13,2.27,3.21,3.39,2.11,2.61,1.49,2.52,1.67,4.67,3.85,2.75,2.41,2.58,2.68,2.79,3.03,2.27,1.74,3.88,2.08,3.27,1.43
39-5012,"Hairdressers, Hairstylists, and Cosmetologists",base_00,3.0,3.93,2.96,3.56,3.38,2.48,2.97,3.23,2.65,3.33,2.06,3.98,2.76,2.77,3.59,2.6,3.17,3.53,2.37,3.37,2.4,3.79,2.5,3.22,2.2,3.56,2.67,4.27,3.49,2.56,3.09,2.36,2.34,3.62,3.2,3.99,2.3,3.83,3.54,3.9,2.95
39-5091,"Makeup Artists, Theatrical and Performance",base_00,2.48,3.62,3.1,3.05,4.43,1.71,3.52,3.5,2.9,3.43,1.75,4.6,2.71,2.75,4.38,3.1,3.35,3.24,3.15,2.52,3.33,4.24,3.29,3.9,1.9,3.95,3.24,2.86,3.19,2.95,2.95,1.52,1.65,3.38,3.81,2.57,2.58,4.57,3.43,3.7,2.57
39-5092,Manicurists and Pedicurists,base_00,1.4,2.97,2.37,2.13,2.25,2.25,2.31,1.75,1.78,2.24,1.71,3.2,2.1,2.16,2.66,2.03,2.08,2.69,2.33,2.24,2.66,2.09,2.29,1.74,1.84,2.48,1.78,3.45,2.45,1.68,2.52,1.92,1.76,3.01,2.45,2.43,1.86,2.67,2.19,2.73,2.0
39-5093,Shampooers,base_00,2.41,3.53,2.54,2.9,3.75,2.31,3.05,2.47,2.39,2.34,1.7,3.3,2.82,2.21,3.07,2.76,2.76,3.19,3.14,2.73,2.65,2.86,2.12,3.76,1.54,3.28,2.32,3.65,3.18,2.74,2.5,1.68,1.47,3.18,2.82,3.0,2.23,2.78,2.85,3.25,1.75
39-5094,Skincare Specialists,base_00,2.94,4.53,3.46,3.28,4.26,3.51,3.79,3.59,3.14,2.87,2.07,4.36,3.13,3.9,3.85,2.51,3.41,3.47,4.09,2.62,4.0,3.34,2.98,4.2,1.69,4.32,3.9,3.95,3.73,3.03,3.97,2.06,1.89,3.79,4.25,4.32,2.26,3.46,3.96,4.32,3.88
39-6011,Baggage Porters and Bellhops,base_00,2.92,4.08,3.3,3.8,3.9,3.51,3.02,3.29,2.56,3.38,1.65,3.52,2.83,3.2,4.22,2.69,4.35,3.98,4.03,2.84,3.43,3.59,2.58,3.37,4.27,3.34,2.52,4.68,3.86,3.4,3.23,1.9,2.64,3.09,3.48,3.2,2.36,2.89,3.26,3.38,3.17
39-6012,Concierges,base_00,2.9,3.86,3.32,4.18,3.95,1.68,3.43,3.23,2.77,3.77,1.5,4.35,3.0,3.27,4.59,3.41,2.09,3.73,2.57,2.91,3.62,4.1,2.41,3.09,2.0,3.82,3.14,4.18,2.36,3.27,3.45,1.5,1.36,3.27,3.45,3.05,2.59,3.9,3.38,3.95,3.73
39-7011,Tour Guides and Escorts,base_00,2.39,2.67,2.48,4.0,3.62,1.61,2.66,2.27,2.36,2.63,1.12,3.94,2.3,2.62,4.23,1.97,1.97,3.99,2.33,3.29,2.34,3.14,1.66,2.66,1.88,2.32,1.83,4.29,2.22,2.94,1.89,1.46,1.2,2.27,2.82,1.92,1.39,2.94,3.15,3.29,2.39
39-7012,Travel Guides,base_00,2.75,3.58,2.7,4.52,3.19,2.77,2.7,3.0,3.21,3.59,1.53,4.23,3.0,2.88,4.35,2.56,3.19,4.39,3.13,2.87,3.54,4.09,2.72,4.27,2.89,3.33,2.79,4.62,3.35,3.23,2.32,2.07,2.08,3.53,3.28,3.22,1.86,4.13,3.44,3.57,2.82
39-9011,Childcare Workers,base_00,2.205,4.475,3.17,2.555,3.8,1.58,3.1900000000000004,2.77,2.855,3.185,1.325,3.8600000000000003,2.0949999999999998,2.85,3.69,2.735,3.05,3.295,2.9699999999999998,2.56,2.7,3.95,2.42,3.25,2.125,3.55,2.075,2.405,3.7199999999999998,2.7199999999999998,2.475,1.4649999999999999,1.4849999999999999,3.5300000000000002,3.5,2.0300000000000002,1.63,3.795,3.3200000000000003,3.285,1.82
39-9031,Exercise Trainers and Group Fitness Instructors,base_00,2.52,3.9,3.86,2.4,3.67,2.33,2.33,2.76,3.48,2.86,1.62,4.14,2.24,3.29,3.95,2.52,3.57,3.05,3.43,3.24,2.71,3.57,2.14,3.05,1.48,3.81,2.76,4.1,4.52,2.76,3.0,1.86,1.8,2.9,3.15,3.1,2.05,4.1,4.0,4.24,2.67
39-9032,Recreation Workers,base_00,3.51,3.71,3.64,3.61,4.38,2.47,3.99,3.96,3.72,4.01,1.67,4.18,3.26,3.79,4.56,3.31,3.06,3.62,3.28,3.54,3.72,4.18,3.76,4.13,2.48,4.16,3.57,3.92,3.65,4.0,3.56,2.41,2.34,3.88,4.3,3.14,3.36,4.52,3.71,4.05,3.86
39-9041,Residential Advisors,base_00,3.11,4.75,3.53,3.49,4.18,1.86,3.81,3.61,3.46,3.93,1.7,4.35,2.99,3.89,4.09,3.29,2.71,4.12,3.69,3.12,3.24,4.0,3.05,4.02,2.23,4.43,3.75,3.47,3.12,3.72,2.92,1.84,1.66,3.7,3.73,2.56,2.65,3.31,3.45,3.29,3.57
41-1011,First-Line Supervisors of Retail Sales Workers,base_00,3.17,3.12,3.89,3.67,3.82,2.28,3.81,3.59,2.73,2.95,1.17,3.81,2.46,3.17,3.8,3.67,2.9,3.73,2.39,3.01,3.16,3.93,2.59,3.35,1.64,3.56,3.14,4.08,2.8,2.89,2.78,1.57,1.44,3.89,3.44,3.28,3.08,2.67,4.09,3.13,3.24
41-1012,First-Line Supervisors of Non-Retail Sales Workers,base_00,3.83,2.9,4.4,3.76,4.57,2.81,3.86,3.85,4.06,3.54,1.4,3.75,2.83,3.75,4.38,4.38,2.27,4.28,2.71,3.39,3.72,4.39,2.93,3.56,2.39,3.75,3.21,2.9,2.18,3.75,3.5,1.95,1.7,3.77,3.79,3.72,3.22,3.22,4.21,3.54,4.25
41-2011,Cashiers,base_00,2.36,2.42,2.43,3.03,3.03,2.49,2.14,2.14,1.73,2.37,1.46,3.13,2.01,2.57,4.19,1.91,2.68,2.95,2.02,2.14,2.27,2.75,2.17,2.92,1.64,2.42,2.6,4.02,2.58,2.29,2.18,1.53,1.34,2.44,1.94,2.43,1.95,2.23,2.67,2.57,2.87
41-2012,Gambling Change Persons and Booth Cashiers,base_00,2.89,3.14,3.31,2.85,4.02,2.67,3.21,3.38,2.3,3.4,2.63,3.87,2.49,3.95,4.08,3.17,2.84,3.26,3.12,2.87,3.3,3.72,2.81,3.23,1.77,3.45,3.06,4.4,3.01,3.83,2.83,2.68,2.65,3.96,2.81,1.98,1.93,2.23,3.42,3.4,3.78
41-2021,Counter and Rental Clerks,base_00,2.97,3.19,2.91,3.39,3.84,2.66,2.69,2.97,2.96,4.23,2.03,3.18,2.84,2.78,3.44,2.54,2.89,3.76,3.36,3.03,3.27,3.77,2.97,3.18,3.42,3.19,2.55,4.44,2.67,4.1,2.47,2.45,2.71,3.37,2.35,3.52,2.08,3.21,3.03,2.87,3.7
41-2022,Parts Salespersons,base_00,3.18,2.97,2.93,4.3,3.95,3.01,3.42,3.16,3.18,4.0,2.74,3.92,2.53,2.87,4.36,3.02,3.46,3.84,2.73,3.44,2.99,4.23,3.22,3.66,3.21,3.7,3.53,4.28,3.05,3.7,3.0,2.81,2.53,3.56,3.55,3.69,2.63,3.29,3.4,3.91,4.48
41-2031,Retail Salespersons,base_00,2.75,3.05,2.51,2.82,3.65,2.97,2.88,2.79,2.82,2.73,1.42,4.01,2.7,2.75,4.09,2.33,3.44,3.6,2.53,2.99,3.37,3.88,1.88,3.33,1.85,3.14,2.38,4.71,3.01,3.1,2.26,1.88,1.88,3.45,2.6,4.4,1.57,3.08,2.64,3.55,3.46
41-3011,Advertising Sales Agents,base_00,2.98,2.36,2.57,4.72,3.98,1.47,2.54,2.76,3.45,3.32,1.25,4.52,2.76,3.05,4.24,2.3,1.63,3.21,1.76,2.98,3.27,3.97,2.16,3.14,2.53,4.19,3.54,4.27,2.09,3.47,3.23,1.4,1.06,4.1,3.35,4.94,1.82,4.31,2.36,3.7,4.12
41-3021,Insurance Sales Agents,base_00,3.26,2.05,2.06,3.25,3.29,1.46,2.34,2.61,3.33,3.14,1.42,4.22,2.46,3.47,4.02,2.21,1.67,3.11,2.07,3.02,3.13,3.46,2.08,3.04,1.99,3.68,3.31,3.41,1.66,3.36,2.62,1.46,1.22,3.02,3.22,4.01,1.6,3.13,2.16,3.3,3.88
41-3031,"Securities, Commodities, and Financial Services Sales Agents",base_00,3.9,2.03,2.66,3.98,3.85,1.53,2.76,2.74,3.08,3.63,1.11,4.23,2.91,3.96,4.27,2.56,1.26,3.7,1.58,3.75,3.4,4.08,2.47,3.19,1.51,3.88,3.08,3.49,1.62,4.08,2.95,1.24,1.19,3.29,2.99,3.73,1.69,3.17,2.59,4.01,4.42
41-3041,Travel Agents,base_00,3.5,2.4,2.62,4.23,3.78,1.44,2.78,1.96,2.41,3.76,1.55,3.93,2.82,2.58,4.56,2.46,1.59,2.83,2.18,3.3,3.43,3.53,2.42,2.62,1.48,3.47,3.76,4.07,1.34,3.89,2.55,1.71,1.87,3.42,2.95,3.76,2.22,3.03,2.93,3.8,4.6
41-4011,"Sales Representatives, Wholesale and Manufacturing, Technical and Scientific Products",base_00,3.065,2.21,2.35,3.7,3.685,1.7349999999999999,2.9850000000000003,2.6799999999999997,3.1550000000000002,2.935,1.9849999999999999,4.1850000000000005,2.92,3.1950000000000003,4.12,2.06,1.755,3.2750000000000004,2.465,3.07,2.815,3.435,2.01,2.9299999999999997,2.12,3.7199999999999998,2.96,2.465,1.955,3.17,2.66,1.615,1.34,3.12,3.0549999999999997,3.9699999999999998,1.7399999999999998,2.8449999999999998,2.63,3.34,3.825
41-4012,"Sales Representatives, Wholesale and Manufacturing, Except Technical and Scientific Products",base_00,2.81,2.95,2.58,3.94,4.22,2.44,2.76,2.19,2.96,3.92,1.48,4.27,2.99,3.02,4.47,2.45,3.24,4.19,2.01,2.58,3.15,4.41,2.81,4.04,4.0,3.71,3.31,3.79,3.45,3.75,2.31,1.07,1.05,3.66,3.12,4.88,1.15,3.93,2.22,4.4,4.07
41-9011,Demonstrators and Product Promoters,base_00,2.8,2.67,2.64,4.07,3.81,2.58,2.73,3.26,2.73,2.85,1.91,4.14,2.74,2.52,3.58,2.43,3.08,3.26,3.14,3.01,3.49,3.36,2.1,2.68,1.6,3.13,2.68,4.74,3.13,2.56,2.61,1.75,1.5,2.41,2.48,4.72,2.16,3.31,3.07,2.99,2.02
41-9012,Models,base_00,1.26,1.87,1.33,1.67,2.42,1.26,1.9,1.63,1.5,2.26,1.22,3.16,1.25,1.5,2.82,1.49,2.29,2.11,1.57,1.74,1.84,1.99,1.24,1.74,1.26,2.63,1.6,2.55,4.43,1.85,1.64,1.21,1.21,1.6,2.97,1.82,1.31,3.52,1.53,2.06,1.38
41-9021,Real Estate Brokers,base_00,3.74,2.52,2.86,3.79,3.61,1.69,3.01,2.48,3.22,3.74,1.29,4.32,3.05,3.72,4.38,2.6,1.47,3.75,2.72,3.02,3.41,3.75,2.81,3.2,2.26,3.81,3.8,3.17,1.62,3.71,3.21,1.6,1.19,3.53,3.0,3.78,2.27,3.73,2.79,4.28,3.9
41-9022,Real Estate Sales Agents,base_00,3.5,3.26,3.32,4.3,3.85,1.6,3.5,3.74,3.6,3.65,1.55,4.4,2.4,3.55,4.3,2.95,2.0,3.42,2.79,3.8,3.2,4.35,2.8,3.3,3.7,4.3,3.63,4.2,2.55,3.45,3.63,1.75,1.6,4.65,3.95,4.3,2.58,3.85,3.16,4.21,4.4
41-9031,Sales Engineers,base_00,3.55,2.0,2.54,4.44,3.96,1.7,2.51,2.34,3.25,3.3,2.23,4.0,4.07,3.62,4.4,2.44,1.42,4.21,1.75,3.42,3.15,3.85,1.83,2.23,1.82,3.63,2.86,2.59,1.54,3.39,3.52,1.9,1.58,2.99,2.67,4.32,1.61,3.95,3.34,3.87,4.19
41-9041,Telemarketers,base_00,3.81,3.7,2.2,4.46,4.21,1.92,2.49,2.62,3.68,3.36,1.39,3.94,2.71,3.56,4.34,2.56,2.0,4.0,2.16,3.47,3.18,4.02,1.67,3.24,1.43,3.64,2.55,3.0,1.31,4.08,2.8,1.8,1.56,3.75,3.04,4.85,1.22,3.54,2.89,4.17,3.61
41-9091,"Door-to-Door Sales Workers, News and Street Vendors, and Related Workers",base_00,1.88,2.54,3.65,3.83,3.3,1.42,2.65,3.57,3.0,2.92,1.12,4.26,2.08,2.17,3.71,3.39,2.38,2.62,1.58,2.57,2.46,2.75,2.25,2.67,2.13,3.65,3.04,4.46,2.18,2.83,2.61,1.29,1.12,3.08,3.3,4.58,2.48,2.88,3.39,3.0,3.52
43-1011,First-Line Supervisors of Office and Administrative Support Workers,base_00,3.98,3.19,3.97,3.59,4.2,2.33,3.6,3.66,3.51,3.98,1.4,3.7,2.96,3.95,4.29,3.73,2.68,3.95,2.98,3.44,3.69,4.21,3.69,3.75,1.94,3.71,3.48,3.05,2.72,4.2,3.47,1.85,1.75,3.86,3.34,2.41,3.75,3.55,3.63,3.65,4.47
43-2011,"Switchboard Operators, Including Answering Service",base_00,2.35,2.54,2.02,2.92,4.04,1.17,1.9,2.72,1.53,3.25,1.16,3.14,1.62,3.44,4.48,1.93,1.3,4.17,1.88,2.07,2.49,2.9,2.18,2.95,1.17,2.11,3.7,3.96,1.35,3.25,1.93,1.46,1.17,2.67,2.03,1.31,1.57,1.87,2.18,3.07,3.79
43-2021,Telephone Operators,base_00,2.83,3.19,2.76,3.31,3.91,2.09,1.91,2.29,2.71,4.04,1.64,3.49,2.67,3.09,4.49,2.17,1.75,3.28,2.47,3.57,3.25,2.87,1.8,2.87,1.36,3.09,2.47,4.11,1.99,4.06,2.31,2.29,1.51,2.83,2.68,1.63,2.28,2.37,3.28,3.86,4.38
43-3011,Bill and Account Collectors,base_00,2.8,2.32,2.5,3.13,3.9,1.43,2.3,2.83,2.77,3.92,1.16,3.58,2.61,2.91,3.65,2.88,1.98,3.3,2.56,2.74,2.85,3.42,2.31,3.18,1.05,3.95,3.47,2.5,2.14,3.05,2.24,1.21,1.15,3.66,2.62,1.86,1.55,2.41,2.98,3.1,4.16
43-3021,Billing and Posting Clerks,base_00,3.24,2.6,2.43,3.79,4.28,1.63,2.65,2.27,2.28,3.6,1.26,2.73,1.84,3.9,4.53,1.89,2.11,2.77,1.59,2.85,1.72,3.39,1.5,2.86,1.49,3.72,3.75,2.17,1.6,4.28,2.27,1.31,1.24,2.78,2.54,1.53,1.43,2.48,2.54,4.09,4.67
43-3031,"Bookkeeping, Accounting, and Auditing Clerks",base_00,3.13,2.16,2.19,3.57,3.82,1.89,2.57,2.38,2.57,4.05,1.09,3.97,2.48,3.34,4.26,1.91,1.79,3.7,1.67,2.75,2.23,3.48,2.73,3.33,1.27,3.71,3.68,3.08,1.65,3.72,2.47,1.17,1.13,3.01,2.64,1.6,2.1,2.43,2.41,3.44,4.46
43-3041,Gambling Cage Workers,base_00,2.92,2.46,3.12,2.92,3.64,3.04,3.2,3.1,2.27,3.42,1.63,3.21,2.47,3.58,4.04,2.88,2.86,3.41,3.01,3.03,2.71,3.57,2.81,2.95,1.36,2.85,2.92,3.9,3.17,3.27,2.18,2.15,1.88,3.1,2.25,1.82,2.21,2.14,3.49,3.25,4.07
43-3051,Payroll and Timekeeping Clerks,base_00,3.45,2.9,1.77,2.81,4.0,1.86,2.07,2.72,2.25,3.86,1.33,3.59,2.04,3.73,4.25,1.96,1.78,3.49,1.69,3.02,2.52,3.62,1.69,2.95,1.43,3.65,4.19,1.66,1.69,4.32,2.32,1.36,1.33,2.7,2.49,1.63,2.18,2.73,2.8,3.7,4.37
43-3061,Procurement Clerks,base_00,3.61,2.91,2.89,3.69,4.25,2.23,2.52,2.05,3.13,3.43,1.57,3.93,2.41,3.23,4.19,2.64,2.54,3.69,2.28,2.74,2.79,3.67,3.1,3.32,1.57,3.53,3.73,2.38,2.31,3.97,2.66,1.75,1.44,3.13,3.47,2.33,2.06,2.71,2.7,3.86,4.48
43-3071,Tellers,base_00,3.7,3.32,2.62,3.26,4.16,2.89,2.93,2.87,2.81,3.65,1.97,4.2,3.13,4.16,4.06,2.69,2.52,3.8,2.99,3.32,3.48,3.92,2.54,3.55,1.77,3.47,2.75,4.32,2.51,3.98,2.55,2.42,1.75,3.93,3.19,3.67,2.1,2.8,2.7,3.87,4.28
43-4011,Brokerage Clerks,base_00,3.3,2.05,2.12,3.99,3.2,1.3,1.99,2.17,2.23,3.08,1.01,3.78,2.69,3.71,4.3,1.69,1.41,3.38,1.68,2.76,2.19,3.55,1.64,2.7,1.05,3.33,2.95,1.94,1.55,4.09,2.24,1.01,1.02,2.55,2.05,2.38,1.13,2.07,2.37,3.45,4.19
43-4021,Correspondence Clerks,base_00,3.27,2.73,2.25,3.75,4.13,2.0,2.46,2.54,2.54,3.98,1.27,3.76,2.62,2.71,4.07,2.22,1.98,3.54,2.2,2.94,2.55,3.63,2.3,3.14,1.46,3.98,4.0,3.08,1.93,3.92,2.42,1.53,1.24,2.75,2.72,1.78,1.54,2.53,2.54,3.3,4.52
43-4031,"Court, Municipal, and License Clerks",base_00,3.27,2.73,2.64,3.71,4.11,2.23,2.66,2.77,2.49,4.02,1.52,3.73,2.22,3.63,4.28,2.35,2.1,3.26,2.27,2.99,2.37,3.5,2.28,3.33,1.29,3.64,3.64,4.15,1.85,4.06,2.52,1.73,1.48,3.11,2.97,1.31,1.91,2.53,3.17,3.8,4.62
43-4041,"Credit Authorizers, Checkers, and Clerks",base_00,3.66,2.62,3.08,4.37,4.33,1.23,3.18,3.44,2.85,4.16,1.21,4.08,3.01,3.28,4.53,2.41,1.2,3.19,1.43,3.46,2.59,3.68,3.0,2.29,1.17,3.83,3.33,3.44,1.83,4.1,1.97,1.21,1.05,3.75,2.6,3.05,2.02,2.3,3.5,3.92,4.42
43-4051,Customer Service Representatives,base_00,3.48,2.43,2.76,4.51,4.59,2.28,3.86,3.11,2.78,3.91,1.73,3.69,2.94,3.07,4.21,2.79,2.69,3.62,2.36,3.8,2.48,3.98,2.67,3.65,1.85,4.02,3.95,4.37,2.55,4.3,2.71,1.92,1.46,4.01,3.25,2.74,2.55,2.94,4.02,4.16,4.54
43-4061,"Eligibility Interviewers, Government Programs",base_00,3.75,2.73,2.34,3.96,4.3,1.07,2.62,2.91,2.65,4.37,1.18,3.62,2.25,4.43,4.64,2.39,1.22,3.11,1.38,3.75,2.69,3.95,2.21,2.89,1.52,3.91,3.45,4.59,1.57,4.47,2.04,1.34,1.17,3.42,3.14,1.3,1.79,2.82,2.3,4.15,4.7
43-4071,File Clerks,base_00,4.19,3.17,2.66,3.87,4.09,2.69,3.23,3.62,3.43,4.16,1.58,4.27,2.38,3.94,4.14,2.91,2.56,3.84,2.36,3.72,3.39,4.18,2.53,3.82,2.27,4.5,3.98,3.38,2.58,4.47,3.09,1.75,1.85,3.77,3.73,2.31,2.54,3.13,3.59,4.28,4.56
43-4081,"Hotel, Motel, and Resort Desk Clerks",base_00,3.21,3.18,3.06,3.3,4.24,1.99,3.3,3.0,2.63,3.47,1.42,3.91,2.35,3.11,4.47,2.92,2.63,3.94,2.56,2.8,3.13,4.29,2.58,3.16,1.72,3.37,3.42,4.41,2.57,3.75,2.7,1.7,1.58,4.08,2.57,3.31,2.22,2.87,3.19,3.61,4.55
43-4111,"Interviewers, Except Eligibility and Loan",base_00,4.22,3.68,3.6,4.21,4.62,1.91,3.55,3.67,3.9,4.38,1.64,4.36,2.56,4.47,4.4,3.32,1.98,3.7,2.28,3.57,3.81,4.32,2.99,3.11,2.05,4.35,4.38,4.22,2.35,4.3,3.34,2.09,1.92,3.94,3.19,1.95,3.11,3.15,3.86,4.19,4.93
43-4121,"Library Assistants, Clerical",base_00,2.71,3.31,2.86,2.76,4.12,1.88,2.76,2.47,2.39,3.45,1.2,4.15,2.28,2.73,4.19,2.27,4.04,3.2,2.25,2.82,2.82,3.24,2.84,3.81,1.06,3.26,3.23,3.86,2.59,3.81,2.05,2.12,1.09,2.92,2.97,1.51,1.56,3.09,2.57,4.11,4.65
43-4131,Loan Interviewers and Clerks,base_00,4.0,2.34,2.53,3.62,4.12,2.01,2.17,2.94,2.87,3.32,1.05,4.01,2.57,4.35,4.41,1.95,1.72,3.87,3.18,3.54,2.64,4.02,2.12,3.29,1.04,3.96,3.53,4.38,1.56,4.35,1.96,1.84,1.52,3.29,2.69,3.18,1.51,3.21,2.21,4.0,4.92
43-4141,New Accounts Clerks,base_00,2.6,3.07,2.96,3.3,4.1,2.31,2.66,2.78,2.66,2.7,1.16,4.06,1.89,3.89,4.36,3.03,1.97,3.37,2.37,2.46,2.85,3.88,1.78,3.65,1.38,3.3,2.68,3.78,2.21,3.49,2.28,1.14,1.13,3.67,2.47,3.3,2.08,2.29,2.99,3.42,3.66
43-4151,Order Clerks,base_00,3.93,3.15,2.76,3.85,4.76,2.81,3.13,3.4,2.88,4.38,1.91,3.72,3.05,3.99,4.76,2.07,2.45,3.41,3.04,3.13,3.4,4.37,2.49,4.73,2.08,4.66,4.43,2.82,2.28,4.51,2.99,1.71,2.14,3.85,3.3,3.08,1.88,3.23,3.94,4.2,4.31
43-4161,"Human Resources Assistants, Except Payroll and Timekeeping",base_00,3.5,3.29,2.83,4.0,4.65,2.03,2.95,2.79,3.09,4.35,1.27,4.55,2.64,4.1,4.43,2.45,2.05,4.07,2.27,3.52,3.03,3.96,2.85,4.07,1.43,4.69,4.35,2.93,2.16,4.47,2.86,1.6,1.32,3.43,3.34,2.53,3.2,2.72,2.96,3.88,4.64
43-4171,Receptionists and Information Clerks,base_00,2.19,3.68,2.51,3.61,4.14,2.41,3.24,2.36,2.46,3.43,1.3,3.6,1.96,2.98,4.37,2.45,2.06,2.76,2.52,3.09,2.78,3.9,2.04,2.94,1.34,3.29,3.37,4.29,2.02,3.57,2.37,1.75,1.12,3.66,3.28,2.12,2.2,2.42,2.48,3.46,4.57
43-4181,Reservation and Transportation Ticket Agents and Travel Clerks,base_00,3.39,3.69,2.46,4.11,4.25,2.95,2.85,2.64,2.01,3.79,1.28,4.29,3.32,4.42,4.65,2.7,3.87,4.38,3.66,3.7,2.92,4.42,2.13,4.03,2.15,3.27,3.23,4.72,4.12,3.75,2.93,1.5,1.29,4.08,2.31,2.67,1.53,2.64,3.06,4.08,4.83
43-5011,Cargo and Freight Agents,base_00,3.4749999999999996,2.685,2.865,3.66,3.665,3.2249999999999996,3.245,2.88,3.115,3.875,3.0549999999999997,3.6550000000000002,3.56,3.675,4.305,2.98,3.435,3.8950000000000005,3.395,3.44,3.765,4.055,2.77,3.875,2.9800000000000004,3.4400000000000004,2.9299999999999997,3.31,3.145,3.5700000000000003,3.04,2.73,2.975,3.6399999999999997,3.37,3.25,2.69,3.56,2.915,3.3049999999999997,3.705
43-5021,Couriers and Messengers,base_00,2.56,2.59,1.41,2.83,3.64,2.68,1.34,1.39,1.41,3.99,1.26,3.35,2.32,3.0,4.16,1.41,3.61,3.25,2.01,2.34,2.46,2.66,2.08,3.01,3.98,2.7,1.85,2.7,3.13,2.68,1.64,1.74,1.87,2.29,2.32,1.35,1.79,2.09,1.76,2.54,1.82
43-5031,Public Safety Telecommunicators,base_00,3.59,4.21,3.54,4.78,4.39,2.54,3.21,3.3,3.61,4.77,1.47,3.81,3.33,3.6,4.63,3.03,2.19,4.11,3.35,4.14,3.22,4.41,2.68,3.72,2.02,3.96,4.02,4.38,1.99,4.49,2.96,2.65,2.2,3.9,3.28,2.38,3.3,3.17,3.65,4.37,4.89
43-5032,"Dispatchers, Except Police, Fire, and Ambulance",base_00,3.24,2.88,3.09,3.42,3.89,2.35,3.85,2.79,3.12,3.66,1.49,3.8,2.94,3.18,4.68,3.13,2.01,4.35,2.89,2.98,3.67,3.92,2.11,3.69,2.23,3.48,3.03,3.48,1.84,3.28,2.52,1.73,1.86,3.64,3.29,2.43,2.29,3.0,3.42,3.31,4.12
43-5041,"Meter Readers, Utilities",base_00,2.88,2.55,2.24,3.7,3.85,2.55,2.42,2.66,2.19,4.34,1.92,3.49,3.16,3.05,4.09,2.01,3.5,3.45,3.8,2.7,2.76,3.44,1.74,3.36,4.03,3.08,2.44,3.42,3.94,3.72,2.19,2.23,2.26,2.75,2.95,1.85,1.64,2.56,2.72,3.13,3.41
43-5051,Postal Service Clerks,base_00,2.98,2.53,2.6,3.61,3.83,2.55,2.77,2.77,2.26,3.47,1.57,3.59,2.93,3.84,3.98,2.31,3.72,3.95,2.7,3.41,3.16,3.4,2.38,3.23,2.22,3.28,2.9,4.0,3.32,3.65,2.84,1.88,1.76,3.05,2.41,3.3,2.03,2.55,2.99,3.61,3.66
43-5052,Postal Service Mail Carriers,base_00,1.67,1.89,1.88,3.35,2.91,1.49,1.5,1.51,1.61,2.67,1.23,2.95,2.07,2.34,3.48,1.55,3.94,2.9,2.26,1.94,2.2,2.6,1.36,2.7,4.21,2.55,2.22,3.46,4.08,2.41,1.78,1.4,1.61,2.34,1.58,2.13,1.25,1.72,2.16,2.48,1.74
43-5053,"Postal Service Mail Sorters, Processors, and Processing Machine Operators",base_00,2.6,2.59,2.86,1.79,3.74,3.07,2.6,2.23,2.06,2.64,1.6,3.3,2.16,2.65,3.52,1.8,3.79,3.18,2.59,2.54,2.76,2.91,1.36,3.0,2.24,2.58,1.87,1.8,3.79,3.08,2.57,1.98,1.97,2.2,1.94,1.34,1.45,2.09,2.72,2.95,2.98
43-5061,"Production, Planning, and Expediting Clerks",base_00,3.57,2.29,2.31,2.63,4.28,2.11,3.34,2.44,2.72,3.49,2.05,3.15,2.84,3.41,4.08,2.3,2.13,3.75,2.68,3.23,2.87,3.73,2.86,3.75,1.93,3.62,3.05,1.63,1.99,3.84,2.45,1.68,1.36,1.76,3.35,1.66,1.52,3.04,2.38,3.06,4.35
43-5071,"Shipping, Receiving, and Inventory Clerks",base_00,2.62,2.51,2.92,2.61,4.22,3.08,3.1,2.74,2.58,3.87,1.84,3.28,2.78,3.27,4.3,2.8,3.87,3.47,3.21,3.35,3.16,3.27,2.79,2.8,3.32,3.67,3.05,2.86,3.83,3.33,2.6,2.11,2.16,3.18,3.31,2.68,2.4,2.84,3.39,3.59,3.25
43-5111,"Weighers, Measurers, Checkers, and Samplers, Recordkeeping",base_00,3.57,2.75,3.57,3.14,4.4,3.76,3.73,3.44,2.94,4.36,2.29,3.51,3.87,3.87,4.11,3.2,3.78,3.88,3.89,3.44,3.91,3.77,2.8,4.29,2.88,4.05,3.1,2.49,3.37,4.23,2.8,2.83,2.72,3.05,3.19,2.37,2.57,2.78,3.62,4.06,3.89
43-6011,Executive Secretaries and Executive Administrative Assistants,base_00,2.82,3.47,2.71,4.45,4.64,1.96,3.2,2.84,2.65,3.79,1.25,4.53,2.51,3.36,4.5,2.39,2.77,3.92,2.28,2.86,2.93,3.67,2.73,3.42,1.42,4.49,4.43,3.1,2.22,3.98,2.32,1.68,1.5,3.14,4.26,2.04,1.78,3.73,2.3,4.15,4.41
43-6012,Legal Secretaries and Administrative Assistants,base_00,3.91,3.12,2.79,3.82,4.41,2.08,2.79,2.6,2.79,3.98,1.19,4.09,2.48,2.99,3.87,2.41,2.28,3.76,2.72,3.38,2.72,3.76,1.49,3.93,1.42,4.19,4.48,2.93,2.26,4.26,2.23,1.52,1.21,2.52,3.82,1.65,2.0,3.12,2.95,3.72,4.33
43-6013,Medical Secretaries and Administrative Assistants,base_00,3.51,4.09,2.58,3.56,4.23,2.42,3.55,2.8,2.99,3.98,1.48,4.01,2.45,3.75,4.25,2.35,2.49,3.31,2.35,3.5,3.27,4.02,3.08,2.9,1.68,3.87,4.1,4.29,2.07,4.36,2.87,1.74,1.49,3.42,3.93,3.11,2.67,2.98,2.89,3.89,4.46
43-6014,"Secretaries and Administrative Assistants, Except Legal, Medical, and Executive",base_00,2.79,3.17,2.26,3.47,4.17,2.1,2.59,2.41,2.39,3.59,1.39,3.76,2.41,3.49,4.16,1.71,2.07,3.43,1.99,2.66,2.64,3.26,2.17,3.19,1.63,3.77,4.06,2.87,2.14,3.45,2.15,1.59,1.31,2.89,3.1,1.58,1.76,3.0,2.49,3.1,4.38
43-9021,Data Entry Keyers,base_00,3.55,2.38,2.55,3.28,4.27,2.39,2.8,2.77,2.69,4.41,1.66,3.56,2.82,4.1,4.25,2.83,2.42,3.44,2.07,3.15,3.61,4.21,1.93,3.34,1.55,3.85,3.91,2.68,2.54,4.5,2.26,1.65,1.65,2.44,2.58,1.85,1.75,2.9,3.28,4.11,4.71
43-9022,Word Processors and Typists,base_00,2.86,3.12,2.29,3.53,3.99,2.42,2.13,2.34,2.33,3.89,1.62,3.95,2.68,3.26,3.81,2.03,2.38,3.26,2.81,2.49,2.23,3.21,2.63,2.71,1.43,3.93,3.91,3.09,2.1,3.7,2.18,1.56,1.49,3.09,2.65,1.61,1.69,2.73,2.47,3.15,4.15
43-9031,Desktop Publishers,base_00,2.88,2.22,2.83,3.34,3.92,2.21,3.4,2.79,3.06,3.41,1.93,3.47,2.52,2.8,4.33,2.49,2.2,3.51,2.34,3.64,3.09,3.8,2.19,3.07,1.31,3.92,3.2,2.45,2.11,3.65,2.85,2.28,1.79,2.45,3.33,2.48,2.47,4.15,2.96,3.92,4.47
43-9041,Insurance Claims and Policy Processing Clerks,base_00,3.01,2.62,2.07,3.77,4.08,1.61,2.19,2.54,2.15,4.07,1.04,3.75,2.16,4.02,4.2,1.65,1.66,3.45,2.11,3.38,2.53,3.63,1.68,3.21,1.15,3.52,3.54,2.6,1.54,4.11,2.21,1.15,1.02,2.96,2.13,1.94,1.23,2.24,2.66,3.62,4.42
43-9051,"Mail Clerks and Mail Machine Operators, Except Postal Service",base_00,2.39,3.11,2.49,2.09,3.59,3.51,2.88,2.31,2.25,2.62,2.14,3.23,2.91,2.79,3.58,2.41,3.7,3.44,3.39,2.39,3.03,3.06,2.13,3.04,2.64,2.87,2.86,1.92,3.74,3.29,2.62,2.2,2.69,2.87,1.7,2.15,1.61,2.78,2.83,2.84,3.29
43-9061,"Office Clerks, General",base_00,2.87,2.61,2.24,3.47,4.03,2.08,2.47,2.32,2.1,3.54,1.31,3.53,2.42,3.22,3.89,1.98,2.08,3.31,2.51,2.37,2.54,3.09,2.3,3.02,1.84,3.44,3.72,2.95,2.17,3.53,1.68,1.6,1.56,2.51,3.07,1.51,2.06,2.61,2.52,3.16,4.25
43-9071,"Office Machine Operators, Except Computer",base_00,2.58,2.35,2.58,2.92,3.46,3.41,3.25,2.61,2.54,2.78,1.77,3.24,2.78,2.49,3.72,2.49,3.16,2.94,2.77,2.39,3.17,3.06,2.82,3.1,1.86,3.55,3.0,2.78,2.88,3.29,2.21,2.79,2.35,2.72,2.75,2.15,1.92,3.26,2.67,3.25,3.99
43-9081,Proofreaders and Copy Markers,base_00,3.11,1.49,1.28,1.93,3.22,1.16,1.59,1.89,1.51,3.26,1.26,3.81,1.74,3.26,4.36,1.25,1.65,3.76,1.33,2.67,1.77,2.89,1.27,2.37,1.0,3.45,1.82,1.4,1.19,4.09,1.38,2.0,1.0,1.19,2.57,1.28,1.25,2.31,1.32,3.54,4.1
43-9111,Statistical Assistants,base_00,4.43,2.34,3.1,3.48,4.38,1.56,3.07,3.1,2.62,3.8,1.37,4.1,3.03,3.54,4.49,2.41,1.46,3.37,1.38,4.08,2.06,3.85,1.9,2.35,1.15,4.22,3.01,2.7,1.65,4.37,3.0,1.22,1.16,2.63,2.87,1.97,1.88,2.81,2.93,3.87,4.78
45-1011,"First-Line Supervisors of Farming, Fishing, and Forestry Workers",base_00,3.09,2.47,3.2,3.03,4.02,3.64,3.84,3.23,3.24,3.47,2.38,3.46,3.41,3.55,4.02,3.59,3.58,3.76,3.93,2.88,3.64,3.97,3.37,3.81,3.8,3.77,2.94,2.32,3.59,3.52,2.6,2.52,3.42,3.25,3.6,2.34,2.53,2.99,3.2,3.4,2.91
45-2011,Agricultural Inspectors,base_00,3.16,2.53,2.66,3.82,4.45,2.34,2.86,2.79,2.12,4.46,1.42,4.02,3.04,4.43,4.31,2.46,2.99,4.25,3.9,3.58,3.81,3.97,2.08,3.77,3.36,3.9,3.07,3.28,3.44,3.66,2.84,2.11,1.9,3.55,3.01,2.23,1.97,2.68,3.59,3.79,3.93
45-2021,Animal Breeders,base_00,2.29,2.54,2.25,2.63,2.76,2.54,1.71,2.2,2.71,3.84,1.45,3.43,2.72,3.04,3.59,1.89,3.82,4.14,2.98,2.26,3.12,3.52,2.8,3.45,2.45,3.04,2.49,2.34,4.07,3.13,2.7,1.59,1.82,2.21,2.79,2.7,1.64,2.29,2.5,3.01,2.97
45-2041,"Graders and Sorters, Agricultural Products",base_00,2.47,2.44,2.88,2.44,4.28,2.82,2.77,2.31,1.98,2.94,1.32,3.06,2.97,3.22,4.22,2.74,4.6,4.32,3.03,2.7,3.39,3.17,2.28,3.74,2.46,3.2,1.89,1.34,3.73,3.38,2.51,1.51,1.64,2.65,2.18,1.97,1.74,2.34,2.74,2.84,1.86
45-2091,Agricultural Equipment Operators,base_00,2.12,3.4,2.92,2.06,3.92,4.16,3.59,3.53,2.29,3.06,2.01,4.18,2.58,3.34,3.4,3.55,4.15,3.7,4.27,2.55,2.56,2.39,3.19,3.48,4.44,2.33,2.06,2.04,3.96,4.1,2.51,2.69,3.77,3.58,2.29,2.12,2.05,3.18,3.14,3.49,2.38
45-2092,"Farmworkers and Laborers, Crop, Nursery, and Greenhouse",base_00,3.27,2.77,2.95,3.19,3.67,3.58,3.01,2.91,3.11,3.02,2.2,3.31,3.23,3.32,3.79,2.72,3.86,3.75,3.48,2.86,3.19,3.47,3.05,3.19,3.56,3.31,2.57,2.88,4.04,3.12,2.84,2.42,3.4,2.76,2.97,2.66,2.16,3.08,3.31,3.57,2.64
45-2093,"Farmworkers, Farm, Ranch, and Aquacultural Animals",base_00,3.05,2.76,2.5,2.83,3.64,3.46,3.09,3.2,2.9,3.53,1.96,3.38,3.36,3.27,3.53,3.0,3.73,3.6,3.38,2.57,3.54,3.97,3.02,3.98,3.77,3.21,2.82,3.08,3.99,3.32,2.22,2.21,2.8,2.65,3.03,2.37,1.95,2.71,3.22,3.31,2.5
45-3031,Fishing and Hunting Workers,base_00,2.68,2.89,2.84,2.53,2.68,3.53,2.89,2.47,3.11,3.26,2.16,2.89,2.89,3.44,3.68,2.84,3.68,3.63,4.15,2.42,3.11,3.84,2.89,3.47,4.11,3.47,2.61,2.72,4.1,3.26,2.47,2.74,3.37,2.79,2.95,2.53,1.84,3.68,3.0,3.72,2.47
45-4011,Forest and Conservation Workers,base_00,3.01,1.9,2.59,3.03,3.95,3.13,3.06,2.81,3.2,3.37,1.73,3.42,3.16,3.19,3.97,2.54,3.63,3.69,3.67,2.68,3.1,3.79,2.24,3.76,4.46,3.4,2.6,3.53,4.18,3.43,2.13,1.95,3.28,2.41,2.85,1.34,1.96,3.31,2.74,3.4,3.17
45-4021,Fallers,base_00,1.8,2.39,1.66,1.51,2.95,4.33,2.14,1.74,2.28,1.73,1.84,3.14,2.78,2.44,3.44,1.62,4.2,3.94,3.54,1.96,3.33,2.92,1.75,3.59,3.77,2.47,1.51,1.47,4.34,1.93,1.59,1.41,3.46,1.66,1.78,1.64,1.26,1.52,1.79,2.24,1.11
45-4022,Logging Equipment Operators,base_00,2.44,3.5,3.06,3.14,3.9,4.62,3.19,3.52,3.37,2.61,2.0,3.78,3.81,3.99,4.23,3.05,3.76,3.63,4.02,2.69,3.35,3.89,3.19,3.76,4.67,3.32,1.98,2.09,3.26,2.48,3.24,2.68,4.35,2.71,2.78,2.03,1.68,3.16,2.74,3.26,2.44
45-4023,Log Graders and Scalers,base_00,3.14,2.38,2.69,3.17,3.85,2.98,2.94,2.76,2.98,4.0,2.15,3.33,3.97,3.87,3.81,2.86,3.45,3.77,3.89,2.8,4.03,3.69,3.37,3.73,3.59,3.4,3.18,3.01,3.54,3.73,2.88,2.48,2.79,3.08,3.1,2.16,1.86,2.93,3.15,3.16,3.52
47-1011,First-Line Supervisors of Construction Trades and Extraction Workers,base_00,2.9450000000000003,2.87,3.1799999999999997,3.85,4.075,3.54,4.055,3.43,3.2750000000000004,3.04,3.4050000000000002,3.825,3.42,3.975,4.26,3.6449999999999996,3.88,3.92,4.12,3.12,3.63,4.18,2.965,3.955,3.83,4.015000000000001,2.86,2.7750000000000004,3.785,3.6500000000000004,2.955,2.94,3.21,3.21,3.9,2.615,2.7750000000000004,3.335,3.4800000000000004,3.835,2.9749999999999996
47-2011,Boilermakers,base_00,3.0,2.23,2.05,2.82,3.49,3.13,2.75,2.37,2.53,2.95,3.04,2.88,3.02,3.34,3.94,3.09,3.4,3.68,3.96,2.25,3.35,3.76,2.75,3.11,3.71,3.33,2.59,2.21,3.71,3.18,2.06,2.85,4.13,2.22,3.34,1.85,1.81,2.72,2.56,3.55,3.15
47-2021,Brickmasons and Blockmasons,base_00,2.88,2.43,3.05,2.64,3.91,3.25,3.86,3.42,3.3,2.72,2.92,3.31,3.47,3.58,4.09,3.24,4.15,3.9,4.13,3.22,3.4,3.84,3.09,4.04,3.74,3.8,2.06,2.29,3.88,3.34,2.64,1.54,3.2,2.94,3.89,1.85,1.76,3.07,3.24,3.42,1.77
47-2022,Stonemasons,base_00,2.28,2.79,2.97,3.05,4.19,3.99,3.41,3.09,3.1,2.93,3.03,3.14,3.75,3.88,4.51,3.53,4.28,3.8,4.22,3.36,3.43,3.99,2.92,4.17,4.1,3.69,2.22,2.61,4.47,3.67,2.69,2.36,3.2,3.24,3.36,2.76,2.27,3.67,3.36,3.4,2.07
47-2031,Carpenters,base_00,3.44,2.86,3.01,3.08,3.91,3.48,3.64,3.33,2.86,3.17,3.6,3.41,3.32,3.44,4.12,3.35,4.05,4.19,4.08,3.08,3.45,3.83,2.94,4.08,3.65,3.7,2.75,2.86,4.01,3.63,2.6,2.34,3.0,3.19,3.47,2.24,2.11,3.51,3.08,3.55,2.63
47-2041,Carpet Installers,base_00,2.46,1.92,2.65,3.26,3.67,3.39,2.92,2.51,2.6,1.96,2.95,2.88,3.61,3.04,4.14,2.71,4.47,3.42,3.9,2.34,3.33,3.72,2.31,3.58,3.43,3.2,1.73,2.94,4.59,2.96,2.33,1.78,2.54,2.39,2.96,1.9,1.81,3.02,3.1,3.48,1.35
47-2042,"Floor Layers, Except Carpet, Wood, and Hard Tiles",base_00,3.1,2.45,2.45,3.52,3.96,2.82,3.08,3.11,3.2,2.36,2.67,3.2,3.17,2.92,3.79,2.81,3.65,3.56,3.38,2.72,2.97,3.78,2.21,3.52,2.53,3.61,2.2,3.07,3.67,3.68,2.23,1.43,2.26,2.64,3.72,2.46,1.82,3.3,2.67,3.42,1.81
47-2043,Floor Sanders and Finishers,base_00,2.8,2.83,3.12,3.29,4.05,4.09,3.61,2.93,3.2,2.95,2.59,3.38,3.6,3.45,4.19,3.29,4.01,4.07,4.31,3.39,3.24,3.9,3.3,4.33,3.49,3.61,1.94,3.74,4.08,3.69,2.96,2.66,3.68,3.09,3.37,2.67,2.16,3.45,3.72,3.66,2.01
47-2044,Tile and Stone Setters,base_00,2.61,2.49,2.55,2.73,3.7,2.9,2.89,2.48,2.7,2.33,3.27,2.92,3.48,3.36,4.27,2.65,3.87,3.6,3.81,2.6,3.45,3.65,2.31,3.65,2.98,3.57,1.92,2.25,3.93,2.87,2.15,2.08,2.71,2.39,3.14,2.11,1.44,3.59,3.02,3.19,1.32
47-2051,Cement Masons and Concrete Finishers,base_00,2.77,2.67,3.09,2.6,3.67,4.17,3.77,3.49,2.98,3.04,2.36,2.98,3.36,3.26,4.22,3.31,4.32,4.14,4.3,2.55,3.64,4.08,2.91,3.9,3.61,3.72,2.33,2.23,4.21,3.37,2.56,1.93,3.32,2.95,4.18,2.66,2.72,3.05,2.96,3.38,2.01
47-2053,Terrazzo Workers and Finishers,base_00,2.54,2.46,2.92,2.63,3.79,4.04,3.53,2.88,2.93,2.16,3.05,3.22,3.24,2.85,4.18,2.93,4.17,3.4,3.9,2.66,2.91,3.64,2.29,3.85,3.48,3.73,1.92,2.58,4.41,2.76,2.54,2.69,3.13,2.85,3.6,1.98,1.75,3.03,3.34,2.85,1.59
47-2061,Construction Laborers,base_00,3.88,2.66,2.91,3.51,3.82,4.36,3.65,3.73,3.82,3.4,2.86,3.44,3.63,3.46,4.38,2.82,4.06,4.19,4.76,3.39,3.93,4.15,3.06,4.38,4.06,4.14,2.46,3.36,3.71,3.27,3.54,2.91,3.98,3.01,3.38,2.83,2.61,3.54,3.73,3.94,2.25
47-2071,"Paving, Surfacing, and Tamping Equipment Operators",base_00,2.69,3.08,3.22,3.49,3.55,4.4,2.71,3.17,2.59,2.52,2.0,2.98,3.28,3.62,3.43,3.31,3.38,3.48,4.36,2.26,3.92,3.63,2.32,3.65,3.96,3.09,2.19,2.43,3.92,2.72,2.57,2.52,3.59,2.18,3.12,1.85,2.2,3.19,3.49,3.64,2.16
47-2072,Pile Driver Operators,base_00,2.84,2.5,2.38,2.34,3.69,4.68,2.7,2.27,3.08,3.52,2.55,3.02,3.17,3.48,4.2,2.49,4.39,4.2,4.55,2.66,3.05,3.85,2.04,4.1,4.61,3.52,1.79,2.2,3.89,3.83,2.44,2.25,4.27,2.45,2.98,1.81,1.57,3.4,3.15,3.27,2.11
47-2073,Operating Engineers and Other Construction Equipment Operators,base_00,3.57,3.1,3.35,3.61,3.98,4.63,3.61,2.86,3.49,3.04,3.0,3.68,3.81,4.08,4.47,2.94,3.95,4.26,4.4,3.47,3.62,4.49,2.79,4.58,4.61,3.87,2.93,3.71,3.86,3.59,2.65,2.52,4.15,3.26,3.8,2.69,2.04,3.09,3.19,3.56,2.45
47-2081,Drywall and Ceiling Tile Installers,base_00,2.23,2.52,2.46,2.17,3.23,2.55,3.09,2.51,2.34,1.89,3.08,2.67,2.65,2.59,3.67,2.49,3.71,2.84,3.32,2.2,2.7,3.0,2.16,2.89,2.55,3.13,1.83,1.82,3.61,2.53,2.01,1.7,1.98,1.95,2.5,1.68,1.52,2.67,2.91,2.32,1.37
47-2082,Tapers,base_00,1.61,2.34,2.14,2.38,3.26,2.75,2.74,1.92,2.44,1.45,1.33,2.52,2.49,2.44,3.29,2.27,2.87,2.84,3.68,2.05,2.51,2.89,1.7,3.04,3.15,2.66,1.48,2.0,3.58,2.17,2.18,1.08,2.37,2.04,2.69,2.05,1.42,2.48,2.75,3.07,1.07
47-2111,Electricians,base_00,3.67,2.71,3.3,3.72,4.63,3.21,4.22,3.6,3.27,3.38,3.48,4.32,3.64,3.86,4.46,3.75,4.28,4.16,4.21,3.49,3.95,4.15,3.52,4.43,3.97,4.5,2.55,2.95,4.71,3.54,3.2,3.49,3.63,3.37,3.65,2.59,2.31,3.74,3.91,4.36,2.36
47-2121,Glaziers,base_00,2.84,3.13,3.08,3.31,3.95,3.53,3.18,2.9,2.95,2.89,3.26,3.34,3.03,3.41,4.28,2.97,4.17,4.06,4.35,2.78,3.26,3.69,2.16,3.64,3.58,3.69,2.32,3.16,4.02,3.31,2.71,2.14,2.82,3.06,3.23,2.2,1.99,3.47,3.43,3.4,2.01
47-2131,"Insulation Workers, Floor, Ceiling, and Wall",base_00,2.51,2.55,2.85,2.77,3.8,3.31,2.53,2.89,2.12,2.33,2.05,2.66,2.84,3.12,3.61,2.7,4.25,3.7,3.72,2.83,2.53,3.48,2.19,3.33,3.66,2.9,2.24,2.79,3.96,2.46,2.15,1.92,3.27,2.91,2.39,2.66,2.23,2.89,3.07,2.98,1.58
47-2132,"Insulation Workers, Mechanical",base_00,2.52,2.71,3.08,2.89,4.08,2.93,3.53,2.71,2.88,2.41,1.99,3.44,3.11,3.23,3.64,3.22,4.48,3.56,3.87,2.74,3.15,3.98,2.87,4.09,3.34,3.85,2.23,1.95,4.43,3.02,2.34,1.66,2.35,2.79,3.46,2.01,1.85,3.32,3.54,3.39,1.85
47-2141,"Painters, Construction and Maintenance",base_00,2.96,3.31,2.73,3.88,3.95,2.96,3.91,2.96,4.07,3.32,2.19,3.31,3.38,3.16,3.94,3.66,3.92,4.09,4.16,2.97,3.34,4.32,2.37,3.93,3.54,4.35,1.63,3.37,4.52,3.16,2.56,1.64,2.95,3.29,3.75,1.78,1.6,3.54,4.05,3.17,1.62
47-2142,Paperhangers,base_00,1.9,2.19,2.49,2.9,3.31,2.42,2.78,2.54,2.35,2.27,1.56,3.48,2.94,2.43,2.82,2.65,4.07,2.91,3.71,2.3,2.97,3.19,2.29,2.96,3.7,2.93,2.02,2.78,4.43,2.34,1.89,1.68,2.07,2.52,2.96,2.15,1.64,2.65,2.67,3.04,1.91
47-2151,Pipelayers,base_00,2.56,2.84,3.11,3.01,3.7,3.7,2.83,2.79,2.65,2.19,2.7,3.49,2.65,2.66,4.04,2.57,3.83,3.5,3.57,2.71,2.7,3.0,2.2,3.35,3.6,3.1,2.16,2.59,3.57,2.39,2.28,1.92,2.57,2.44,2.65,2.02,1.93,2.67,2.86,2.71,2.1
47-2152,"Plumbers, Pipefitters, and Steamfitters",base_00,2.925,2.44,2.995,2.995,3.95,3.375,2.9699999999999998,3.0599999999999996,2.76,3.06,3.1500000000000004,3.3449999999999998,3.075,3.275,4.175,2.7350000000000003,3.71,3.85,3.7649999999999997,3.21,3.31,3.69,2.27,3.71,3.385,3.62,2.1,2.875,3.9,3.56,2.695,2.64,3.0549999999999997,3.0549999999999997,3.2800000000000002,2.63,1.94,3.6550000000000002,3.435,3.495,2.5300000000000002
47-2161,Plasterers and Stucco Masons,base_00,3.0,3.06,3.08,2.89,3.51,3.32,3.64,2.83,2.93,2.7,2.34,3.37,2.93,3.53,4.24,3.28,3.88,3.57,3.72,2.72,3.42,3.72,3.0,3.18,3.43,3.03,2.24,3.33,4.01,2.87,2.35,1.99,2.97,2.79,2.64,2.28,2.08,3.31,3.14,3.2,2.23
47-2171,Reinforcing Iron and Rebar Workers,base_00,2.46,2.45,3.11,2.73,3.52,2.99,3.44,3.13,2.75,2.29,2.44,2.76,3.16,3.03,4.24,2.91,4.47,3.91,3.77,2.79,2.8,3.43,2.4,3.04,2.98,3.65,2.08,1.72,4.15,2.71,2.29,1.98,2.42,2.64,3.16,2.18,1.86,2.81,3.45,2.57,1.79
47-2181,Roofers,base_00,2.46,2.71,3.62,3.25,3.85,3.39,3.48,3.32,2.91,2.77,2.71,3.12,3.66,3.4,4.0,3.42,4.22,3.99,4.08,3.23,3.16,3.61,2.99,4.06,3.61,3.46,2.55,2.93,4.3,3.03,2.37,2.32,3.39,3.45,3.12,3.02,2.25,3.31,3.49,3.54,2.16
47-2211,Sheet Metal Workers,base_00,3.05,3.0,4.18,4.27,3.96,3.17,3.76,3.89,3.23,3.88,3.48,4.31,3.71,4.1,4.7,3.95,3.78,4.25,4.44,2.54,3.52,3.59,3.41,4.42,4.19,3.77,3.17,3.81,3.76,3.52,3.67,3.34,3.52,3.92,3.26,3.59,2.93,3.3,4.24,3.55,2.5
47-2221,Structural Iron and Steel Workers,base_00,2.28,2.52,2.5,2.39,3.99,3.84,3.01,3.14,2.91,1.93,2.73,3.13,2.96,3.5,4.06,2.78,4.39,3.71,4.24,2.63,3.04,3.74,1.62,3.2,3.92,3.68,1.96,1.72,4.16,2.67,2.02,1.52,2.47,2.35,3.06,1.7,1.53,2.96,2.78,3.07,1.39
47-2231,Solar Photovoltaic Installers,base_00,3.12,2.42,2.99,3.31,3.69,3.15,3.29,2.74,2.54,3.09,3.08,2.88,2.92,3.83,4.06,3.15,4.26,3.87,4.32,3.22,3.01,3.86,2.62,3.96,4.08,3.5,2.41,2.33,4.51,3.34,2.29,3.77,3.05,2.48,3.25,2.31,1.69,2.97,3.49,3.06,2.7
47-3011,"Helpers--Brickmasons, Blockmasons, Stonemasons, and Tile and Marble Setters",base_00,2.94,2.7,2.5,2.52,3.74,3.8,3.26,3.2,2.92,2.13,3.04,2.78,3.33,3.34,4.26,2.75,4.42,3.98,4.23,2.67,3.55,4.09,1.89,3.97,3.93,3.65,1.45,2.05,4.05,3.17,2.11,2.02,2.67,2.2,3.35,1.81,1.6,3.16,3.23,3.35,1.43
47-3012,Helpers--Carpenters,base_00,2.75,2.57,2.53,2.55,3.79,3.69,3.04,2.89,2.8,2.16,2.92,2.72,3.0,3.43,4.1,1.96,4.37,3.58,4.19,2.99,3.13,3.98,1.84,3.2,3.93,3.51,1.98,2.04,4.45,2.89,1.77,3.12,3.37,2.56,2.7,1.37,1.84,3.55,2.52,3.47,1.86
47-3013,Helpers--Electricians,base_00,4.05,3.69,3.36,3.35,4.14,4.13,3.95,3.36,3.5,3.61,3.77,3.68,3.61,4.02,4.2,3.44,4.2,4.09,4.35,3.25,3.89,4.51,3.22,4.13,3.91,4.12,2.77,3.62,4.29,4.24,3.5,4.17,3.66,3.7,3.65,3.42,2.56,3.81,3.8,4.01,2.74
47-3014,"Helpers--Painters, Paperhangers, Plasterers, and Stucco Masons",base_00,2.34,2.42,2.25,2.24,4.0,2.26,2.54,2.32,2.29,1.94,1.78,2.91,2.31,2.94,3.41,2.24,3.57,2.82,3.53,1.96,2.48,3.06,1.84,2.68,2.91,2.88,1.57,1.73,3.75,2.3,2.2,1.36,2.93,2.5,2.31,1.75,1.74,2.25,2.86,2.59,1.04
47-3015,"Helpers--Pipelayers, Plumbers, Pipefitters, and Steamfitters",base_00,2.38,3.14,2.4,2.63,3.45,3.75,3.18,2.52,3.21,2.26,2.66,3.39,3.33,4.12,4.1,3.16,4.05,3.91,4.29,2.81,3.51,3.79,2.83,3.3,3.26,3.42,2.4,3.08,3.98,3.08,3.03,2.28,3.45,2.63,3.05,2.27,1.9,3.99,2.69,3.63,2.11
47-3016,Helpers--Roofers,base_00,3.23,3.42,3.47,3.6,3.72,2.96,3.67,3.53,3.4,2.9,3.33,3.33,3.12,3.11,4.02,3.25,3.21,3.74,3.78,3.26,3.17,3.8,3.08,3.81,3.66,3.37,3.08,3.04,3.48,2.98,3.42,3.34,3.29,3.46,3.34,2.61,2.66,3.71,3.69,3.67,2.71
47-4011,Construction and Building Inspectors,base_00,3.915,2.38,3.125,4.175000000000001,3.8049999999999997,2.575,3.0949999999999998,3.06,2.96,4.045,2.73,3.575,3.29,4.16,4.41,2.835,2.6,3.565,4.285,3.9050000000000002,3.285,3.92,2.54,3.4699999999999998,3.495,3.735,3.41,3.49,3.225,3.8950000000000005,3.285,2.05,2.125,3.27,3.57,2.705,2.2,3.0149999999999997,3.34,4.1850000000000005,4.125
47-4021,Elevator and Escalator Installers and Repairers,base_00,3.31,2.58,2.74,2.75,3.47,4.35,2.74,2.87,3.1,3.5,3.57,3.27,2.76,4.1,4.27,2.45,3.46,3.88,4.22,2.67,2.85,4.0,2.86,3.79,3.66,3.53,2.41,2.65,3.89,3.68,2.53,4.03,4.38,2.48,3.21,2.1,1.24,2.51,3.26,3.57,3.34
47-4031,Fence Erectors,base_00,2.18,3.11,3.0,2.93,3.68,3.91,3.33,2.93,2.46,2.48,3.32,3.53,2.78,2.86,3.78,3.27,3.72,3.06,3.41,2.78,2.82,3.32,2.38,2.71,3.65,3.58,2.43,2.66,3.89,3.25,2.63,2.39,2.83,3.14,3.15,2.15,2.29,2.48,3.3,2.57,2.04
47-4041,Hazardous Materials Removal Workers,base_00,3.24,2.91,2.84,3.22,4.07,3.16,3.21,3.49,3.05,3.51,2.92,3.67,3.29,3.8,3.95,2.95,3.83,3.7,3.91,2.77,3.45,3.28,2.9,3.77,3.11,3.32,2.97,2.68,3.91,3.49,3.01,2.72,3.08,2.89,3.24,2.69,2.49,3.03,2.99,3.57,2.6
47-4051,Highway Maintenance Workers,base_00,3.11,3.94,2.85,3.74,4.39,3.68,3.84,3.91,2.97,3.1,2.74,4.38,2.93,3.33,4.15,3.23,2.88,3.8,4.24,3.07,3.34,3.68,2.78,4.01,4.03,4.26,3.29,4.04,3.6,3.06,2.97,2.19,2.5,3.72,2.91,3.81,2.71,3.41,3.45,3.32,3.01
47-4061,Rail-Track Laying and Maintenance Equipment Operators,base_00,3.24,2.97,3.2,2.76,4.24,3.92,3.77,3.21,3.09,3.31,2.91,3.36,3.78,4.05,4.64,3.28,4.45,4.33,4.38,3.48,3.43,4.46,2.79,3.98,4.46,3.97,2.63,2.81,4.28,3.55,2.78,2.19,3.83,2.94,3.41,2.68,2.3,3.58,3.13,4.02,2.08
47-4071,Septic Tank Servicers and Sewer Pipe Cleaners,base_00,2.59,2.33,2.6,3.19,3.61,3.38,2.72,1.98,2.64,3.58,1.75,3.39,2.73,2.98,4.34,1.88,3.56,3.57,3.5,3.21,2.86,3.69,2.16,3.32,4.38,3.09,1.81,3.38,4.16,2.69,2.14,2.09,3.14,2.34,2.81,2.17,1.6,2.92,2.93,3.31,1.59
47-4091,Segmental Pavers,base_00,2.85,3.09,3.59,3.61,4.01,3.68,4.06,3.85,2.96,2.3,2.45,4.0,3.68,3.57,3.98,3.9,4.33,3.56,4.18,3.36,2.83,4.05,2.58,3.42,4.25,3.92,2.41,3.02,4.25,3.16,2.81,1.23,3.35,3.27,3.12,3.42,2.21,3.29,3.71,3.05,1.36
47-4099,Weatherization Installers and Technicians,first_detail,3.27,2.91,3.61,3.3,3.91,3.43,3.57,3.78,3.48,3.65,3.04,3.17,3.52,3.83,4.0,3.35,3.91,3.87,3.91,3.39,3.09,3.91,3.32,3.68,3.78,3.83,3.0,3.57,4.09,3.65,3.04,2.96,3.7,3.18,3.74,2.64,2.83,3.27,3.87,3.87,3.23
47-5011,"Derrick Operators, Oil and Gas",base_00,2.29,2.45,3.15,3.09,3.67,4.45,3.25,2.96,2.3,3.33,2.11,3.06,2.78,2.61,3.44,2.64,3.98,3.6,4.2,2.66,2.76,3.56,2.62,3.64,3.51,2.86,2.53,2.02,3.87,2.68,2.4,2.54,4.19,2.52,2.28,2.02,2.32,2.44,3.03,2.95,2.42
47-5012,"Rotary Drill Operators, Oil and Gas",base_00,2.92,3.07,3.4,2.72,4.16,4.45,3.61,3.44,2.98,3.62,2.6,3.23,3.52,3.77,4.15,3.61,4.34,4.18,4.56,3.31,3.67,4.08,2.86,3.88,4.02,3.17,3.07,1.98,4.24,3.62,3.03,2.81,4.12,2.82,3.09,2.6,3.01,3.23,3.89,3.33,1.64
47-5013,"Service Unit Operators, Oil and Gas",base_00,2.83,3.91,4.08,3.92,4.39,4.71,4.36,3.79,3.02,3.04,3.24,4.17,3.65,3.56,4.03,3.69,3.94,4.15,4.54,3.53,4.13,3.95,2.56,4.32,3.73,3.89,3.45,1.97,4.13,3.59,3.51,2.82,3.96,3.56,3.47,3.09,2.82,3.22,4.19,3.42,2.22
47-5022,"Excavating and Loading Machine and Dragline Operators, Surface Mining",base_00,2.88,3.21,3.45,2.74,4.07,4.39,3.55,3.14,3.35,3.13,2.96,3.44,3.47,3.88,4.08,3.28,4.2,3.89,4.38,2.9,3.35,3.99,2.49,4.05,4.62,3.53,1.73,2.46,3.93,3.4,2.84,2.66,3.73,2.97,3.26,1.99,1.52,3.39,3.56,3.37,1.92
47-5023,"Earth Drillers, Except Oil and Gas",base_00,2.7,3.39,2.58,2.67,3.81,4.52,3.1,2.89,2.86,2.9,2.71,2.86,3.24,3.53,4.12,3.08,3.87,3.96,4.58,3.24,3.38,3.88,3.02,3.83,4.19,2.98,2.12,2.86,3.85,2.86,2.4,2.74,4.44,3.01,3.16,2.88,1.58,3.32,3.29,3.14,1.79
47-5032,"Explosives Workers, Ordnance Handling Experts, and Blasters",base_00,3.38,2.71,3.42,3.54,3.79,3.88,3.71,3.5,3.04,4.29,2.75,3.25,3.83,4.29,4.33,3.5,4.21,4.17,4.21,3.0,3.79,4.42,3.42,4.17,3.92,3.88,3.5,2.96,4.25,3.75,2.88,2.46,3.21,3.0,3.67,2.33,2.39,3.5,4.04,4.17,2.42
47-5041,Continuous Mining Machine Operators,base_00,3.09,2.99,2.69,1.89,3.89,4.35,3.19,3.11,2.8,2.34,2.4,2.95,2.83,3.62,3.67,2.66,3.57,3.58,4.02,2.54,2.91,4.1,2.27,3.59,4.15,3.27,1.37,1.49,3.2,2.84,2.65,3.31,3.93,2.25,2.76,1.72,1.58,2.92,3.63,3.42,1.85
47-5043,"Roof Bolters, Mining",base_00,2.53,3.04,2.9,1.77,3.9,4.4,3.31,2.62,2.56,2.8,2.35,1.98,2.84,3.46,4.04,3.07,4.05,4.22,4.53,3.16,3.05,3.73,2.66,4.35,4.42,3.19,1.25,1.08,3.56,3.3,2.71,3.51,4.22,2.07,2.52,1.48,1.36,2.37,3.8,3.49,1.42
47-5044,"Loading and Moving Machine Operators, Underground Mining",base_00,2.09,2.25,2.58,1.81,3.46,3.97,2.85,2.75,2.36,2.28,1.96,2.66,2.59,3.16,3.65,2.43,3.37,3.9,4.05,2.3,2.69,2.81,2.11,3.57,4.4,2.52,1.87,1.52,3.28,2.56,2.2,2.52,3.53,2.27,2.03,1.83,1.75,2.48,2.91,2.49,1.53
47-5051,"Rock Splitters, Quarry",base_00,2.39,2.67,2.12,1.72,3.1,3.61,2.66,2.36,2.35,2.3,2.02,2.88,2.63,2.89,3.0,2.06,3.84,2.93,3.5,2.12,3.03,2.82,1.5,3.33,3.4,2.68,1.63,1.39,3.75,2.55,2.1,1.55,3.04,2.0,2.22,1.59,1.61,2.5,2.73,2.7,1.64
47-5071,"Roustabouts, Oil and Gas",base_00,2.73,3.19,3.16,3.14,3.6,4.28,3.66,3.26,2.94,3.45,2.6,3.62,3.0,3.25,4.03,3.15,3.7,3.88,4.48,2.68,3.39,3.75,2.95,3.91,4.53,3.92,2.21,2.56,4.23,3.41,2.92,2.49,3.54,2.99,3.8,2.53,1.69,3.47,3.22,3.36,1.97
47-5081,Helpers--Extraction Workers,base_00,3.71,3.85,3.88,3.25,4.46,4.74,3.58,3.63,3.97,3.75,3.17,3.43,3.88,4.37,4.11,3.46,4.75,3.86,4.4,3.97,3.52,4.23,3.98,4.2,4.7,3.66,2.55,2.26,4.36,3.85,3.2,3.4,4.55,3.44,3.4,2.58,2.35,3.43,3.44,3.56,2.21
49-1011,"First-Line Supervisors of Mechanics, Installers, and Repairers",base_00,3.56,2.98,3.46,3.47,4.15,3.62,3.98,3.99,3.73,3.91,3.43,3.24,3.86,4.22,4.22,3.96,3.55,3.91,3.99,3.51,3.68,4.31,3.26,4.3,4.0,4.23,3.19,2.27,3.25,3.67,3.3,3.42,3.68,3.08,3.87,2.77,3.33,3.71,3.79,3.9,3.82
49-2011,"Computer, Automated Teller, and Office Machine Repairers",base_00,3.0,1.9,2.15,4.29,3.14,2.78,1.86,1.78,2.24,2.76,2.27,2.65,2.31,2.4,3.91,2.13,3.07,3.42,4.0,2.34,2.13,4.37,2.64,3.22,3.43,3.03,2.62,2.93,2.26,2.47,2.44,4.63,3.86,2.64,2.71,1.99,1.27,3.19,2.61,3.83,4.11
49-2021,"Radio, Cellular, and Tower Equipment Installers and Repairers",base_00,3.37,2.84,3.22,3.86,4.36,3.41,3.61,3.09,3.19,3.95,3.6,3.54,3.4,4.12,4.25,3.22,4.13,4.48,4.47,3.87,3.68,4.58,2.48,4.07,4.21,4.12,3.17,3.16,4.05,4.17,3.22,4.21,3.38,3.16,3.73,2.83,2.12,3.81,3.52,4.43,4.01
49-2022,"Telecommunications Equipment Installers and Repairers, Except Line Installers",base_00,3.44,2.97,2.46,3.61,4.07,2.84,2.77,2.49,2.58,3.36,2.41,3.5,2.66,3.04,4.41,1.98,3.64,3.96,3.69,3.37,3.45,4.4,1.79,3.53,4.13,3.76,2.33,3.84,3.47,3.71,2.85,3.62,2.73,2.92,2.48,2.53,1.35,3.39,3.31,4.01,4.44
49-2091,Avionics Technicians,base_00,3.57,2.62,2.99,3.14,4.03,3.69,3.19,3.06,2.71,4.4,3.35,3.6,2.85,4.12,4.35,2.69,3.55,3.66,3.98,3.28,3.4,4.16,2.53,3.7,2.95,3.63,2.69,2.14,3.38,3.74,3.19,4.33,3.57,2.5,2.97,2.31,1.83,3.21,3.78,4.39,4.15
49-2092,"Electric Motor, Power Tool, and Related Repairers",base_00,3.25,2.57,3.45,3.33,4.13,4.09,3.44,3.27,2.96,3.85,3.31,3.34,3.77,3.91,4.31,3.01,3.86,4.33,4.12,3.37,3.27,3.88,2.75,4.15,3.63,4.02,2.88,1.85,3.84,4.06,2.84,4.24,4.24,2.62,3.46,2.44,2.03,3.45,3.46,3.45,2.92
49-2093,"Electrical and Electronics Installers and Repairers, Transportation Equipment",base_00,3.55,2.34,2.99,2.54,4.26,4.12,3.41,2.79,2.98,3.2,3.08,2.99,3.4,3.5,3.75,2.86,3.91,3.55,4.2,2.65,3.34,4.01,2.36,3.72,3.56,3.52,2.38,2.37,3.73,3.68,3.1,3.31,3.44,2.28,2.69,2.06,1.83,3.51,3.31,3.69,3.74
49-2094,"Electrical and Electronics Repairers, Commercial and Industrial Equipment",base_00,3.67,2.44,3.06,2.56,3.83,3.72,2.55,2.27,3.02,4.12,3.33,3.65,3.41,3.58,4.05,2.78,3.46,4.09,4.05,3.03,3.45,4.23,2.1,3.9,2.32,3.57,2.25,1.5,3.19,3.46,2.54,4.44,3.69,2.37,2.73,1.85,1.69,3.47,3.71,3.59,4.16
49-2095,"Electrical and Electronics Repairers, Powerhouse, Substation, and Relay",base_00,3.83,2.68,3.1,2.45,3.83,3.91,2.72,2.04,2.51,4.04,3.41,3.4,3.02,3.98,4.25,2.47,3.4,4.36,4.32,3.09,3.44,4.28,2.69,4.18,3.37,3.45,2.8,1.65,3.61,3.85,2.8,4.41,3.94,2.47,2.95,1.6,1.46,3.21,3.25,4.09,3.93
49-2096,"Electronic Equipment Installers and Repairers, Motor Vehicles",base_00,3.57,2.78,3.41,3.33,3.48,2.89,3.34,2.97,3.17,3.34,3.25,3.45,3.21,3.28,4.75,3.48,4.38,4.56,3.57,3.49,3.64,4.57,1.87,3.72,3.82,3.76,2.58,3.4,3.67,3.79,3.69,3.47,2.73,2.8,3.07,3.07,1.74,3.79,3.58,4.51,3.96
49-2097,Audiovisual Equipment Installers and Repairers,base_00,3.47,2.12,2.53,3.66,3.48,2.93,3.07,2.92,2.87,3.26,2.65,3.46,3.44,3.29,4.25,3.07,3.73,3.94,3.89,3.07,3.25,4.09,2.51,3.59,2.64,3.84,2.8,3.41,2.78,3.81,3.02,3.66,2.32,3.31,3.03,3.2,1.92,3.66,3.06,4.36,4.19
49-2098,Security and Fire Alarm Systems Installers,base_00,3.45,1.98,2.6,4.26,4.06,2.8,2.78,2.16,3.19,3.59,2.82,3.41,3.11,3.64,3.91,2.78,4.0,4.2,4.1,3.19,3.38,4.1,1.79,3.29,3.61,3.63,2.39,3.14,4.1,3.74,2.37,4.36,3.02,2.55,3.15,1.98,1.69,3.26,3.02,4.25,4.01
49-3011,Aircraft Mechanics and Service Technicians,base_00,3.73,2.88,3.3,2.99,4.27,3.52,3.26,3.01,3.36,4.63,3.02,3.34,3.54,4.6,4.55,3.0,4.18,4.23,4.6,3.49,4.0,4.55,2.86,4.01,4.22,3.83,2.9,2.26,4.03,3.98,2.75,3.85,4.31,3.04,3.47,2.68,1.91,3.45,3.45,4.44,3.44
49-3021,Automotive Body and Related Repairers,base_00,3.05,2.52,3.03,2.6,3.79,3.05,2.8,2.64,3.37,2.73,2.75,2.99,3.16,3.8,4.06,2.73,3.65,3.89,3.86,2.6,3.26,4.05,2.79,3.75,3.93,3.88,2.31,2.72,3.49,3.79,2.52,2.7,3.48,2.7,3.45,2.17,1.96,3.72,3.25,4.1,2.83
49-3022,Automotive Glass Installers and Repairers,base_00,1.86,1.48,1.75,2.65,3.12,2.66,2.16,2.08,1.71,2.29,1.46,2.9,2.44,2.91,3.43,1.8,4.09,3.09,2.72,2.31,2.71,3.0,1.56,2.73,3.29,3.04,2.2,3.4,4.22,2.55,2.14,1.79,2.33,2.59,2.49,2.16,1.31,3.03,2.33,3.41,2.05
49-3023,Automotive Service Technicians and Mechanics,base_00,3.28,2.41,2.93,3.04,3.4,3.54,2.56,2.54,2.86,2.94,2.52,3.23,2.98,3.56,4.6,2.53,4.0,3.95,3.95,3.46,3.52,4.13,2.25,3.56,4.47,3.39,2.25,2.83,3.59,2.98,2.84,3.63,4.15,2.81,2.57,2.66,1.86,3.07,2.87,4.23,3.65
49-3031,Bus and Truck Mechanics and Diesel Engine Specialists,base_00,3.78,2.77,2.89,2.35,3.7,4.04,2.54,2.3,3.06,3.69,3.14,3.11,3.17,3.57,4.26,2.3,3.95,4.26,4.39,2.85,2.9,4.1,2.26,3.91,4.22,3.32,2.94,1.93,4.02,3.54,3.27,4.11,4.62,2.07,2.66,2.04,1.58,3.15,2.84,4.01,3.6
49-3041,Farm Equipment Mechanics and Service Technicians,base_00,3.08,2.73,2.65,3.71,3.82,3.95,2.54,2.44,2.47,4.0,3.15,3.65,2.64,2.91,4.14,2.25,4.08,3.94,4.19,3.51,3.45,3.79,2.56,3.53,4.07,3.76,2.67,3.64,3.81,2.95,2.85,4.13,4.61,2.99,2.54,2.85,2.44,3.28,2.72,3.83,3.81
49-3042,"Mobile Heavy Equipment Mechanics, Except Engines",base_00,3.56,2.88,2.79,2.98,3.85,4.21,2.97,2.71,3.18,3.98,3.39,3.61,3.3,3.34,4.16,2.82,4.22,3.94,4.41,3.37,3.71,4.24,2.59,3.89,4.46,3.73,2.53,2.47,4.01,3.76,3.08,3.78,4.64,2.84,3.11,2.46,2.23,3.72,3.18,3.68,3.44
49-3043,Rail Car Repairers,base_00,3.06,2.88,2.93,2.48,3.6,3.64,2.62,2.78,2.97,3.29,2.73,3.04,2.9,3.51,4.02,2.65,3.9,3.78,4.24,2.39,3.12,3.78,2.39,3.81,3.94,3.69,2.16,1.86,3.58,3.05,2.64,2.5,3.58,2.36,2.95,1.76,1.76,3.2,3.59,3.27,2.15
49-3051,Motorboat Mechanics and Service Technicians,base_00,3.46,2.1,2.32,2.94,3.45,3.67,2.34,2.28,2.43,3.07,2.49,3.39,3.11,2.87,4.03,2.23,4.1,3.82,3.7,2.74,2.8,3.9,2.72,3.32,4.11,3.2,2.63,3.1,3.89,3.21,2.49,3.39,4.01,2.02,2.8,2.49,1.69,2.82,2.46,3.98,2.97
49-3052,Motorcycle Mechanics,base_00,3.74,2.83,2.48,3.49,4.08,4.19,2.79,2.98,3.61,3.41,3.3,3.32,3.19,3.78,4.3,2.68,4.22,4.17,4.34,3.2,3.74,4.47,3.0,4.34,4.51,3.96,2.0,3.39,4.03,3.72,2.98,3.74,4.34,2.81,3.62,2.45,1.71,3.68,3.05,4.19,3.77
49-3053,Outdoor Power Equipment and Other Small Engine Mechanics,base_00,3.26,2.81,2.94,2.87,3.45,3.68,2.81,2.33,2.88,3.45,2.54,3.17,3.48,3.38,3.89,2.37,3.92,3.99,4.01,2.88,3.69,4.06,2.43,3.6,3.63,3.27,2.67,2.94,3.77,3.33,2.59,2.73,4.65,2.83,2.66,2.98,2.32,2.93,3.24,4.41,3.71
49-3091,Bicycle Repairers,base_00,2.52,4.17,2.56,3.08,4.1,3.41,2.99,2.9,2.73,3.86,1.84,3.54,2.6,2.28,4.27,3.77,4.24,4.05,3.74,2.7,3.51,3.94,2.77,2.82,2.38,3.67,2.61,4.68,3.58,2.74,3.46,1.92,4.06,3.22,3.35,4.73,2.27,2.83,3.1,4.53,2.89
49-3092,Recreational Vehicle Service Technicians,base_00,2.94,2.79,2.16,2.53,3.41,3.54,1.95,2.06,2.31,3.1,2.53,3.35,3.21,2.83,4.3,1.94,3.75,3.98,3.21,3.1,2.96,3.79,2.65,3.43,3.6,2.78,2.53,2.78,3.63,3.26,2.69,3.52,3.55,2.07,2.41,2.05,1.82,3.06,2.43,3.63,2.67
49-3093,Tire Repairers and Changers,base_00,3.49,2.68,3.03,2.81,3.96,3.4,3.04,2.38,2.78,2.53,2.22,2.99,3.55,3.41,4.09,2.39,3.96,3.59,3.91,2.72,3.44,3.63,2.51,3.76,4.08,3.19,2.33,3.45,3.72,3.26,2.67,2.12,3.15,2.52,2.54,3.01,2.0,3.07,3.21,3.18,2.57
49-9011,Mechanical Door Repairers,base_00,2.73,2.73,2.44,3.44,3.53,3.12,3.11,2.51,2.31,2.83,2.8,3.14,3.05,3.4,3.92,2.55,3.84,3.7,3.76,2.63,2.71,3.69,2.09,3.41,4.2,3.18,2.52,3.5,4.16,3.02,2.74,3.07,3.56,2.9,3.12,2.94,1.93,3.31,3.25,3.34,2.12
49-9012,"Control and Valve Installers and Repairers, Except Mechanical Door",base_00,3.43,3.0,2.92,3.12,4.23,3.33,2.97,2.76,2.92,3.89,3.07,3.48,3.22,3.96,4.09,3.04,3.87,3.69,4.32,2.99,3.27,4.08,2.44,4.11,3.82,3.74,2.28,2.37,3.67,3.55,2.59,3.3,4.4,2.57,3.23,2.3,1.5,3.13,3.36,3.9,3.52
49-9021,"Heating, Air Conditioning, and Refrigeration Mechanics and Installers",base_00,3.25,2.85,3.33,3.46,3.64,3.57,3.17,2.8,2.9,3.26,2.91,3.61,3.26,3.73,4.1,3.2,4.01,3.86,4.04,3.15,3.42,4.03,2.92,3.7,3.73,3.34,2.24,2.86,4.08,3.49,2.7,3.32,3.65,3.24,3.17,2.97,2.2,3.43,3.38,3.76,2.72
49-9031,Home Appliance Repairers,base_00,3.29,2.09,2.64,3.57,3.36,2.34,2.75,2.69,2.58,3.32,2.25,3.22,2.94,2.91,4.07,2.53,4.03,3.77,3.47,2.76,3.04,3.98,2.74,3.28,4.11,3.38,2.56,4.07,3.78,3.35,2.4,3.21,3.58,2.6,3.18,2.77,2.24,2.77,3.22,4.06,2.93
49-9041,Industrial Machinery Mechanics,base_00,3.31,2.92,2.96,2.61,3.77,3.84,3.15,2.55,2.95,3.51,3.17,3.02,3.24,3.29,3.97,2.77,3.65,4.11,3.99,3.27,2.97,4.21,2.44,4.1,3.84,3.36,2.37,1.22,3.56,3.34,2.65,3.12,4.07,2.35,2.77,1.63,1.25,3.51,3.41,3.86,3.42
49-9043,"Maintenance Workers, Machinery",base_00,2.95,2.66,2.79,1.95,3.75,4.17,2.68,2.67,2.87,3.55,2.89,3.18,2.6,3.26,4.07,2.79,3.71,3.92,4.18,3.16,2.54,3.92,2.08,3.52,3.51,3.64,2.48,1.48,3.62,2.72,2.61,3.7,4.34,2.36,2.99,1.93,1.76,3.31,3.2,3.41,3.03
49-9044,Millwrights,base_00,3.43,3.18,3.82,3.05,4.27,4.23,3.64,3.45,2.86,4.09,4.0,3.59,3.0,4.14,4.32,3.73,4.45,4.23,4.55,3.32,3.1,4.24,3.09,4.05,3.82,4.05,2.64,2.23,4.27,3.73,3.24,2.41,4.77,3.27,3.86,2.73,2.48,3.41,4.05,3.82,2.76
49-9045,"Refractory Materials Repairers, Except Brickmasons",base_00,2.76,2.63,2.83,1.99,3.55,3.12,2.92,2.57,2.37,2.63,2.66,2.76,2.8,3.21,3.66,2.21,4.26,3.8,3.58,2.72,2.68,3.73,2.29,3.05,3.68,3.42,1.93,1.34,4.03,3.07,2.47,1.64,2.92,2.4,2.94,1.78,1.94,2.75,3.32,3.09,1.71
49-9051,Electrical Power-Line Installers and Repairers,base_00,2.16,2.81,3.25,2.93,3.73,4.37,3.08,2.76,3.13,2.22,2.25,3.13,3.07,3.31,4.3,3.05,4.41,4.09,4.38,2.98,2.96,4.29,1.74,3.83,4.67,3.2,1.8,3.0,4.6,3.13,2.59,2.98,3.18,2.6,2.78,1.8,2.18,2.82,3.44,3.02,2.05
49-9052,Telecommunications Line Installers and Repairers,base_00,3.49,3.39,2.73,3.82,3.84,3.33,2.91,3.0,3.13,3.45,2.53,3.34,3.11,3.41,3.79,2.81,4.01,3.99,3.68,3.05,2.97,4.03,2.23,3.9,4.2,3.57,2.46,3.72,4.43,3.54,2.78,3.28,3.01,2.99,3.12,3.29,1.87,3.41,3.51,3.88,3.88
49-9061,Camera and Photographic Equipment Repairers,base_00,2.71,1.79,1.95,2.74,2.86,2.45,2.25,1.48,2.34,2.42,2.47,2.86,3.02,2.31,3.7,2.09,2.78,3.55,3.57,2.02,3.05,3.68,2.2,3.03,1.12,3.3,2.32,2.76,2.22,2.59,2.45,4.11,3.47,2.24,2.52,2.46,1.32,3.43,2.27,3.59,3.57
49-9062,Medical Equipment Repairers,base_00,3.39,2.58,2.44,3.35,3.77,2.92,2.5,2.2,2.41,4.0,2.66,3.72,3.17,4.09,4.26,2.02,3.59,3.66,4.2,3.01,3.31,4.41,2.05,3.96,3.09,4.06,2.75,2.23,3.2,3.47,2.43,4.61,4.38,2.12,2.97,2.14,1.18,2.78,2.64,4.05,3.78
49-9063,Musical Instrument Repairers and Tuners,base_00,2.32,2.05,2.45,3.0,2.5,2.73,1.95,1.73,2.36,2.86,2.32,3.64,3.18,3.05,3.95,1.9,3.73,3.55,3.5,2.36,3.71,4.23,2.95,3.18,2.64,3.55,2.75,3.5,3.23,2.91,2.5,2.0,3.32,2.29,3.45,2.77,1.45,3.73,2.77,3.32,2.73
49-9064,Watch and Clock Repairers,base_00,3.71,2.19,1.73,2.79,2.2,3.59,1.74,1.38,2.79,2.86,3.42,2.83,3.94,2.99,3.67,1.54,3.15,4.06,3.93,2.46,3.93,3.95,3.36,4.11,2.03,3.32,2.53,3.75,2.16,2.85,2.09,2.99,4.33,2.57,2.99,2.96,1.03,3.18,1.75,3.44,2.1
49-9071,"Maintenance and Repair Workers, General",base_00,3.5,2.93,2.8,3.39,4.36,4.06,3.13,2.97,2.77,3.67,3.25,3.37,3.5,3.99,4.25,2.68,4.16,4.16,4.48,3.19,3.28,4.55,2.75,4.0,4.17,4.09,2.68,2.95,3.77,3.61,2.46,3.87,4.32,3.17,3.45,2.33,2.03,3.93,3.28,4.02,3.43
49-9081,Wind Turbine Service Technicians,base_00,3.82,3.24,3.16,2.38,4.15,4.63,3.39,3.47,3.27,3.99,2.77,3.21,3.42,4.11,4.2,3.23,4.47,4.0,4.66,3.17,3.26,4.33,2.69,3.89,4.28,4.11,3.14,1.39,4.46,4.01,2.83,4.8,4.87,2.83,3.08,1.76,1.97,3.07,4.01,3.92,3.89
49-9091,"Coin, Vending, and Amusement Machine Servicers and Repairers",base_00,2.64,1.92,1.86,2.2,3.09,2.45,1.65,1.87,1.93,3.22,2.31,2.65,2.69,3.06,3.24,1.41,3.19,2.74,2.94,2.1,2.92,3.25,2.83,3.25,3.11,2.68,1.49,3.07,3.34,3.08,1.65,2.98,3.42,2.2,2.37,2.54,1.16,2.32,2.03,2.95,2.86
49-9092,Commercial Divers,base_00,2.76,3.32,3.21,3.3,4.15,3.73,3.5,3.15,3.13,3.64,2.48,3.22,3.05,3.78,4.12,3.33,4.18,4.04,4.19,2.96,3.09,4.17,2.96,3.87,3.9,3.48,2.67,2.83,4.4,3.05,2.73,2.63,3.61,2.71,3.27,2.18,2.43,3.24,3.73,3.58,2.33
49-9094,Locksmiths and Safe Repairers,base_00,3.38,2.88,3.23,3.77,3.85,3.96,3.58,2.96,3.19,3.88,3.08,3.65,3.27,4.08,4.38,3.2,4.15,3.88,3.88,3.32,3.46,4.27,3.46,3.27,4.12,3.85,3.54,4.31,3.81,3.42,3.31,3.42,4.15,3.35,3.81,3.35,2.92,3.92,3.46,4.12,3.58
49-9095,Manufactured Building and Mobile Home Installers,base_00,2.53,3.05,4.0,4.22,4.48,4.65,4.47,4.28,3.01,3.48,3.29,4.23,2.99,4.58,4.3,4.53,4.57,3.93,4.73,4.19,3.94,4.61,3.62,3.77,4.61,4.35,3.68,4.07,4.6,3.15,3.47,2.62,4.21,3.6,4.43,3.25,3.16,3.57,3.74,4.27,2.16
49-9096,Riggers,base_00,3.04,2.75,2.55,2.39,4.14,3.74,2.52,3.33,2.79,3.68,3.12,3.37,3.28,3.52,4.04,2.23,4.1,3.77,4.24,2.91,3.13,3.67,2.18,3.56,2.98,3.35,1.68,1.77,4.05,3.53,2.37,2.92,3.23,2.43,2.6,2.06,1.38,2.84,3.14,3.41,2.35
49-9097,Signal and Track Switch Repairers,base_00,2.49,2.55,2.5,2.35,3.38,3.07,2.83,2.38,2.67,3.09,2.63,3.02,1.9,3.6,3.56,2.04,3.25,3.19,3.79,2.63,2.45,3.22,1.6,3.07,3.57,3.48,2.38,1.57,3.32,2.83,2.35,3.03,3.77,2.14,2.88,2.01,1.73,2.24,2.8,3.15,2.69
49-9098,"Helpers--Installation, Maintenance, and Repair Workers",base_00,3.06,2.53,2.98,2.95,3.89,3.56,2.92,3.0,3.29,2.99,2.83,3.66,3.14,3.62,3.87,2.59,3.76,3.45,4.46,2.0,3.19,4.16,1.9,3.65,3.49,3.57,1.96,1.9,4.06,3.18,2.47,3.57,4.21,2.51,2.98,2.11,2.01,2.97,2.72,3.57,2.1
49-9099,Geothermal Technicians,first_detail,3.48,2.94,3.38,2.54,4.33,4.26,3.59,3.33,3.0,3.8,3.23,3.3,3.6,3.76,4.43,2.66,4.17,4.05,3.92,3.34,3.2,4.42,2.8,3.88,4.23,4.02,2.41,1.53,3.94,3.32,2.95,3.41,3.94,2.61,3.41,1.95,2.06,3.23,3.3,3.96,3.54
51-1011,First-Line Supervisors of Production and Operating Workers,base_00,3.64,2.54,3.97,2.89,4.34,3.85,3.66,3.66,3.21,3.55,2.93,3.64,3.07,3.94,4.43,4.14,3.25,3.96,4.19,3.08,3.74,4.47,3.69,4.2,3.0,3.87,3.36,1.97,3.07,3.94,3.27,3.08,3.22,3.52,3.76,2.6,3.13,3.63,3.86,3.66,3.73
51-2011,"Aircraft Structure, Surfaces, Rigging, and Systems Assemblers",base_00,3.35,2.51,2.72,3.0,3.72,4.18,3.04,2.8,2.97,3.83,3.16,3.65,3.43,3.62,3.93,2.94,3.79,3.36,3.88,2.75,3.39,3.66,2.78,3.98,2.8,3.75,2.65,1.83,3.21,3.45,2.52,2.92,2.74,2.46,3.15,2.33,2.36,3.72,3.33,3.76,3.06
51-2021,"Coil Winders, Tapers, and Finishers",base_00,2.69,2.65,3.17,1.93,3.04,3.35,2.59,2.89,2.78,2.41,2.08,3.16,3.13,3.33,4.0,2.19,3.79,3.75,4.13,2.79,3.39,3.61,2.16,3.65,1.95,3.24,2.04,2.02,3.7,3.21,2.48,2.14,2.36,2.25,2.91,1.92,1.85,2.57,3.11,3.11,2.42
51-2022,Electrical and Electronic Equipment Assemblers,base_00,3.03,2.47,3.01,2.23,3.73,3.45,3.02,3.15,3.12,3.21,3.01,3.0,3.05,3.81,4.03,2.68,3.76,3.42,3.56,2.86,2.88,3.82,2.5,3.65,2.11,3.37,2.78,2.26,3.26,2.99,2.73,2.9,2.5,2.58,2.59,2.05,2.04,2.73,3.32,3.26,2.77
51-2023,Electromechanical Equipment Assemblers,base_00,3.06,2.34,2.37,2.06,3.17,3.51,2.37,2.73,2.4,3.12,2.56,3.08,3.22,3.95,4.04,2.16,3.35,3.99,4.12,2.44,3.4,3.28,2.38,4.06,2.17,2.93,2.38,1.46,3.11,3.13,2.22,2.75,2.54,1.99,2.47,1.94,1.85,2.61,2.4,3.43,2.98
51-2031,Engine and Other Machine Assemblers,base_00,2.71,2.57,2.64,1.76,3.58,4.3,2.71,2.79,2.42,2.82,2.4,3.37,2.86,3.54,3.77,2.25,4.32,3.57,4.0,2.38,2.98,3.4,1.98,3.3,3.13,2.63,1.6,1.71,3.88,3.12,2.59,2.75,3.15,2.17,2.42,2.27,1.85,3.01,2.85,3.28,2.86
51-2041,Structural Metal Fabricators and Fitters,base_00,2.73,2.66,3.14,1.72,4.17,4.11,3.34,2.89,2.76,2.98,3.42,2.99,2.69,3.58,3.91,2.55,4.02,3.72,4.05,3.07,3.19,3.87,2.37,3.57,2.97,3.54,2.33,1.66,3.92,3.68,2.67,2.36,3.29,2.49,2.57,1.66,1.84,3.24,3.71,3.88,2.47
51-2051,Fiberglass Laminators and Fabricators,base_00,2.87,2.27,2.85,1.71,3.63,3.64,2.96,3.08,2.96,3.39,2.18,3.27,3.17,3.3,4.07,2.81,3.62,3.73,4.12,2.9,3.63,3.87,2.31,3.67,2.86,3.04,2.3,2.01,3.63,2.9,2.67,2.03,2.92,2.44,2.73,1.89,1.86,2.98,3.5,2.89,1.93
51-2061,Timing Device Assemblers and Adjusters,base_00,3.11,2.16,2.42,2.53,3.49,3.59,1.84,1.94,2.87,2.59,2.73,3.04,2.75,2.78,3.36,2.38,3.87,3.36,3.73,2.57,3.09,3.72,1.86,3.04,2.87,3.13,1.82,2.67,2.42,2.77,2.6,2.8,4.07,2.47,2.66,2.76,1.33,3.3,2.72,3.2,2.74
51-2092,Team Assemblers,base_00,3.05,2.49,3.23,1.72,3.6,3.76,2.99,2.71,2.52,2.93,2.68,3.5,3.51,3.21,4.39,2.79,4.38,4.21,4.16,2.59,3.41,3.69,1.92,4.21,2.16,3.43,2.02,1.69,3.49,3.07,2.5,2.43,2.58,2.38,2.85,1.91,1.76,2.54,3.4,3.13,2.88
51-3011,Bakers,base_00,2.46,2.79,2.96,1.96,3.33,2.57,2.61,2.13,2.44,2.3,1.45,2.85,2.69,2.82,3.87,2.72,2.79,3.59,3.82,2.33,3.21,3.21,1.99,4.05,1.76,3.38,1.77,2.48,2.84,2.59,1.78,1.51,1.41,2.7,2.57,2.0,1.54,2.84,3.24,2.59,2.36
51-3021,Butchers and Meat Cutters,base_00,2.85,2.94,3.38,2.84,3.55,3.57,3.29,3.35,2.71,3.07,2.15,3.5,3.33,3.25,3.8,3.02,3.51,3.57,3.74,2.41,3.27,3.55,2.77,3.36,2.52,3.53,2.51,3.96,3.69,3.2,3.06,2.43,2.67,3.36,3.1,3.67,2.64,2.89,3.45,3.18,2.5
51-3022,"Meat, Poultry, and Fish Cutters and Trimmers",base_00,3.37,3.16,3.52,2.41,3.89,3.71,3.3,3.27,2.44,3.32,2.03,3.46,3.49,3.45,4.25,2.95,4.19,4.23,4.09,3.09,3.64,3.84,2.73,3.69,2.72,3.79,2.26,2.2,3.69,3.89,2.54,2.6,2.7,3.05,2.99,2.48,2.55,2.83,3.64,3.6,2.08
51-3023,Slaughterers and Meat Packers,base_00,2.21,2.1,2.46,1.74,3.2,3.0,2.34,2.43,2.42,2.36,1.21,2.58,2.34,2.7,3.41,2.14,3.72,3.29,3.57,2.4,2.62,2.95,2.4,3.53,1.68,2.64,2.0,1.99,3.56,2.53,2.04,1.85,2.59,1.98,2.18,1.65,1.59,2.25,2.81,2.39,1.5
51-3091,"Food and Tobacco Roasting, Baking, and Drying Machine Operators and Tenders",base_00,3.6,2.63,3.12,2.4,3.94,3.95,3.31,2.99,3.01,3.43,2.27,3.37,3.2,3.59,4.02,3.15,3.51,3.75,3.83,3.07,2.85,4.0,2.77,4.14,3.09,3.32,2.8,2.6,3.55,3.54,3.1,2.94,2.97,2.84,2.9,2.29,2.36,2.77,3.57,3.04,3.38
51-3092,Food Batchmakers,base_00,3.33,2.74,2.65,1.79,4.28,4.42,2.87,2.54,2.62,4.33,1.76,3.29,3.73,3.76,3.83,2.19,3.89,4.06,4.16,3.23,3.73,4.02,1.97,4.44,3.27,3.18,1.95,1.94,3.73,3.56,2.4,2.15,2.49,2.3,2.58,1.78,1.6,2.86,3.19,3.26,3.48
51-3093,Food Cooking Machine Operators and Tenders,base_00,3.14,1.83,2.71,1.58,4.0,4.14,2.09,2.07,2.3,4.2,1.73,2.44,3.84,3.65,4.15,1.73,3.96,4.05,4.1,3.45,3.61,3.61,2.51,4.16,2.43,3.43,1.85,1.27,3.59,3.44,2.56,1.84,2.28,2.02,2.35,1.41,1.7,2.34,3.35,3.35,2.59
51-4021,"Extruding and Drawing Machine Setters, Operators, and Tenders, Metal and Plastic",base_00,3.06,2.26,3.17,1.96,4.0,4.66,3.15,3.21,2.6,3.39,2.14,3.32,3.23,3.61,4.0,2.87,3.82,3.71,3.95,2.26,3.01,4.25,1.82,3.9,2.66,3.88,2.89,1.49,3.93,3.41,3.13,1.91,2.58,2.27,2.62,1.56,1.61,2.9,3.35,3.25,3.05
51-4022,"Forging Machine Setters, Operators, and Tenders, Metal and Plastic",base_00,2.77,2.64,2.99,1.53,4.07,4.22,2.67,2.84,2.63,3.25,2.54,3.17,2.74,3.35,4.2,2.65,4.08,4.04,3.81,2.86,3.39,3.73,1.84,3.83,3.76,3.26,2.11,1.18,3.88,3.16,2.48,2.48,3.35,2.38,2.65,1.58,1.35,3.41,3.33,3.34,3.16
51-4023,"Rolling Machine Setters, Operators, and Tenders, Metal and Plastic",base_00,3.35,2.76,3.0,1.93,3.95,4.5,2.98,3.04,2.78,3.52,3.09,3.15,3.23,3.59,4.49,2.71,4.24,3.97,4.42,2.53,3.02,4.37,2.71,3.89,4.05,3.44,2.33,2.2,3.38,3.61,2.8,3.14,3.68,2.38,2.73,2.37,2.09,3.0,3.85,3.63,3.21
51-4031,"Cutting, Punching, and Press Machine Setters, Operators, and Tenders, Metal and Plastic",base_00,2.86,2.37,2.3,1.67,3.32,3.78,1.88,2.14,2.01,3.37,1.77,2.84,2.09,2.98,3.5,1.91,3.85,3.82,3.64,2.14,3.26,3.85,1.81,3.55,2.74,2.75,1.94,1.74,3.47,2.98,1.98,1.9,3.33,1.9,2.01,1.61,1.42,2.7,2.53,2.63,2.4
51-4032,"Drilling and Boring Machine Tool Setters, Operators, and Tenders, Metal and Plastic",base_00,3.54,1.78,2.67,1.42,3.98,4.75,1.82,1.68,2.68,3.88,3.33,2.94,2.63,3.58,4.38,2.5,3.88,3.59,3.89,3.47,3.01,3.88,1.4,3.8,2.83,2.89,1.87,1.08,3.28,3.61,2.01,3.2,2.95,1.89,2.2,1.37,1.06,3.31,3.19,3.55,3.84
51-4033,"Grinding, Lapping, Polishing, and Buffing Machine Tool Setters, Operators, and Tenders, Metal and Plastic",base_00,2.54,2.59,2.77,2.07,3.66,4.46,2.57,2.91,2.6,4.17,2.37,3.4,2.98,3.17,3.77,2.5,4.35,3.8,3.78,2.82,3.38,3.42,2.84,4.02,2.46,3.31,2.4,1.61,3.23,3.24,2.69,2.78,3.3,2.61,2.4,2.04,1.55,2.34,3.25,3.52,2.98
51-4034,"Lathe and Turning Machine Tool Setters, Operators, and Tenders, Metal and Plastic",base_00,3.51,2.53,3.19,2.69,3.52,4.07,3.11,2.86,3.35,3.13,3.79,3.11,3.01,4.09,3.57,3.77,3.48,3.77,4.13,3.39,3.57,4.04,2.96,4.25,3.44,3.53,2.28,2.23,3.41,3.28,2.37,3.17,3.92,3.13,3.45,2.32,2.79,3.58,3.85,3.42,4.0
51-4035,"Milling and Planing Machine Setters, Operators, and Tenders, Metal and Plastic",base_00,3.12,2.57,2.8,1.94,3.78,4.74,2.81,2.2,2.38,3.32,2.93,2.77,2.94,3.72,3.66,2.5,3.98,3.32,4.1,3.1,3.08,4.19,2.09,4.19,3.08,3.11,1.54,1.24,3.6,3.86,2.14,2.82,3.55,2.15,2.45,1.52,1.61,3.06,3.24,3.47,3.47
51-4041,Machinists,base_00,2.91,2.04,2.77,1.95,3.68,4.69,2.95,2.67,2.51,3.12,3.35,2.98,2.87,3.27,4.31,2.43,3.64,3.88,4.25,2.68,3.26,3.68,2.62,3.88,2.8,3.41,1.91,1.4,3.23,3.52,2.58,2.29,3.75,2.66,2.86,2.03,1.78,2.91,3.53,3.39,3.36
51-4051,Metal-Refining Furnace Operators and Tenders,base_00,3.05,2.56,3.01,1.8,3.54,3.43,3.28,2.49,2.65,3.36,2.06,3.21,3.45,3.36,4.05,3.18,4.07,4.02,3.95,2.77,3.39,3.57,2.36,4.1,3.27,3.36,2.23,1.49,3.79,3.2,2.64,2.78,3.22,2.55,2.97,1.77,1.9,2.96,3.23,3.28,2.57
51-4052,"Pourers and Casters, Metal",base_00,2.61,2.09,3.22,1.68,3.67,4.05,3.06,2.8,2.42,3.11,1.69,3.45,2.68,2.98,3.24,2.53,3.76,3.69,3.37,2.86,3.27,3.2,2.51,3.63,3.55,2.74,2.11,1.41,4.06,3.16,2.06,2.43,3.38,2.38,2.63,1.83,2.17,2.45,3.26,3.06,2.66
51-4061,"Model Makers, Metal and Plastic",base_00,2.99,2.12,1.79,1.98,3.49,4.11,1.82,1.8,2.68,2.72,3.12,2.33,3.3,3.2,3.83,1.74,3.56,3.8,4.43,2.6,3.87,3.56,1.85,3.86,2.88,2.9,1.58,1.33,2.81,2.98,1.94,2.77,3.21,1.82,2.66,1.45,1.13,3.8,2.23,3.52,3.0
51-4062,"Patternmakers, Metal and Plastic",base_00,2.56,1.68,2.57,1.94,3.67,4.4,2.13,1.81,3.1,2.5,3.58,2.65,2.5,3.12,3.83,2.66,2.97,3.54,3.68,2.39,2.93,3.65,2.3,3.38,2.63,3.73,2.03,1.14,3.12,3.3,2.68,2.7,3.12,2.06,2.75,1.27,1.45,3.39,3.33,3.45,3.15
51-4071,Foundry Mold and Coremakers,base_00,2.25,2.18,2.25,1.65,3.63,3.52,2.41,2.51,2.35,3.13,1.69,2.57,3.04,3.28,3.73,2.25,4.39,3.73,3.75,2.09,3.55,3.17,2.41,3.79,3.22,3.03,2.13,1.46,4.28,2.97,2.23,1.69,2.62,2.55,2.33,1.54,1.8,2.29,2.86,2.51,1.7
51-4072,"Molding, Coremaking, and Casting Machine Setters, Operators, and Tenders, Metal and Plastic",base_00,2.74,2.47,2.74,1.44,3.73,4.57,2.88,2.51,2.34,2.88,1.92,3.04,2.82,3.24,3.83,2.53,4.12,3.73,3.84,2.79,3.27,3.52,1.63,3.69,2.96,3.26,1.97,1.14,3.53,2.95,1.98,2.47,3.12,1.91,2.67,1.46,1.47,2.38,2.87,2.92,2.59
51-4081,"Multiple Machine Tool Setters, Operators, and Tenders, Metal and Plastic",base_00,4.07,2.89,3.59,2.26,3.84,4.37,3.22,3.17,3.5,3.89,2.33,3.57,4.13,4.33,4.42,2.51,4.18,4.4,4.36,3.12,4.06,4.32,2.16,4.26,2.85,3.7,3.17,1.85,3.87,4.21,2.81,3.89,3.77,2.62,3.5,1.85,2.13,3.73,3.57,3.98,3.55
51-4111,Tool and Die Makers,base_00,2.74,1.9,2.58,1.74,3.78,3.75,2.65,2.47,2.75,2.85,3.68,2.5,2.92,3.45,4.47,2.36,3.52,3.49,3.54,3.13,3.28,4.1,2.28,3.75,2.65,3.57,1.92,1.0,2.92,3.05,2.67,2.18,3.71,1.99,2.62,1.79,1.37,3.77,3.24,3.62,3.48
51-4121,"Welders, Cutters, Solderers, and Brazers",base_00,2.49,2.36,2.4,1.51,3.03,2.9,2.2,2.02,2.43,2.07,2.22,2.6,2.7,2.82,3.76,1.78,3.49,3.57,3.65,2.29,2.5,2.96,1.92,3.4,2.62,2.67,1.78,1.35,3.31,2.49,1.92,1.76,2.36,1.8,2.36,1.55,1.74,2.65,2.56,2.63,2.14
51-4122,"Welding, Soldering, and Brazing Machine Setters, Operators, and Tenders",base_00,3.03,2.83,2.87,2.16,3.64,4.14,2.39,2.88,3.06,2.97,3.0,2.48,3.0,3.47,4.09,2.74,3.77,4.0,4.02,2.86,3.39,3.61,2.58,3.93,3.66,2.85,2.26,1.83,3.23,3.22,2.95,3.0,3.59,2.53,2.55,2.04,2.13,3.59,3.1,3.48,2.62
51-4191,"Heat Treating Equipment Setters, Operators, and Tenders, Metal and Plastic",base_00,2.55,2.05,3.14,1.41,3.74,4.2,2.41,2.4,2.34,3.44,2.1,3.31,3.34,3.31,3.67,2.41,4.25,4.06,3.6,2.69,3.39,3.46,1.62,3.36,3.85,2.81,2.25,1.78,4.16,2.93,2.46,2.45,2.84,2.41,2.74,1.73,1.25,2.44,3.2,2.87,3.3
51-4192,"Layout Workers, Metal and Plastic",base_00,3.17,3.01,3.23,2.5,4.03,4.02,3.35,3.22,2.99,2.66,3.58,3.51,3.29,3.52,4.31,3.09,4.18,3.85,4.16,3.37,3.47,3.66,2.49,3.4,3.39,3.56,2.41,2.3,3.72,3.58,2.87,2.85,3.0,2.91,3.41,2.76,2.18,3.46,3.06,3.55,2.18
51-4193,"Plating Machine Setters, Operators, and Tenders, Metal and Plastic",base_00,2.95,2.5,3.04,2.18,4.2,4.02,2.68,2.67,2.37,3.11,1.44,2.95,2.77,3.26,3.75,2.99,4.3,4.02,3.94,2.85,3.83,4.06,1.84,4.11,3.66,3.13,1.82,1.62,2.98,3.09,2.56,1.72,2.58,2.58,3.0,1.9,1.48,3.25,3.62,3.24,2.11
51-4194,"Tool Grinders, Filers, and Sharpeners",base_00,2.74,2.38,2.42,2.17,3.42,4.56,2.45,1.92,2.61,3.29,2.3,2.95,3.46,3.25,4.21,2.31,3.93,3.63,4.02,2.34,3.47,3.61,2.14,3.66,2.36,3.73,2.01,1.53,3.68,3.1,2.18,2.38,3.48,2.67,2.32,2.04,1.54,3.07,3.01,3.02,3.18
51-5111,Prepress Technicians and Workers,base_00,2.92,2.1,2.94,3.02,4.15,3.41,3.25,2.89,2.7,3.08,2.65,3.26,3.47,2.94,4.33,2.97,2.49,3.51,3.42,3.23,3.22,4.16,2.45,3.65,1.74,3.75,2.5,2.04,2.28,3.39,2.83,2.53,2.41,2.6,3.49,1.65,1.69,3.98,3.29,4.16,4.6
51-5112,Printing Press Operators,base_00,3.32,3.2,3.29,3.08,3.69,4.64,3.36,2.88,2.78,3.1,2.83,3.51,3.14,3.4,4.24,3.54,3.95,3.51,3.76,2.81,3.35,4.34,3.52,3.94,3.9,4.17,2.51,2.99,3.5,3.68,2.76,3.52,3.91,3.31,4.0,2.79,2.43,3.53,3.78,3.48,3.35
51-5113,Print Binding and Finishing Workers,base_00,2.97,2.5,3.02,2.39,3.62,4.29,3.05,2.87,2.57,2.83,2.07,3.07,3.3,3.31,4.21,2.61,4.04,3.76,3.7,3.31,3.61,3.93,2.11,4.19,2.76,3.58,2.42,2.03,3.61,3.3,2.44,2.69,3.52,2.44,2.62,1.88,1.45,3.05,3.22,3.03,2.83
51-6011,Laundry and Dry-Cleaning Workers,base_00,1.97,3.1,2.71,2.18,3.49,3.62,2.89,2.98,2.09,1.71,2.0,3.33,2.64,2.74,3.02,2.77,3.74,3.24,3.31,1.99,2.74,2.89,2.72,3.17,2.04,3.64,1.98,2.53,3.65,2.55,2.54,2.5,2.57,2.68,2.87,2.05,2.28,2.07,3.06,2.1,1.99
51-6021,"Pressers, Textile, Garment, and Related Materials",base_00,2.14,2.98,2.43,1.47,3.33,3.9,2.15,2.15,2.58,2.18,1.97,1.83,2.55,2.72,3.55,1.93,3.79,2.73,3.36,2.32,2.68,2.83,2.26,2.83,2.28,3.25,1.23,2.19,3.79,2.5,2.06,2.23,2.77,2.42,3.03,1.74,1.31,2.74,2.38,2.56,2.06
51-6031,Sewing Machine Operators,base_00,2.09,2.26,2.34,1.61,3.19,3.38,2.35,2.15,2.27,2.18,2.45,2.67,2.65,2.67,3.24,2.13,3.57,3.25,3.42,2.45,2.54,2.74,2.15,2.87,2.33,2.95,2.04,1.67,2.9,2.63,2.15,1.96,2.6,2.24,1.94,1.65,1.6,2.39,2.87,2.56,1.86
51-6041,Shoe and Leather Workers and Repairers,base_00,2.78,2.78,2.64,2.25,3.37,3.76,2.41,2.93,2.53,2.22,2.41,3.28,3.41,3.71,3.59,2.4,3.73,3.49,3.95,2.84,3.61,3.65,2.81,3.8,2.52,2.79,2.42,2.41,3.47,3.04,2.35,1.22,2.55,2.88,2.18,2.42,2.25,3.3,3.03,2.72,2.36
51-6042,Shoe Machine Operators and Tenders,base_00,2.49,2.84,3.29,2.44,4.04,3.82,3.46,3.31,3.26,3.12,3.18,3.72,3.41,3.1,3.08,3.15,4.11,3.06,3.77,2.96,3.54,3.28,2.96,3.4,2.78,3.72,2.6,2.37,3.04,3.23,3.23,2.51,2.88,3.04,2.88,2.48,2.73,3.15,3.61,3.64,2.97
51-6051,"Sewers, Hand",base_00,2.45,3.59,2.0,1.53,3.15,4.1,1.59,1.37,2.65,1.45,1.79,2.25,2.72,2.61,3.27,1.2,3.3,3.24,3.88,2.34,3.02,3.63,1.48,3.06,1.3,3.64,1.44,1.95,2.21,2.98,1.68,2.24,2.2,1.75,3.11,1.35,1.06,3.05,2.64,3.21,2.53
51-6052,"Tailors, Dressmakers, and Custom Sewers",base_00,2.15,2.11,1.63,2.51,2.66,3.82,1.85,2.0,2.89,2.16,1.88,2.31,2.46,2.75,3.05,1.99,2.68,3.15,3.03,2.3,3.19,3.33,2.28,2.31,2.21,3.57,1.56,3.03,2.88,2.46,1.92,1.25,2.58,2.83,2.94,2.46,1.07,3.55,1.98,3.24,1.4
51-6061,Textile Bleaching and Dyeing Machine Operators and Tenders,base_00,3.22,2.22,2.41,1.58,3.42,3.89,2.29,2.35,2.5,2.6,1.98,2.34,2.88,3.29,4.08,2.11,4.0,3.59,4.11,2.98,2.96,3.65,1.82,3.91,3.06,3.23,2.08,1.63,3.42,3.25,1.93,1.77,2.7,2.31,2.85,1.47,1.39,2.69,2.86,3.56,2.99
51-6062,"Textile Cutting Machine Setters, Operators, and Tenders",base_00,2.67,2.4,2.77,1.9,3.78,3.94,2.88,2.79,2.32,3.06,2.53,3.13,3.57,3.35,3.95,2.89,3.69,3.92,3.84,2.73,3.15,3.51,2.58,4.11,2.67,3.14,2.63,1.37,3.6,3.18,2.2,2.68,3.11,2.38,2.67,1.76,1.61,2.73,3.16,2.7,3.05
51-6063,"Textile Knitting and Weaving Machine Setters, Operators, and Tenders",base_00,3.08,2.6,2.46,1.93,4.1,4.15,2.97,2.7,2.4,3.21,1.99,3.09,3.09,3.43,3.98,2.59,3.72,3.69,3.69,2.56,3.48,3.46,1.89,3.87,2.0,3.22,2.08,2.07,3.83,3.3,2.84,3.06,3.06,2.39,2.71,2.46,1.94,2.9,3.14,3.32,2.61
51-6064,"Textile Winding, Twisting, and Drawing Out Machine Setters, Operators, and Tenders",base_00,2.54,2.2,2.18,1.79,3.67,3.43,2.06,2.25,2.41,2.7,2.22,2.35,3.46,3.13,3.8,2.32,3.72,3.46,3.64,2.47,3.06,3.4,1.97,3.28,2.43,2.72,1.7,1.54,3.04,2.69,2.0,2.08,3.29,2.0,2.16,1.46,1.39,2.42,3.04,2.62,2.43
51-6091,"Extruding and Forming Machine Setters, Operators, and Tenders, Synthetic and Glass Fibers",base_00,3.42,2.4,2.97,1.61,3.78,4.38,2.63,2.84,2.54,3.65,1.87,2.71,3.31,3.65,4.42,2.92,3.89,4.16,4.16,2.83,3.84,3.88,2.09,4.41,4.06,2.85,1.97,1.45,3.48,3.75,2.37,2.11,3.11,2.45,2.66,1.45,2.08,2.85,3.33,3.29,2.67
51-6092,Fabric and Apparel Patternmakers,base_00,3.4,2.42,2.54,2.82,4.19,2.59,2.94,2.82,3.18,3.54,2.96,3.41,3.53,3.32,4.42,2.53,3.06,4.01,3.58,3.41,3.17,3.85,2.06,4.16,1.72,3.47,2.49,1.24,3.15,3.73,2.61,1.83,1.71,2.17,2.95,1.88,1.64,3.92,3.04,3.68,3.73
51-6093,Upholsterers,base_00,2.67,2.39,2.83,2.93,3.13,3.18,3.31,2.47,2.89,2.15,2.52,2.98,3.65,3.24,3.83,2.57,3.99,3.47,3.86,2.27,3.57,3.62,2.88,3.27,2.61,3.49,2.82,2.95,3.7,3.07,2.56,1.72,2.69,2.92,3.17,3.21,2.12,3.5,2.76,3.24,2.29
51-7011,Cabinetmakers and Bench Carpenters,base_00,3.23,2.09,2.12,2.48,3.42,4.13,2.47,2.45,2.55,2.26,2.78,2.78,3.84,3.37,4.18,2.09,4.13,3.6,3.74,3.06,3.36,3.87,2.45,3.37,2.82,3.21,2.47,3.24,3.9,3.31,1.7,2.53,3.11,2.68,2.86,2.88,1.32,3.36,2.55,3.01,1.88
51-7021,Furniture Finishers,base_00,2.71,2.92,2.82,2.46,3.64,2.88,3.02,2.78,2.93,2.58,1.97,3.53,3.23,3.6,4.09,2.85,3.81,3.72,3.89,2.78,3.64,3.98,2.74,3.69,2.23,3.48,2.26,2.37,3.71,3.16,2.83,1.63,2.68,2.95,2.78,2.07,2.36,3.64,3.17,3.64,2.55
51-7031,"Model Makers, Wood",base_00,3.1,2.61,3.33,2.0,3.78,4.21,2.75,2.49,2.87,2.96,3.37,3.68,3.31,3.14,3.9,1.93,4.22,3.46,4.08,3.54,3.36,3.72,1.3,3.6,3.01,3.66,1.85,1.23,4.1,3.75,2.84,1.97,3.7,2.4,2.9,2.57,1.09,3.84,3.19,3.37,2.1
51-7032,"Patternmakers, Wood",base_00,3.43,1.86,2.57,3.05,3.42,4.23,2.6,2.02,3.33,2.38,4.46,2.86,3.15,3.15,4.13,2.06,3.87,3.4,3.83,2.88,3.79,4.17,2.6,3.73,3.12,3.7,1.93,1.39,4.05,3.58,1.97,2.15,3.4,1.97,2.58,1.73,1.35,4.34,2.65,3.47,3.07
51-7041,"Sawing Machine Setters, Operators, and Tenders, Wood",base_00,1.93,2.17,2.45,1.68,3.41,4.11,2.23,2.64,2.16,2.19,1.98,2.77,3.08,2.69,3.38,2.47,4.11,3.45,3.65,2.33,2.89,2.76,2.1,3.12,3.27,2.55,1.75,1.39,3.7,2.37,2.23,1.93,3.27,2.34,2.54,1.48,1.56,2.47,3.17,2.51,1.98
51-7042,"Woodworking Machine Setters, Operators, and Tenders, Except Sawing",base_00,2.34,2.02,2.19,1.42,3.41,4.0,2.45,2.35,2.05,2.47,1.93,2.34,2.89,2.77,3.61,1.88,3.9,3.03,3.79,2.02,3.02,3.23,1.8,3.17,2.29,2.63,1.32,1.3,3.51,3.02,1.99,2.13,2.59,1.84,1.94,1.47,1.26,2.67,2.45,2.56,2.01
51-8011,Nuclear Power Reactor Operators,base_00,3.94,1.94,3.09,2.5,4.33,4.14,3.52,3.03,2.36,4.39,2.03,3.29,3.36,4.73,4.52,3.05,1.94,4.51,4.04,3.27,3.13,4.18,1.93,4.52,2.21,3.58,3.48,1.54,2.29,4.29,2.68,2.26,2.17,2.3,2.95,1.41,1.5,2.58,3.51,4.26,3.64
51-8012,Power Distributors and Dispatchers,base_00,4.31,2.1,2.38,4.11,4.34,2.73,3.45,2.19,2.58,4.26,1.89,3.18,3.49,4.48,4.72,2.36,1.41,4.59,3.1,3.26,2.83,4.73,3.35,4.5,1.4,3.74,3.14,2.34,1.49,4.27,2.59,2.05,1.38,2.54,3.28,1.39,1.51,2.9,3.28,3.88,4.47
51-8013,Power Plant Operators,base_00,3.4499999999999997,2.736666666666667,2.99,2.39,3.8666666666666667,4.25,2.856666666666667,2.84,2.67,3.75,2.546666666666667,3.2266666666666666,3.0533333333333332,3.7099999999999995,3.983333333333333,2.8533333333333335,3.3633333333333333,3.9233333333333333,3.9800000000000004,3.1566666666666667,3.063333333333333,3.9933333333333336,2.6933333333333334,4.08,3.686666666666667,3.1966666666666668,2.52,1.8933333333333333,3.3966666666666665,3.56,2.6166666666666667,3.0666666666666664,3.7866666666666666,2.5166666666666666,2.9233333333333333,2.0466666666666664,1.7566666666666666,3.1833333333333336,3.3833333333333333,3.3233333333333337,3.2900000000000005
51-8021,Stationary Engineers and Boiler Operators,base_00,3.57,3.14,3.52,2.75,4.02,4.18,3.63,3.53,3.44,3.85,2.83,3.26,3.54,3.76,4.05,2.86,3.62,4.04,4.45,3.12,3.71,4.28,2.82,4.07,3.67,3.88,2.54,2.3,3.65,4.0,2.75,3.2,4.41,3.08,3.51,2.21,2.36,3.63,3.63,3.88,3.67
51-8031,Water and Wastewater Treatment Plant and System Operators,base_00,4.08,2.54,3.38,3.25,4.0,3.83,3.22,3.12,3.29,4.33,2.67,3.22,3.25,4.46,4.0,3.25,3.17,4.12,4.21,3.29,3.38,4.13,3.54,4.38,4.09,3.67,3.13,3.35,3.33,4.17,3.25,3.54,3.92,2.83,3.48,2.08,2.83,2.92,3.83,3.67,3.54
51-8091,Chemical Plant and System Operators,base_00,3.08,1.88,2.43,1.39,3.71,4.19,2.99,2.43,1.58,3.58,1.44,2.85,2.98,4.04,4.62,2.28,3.52,4.36,3.84,3.17,2.46,3.83,2.23,4.55,2.39,2.33,2.38,1.33,3.58,3.12,2.28,1.87,3.09,2.13,1.87,1.52,1.33,1.73,4.04,3.15,3.6
51-8092,Gas Plant Operators,base_00,3.85,2.75,2.83,2.69,3.98,3.93,3.02,2.53,3.02,4.05,2.89,3.1,3.54,4.13,4.3,2.63,2.8,4.34,4.07,3.34,3.35,4.33,3.18,4.34,3.09,3.34,2.85,1.93,3.05,3.85,3.17,3.42,3.37,2.3,3.06,1.86,1.91,3.0,3.49,3.91,3.61
51-8093,"Petroleum Pump System Operators, Refinery Operators, and Gaugers",base_00,2.99,2.27,3.11,2.38,4.01,4.1,2.99,2.92,2.12,3.6,1.92,3.4,3.37,3.4,3.88,2.43,3.53,4.09,4.24,2.75,3.14,3.63,1.86,4.15,3.39,3.4,2.07,1.32,3.93,3.28,2.5,2.36,3.19,2.08,2.51,1.85,1.4,2.29,3.07,3.12,2.81
51-8099,Biofuels Processing Technicians,first_detail,3.76,2.86,3.05,2.34,4.48,4.18,2.64,3.17,2.77,4.37,2.05,3.63,3.36,3.61,4.29,3.0,3.73,4.19,4.12,3.55,3.41,4.25,2.58,4.52,3.95,3.42,2.81,1.91,3.74,3.98,2.6,3.03,3.4,2.85,2.61,2.0,1.95,2.69,3.54,3.55,3.72
51-9011,Chemical Equipment Operators and Tenders,base_00,3.67,3.07,3.38,2.35,4.13,4.2,3.45,3.4,2.39,3.89,2.12,3.87,3.43,3.82,4.33,2.98,3.61,4.04,4.21,3.72,3.05,4.25,2.74,4.45,3.7,3.38,2.84,1.83,3.65,3.7,3.05,2.6,2.92,2.74,2.59,2.01,2.1,2.59,3.87,3.36,3.46
51-9012,"Separating, Filtering, Clarifying, Precipitating, and Still Machine Setters, Operators, and Tenders",base_00,3.04,2.21,2.62,1.58,3.92,3.65,2.68,2.14,2.26,3.17,1.54,2.54,2.62,3.45,3.93,2.18,3.61,3.95,3.86,2.44,2.9,3.61,2.52,3.96,2.97,2.86,2.24,1.54,3.5,3.29,2.17,2.4,2.96,2.35,2.27,1.69,1.95,2.81,3.11,2.87,3.18
51-9021,"Crushing, Grinding, and Polishing Machine Setters, Operators, and Tenders",base_00,2.62,2.62,2.48,1.5,3.81,3.73,2.7,2.61,2.09,3.48,1.6,3.1,2.8,3.36,3.77,1.94,3.63,3.36,3.57,2.8,2.6,3.38,2.62,3.97,2.95,3.15,2.57,1.16,3.24,3.18,2.64,2.22,2.88,2.13,2.48,1.5,1.5,2.06,2.87,3.17,3.02
51-9022,"Grinding and Polishing Workers, Hand",base_00,3.29,3.28,3.85,2.6,4.24,4.87,3.0,2.36,3.89,2.68,3.57,4.19,3.91,3.97,4.29,2.35,4.88,3.97,4.63,3.87,3.6,4.8,3.52,4.54,4.22,4.17,2.3,2.02,4.9,3.91,4.12,2.34,4.46,3.29,3.6,2.33,2.02,4.8,3.59,4.22,3.22
51-9023,"Mixing and Blending Machine Setters, Operators, and Tenders",base_00,2.51,2.89,3.17,2.05,4.06,4.31,3.09,3.02,2.35,3.89,2.28,3.24,2.68,3.41,4.41,2.98,4.14,3.46,3.62,3.03,2.56,3.4,2.02,4.14,3.96,3.5,2.08,1.87,4.22,2.81,2.47,2.59,3.65,2.25,2.81,1.89,2.05,2.66,3.75,2.86,2.54
51-9031,"Cutters and Trimmers, Hand",base_00,2.66,2.77,2.8,1.93,3.43,3.17,2.84,2.63,2.76,2.54,2.09,3.24,3.6,3.0,3.33,2.29,3.67,3.17,3.15,2.17,3.22,2.91,2.05,3.14,2.37,3.15,3.07,1.88,3.53,3.13,2.82,2.36,2.38,2.46,2.17,2.2,2.58,2.41,2.94,2.65,2.01
51-9032,"Cutting and Slicing Machine Setters, Operators, and Tenders",base_00,3.12,2.94,3.24,1.84,3.7,4.18,3.21,2.94,2.82,3.32,2.13,3.11,3.21,3.41,3.69,3.03,4.16,3.58,3.9,2.88,3.23,3.63,2.68,3.93,3.4,2.84,2.67,1.94,3.91,3.43,3.22,2.56,3.04,3.07,2.64,2.09,2.44,2.74,3.6,2.85,2.83
51-9041,"Extruding, Forming, Pressing, and Compacting Machine Setters, Operators, and Tenders",base_00,3.16,2.62,2.8,1.56,3.99,4.42,2.81,2.66,2.38,3.87,2.19,3.01,3.01,3.35,4.09,2.77,3.85,3.93,4.08,3.01,3.27,3.92,1.93,4.09,2.65,2.9,2.53,1.5,3.84,3.86,2.6,3.05,3.44,2.35,2.67,1.87,1.68,2.86,3.42,3.36,3.66
51-9051,"Furnace, Kiln, Oven, Drier, and Kettle Operators and Tenders",base_00,3.44,2.73,2.62,1.59,4.06,4.34,3.13,2.58,2.67,3.43,1.66,2.96,2.94,3.19,4.13,2.73,4.19,4.26,4.28,2.65,3.91,4.08,2.26,4.17,3.73,3.27,1.63,1.46,3.89,3.79,1.95,2.45,2.81,2.54,2.69,1.78,1.56,2.59,3.06,3.62,2.79
51-9061,"Inspectors, Testers, Sorters, Samplers, and Weighers",base_00,3.38,2.81,2.88,2.36,4.25,3.31,2.32,2.89,2.47,4.25,2.51,2.96,3.3,3.9,4.09,2.54,3.7,4.28,4.33,2.56,3.77,3.99,2.08,4.37,2.77,3.38,3.18,1.95,3.55,3.61,2.43,2.63,2.33,2.79,2.57,2.42,1.82,2.87,3.0,3.7,3.29
51-9071,Jewelers and Precious Stone and Metal Workers,base_00,2.47,2.21,2.455,2.785,2.92,3.46,2.16,2.31,2.665,3.08,2.3,3.38,3.52,2.94,3.5949999999999998,2.075,3.265,3.425,3.5199999999999996,2.215,3.585,3.67,3.0549999999999997,3.5,1.7349999999999999,3.315,2.475,2.9000000000000004,2.255,2.865,2.305,1.9500000000000002,2.73,2.355,2.71,3.1100000000000003,1.6150000000000002,3.99,2.625,3.1900000000000004,2.5
51-9081,Dental Laboratory Technicians,base_00,3.65,2.81,3.23,3.19,3.79,3.79,3.26,3.21,3.51,3.57,2.8,3.69,3.29,3.76,4.24,2.95,3.47,3.86,3.69,3.42,3.96,4.1,3.07,3.94,2.65,3.99,2.64,1.95,2.41,4.04,3.04,3.04,2.75,3.05,3.5,2.63,2.18,4.34,3.71,4.02,2.94
51-9082,Medical Appliance Technicians,base_00,3.04,3.31,2.56,2.76,3.7,3.44,3.13,2.8,2.79,3.22,2.43,3.12,3.59,3.3,4.05,2.56,3.29,3.63,3.87,3.15,3.29,3.87,2.73,3.61,1.83,3.67,1.99,3.13,3.22,3.4,2.59,2.29,2.54,2.58,2.99,1.85,1.72,3.58,3.08,3.3,2.59
51-9083,Ophthalmic Laboratory Technicians,base_00,2.88,2.81,2.25,2.04,3.05,3.39,2.71,2.53,2.18,2.98,1.8,3.25,2.53,3.09,3.71,2.39,3.41,3.14,3.04,2.75,3.21,3.21,2.04,3.27,1.5,3.14,2.61,2.48,2.34,2.98,2.13,2.7,2.36,2.52,2.64,2.15,1.67,2.28,2.74,3.29,3.34
51-9111,Packaging and Filling Machine Operators and Tenders,base_00,3.4,3.02,2.98,2.18,3.63,3.44,3.05,2.63,2.82,3.11,2.28,2.99,3.08,3.65,3.7,2.87,3.79,3.79,3.82,2.77,3.42,3.64,1.96,3.96,3.33,3.33,2.51,1.91,3.47,3.61,2.7,2.26,2.92,2.72,2.95,2.36,2.1,3.22,3.51,3.39,2.85
51-9123,"Painting, Coating, and Decorating Workers",base_00,2.3,2.62,2.71,2.17,4.16,2.24,1.9,2.42,2.94,2.09,1.43,2.89,3.06,3.36,3.54,1.98,3.81,4.13,3.62,2.52,2.74,3.25,3.28,3.56,1.41,2.92,1.72,2.21,2.94,3.53,2.08,1.5,2.06,2.27,2.99,1.4,1.38,2.82,3.41,3.02,1.47
51-9124,"Coating, Painting, and Spraying Machine Setters, Operators, and Tenders",base_00,3.25,2.76,2.84,2.11,3.2,3.65,2.68,2.88,2.98,3.07,2.4,2.58,3.34,3.66,4.27,2.43,3.56,4.21,4.15,2.82,3.48,3.72,3.04,4.02,2.86,3.47,2.37,1.54,3.07,3.58,2.74,2.83,3.42,2.77,2.57,2.29,2.09,2.43,3.4,3.4,2.59
51-9141,Semiconductor Processing Technicians,base_00,3.1,2.99,3.05,1.65,3.92,4.23,3.21,3.01,2.49,3.05,2.22,3.51,3.02,3.55,4.01,2.53,4.18,3.8,3.63,2.95,3.7,3.29,2.09,4.01,2.69,3.78,1.89,1.85,4.08,3.2,2.0,2.78,2.62,2.04,2.59,2.08,1.94,2.94,3.58,3.54,3.75
51-9151,Photographic Process Workers and Processing Machine Operators,base_00,2.72,2.33,2.69,3.25,3.18,4.24,2.35,1.96,2.71,2.75,1.73,3.68,3.13,2.6,4.19,2.57,2.72,3.53,3.75,2.2,3.24,3.93,3.0,3.06,1.07,3.89,2.77,3.95,2.57,2.69,2.64,3.24,3.61,2.88,2.88,3.16,2.02,3.59,3.14,3.69,4.39
51-9161,Computer Numerically Controlled Tool Operators,base_00,3.23,2.21,2.96,1.89,3.85,4.6,2.31,2.36,2.69,3.21,3.25,3.08,3.28,3.77,3.83,2.83,3.83,4.01,4.29,2.72,3.55,3.84,2.1,4.07,2.85,3.66,1.85,1.4,3.33,3.44,2.79,3.16,3.61,2.82,2.85,1.7,1.5,2.82,3.21,3.29,3.79
51-9162,Computer Numerically Controlled Tool Programmers,base_00,3.27,2.58,2.67,2.73,3.86,3.99,2.54,2.45,3.21,3.58,3.62,3.57,3.24,3.37,4.04,2.43,3.53,4.0,3.79,2.91,3.15,4.23,2.26,3.89,3.27,3.6,2.44,2.0,2.86,3.7,2.91,2.98,3.74,2.12,3.2,1.96,1.31,3.72,3.21,3.82,4.79
51-9191,Adhesive Bonding Machine Operators and Tenders,base_00,2.58,2.36,2.53,1.31,3.89,4.6,3.02,3.12,2.48,3.38,1.49,3.05,3.46,3.47,4.2,2.22,4.44,4.11,4.36,2.72,4.0,3.48,1.57,4.04,3.99,3.68,2.07,1.13,4.17,3.25,2.08,2.62,3.42,1.97,2.56,1.73,1.56,2.2,3.35,2.92,2.84
51-9192,"Cleaning, Washing, and Metal Pickling Equipment Operators and Tenders",base_00,2.9,2.86,2.68,1.67,4.24,4.05,2.85,2.83,2.28,4.36,1.79,3.85,3.11,3.82,4.23,2.32,4.13,3.73,4.41,2.98,3.57,4.13,2.41,4.23,3.7,3.38,2.55,1.93,4.04,3.99,2.43,2.42,3.18,3.09,2.74,2.17,1.98,2.32,3.3,3.38,3.42
51-9193,Cooling and Freezing Equipment Operators and Tenders,base_00,2.65,2.72,2.98,2.28,3.99,4.5,2.72,2.8,2.78,4.06,2.58,3.3,3.23,3.93,4.18,2.87,3.68,3.81,4.21,3.19,3.47,3.93,2.77,4.19,3.22,3.47,3.01,2.02,3.78,3.19,2.7,3.11,3.66,2.68,2.86,2.29,2.08,2.59,3.7,3.38,3.37
51-9194,Etchers and Engravers,base_00,3.43,2.95,2.7,2.9,3.56,3.94,2.41,2.47,2.6,3.16,3.04,3.16,3.22,3.39,4.14,2.47,3.65,3.69,3.25,2.95,3.61,3.46,2.27,3.57,2.73,3.71,2.15,2.33,3.25,3.44,2.38,2.38,3.62,2.47,3.17,2.36,1.64,3.52,3.25,3.25,3.44
51-9195,"Molders, Shapers, and Casters, Except Metal and Plastic",base_00,2.9000000000000004,2.34,2.45,2.1125,3.5025000000000004,4.07,2.5675,2.2775,2.8025,2.785,2.335,2.9875,3.1275,3.2425,3.8275,2.2925,4.105,3.305,3.7375,2.63,3.0974999999999997,3.4825,2.42,3.5325,3.1425,3.2575000000000003,2.0575,2.19,3.895,3.0025,2.1675,2.3575,3.11,2.3049999999999997,2.7375,2.15,1.63,3.4050000000000002,2.7800000000000002,3.035,2.725
51-9196,"Paper Goods Machine Setters, Operators, and Tenders",base_00,2.35,3.27,3.24,2.07,3.96,4.42,3.07,3.5,3.02,3.59,2.35,3.83,3.27,3.21,4.0,2.91,4.33,3.67,4.22,3.01,3.67,3.67,2.48,4.18,2.36,3.54,2.75,1.77,3.59,3.14,2.84,2.47,3.29,2.65,2.64,1.85,2.18,3.13,3.51,3.22,2.33
51-9197,Tire Builders,base_00,2.92,2.58,2.58,2.05,3.8,4.19,3.04,3.29,2.84,3.34,1.96,3.21,3.35,3.54,4.17,2.89,4.34,4.0,4.37,3.07,3.64,3.8,2.71,4.04,3.42,3.81,2.3,2.46,4.1,3.4,2.8,2.02,3.33,2.84,2.99,2.2,1.66,3.04,3.05,3.68,2.98
51-9198,Helpers--Production Workers,base_00,2.71,2.77,2.45,2.27,3.51,3.98,2.39,2.53,2.45,2.71,2.56,3.06,2.73,3.15,3.63,2.23,4.16,3.7,3.52,2.76,3.27,3.03,2.28,3.48,3.1,2.92,2.16,2.1,4.03,3.28,2.25,2.53,3.32,2.32,2.37,2.12,2.33,2.33,2.59,2.99,2.62
53-1041,Aircraft Cargo Handling Supervisors,base_00,3.1,3.04,3.68,3.58,4.36,3.56,4.11,3.78,2.93,3.6,1.81,3.75,3.34,4.2,4.39,4.05,4.04,3.98,3.93,3.18,3.37,4.21,3.21,3.92,3.96,3.99,3.51,3.64,3.5,3.67,2.58,2.61,2.34,3.45,3.78,2.38,2.7,3.15,3.7,4.07,3.86
53-1042,"First-Line Supervisors of Helpers, Laborers, and Material Movers, Hand",base_00,3.535,2.965,3.79,3.935,4.4,2.675,3.7,3.77,3.69,3.95,2.125,3.7649999999999997,3.38,3.8149999999999995,4.325,3.8,3.04,3.5,3.5300000000000002,3.3,4.02,4.3149999999999995,3.425,3.875,3.0700000000000003,4.17,3.465,2.92,2.505,3.81,2.9299999999999997,2.115,2.46,3.775,4.025,3.0700000000000003,2.935,3.4400000000000004,3.715,3.93,4.135
53-1043,First-Line Supervisors of Material-Moving Machine and Vehicle Operators,base_00,3.69,3.17,3.99,3.7,4.44,3.41,4.41,4.43,3.32,4.14,1.77,3.89,2.88,3.9,4.72,4.33,3.54,3.78,3.97,3.72,3.98,4.16,2.9,3.91,3.62,3.95,3.89,3.19,2.42,3.63,3.26,1.9,3.54,3.65,3.66,2.82,3.38,3.45,3.78,3.77,3.96
53-2011,"Airline Pilots, Copilots, and Flight Engineers",base_00,3.97,2.57,3.21,2.72,4.0,4.3,2.22,3.09,2.71,3.52,1.5,2.89,3.5,4.69,4.66,2.79,2.73,4.88,4.83,3.73,3.46,4.73,2.64,4.71,4.65,3.52,1.97,2.7,2.04,4.46,2.36,2.15,1.72,3.21,2.41,1.53,1.53,2.64,2.97,4.45,3.54
53-2012,Commercial Pilots,base_00,4.59,3.1,2.79,4.16,4.46,4.84,3.49,3.66,4.21,4.42,2.55,3.87,3.79,4.66,4.41,3.14,3.02,4.7,4.91,3.65,4.08,4.75,3.49,4.53,4.92,4.37,2.85,3.76,3.47,4.65,2.78,3.96,4.35,3.11,3.48,2.24,2.78,3.95,4.17,4.1,3.07
53-2021,Air Traffic Controllers,base_00,4.0,2.21,3.59,3.19,4.21,2.31,2.87,2.76,3.09,3.32,1.52,3.12,3.33,3.91,4.54,2.46,1.76,4.6,2.94,3.15,2.74,4.85,1.87,4.24,1.27,3.91,1.99,3.63,1.48,4.18,2.43,1.4,1.16,2.69,2.53,1.5,1.73,3.92,4.12,4.11,3.46
53-2022,Airfield Operations Specialists,base_00,3.34,2.94,3.55,3.6,4.39,3.35,3.67,3.53,3.13,4.31,1.9,3.73,2.96,4.56,4.31,3.3,3.17,4.42,4.72,3.19,3.8,4.3,2.68,4.21,4.67,3.91,3.54,3.5,3.11,3.72,2.95,2.32,2.35,3.57,3.2,2.11,3.09,2.93,3.73,4.27,3.77
53-2031,Flight Attendants,base_00,2.99,4.06,2.2,2.71,3.34,2.27,3.06,2.41,2.42,2.87,1.19,3.51,2.92,3.98,4.26,2.27,4.04,4.09,3.89,2.57,3.61,4.25,2.23,4.04,1.65,3.4,1.82,4.81,3.97,3.53,2.2,1.34,1.37,4.05,3.35,2.57,1.56,2.86,2.7,3.75,2.81
53-3011,"Ambulance Drivers and Attendants, Except Emergency Medical Technicians",base_00,2.98,4.41,2.61,2.95,3.53,3.01,2.49,2.84,2.75,4.25,2.11,3.64,2.66,3.39,4.29,2.33,3.63,3.9,4.06,3.74,3.35,3.36,3.08,3.65,4.3,3.23,2.5,4.21,3.96,3.63,2.55,3.06,3.25,2.88,2.83,2.33,2.38,3.41,3.18,3.69,3.09
53-3031,Driver/Sales Workers,base_00,2.73,1.95,1.92,3.02,3.73,2.56,2.1,2.35,2.22,3.24,1.29,2.8,2.32,3.1,3.94,2.25,4.57,3.55,3.0,2.57,2.87,2.83,1.86,3.63,4.58,3.68,1.79,3.92,4.36,3.01,2.19,1.41,1.7,2.11,2.83,2.86,1.34,2.87,1.82,2.67,2.41
53-3032,Heavy and Tractor-Trailer Truck Drivers,base_00,2.48,2.23,2.22,3.26,3.72,2.95,2.19,2.06,2.12,3.28,1.64,2.76,3.11,3.67,4.29,1.99,3.14,3.87,4.44,2.03,2.97,3.09,2.06,3.88,4.62,2.94,1.88,2.85,3.46,3.04,1.92,1.94,3.31,2.55,2.61,1.72,1.62,2.49,2.34,2.99,2.82
53-3033,Light Truck Drivers,base_00,2.88,3.25,2.83,3.35,4.21,3.3,2.23,2.4,3.08,3.71,2.74,2.68,2.9,3.41,3.75,2.71,4.54,4.11,4.36,3.08,3.21,3.7,2.27,3.74,4.41,3.48,2.09,3.36,4.39,3.62,2.6,2.08,3.58,3.28,3.15,2.74,1.59,2.72,3.07,3.65,2.17
53-3051,"Bus Drivers, School",base_00,2.69,3.73,2.16,1.96,3.54,2.8,2.48,2.34,2.22,3.51,2.14,3.51,3.07,3.32,3.92,2.77,2.16,4.04,4.32,2.52,3.05,3.76,1.86,4.05,4.21,3.02,1.67,2.91,2.51,2.92,2.24,1.92,2.5,3.07,3.31,1.33,1.88,2.77,2.88,3.08,1.83
53-3052,"Bus Drivers, Transit and Intercity",base_00,2.77,3.52,2.73,3.54,4.12,3.07,2.16,2.22,2.49,3.32,1.5,3.41,3.05,3.29,3.99,2.0,2.68,3.84,4.15,2.85,3.02,3.85,1.71,3.83,4.73,2.64,1.75,4.2,2.99,3.23,2.46,1.73,2.28,3.19,2.62,1.72,1.42,2.53,3.53,3.44,2.48
53-3053,Shuttle Drivers and Chauffeurs,base_00,2.59,4.35,3.22,3.14,4.2,2.53,2.79,2.9,2.8,3.82,2.16,3.21,2.82,3.87,4.44,2.22,2.65,4.04,4.2,2.28,3.19,3.68,2.45,3.99,4.8,3.44,2.87,3.89,3.38,2.84,3.02,2.44,3.18,3.32,3.35,1.83,2.06,2.83,2.94,3.63,2.83
53-4011,Locomotive Engineers,base_00,3.75,2.53,3.06,2.33,4.12,4.63,3.24,2.63,2.93,3.58,1.88,2.98,3.74,4.23,4.32,3.05,3.62,4.5,4.49,3.4,3.05,3.89,2.48,4.16,4.42,3.08,2.17,2.3,3.31,3.93,2.36,2.63,2.87,2.43,2.93,2.07,1.97,2.69,3.43,3.1,2.32
53-4013,"Rail Yard Engineers, Dinkey Operators, and Hostlers",base_00,3.09,2.45,3.73,3.07,4.13,4.42,3.76,3.12,2.76,4.09,2.03,3.45,3.81,4.34,4.42,3.15,4.06,4.32,4.42,3.18,3.5,4.22,2.62,4.0,4.45,3.56,2.72,2.66,3.7,3.58,3.28,2.51,3.53,2.82,3.09,2.18,2.17,2.97,3.34,3.73,2.79
53-4022,"Railroad Brake, Signal, and Switch Operators and Locomotive Firers",base_00,2.75,2.24,2.91,2.3,3.75,3.71,2.98,2.55,2.57,3.25,1.52,3.1,3.25,3.98,4.29,2.59,3.6,4.22,4.12,3.1,2.98,3.62,1.77,4.1,3.75,3.1,2.01,2.31,3.49,3.23,2.21,1.92,2.46,2.25,2.53,1.5,1.33,2.47,3.0,3.77,1.92
53-4031,Railroad Conductors and Yardmasters,base_00,2.77,2.62,2.6,2.49,3.98,3.34,3.12,2.24,2.42,3.85,1.87,3.06,2.64,3.72,4.37,2.39,3.64,3.97,4.18,2.59,2.56,3.22,1.97,3.59,2.74,3.53,2.57,2.48,3.9,2.97,2.15,1.52,1.76,2.31,2.51,1.51,1.75,2.16,2.83,3.51,3.2
53-4041,Subway and Streetcar Operators,base_00,2.7,3.09,2.82,3.26,4.02,3.69,2.07,1.73,2.21,3.03,1.74,3.0,2.54,3.76,4.43,2.17,2.58,4.52,4.15,2.24,3.05,3.93,1.62,3.83,4.63,2.69,1.79,4.38,3.42,3.31,1.93,3.17,3.1,2.89,2.38,1.48,1.87,2.07,3.02,3.72,2.16
53-5011,Sailors and Marine Oilers,base_00,3.72,3.47,3.07,2.74,3.92,4.46,2.75,2.76,2.78,3.25,1.9,2.79,4.05,3.53,4.49,3.61,4.23,4.57,4.75,2.47,3.43,4.24,2.53,4.59,3.87,3.1,2.72,2.35,3.95,3.85,2.5,2.63,4.24,3.03,3.06,1.64,1.47,3.51,3.76,3.49,2.28
53-5021,"Captains, Mates, and Pilots of Water Vessels",base_00,3.21,3.03,3.41,3.36,3.83,4.11,3.4,3.18,3.0,3.5,2.19,3.55,3.35,3.71,4.11,3.48,3.65,4.24,4.4,3.01,3.56,4.2,2.66,4.0,4.55,3.46,2.84,2.81,3.7,3.52,2.88,2.99,3.63,3.05,3.26,2.47,1.92,3.25,3.65,3.85,2.85
53-5022,Motorboat Operators,base_00,2.61,2.37,2.46,3.54,3.92,4.0,3.1,2.79,2.59,3.67,2.32,3.21,3.08,3.1,3.49,2.83,2.77,4.32,4.11,2.82,3.57,3.82,2.02,4.0,4.58,2.51,2.19,3.4,3.16,3.03,2.04,3.09,3.7,3.16,2.27,1.61,1.76,2.68,3.23,2.36,2.38
53-5031,Ship Engineers,base_00,3.84,3.21,2.98,3.21,3.97,4.34,3.24,2.82,3.19,3.45,3.0,3.69,3.25,4.03,4.26,3.13,3.86,4.59,4.26,3.36,3.65,4.47,2.94,4.28,4.17,3.94,2.69,2.69,3.76,3.87,3.07,3.83,4.66,3.06,3.78,2.16,2.23,3.22,3.6,3.62,2.79
53-6011,Bridge and Lock Tenders,base_00,2.32,2.53,3.16,2.84,4.0,4.11,2.79,2.42,2.0,3.89,1.68,3.05,1.95,3.26,3.74,2.37,2.53,2.89,3.53,2.05,2.06,3.21,2.11,3.42,2.95,2.58,3.16,3.37,2.84,3.0,2.53,2.32,2.37,2.63,2.47,1.53,1.89,1.84,3.63,3.0,2.63
53-6021,Parking Attendants,base_00,2.08,2.98,2.15,3.14,3.55,2.85,2.69,2.14,1.95,3.19,1.42,3.48,2.84,2.73,3.34,2.16,3.13,3.17,3.13,2.78,2.64,3.06,1.77,2.65,3.28,2.96,2.38,3.81,2.76,2.54,1.92,1.71,1.71,2.4,1.98,1.89,1.71,2.22,2.58,2.44,2.16
53-6031,Automotive and Watercraft Service Attendants,base_00,3.25,2.69,2.74,3.84,3.44,4.06,2.61,2.17,3.05,3.13,2.32,3.1,3.2,3.27,4.22,2.53,3.74,3.64,3.56,2.65,3.03,3.87,2.33,3.32,3.86,3.08,2.39,3.82,3.59,3.5,2.55,2.83,3.24,2.53,3.07,2.84,2.38,3.03,2.88,3.6,2.41
53-6041,Traffic Technicians,base_00,3.66,1.89,2.08,3.51,3.82,3.11,3.09,2.53,2.93,3.75,2.76,3.29,2.86,3.53,4.31,2.57,3.22,3.74,3.35,3.11,2.7,3.9,2.13,3.68,3.47,3.54,2.78,3.27,3.33,3.88,2.86,2.88,2.37,2.89,3.1,1.8,1.77,3.06,2.56,3.6,3.98
53-6051,Transportation Inspectors,base_00,3.1233333333333335,2.066666666666667,2.486666666666667,3.1133333333333333,3.856666666666667,2.5433333333333334,2.5066666666666664,2.4499999999999997,2.4066666666666667,3.9566666666666666,2.1633333333333336,3.4466666666666668,3.1266666666666665,4.2700000000000005,4.376666666666667,2.1333333333333333,2.8866666666666667,4.086666666666667,4.363333333333333,3.4466666666666668,3.3533333333333335,3.9299999999999997,2.2133333333333334,3.5066666666666664,3.4066666666666663,3.456666666666667,2.64,2.39,3.3699999999999997,3.3333333333333335,2.8733333333333335,2.35,2.7566666666666664,2.856666666666667,3.0700000000000003,2.1033333333333335,1.6666666666666667,3.0,2.9299999999999997,3.736666666666667,3.2633333333333336
53-6061,Passenger Attendants,base_00,2.07,3.78,2.32,2.19,3.36,1.69,2.08,2.81,1.87,1.79,1.37,3.81,1.81,1.91,3.82,2.48,2.34,3.23,2.6,1.63,1.99,3.1,1.87,2.67,2.25,2.78,1.87,2.75,2.6,2.31,1.84,1.81,1.83,3.73,1.83,1.76,1.47,2.15,2.34,2.45,1.39
53-7011,Conveyor Operators and Tenders,base_00,2.92,3.11,2.78,2.75,3.91,4.15,3.21,2.88,2.76,2.99,2.28,3.41,3.41,3.49,4.21,2.62,3.89,4.21,4.18,2.73,3.39,3.57,2.32,4.17,3.76,3.61,2.55,2.17,3.84,3.17,2.78,2.42,3.03,2.69,2.88,2.16,2.1,3.03,3.07,2.97,2.64
53-7021,Crane and Tower Operators,base_00,2.99,2.25,2.83,2.64,3.87,4.27,3.52,3.19,2.82,2.83,2.55,3.15,3.38,3.67,3.97,2.64,4.0,3.94,4.24,3.03,3.27,3.95,2.32,3.81,4.25,3.16,2.14,2.36,3.52,3.2,2.46,2.45,3.9,2.42,2.89,2.19,1.53,3.04,2.75,3.56,2.49
53-7031,Dredge Operators,base_00,2.55,2.25,2.7,2.42,3.64,4.23,2.96,2.74,2.62,2.99,1.63,3.39,2.61,3.47,3.72,2.67,3.94,3.26,3.97,3.05,2.65,3.61,2.28,3.75,3.21,2.77,1.96,2.18,3.54,2.62,2.15,1.76,3.76,2.01,1.8,1.96,1.77,2.7,2.82,3.17,1.57
53-7041,Hoist and Winch Operators,base_00,2.75,2.91,2.76,1.53,4.07,4.1,2.75,2.99,3.19,3.22,2.49,2.8,3.0,2.77,4.13,3.65,4.14,3.82,3.94,3.52,3.59,3.65,2.88,4.09,4.12,3.92,1.48,1.66,2.96,3.5,2.1,2.63,4.24,2.47,2.32,1.81,1.38,2.49,3.62,2.91,2.32
53-7051,Industrial Truck and Tractor Operators,base_00,3.12,2.89,3.46,2.67,3.75,3.53,3.24,2.88,2.57,3.64,2.39,3.27,3.09,3.71,3.83,2.94,4.4,4.19,4.44,3.04,3.4,4.05,2.94,3.77,4.53,3.99,2.78,2.48,4.14,3.25,2.92,2.74,3.28,2.9,3.7,3.09,2.78,3.13,3.37,3.28,3.28
53-7061,Cleaners of Vehicles and Equipment,base_00,2.78,3.09,3.16,2.95,3.62,3.04,2.76,3.25,2.84,3.07,2.23,3.43,2.65,2.84,3.53,3.09,3.81,3.26,3.6,2.72,2.71,3.58,2.85,3.23,3.52,3.18,2.78,3.18,3.87,3.3,2.85,2.73,2.81,2.84,3.17,2.48,2.68,2.89,3.41,2.97,2.52
53-7062,"Laborers and Freight, Stock, and Material Movers, Hand",base_00,2.5599999999999996,2.76,3.415,2.27,4.115,3.27,3.12,3.29,2.625,2.665,1.56,2.205,2.95,3.085,4.01,2.865,4.015,3.6799999999999997,4.105,2.545,2.985,3.035,2.4050000000000002,3.24,3.355,3.5549999999999997,2.145,2.43,3.75,2.955,1.9749999999999999,1.62,2.26,2.625,2.83,2.485,1.92,2.575,3.6,2.825,2.075
53-7063,Machine Feeders and Offbearers,base_00,2.11,2.44,2.31,1.47,3.26,3.87,2.31,2.43,1.82,2.99,1.6,2.9,2.9,2.96,3.48,1.84,4.03,3.3,3.34,2.1,2.71,2.91,1.76,3.22,2.36,2.46,1.92,1.34,3.43,2.73,2.11,1.76,2.57,1.99,2.05,1.39,1.43,2.03,2.61,2.39,2.3
53-7064,"Packers and Packagers, Hand",base_00,3.37,3.35,3.44,2.5,3.63,3.22,3.18,3.21,2.9,2.84,2.77,3.53,3.5,3.17,4.64,2.89,4.33,4.2,4.26,2.97,3.28,3.69,2.56,4.2,2.51,3.25,2.59,2.31,3.45,2.97,2.63,2.7,3.12,2.89,2.73,2.41,2.29,2.73,3.58,3.42,2.75
53-7065,Stockers and Order Fillers,base_00,2.65,2.78,2.73,2.93,3.81,2.71,2.84,2.95,2.18,3.0,1.47,3.39,2.55,2.5,3.79,2.5,3.83,3.44,2.7,2.33,2.93,3.12,2.44,3.03,2.55,3.31,2.43,3.32,3.73,2.96,2.1,1.76,1.8,2.59,2.23,2.64,1.69,2.6,2.95,2.92,3.05
53-7071,Gas Compressor and Gas Pumping Station Operators,base_00,3.68,2.54,2.98,3.04,4.1,4.4,3.04,3.01,3.04,4.48,2.38,2.48,3.36,4.21,4.38,3.28,3.76,4.34,4.18,2.77,3.64,4.28,2.99,4.23,4.24,3.66,2.75,2.34,3.99,3.9,2.42,3.82,4.47,2.6,2.51,1.9,1.84,3.12,3.73,4.05,3.85
53-7072,"Pump Operators, Except Wellhead Pumpers",base_00,3.96,3.09,2.86,2.74,4.4,3.86,2.65,2.82,3.58,3.94,3.15,3.0,3.91,3.78,4.23,2.68,3.61,4.61,4.9,3.62,3.62,4.1,3.02,4.47,4.3,4.05,2.52,1.8,3.84,3.91,2.78,3.17,4.22,3.19,3.44,2.15,2.18,3.41,3.15,3.99,2.69
53-7073,Wellhead Pumpers,base_00,3.7,3.04,3.16,2.72,4.09,4.1,2.84,3.24,2.87,4.28,2.35,3.38,3.69,3.67,3.54,2.88,3.25,4.06,4.34,3.04,3.0,3.97,3.19,4.11,4.12,3.83,2.53,2.47,3.83,3.79,2.81,2.74,3.9,2.78,3.31,2.21,1.94,3.34,3.48,3.31,3.53
53-7081,Refuse and Recyclable Material Collectors,base_00,1.61,1.69,2.1,2.39,3.26,3.15,2.15,2.38,1.58,2.22,1.45,2.56,1.92,3.01,3.17,1.92,3.66,2.52,3.38,1.36,2.28,2.45,1.39,3.13,4.33,2.25,1.72,2.33,3.7,1.8,1.72,1.21,2.95,1.49,1.71,1.02,1.0,1.57,1.69,2.17,1.55
53-7121,"Tank Car, Truck, and Ship Loaders",base_00,3.85,2.87,3.07,2.61,4.26,3.85,3.29,2.93,3.2,4.24,2.1,3.07,3.79,4.16,4.4,2.91,4.13,3.99,4.56,3.29,3.98,4.24,2.56,4.62,4.15,3.83,2.54,1.92,4.12,4.28,2.72,2.49,3.54,2.91,3.55,1.99,1.93,3.44,3.45,3.84,2.82
