soc_6digit,title,title_rollup_method,skill_active_learning__2_a_2_b,skill_active_listening__2_a_1_b,skill_complex_problem_solving__2_b_2_i,skill_coordination__2_b_1_b,skill_critical_thinking__2_a_2_a,skill_equipment_maintenance__2_b_3_j,skill_equipment_selection__2_b_3_c,skill_installation__2_b_3_d,skill_instructing__2_b_1_e,skill_judgment_and_decision_making__2_b_4_e,skill_learning_strategies__2_a_2_c,skill_management_of_financial_resources__2_b_5_b,skill_management_of_material_resources__2_b_5_c,skill_management_of_personnel_resources__2_b_5_d,skill_mathematics__2_a_1_e,skill_monitoring__2_a_2_d,skill_negotiation__2_b_1_d,skill_operation_and_control__2_b_3_h,skill_operations_analysis__2_b_3_a,skill_operations_monitoring__2_b_3_g,skill_persuasion__2_b_1_c,skill_programming__2_b_3_e,skill_quality_control_analysis__2_b_3_m,skill_reading_comprehension__2_a_1_a,skill_repairing__2_b_3_l,skill_science__2_a_1_f,skill_service_orientation__2_b_1_f,skill_social_perceptiveness__2_b_1_a,skill_speaking__2_a_1_d,skill_systems_analysis__2_b_4_g,skill_systems_evaluation__2_b_4_h,skill_technology_design__2_b_3_b,skill_time_management__2_b_5_a,skill_troubleshooting__2_b_3_k,skill_writing__2_a_1_c
11-1011,Chief Executives,base_00,3.75,4.0,4.1899999999999995,4.0,4.25,1.0,1.12,1.0,3.315,4.3149999999999995,3.25,3.565,3.125,3.685,3.065,3.875,3.62,1.94,3.0,2.0,3.94,1.815,1.88,4.0600000000000005,1.0,1.87,3.185,4.0,4.125,4.0,4.0649999999999995,1.815,3.69,1.25,4.12
11-1021,General and Operations Managers,base_00,3.62,4.0,3.62,3.88,3.88,1.0,1.0,1.0,3.0,3.62,3.0,3.0,3.12,3.75,2.62,4.0,3.5,1.88,2.5,2.25,3.62,1.5,2.38,4.0,1.0,1.5,3.25,3.75,4.0,3.12,3.12,1.5,3.62,1.75,3.5
11-2011,Advertising and Promotions Managers,base_00,3.25,4.12,3.5,3.5,4.0,1.0,1.12,1.0,2.88,3.75,3.0,2.75,2.62,3.12,3.0,3.25,3.12,1.0,2.75,1.62,3.38,1.75,1.62,3.75,1.0,1.62,3.12,4.0,4.0,3.12,3.12,1.75,3.5,1.0,3.75
11-2021,Marketing Managers,base_00,3.88,3.88,3.62,3.5,3.88,1.0,1.0,1.0,3.0,3.75,3.12,2.88,2.62,3.38,2.75,3.75,3.62,1.0,3.38,1.75,3.75,1.88,1.88,3.88,1.0,1.75,3.12,3.88,3.88,3.25,3.5,1.75,3.5,1.0,3.25
11-2022,Sales Managers,base_00,3.75,4.0,3.75,3.75,3.88,1.0,1.0,1.0,3.75,3.88,3.12,3.0,2.75,3.88,3.0,3.88,4.0,1.75,2.62,1.75,3.88,1.62,1.75,3.88,1.0,1.62,3.62,3.88,4.0,3.62,3.62,1.5,3.75,1.0,3.62
11-2033,Fundraising Managers,base_00,3.38,4.0,3.62,3.75,4.12,1.0,1.0,1.0,2.62,3.75,2.62,3.25,2.62,3.12,3.0,3.12,3.38,1.12,2.0,1.75,4.0,1.88,1.25,3.88,1.0,1.25,3.38,4.0,4.12,3.12,3.0,1.75,3.5,1.0,3.88
11-3012,Administrative Services Managers,base_00,3.12,4.0,3.25,3.75,3.75,1.0,1.12,1.0,3.0,3.25,3.0,2.88,2.88,3.38,2.25,3.38,3.62,1.62,2.75,2.25,3.0,1.38,2.25,4.0,1.0,1.0,3.25,3.25,3.88,3.12,2.75,1.5,4.0,1.88,3.75
11-3013,Facilities Managers,base_00,3.37,3.935,3.69,3.75,4.0,2.065,2.125,1.06,3.315,3.81,3.19,3.06,3.0,3.625,2.625,3.875,3.19,2.125,2.065,2.565,3.25,1.62,2.69,3.935,2.0,1.44,3.19,3.81,3.94,3.125,3.19,1.62,3.44,2.31,3.5
11-3021,Computer and Information Systems Managers,base_00,3.38,4.0,3.75,3.75,4.12,1.38,1.88,1.0,3.12,3.88,3.25,3.0,2.75,3.62,3.12,3.88,3.0,2.0,3.12,2.88,3.12,2.75,2.75,4.0,1.5,1.75,2.88,3.62,3.88,3.62,3.62,2.5,3.38,2.5,3.75
11-3031,Financial Managers,base_00,3.6233333333333335,3.9599999999999995,3.83,3.3733333333333335,4.04,1.0,1.0833333333333333,1.0,2.92,3.8733333333333335,2.9599999999999995,3.2900000000000005,2.46,3.206666666666667,3.543333333333333,3.7099999999999995,3.08,1.08,2.1233333333333335,1.88,3.1666666666666665,1.75,1.7533333333333332,4.04,1.0,1.1666666666666667,3.0833333333333335,3.2466666666666666,3.9599999999999995,3.2099999999999995,3.2900000000000005,1.7066666666666668,3.4166666666666665,1.0833333333333333,3.6633333333333336
11-3051,Industrial Production Managers,base_00,3.455,3.855,3.6233333333333335,3.7283333333333335,3.8966666666666665,2.1683333333333334,1.9766666666666666,1.0416666666666667,3.25,3.813333333333333,3.3533333333333335,3.0833333333333335,2.9983333333333335,3.688333333333333,3.1666666666666665,3.8783333333333334,3.063333333333333,2.98,2.3316666666666666,3.23,3.145,1.8733333333333333,3.205,3.9,2.061666666666667,2.5,3.043333333333333,3.355,3.9166666666666665,3.395,3.313333333333333,1.8533333333333335,3.645,2.6466666666666665,3.5
11-3061,Purchasing Managers,base_00,3.25,4.0,3.5,3.75,3.75,1.0,1.0,1.0,3.38,3.75,3.0,3.25,3.25,4.0,3.12,3.88,3.88,1.0,2.62,2.0,3.62,1.88,2.12,3.88,1.0,1.0,3.5,3.88,4.0,3.5,3.12,1.88,3.88,2.0,3.88
11-3071,"Transportation, Storage, and Distribution Managers",base_00,3.685,3.94,3.75,3.875,3.75,1.06,1.06,1.06,3.37,3.75,3.19,2.88,3.375,3.315,2.875,3.875,3.685,1.44,2.31,2.435,3.56,1.685,2.25,3.94,1.0,1.06,3.185,3.5,3.81,3.685,3.69,1.935,3.81,1.75,3.75
11-3111,Compensation and Benefits Managers,base_00,3.75,4.0,3.38,3.12,3.88,1.0,1.0,1.0,3.0,3.88,3.0,3.25,1.88,3.62,3.0,3.38,3.12,1.0,2.75,1.5,3.0,1.75,1.5,4.0,1.0,1.0,3.12,3.5,4.0,3.25,3.25,1.5,3.62,1.0,4.0
11-3121,Human Resources Managers,base_00,4.0,4.38,4.0,4.12,4.0,1.0,1.0,1.0,3.88,4.0,3.75,3.12,2.38,4.25,3.0,4.0,3.88,1.25,2.38,1.5,3.75,2.0,1.62,4.25,1.0,1.5,3.75,4.0,4.25,3.62,3.88,1.5,4.0,1.0,4.12
11-3131,Training and Development Managers,base_00,3.75,4.0,3.62,3.88,3.75,1.0,1.0,1.0,4.0,3.62,4.25,3.62,2.88,3.5,2.88,3.88,3.0,1.0,3.0,1.75,3.62,1.5,2.0,4.0,1.0,1.5,3.62,3.88,4.0,3.12,3.25,1.75,3.5,1.0,3.88
11-9013,"Farmers, Ranchers, and Other Agricultural Managers",base_00,3.38,3.88,3.62,3.5,3.88,2.5,2.38,1.0,2.88,3.5,2.88,3.0,2.88,3.62,2.88,3.38,3.12,2.62,2.12,3.12,3.12,1.88,2.88,3.75,2.38,2.62,2.88,3.38,3.62,3.0,3.0,1.88,3.38,2.5,3.25
11-9021,Construction Managers,base_00,3.88,4.0,4.0,4.0,4.0,1.62,1.62,1.0,3.12,4.12,3.12,3.62,3.38,4.12,3.5,3.88,3.88,2.0,3.0,2.75,3.12,1.5,3.25,3.88,1.62,2.12,3.12,3.5,3.88,3.62,3.5,1.75,4.0,2.25,3.75
11-9031,"Education and Childcare Administrators, Preschool and Daycare",base_00,3.5,4.0,3.88,4.0,4.0,1.0,1.0,1.0,3.88,3.88,3.62,3.12,3.12,3.75,2.88,4.0,3.62,1.5,1.88,1.75,3.38,1.5,2.0,4.0,1.0,1.5,3.88,3.88,4.0,3.12,3.12,1.62,3.75,1.88,3.75
11-9032,"Education Administrators, Kindergarten through Secondary",base_00,4.0,4.75,4.12,4.0,4.5,1.0,1.12,1.0,4.0,4.62,4.62,3.62,3.25,4.12,3.0,4.25,4.0,1.38,2.75,2.0,3.75,1.62,3.0,4.5,1.0,1.88,3.88,4.25,4.88,3.75,4.12,1.75,3.88,1.62,4.5
11-9033,"Education Administrators, Postsecondary",base_00,3.88,4.0,3.88,3.62,4.12,1.0,1.0,1.0,4.0,3.88,3.75,3.12,2.88,3.75,2.88,4.0,3.62,1.0,1.62,2.0,3.62,1.38,1.38,4.12,1.0,1.5,3.5,3.75,4.0,3.25,3.25,1.62,4.0,1.0,4.0
11-9041,Architectural and Engineering Managers,base_00,3.565,3.75,3.81,3.5,3.75,1.435,1.625,1.06,3.125,3.75,3.065,2.44,2.44,3.185,3.5,3.5,3.0,1.875,2.38,2.75,3.06,1.94,3.06,3.87,1.375,2.87,3.065,3.19,3.81,3.37,3.25,2.0,3.565,2.0,3.81
11-9051,Food Service Managers,base_00,3.12,3.88,3.0,3.88,3.62,1.88,1.75,1.0,3.12,3.12,3.12,3.0,3.0,3.88,2.88,3.88,3.12,2.0,2.5,2.62,3.0,1.5,2.88,3.75,1.75,1.62,3.75,3.62,3.88,3.0,3.0,1.25,3.5,2.0,3.0
11-9071,Gambling Managers,base_00,3.5,3.75,3.75,3.75,4.0,1.0,1.0,1.0,3.5,3.75,3.25,2.62,2.75,4.0,3.12,3.88,3.25,1.38,2.0,2.12,3.5,1.75,2.62,3.5,1.0,1.62,3.75,3.75,3.88,3.12,3.12,1.5,3.75,1.75,3.62
11-9072,"Entertainment and Recreation Managers, Except Gambling",base_00,3.38,3.88,3.25,3.75,3.75,1.0,1.0,1.0,3.5,3.62,3.12,2.88,2.75,3.12,2.38,3.5,3.12,1.62,1.88,2.12,3.12,1.25,2.0,3.75,1.0,1.25,3.75,3.75,3.88,2.75,3.12,1.38,3.5,1.5,3.62
11-9081,Lodging Managers,base_00,3.75,4.12,3.75,3.88,3.75,1.38,1.38,1.0,3.75,3.75,3.38,2.88,3.0,4.0,2.62,3.75,3.88,2.12,1.75,2.38,3.75,1.62,2.62,3.88,1.38,1.0,4.12,4.0,4.0,3.12,3.38,1.88,3.75,1.88,3.88
11-9111,Medical and Health Services Managers,base_00,3.88,4.0,4.0,3.88,4.12,1.0,1.0,1.0,3.88,4.0,3.25,3.25,3.25,4.0,2.75,4.0,3.88,1.0,3.62,2.0,3.88,2.0,2.12,4.0,1.0,2.5,3.75,4.0,4.12,3.62,3.75,2.0,4.0,1.62,4.0
11-9121,Natural Sciences Managers,base_00,3.3766666666666665,4.0,3.75,3.5033333333333334,3.9166666666666665,1.0,1.08,1.0,3.1233333333333335,3.75,3.2466666666666666,2.3733333333333335,2.54,3.2900000000000005,3.0833333333333335,3.6233333333333335,3.0,1.7466666666666668,2.5833333333333335,2.25,3.1233333333333335,1.7933333333333332,2.29,4.0,1.0,3.3733333333333335,3.0,3.3333333333333335,3.92,3.25,3.206666666666667,2.04,3.5,1.7533333333333332,3.9599999999999995
11-9131,Postmasters and Mail Superintendents,base_00,3.25,4.0,3.12,4.0,3.75,1.0,1.0,1.0,3.25,3.25,3.38,2.75,2.75,3.88,2.75,3.75,3.62,1.62,2.5,2.5,3.25,1.75,2.25,4.0,1.0,1.5,3.38,4.0,4.0,3.0,2.88,1.88,4.0,2.0,3.25
11-9141,"Property, Real Estate, and Community Association Managers",base_00,3.0,3.75,3.12,3.62,3.5,1.0,1.12,1.0,2.75,3.12,2.75,3.0,2.88,3.12,3.0,3.12,3.5,1.5,2.12,1.75,3.25,1.5,2.0,3.88,1.0,1.38,3.0,3.25,4.0,2.12,2.12,1.25,3.0,1.62,3.62
11-9151,Social and Community Service Managers,base_00,3.88,3.88,3.88,3.88,3.88,1.0,1.0,1.0,3.5,3.88,3.62,2.62,2.38,3.88,2.62,3.88,3.25,2.0,2.62,2.12,3.25,1.75,2.0,3.75,1.0,2.25,4.0,4.0,3.75,3.75,3.75,1.88,3.88,1.5,3.75
11-9161,Emergency Management Directors,base_00,3.75,4.0,4.12,4.0,4.0,1.0,1.0,1.0,3.75,4.0,3.88,2.62,2.75,3.5,3.0,4.0,3.38,1.75,3.12,2.12,3.62,1.5,2.25,4.0,1.0,1.88,4.25,4.0,4.12,3.62,3.5,1.5,3.75,1.5,4.0
11-9171,Funeral Home Managers,base_00,2.88,3.88,3.25,3.38,3.5,1.0,1.12,1.0,3.0,3.5,2.88,2.62,2.62,3.5,2.62,3.38,3.12,2.0,1.38,2.12,3.12,1.5,2.12,3.62,1.0,1.5,4.0,3.88,3.5,2.5,2.5,1.62,3.62,1.75,3.12
11-9179,Fitness and Wellness Coordinators,first_detail,3.44,3.75,3.25,3.875,3.75,1.25,1.63,1.0,3.44,3.5,3.38,2.935,2.94,3.69,2.435,3.69,3.125,1.81,1.81,2.185,3.375,1.44,2.375,3.5,1.06,1.435,3.815,3.815,3.94,3.25,3.185,1.94,3.435,1.875,3.31
11-9199,Regulatory Affairs Managers,first_detail,3.438333333333333,3.918333333333333,3.605,3.685,3.94,1.2066666666666668,1.3333333333333333,1.0,3.2516666666666665,3.688333333333333,3.0416666666666665,2.561666666666667,2.481666666666667,3.2083333333333335,2.811666666666667,3.7716666666666665,3.27,1.8133333333333332,2.3333333333333335,2.415,3.393333333333333,1.75,2.3333333333333335,3.98,1.1866666666666668,1.9183333333333332,3.0233333333333334,3.4783333333333335,3.94,3.355,3.3733333333333335,1.7700000000000002,3.438333333333333,1.75,3.8983333333333334
13-1011,"Agents and Business Managers of Artists, Performers, and Athletes",base_00,3.5,4.0,3.38,3.75,3.75,1.0,1.0,1.0,2.88,3.12,2.62,1.88,1.5,2.88,2.12,2.88,4.0,1.25,1.75,1.25,4.0,1.5,1.0,4.0,1.0,1.62,3.0,3.88,4.0,2.5,2.5,1.38,3.75,1.0,3.62
13-1021,"Buyers and Purchasing Agents, Farm Products",base_00,3.12,3.75,3.25,3.12,3.88,1.0,1.0,1.0,2.5,3.38,2.5,2.75,2.88,3.0,3.0,3.12,3.38,1.88,1.88,2.25,3.38,1.5,2.25,3.38,1.12,1.62,3.0,3.12,3.88,3.0,2.62,1.75,3.12,1.62,3.12
13-1022,"Wholesale and Retail Buyers, Except Farm Products",base_00,3.38,3.75,3.25,3.12,3.75,1.0,1.0,1.0,3.0,3.38,2.88,3.25,2.88,2.75,3.12,3.12,4.0,1.38,2.12,1.75,3.75,1.75,2.25,3.25,1.0,1.75,3.12,3.25,3.75,2.62,3.0,1.62,3.0,1.0,3.0
13-1023,"Purchasing Agents, Except Wholesale, Retail, and Farm Products",base_00,3.88,4.0,4.0,3.0,3.88,1.0,1.0,1.0,3.25,3.88,3.0,3.75,3.25,3.12,3.0,3.75,4.25,1.0,2.5,2.0,3.75,1.5,2.38,4.12,1.0,1.12,3.12,3.25,4.0,2.88,3.0,1.75,3.25,1.62,4.0
13-1031,"Claims Adjusters, Examiners, and Investigators",base_00,3.25,4.0,3.5,3.25,4.0,1.0,1.12,1.0,2.5,3.75,2.5,2.12,1.75,2.75,2.88,3.38,3.12,1.12,1.5,1.88,2.88,2.12,2.62,4.12,1.0,1.38,3.12,3.38,3.88,3.0,2.88,1.75,3.0,1.62,3.62
13-1032,"Insurance Appraisers, Auto Damage",base_00,2.88,3.5,2.88,2.88,3.38,1.5,1.5,1.0,2.25,3.12,2.12,2.0,1.5,2.38,2.62,2.5,2.88,2.0,1.88,2.38,2.88,1.25,2.38,3.5,1.62,1.12,3.0,3.0,3.75,2.38,2.38,1.38,3.25,2.12,3.75
13-1041,Compliance Officers,base_00,3.4114285714285715,3.9828571428571427,3.59,3.212857142857143,3.892857142857143,1.0171428571428571,1.1242857142857143,1.0,2.9828571428571427,3.607142857142857,3.0171428571428573,1.8385714285714287,1.9114285714285713,2.6785714285714284,2.66,3.3771428571428572,2.962857142857143,1.7142857142857142,1.8914285714285715,2.3042857142857143,2.9642857142857144,1.7328571428571427,2.2471428571428573,3.9828571428571427,1.0,1.947142857142857,3.087142857142857,3.447142857142857,3.947142857142857,3.1242857142857146,3.0014285714285713,1.6614285714285713,3.16,1.4100000000000001,3.84
13-1051,Cost Estimators,base_00,3.25,3.75,3.38,3.12,3.75,1.0,1.12,1.0,2.75,3.62,2.88,3.12,2.75,2.5,4.0,3.0,3.0,1.0,2.5,1.5,3.0,1.5,1.38,4.0,1.0,1.38,2.75,3.12,3.88,3.0,3.0,1.5,3.0,1.0,3.5
13-1071,Human Resources Specialists,base_00,3.25,4.0,3.12,3.0,3.88,1.0,1.0,1.0,3.12,3.25,3.0,1.88,1.88,2.88,2.0,3.0,3.0,1.12,1.25,1.5,2.88,1.62,1.75,4.0,1.0,1.12,3.38,3.38,4.12,2.88,2.38,1.75,3.0,1.0,3.88
13-1074,Farm Labor Contractors,base_00,2.38,3.38,2.75,3.0,3.0,1.0,1.12,1.0,2.62,3.0,2.25,1.88,1.88,3.25,2.12,2.75,2.75,2.5,1.25,2.38,2.62,1.38,1.75,2.75,1.0,1.25,2.62,3.0,3.5,2.12,1.88,1.0,3.12,1.75,2.75
13-1075,Labor Relations Specialists,base_00,3.5,4.38,3.62,3.38,4.0,1.0,1.0,1.0,3.0,3.62,3.0,2.0,1.75,2.88,2.38,3.38,4.12,1.12,1.75,1.5,3.88,1.25,1.12,4.0,1.0,1.0,3.38,3.75,4.25,3.12,3.12,1.38,3.38,1.0,4.0
13-1081,Logisticians,base_00,3.5400000000000005,3.92,3.9166666666666665,3.3766666666666665,3.9599999999999995,1.04,1.2933333333333332,1.0,3.0,3.7466666666666666,2.956666666666667,2.706666666666667,2.75,3.0833333333333335,3.3333333333333335,3.67,3.0033333333333334,1.29,2.9966666666666666,2.2066666666666666,3.043333333333333,2.21,2.4166666666666665,3.9599999999999995,1.04,2.04,3.0833333333333335,3.206666666666667,3.8366666666666664,3.956666666666667,3.706666666666667,2.0833333333333335,3.5033333333333334,1.54,3.6266666666666665
13-1111,Management Analysts,base_00,3.25,4.12,4.0,3.88,4.12,1.0,1.12,1.0,3.25,4.0,3.0,2.25,2.25,3.0,3.0,3.88,3.12,1.38,3.0,1.75,3.5,1.88,1.75,4.12,1.0,1.88,3.25,3.88,4.0,3.75,3.88,2.12,3.25,1.25,4.0
13-1121,"Meeting, Convention, and Event Planners",base_00,3.38,4.0,3.62,3.88,3.88,1.62,1.75,1.0,3.0,3.62,2.38,3.0,2.88,3.25,2.5,3.5,3.38,2.0,2.75,2.0,3.5,1.38,2.25,4.0,1.75,1.25,3.88,3.88,4.0,3.25,3.12,1.75,3.75,1.75,3.5
13-1131,Fundraisers,base_00,3.25,4.0,3.25,3.75,3.88,1.0,1.12,1.0,3.0,3.38,2.88,3.0,2.12,2.75,3.0,3.12,3.88,1.62,2.0,1.62,4.0,1.5,1.5,4.0,1.0,1.38,3.5,3.62,4.12,3.12,3.12,1.75,3.0,1.0,4.0
13-1141,"Compensation, Benefits, and Job Analysis Specialists",base_00,3.38,3.88,3.12,3.0,3.75,1.0,1.0,1.0,2.88,3.12,2.88,2.0,1.75,2.88,3.12,3.12,3.0,1.0,2.5,1.5,3.0,1.62,1.38,3.88,1.0,1.88,3.0,3.0,3.88,3.12,3.12,1.5,3.0,1.0,3.38
13-1151,Training and Development Specialists,base_00,3.88,4.0,3.25,3.75,3.88,1.0,1.12,1.0,4.38,3.88,4.12,2.25,2.25,3.12,2.38,3.88,3.12,1.12,3.12,2.0,3.12,1.5,1.88,3.88,1.0,1.62,3.62,4.0,4.38,3.12,3.38,1.88,3.62,1.0,3.88
13-1161,Market Research Analysts and Marketing Specialists,base_00,3.625,3.815,3.88,3.125,3.875,1.0,1.0,1.0,2.935,3.685,2.94,1.935,1.875,2.685,3.0,3.315,2.81,1.0,2.5,2.0,3.185,2.435,1.75,3.94,1.0,1.75,2.94,3.06,3.75,3.25,3.25,2.0,3.06,1.06,3.75
13-1199,Business Continuity Planners,first_detail,3.3449999999999998,3.9050000000000002,3.6225,3.4375,3.875,1.095,1.3425,1.215,2.9699999999999998,3.7175000000000002,2.9375,2.5,2.4074999999999998,2.9050000000000002,2.815,3.465,3.09,1.405,2.5625,2.1550000000000002,3.25,2.0324999999999998,2.2475,3.875,1.1575,1.5,3.19,3.2800000000000002,3.875,3.34,3.3725,1.875,3.1275,1.56,3.75
13-2011,Accountants and Auditors,base_00,3.12,3.75,3.38,3.25,3.75,1.0,1.25,1.12,2.75,3.5,2.75,2.25,1.88,2.75,3.25,3.38,2.88,1.38,1.62,1.75,3.0,2.0,1.88,3.88,1.0,1.25,3.12,3.12,3.75,2.88,2.88,1.75,3.12,1.0,3.5
13-2022,Appraisers of Personal and Business Property,base_00,3.12,3.38,3.0,2.75,3.62,1.12,1.0,1.0,2.25,3.0,2.5,1.88,2.0,2.12,2.88,2.88,2.88,1.25,1.5,1.88,2.88,1.62,2.12,3.88,1.12,1.38,2.88,2.88,3.38,2.5,2.5,1.25,3.0,1.62,3.5
13-2023,Appraisers and Assessors of Real Estate,base_00,2.75,3.5,3.12,2.88,3.5,1.12,1.12,1.0,2.5,3.0,2.38,1.62,1.62,2.0,2.62,2.88,2.62,1.88,1.75,1.88,2.75,1.62,2.12,3.62,1.12,1.12,2.75,2.75,3.38,2.5,2.5,1.38,2.75,1.62,3.38
13-2031,Budget Analysts,base_00,3.25,3.75,3.75,2.88,3.88,1.0,1.0,1.0,2.62,3.75,2.5,3.38,2.0,2.38,3.88,3.12,2.62,1.0,2.25,1.88,2.62,1.75,1.12,3.75,1.0,1.25,2.5,3.0,3.75,3.12,3.0,1.75,3.0,1.0,3.12
13-2041,Credit Analysts,base_00,3.62,3.5,3.0,2.62,3.88,1.0,1.0,1.0,2.12,3.12,2.38,2.0,1.75,2.0,3.38,3.0,2.38,1.25,2.5,1.75,2.38,1.62,1.62,3.62,1.0,1.38,3.0,3.0,3.62,2.75,2.75,1.0,3.0,1.0,3.12
13-2052,Personal Financial Advisors,base_00,3.25,4.12,3.62,3.0,3.75,1.0,1.0,1.0,3.0,3.62,3.0,2.88,1.88,2.12,3.62,3.12,3.0,1.0,2.5,1.62,3.38,1.62,1.75,4.12,1.0,1.38,3.62,3.62,4.0,3.38,3.38,1.5,3.0,1.0,3.88
13-2053,Insurance Underwriters,base_00,3.12,3.75,3.12,3.0,3.75,1.0,1.0,1.0,2.75,3.5,2.75,2.0,2.0,2.38,2.88,3.0,2.75,1.0,1.88,1.88,2.88,1.5,1.12,3.75,1.0,1.38,3.0,3.0,3.62,2.75,2.75,1.62,2.88,1.0,3.75
13-2061,Financial Examiners,base_00,3.62,4.0,3.88,3.62,4.12,1.0,1.0,1.0,3.38,3.88,3.38,1.75,1.62,3.5,3.62,3.88,2.88,1.25,2.88,1.75,2.88,1.62,2.0,4.12,1.0,1.25,3.0,3.62,4.0,3.62,3.62,1.38,3.5,1.0,4.0
13-2071,Credit Counselors,base_00,3.62,3.88,3.5,3.12,3.75,1.0,1.0,1.0,2.88,3.5,3.12,1.62,1.12,2.12,3.12,3.0,3.25,1.0,1.88,1.0,3.38,1.5,1.25,3.88,1.0,1.0,3.62,3.12,4.0,2.88,3.0,1.75,3.12,1.0,3.75
13-2072,Loan Officers,base_00,3.12,4.0,3.25,2.88,3.75,1.0,1.0,1.0,2.88,3.88,2.75,2.12,2.0,2.62,3.25,2.88,2.88,1.25,1.75,1.88,2.88,1.62,1.5,3.88,1.0,1.0,3.0,3.25,4.0,2.62,2.25,1.88,3.12,1.0,3.38
13-2081,"Tax Examiners and Collectors, and Revenue Agents",base_00,3.25,4.0,3.0,3.0,3.88,1.0,1.0,1.12,2.88,3.12,2.88,1.88,1.62,2.25,3.25,3.25,3.0,1.38,1.75,1.75,2.88,1.62,2.0,4.0,1.0,1.0,2.88,3.0,4.0,2.5,2.5,1.5,3.0,1.0,3.25
13-2082,Tax Preparers,base_00,3.12,3.88,2.88,2.75,3.5,1.0,1.0,1.0,2.75,3.0,2.75,1.75,1.5,2.0,3.0,3.0,2.5,1.0,1.75,1.12,2.62,1.5,1.62,4.0,1.0,1.0,3.0,2.88,3.12,2.38,2.0,1.38,3.12,1.0,3.0
13-2099,Financial Quantitative Analysts,first_detail,3.75,3.935,3.94,3.31,4.0600000000000005,1.0,1.0,1.0,3.0,3.815,2.94,2.44,2.0,2.81,3.69,3.06,3.0,1.31,1.625,1.94,3.185,2.185,1.375,4.0,1.0,1.44,2.94,3.19,3.875,3.0,2.935,1.63,3.06,1.06,3.81
15-1211,Computer Systems Analysts,base_00,3.685,3.875,3.75,3.31,3.875,1.44,2.0,1.5,3.13,3.75,3.435,2.12,2.0,3.0,3.0,3.5,2.75,2.06,2.875,2.75,2.875,3.065,2.875,4.13,1.44,2.185,3.06,3.12,4.0,3.75,3.75,2.815,3.25,2.62,3.69
15-1212,Information Security Analysts,base_00,3.25,3.75,3.75,3.0,3.88,1.62,1.75,1.5,2.88,3.38,2.88,1.75,1.75,2.88,2.25,3.38,2.62,1.75,2.5,3.0,2.62,2.62,3.0,4.0,1.62,1.88,2.88,2.75,3.62,3.38,3.0,2.12,3.12,2.12,3.5
15-1221,Computer and Information Research Scientists,base_00,3.5,3.75,4.0,3.0,4.0,1.12,1.88,1.0,3.0,4.0,3.0,2.5,2.25,2.88,3.38,3.12,2.5,2.0,3.12,2.62,2.75,3.62,2.38,3.75,1.12,3.12,2.75,3.0,3.5,3.75,3.62,3.12,3.38,2.38,3.38
15-1231,Computer Network Support Specialists,base_00,3.25,3.5,3.25,2.75,3.75,2.62,2.5,2.75,2.62,3.38,2.62,1.5,2.0,2.25,2.12,3.25,2.25,2.0,1.88,3.0,2.25,2.25,2.88,3.38,2.88,1.88,2.5,2.88,3.25,3.12,3.0,2.12,3.0,3.12,3.0
15-1232,Computer User Support Specialists,base_00,3.12,4.0,3.62,2.88,3.75,2.12,1.88,2.25,3.0,3.25,3.12,1.62,1.88,2.38,2.25,3.12,2.38,2.88,2.38,3.0,2.62,2.25,2.88,4.0,2.12,1.75,3.12,3.12,4.0,3.0,2.88,2.0,3.0,3.0,3.5
15-1241,Computer Network Architects,base_00,3.315,3.685,3.5,3.25,3.87,2.5,2.56,1.935,2.875,3.435,2.94,2.375,2.38,2.685,3.0,3.12,2.875,2.37,2.565,3.06,3.0,3.13,3.125,3.81,2.31,2.0,3.0,3.06,3.375,3.435,3.5,2.87,3.06,2.88,3.435
15-1242,Database Administrators,base_00,3.5,3.75,3.88,3.0,3.88,1.0,1.5,1.38,3.0,3.75,3.0,1.75,1.88,2.75,3.0,3.25,2.0,1.5,3.12,2.75,2.62,3.38,2.5,3.75,1.12,2.0,2.88,2.88,3.38,3.12,3.12,2.38,2.88,2.5,3.25
15-1243,Database Architects,base_00,3.125,3.5,3.75,3.06,3.88,1.12,1.56,1.31,2.75,3.63,2.75,1.875,1.94,2.31,3.0,3.0,2.62,1.815,2.935,2.31,2.815,3.565,2.19,3.88,1.12,1.88,2.81,3.0,3.44,3.625,3.25,2.81,2.94,1.75,3.185
15-1244,Network and Computer Systems Administrators,base_00,3.12,3.75,3.75,3.0,3.88,3.0,2.88,2.38,2.88,3.88,2.75,2.0,2.75,3.0,3.0,3.75,2.5,3.0,3.12,3.38,2.75,3.62,3.25,3.88,3.0,2.25,3.0,3.0,3.38,3.88,3.75,2.75,3.12,3.75,3.12
15-1251,Computer Programmers,base_00,3.12,3.75,3.75,3.0,3.75,1.0,1.0,1.25,2.5,3.25,2.38,2.0,2.0,2.62,3.12,3.0,2.12,1.12,3.12,2.25,2.62,4.75,3.5,3.38,1.0,2.75,2.25,3.12,3.12,3.38,3.12,2.75,3.12,2.25,3.25
15-1252,Software Developers,base_00,3.5,3.38,3.38,3.0,3.88,1.25,2.12,1.88,2.88,3.62,2.62,1.75,1.62,2.25,2.75,3.0,2.62,2.0,3.25,2.75,2.75,4.0,2.75,3.5,1.12,2.12,2.88,2.88,3.12,3.5,3.38,3.38,3.12,2.62,3.25
15-1253,Software Quality Assurance Analysts and Testers,base_00,3.12,3.88,3.38,3.0,3.88,1.0,1.75,2.0,2.62,3.12,2.88,1.5,1.5,2.12,2.75,3.62,2.12,1.88,3.12,3.0,2.5,3.62,3.38,4.0,1.12,2.75,2.5,2.88,3.88,3.12,3.25,2.62,3.0,2.88,3.75
15-1254,Web Developers,base_00,3.5,3.5,3.62,3.0,3.75,1.0,2.0,1.25,2.75,3.38,2.88,1.75,1.75,2.38,2.75,3.0,2.75,1.62,3.62,2.25,2.88,4.12,2.75,3.62,1.0,2.0,2.88,2.88,3.25,3.12,3.0,2.5,3.0,2.12,3.12
15-1255,Video Game Designers,first_detail,3.5,3.88,3.62,3.12,3.75,1.0,1.12,1.12,2.88,3.62,2.88,1.88,1.88,2.75,2.88,3.12,3.0,1.0,3.0,2.25,3.0,4.0,2.0,3.75,1.0,1.38,2.75,3.0,3.12,3.38,3.25,3.0,3.38,1.12,3.25
15-1299,Web Administrators,first_detail,3.27,3.813333333333333,3.5,3.1666666666666665,3.9150000000000005,1.25,1.5200000000000002,1.3533333333333335,2.936666666666667,3.3333333333333335,2.9166666666666665,2.143333333333333,2.1033333333333335,2.9150000000000005,2.605,3.456666666666667,2.7083333333333335,1.5816666666666668,2.5016666666666665,2.4783333333333335,2.813333333333333,2.895,2.5416666666666665,3.9599999999999995,1.2916666666666667,2.06,2.9166666666666665,3.043333333333333,3.5216666666666665,3.438333333333333,3.295,2.23,3.1466666666666665,1.8533333333333335,3.6033333333333335
15-2011,Actuaries,base_00,3.25,4.0,4.0,3.0,4.25,1.0,1.0,1.0,2.75,4.25,2.88,2.62,2.0,2.88,4.25,3.12,2.75,1.0,3.0,2.0,2.88,2.12,1.88,4.25,1.0,2.0,3.0,3.0,3.88,3.88,4.0,1.88,3.0,1.0,3.5
15-2021,Mathematicians,base_00,4.0,3.38,4.0,2.88,4.12,1.0,1.0,1.0,3.0,3.75,3.25,1.62,1.62,2.0,5.0,3.0,2.0,1.0,2.5,1.38,2.75,2.5,1.5,4.0,1.0,3.62,2.0,2.88,3.25,3.0,3.0,1.62,2.75,1.0,3.62
15-2031,Operations Research Analysts,base_00,3.88,4.0,4.12,3.12,4.0,1.0,1.0,1.0,3.0,3.88,3.0,1.88,1.88,2.62,4.5,2.88,2.12,1.12,3.75,1.88,2.88,2.62,1.88,4.0,1.0,3.25,2.75,2.88,4.0,3.88,3.88,1.75,3.12,1.25,4.0
15-2041,Statisticians,base_00,3.875,3.88,3.94,2.94,4.0,1.0,1.25,1.0,3.0,3.69,3.25,1.815,1.75,2.5,4.75,3.0,2.0,1.06,2.94,1.75,2.625,3.19,1.875,4.0,1.0,3.75,2.5,2.815,3.94,3.06,3.06,1.62,3.0,1.0,3.815
15-2051,Business Intelligence Analysts,first_detail,3.75,3.88,3.44,3.19,3.94,1.0,1.44,1.0,3.0,3.435,2.94,1.88,1.815,2.56,3.5,3.37,2.5,1.565,2.315,1.935,2.815,2.875,2.25,3.94,1.0,2.0,2.815,3.0,3.88,3.185,3.12,1.685,3.25,1.31,3.75
15-2099,Bioinformatics Technicians,first_detail,3.5,3.5,3.5,2.88,3.5,1.12,1.12,1.0,2.88,3.5,2.75,1.62,1.62,2.62,3.38,3.25,2.5,1.12,2.12,2.62,2.75,3.12,2.25,3.75,1.12,3.12,2.5,2.88,3.38,3.25,3.0,2.12,3.0,1.12,3.5
17-1011,"Architects, Except Landscape and Naval",base_00,3.62,3.88,3.75,3.5,4.0,1.0,1.25,1.0,3.0,3.75,3.25,2.75,2.75,3.0,3.5,3.75,3.12,1.88,4.0,2.25,3.12,1.88,3.12,4.0,1.0,2.88,2.88,3.25,4.0,3.5,3.38,2.0,3.0,1.88,3.88
17-1012,Landscape Architects,base_00,3.5,4.12,3.88,3.75,3.88,1.0,1.0,1.0,3.0,3.75,2.88,2.88,2.88,3.0,3.12,3.12,3.12,2.0,3.75,2.0,3.12,1.5,2.5,4.12,1.0,2.75,3.25,3.62,4.12,3.12,3.12,1.75,3.5,1.75,3.62
17-1021,Cartographers and Photogrammetrists,base_00,3.25,3.38,3.12,3.0,3.5,1.38,1.5,1.0,2.75,3.12,2.88,1.62,1.62,2.25,2.88,3.12,2.38,1.38,1.62,1.88,2.38,1.88,2.12,4.0,1.25,1.88,2.75,3.0,3.12,2.88,2.75,1.62,3.0,1.75,3.5
17-1022,Surveyors,base_00,3.315,3.69,3.435,3.25,3.815,1.88,2.06,1.0,3.0,3.435,3.06,1.75,1.815,2.815,4.0600000000000005,3.19,2.25,2.75,1.88,2.75,2.375,1.88,2.69,3.94,1.88,2.87,2.75,2.875,3.5,3.06,2.935,1.685,3.0,1.88,3.685
17-2011,Aerospace Engineers,base_00,3.62,3.88,3.88,3.25,4.12,1.0,1.25,1.0,3.0,3.75,3.38,1.88,1.75,2.75,3.88,3.75,3.0,1.25,3.88,2.88,3.12,2.12,3.25,4.0,1.0,4.0,2.88,3.0,3.88,3.38,3.5,3.25,3.25,2.0,3.88
17-2021,Agricultural Engineers,base_00,3.25,4.0,3.88,3.12,3.88,1.88,1.88,1.0,3.0,3.88,2.88,2.25,2.0,3.0,3.75,3.25,2.75,2.62,3.0,3.12,2.88,2.0,2.5,4.0,1.88,3.38,2.75,3.12,4.0,3.75,3.88,2.75,3.0,2.12,4.0
17-2031,Bioengineers and Biomedical Engineers,base_00,3.75,4.0,3.88,3.0,3.88,2.12,2.75,2.25,3.12,3.88,3.25,2.12,2.25,3.0,3.88,3.75,2.88,2.0,3.75,2.88,2.75,3.12,3.12,4.0,2.5,3.88,2.88,3.0,4.0,3.62,3.5,3.38,3.12,2.88,4.0
17-2041,Chemical Engineers,base_00,3.88,3.25,4.0,3.0,4.12,1.0,1.88,1.0,3.0,3.88,2.88,2.38,2.5,2.75,3.75,3.12,2.88,2.0,3.62,3.0,2.88,2.25,3.0,4.0,1.0,4.12,2.75,3.0,3.5,3.88,3.88,2.88,3.0,2.88,3.12
17-2051,Civil Engineers,base_00,3.25,3.8766666666666665,3.8800000000000003,3.2866666666666666,3.9599999999999995,1.1666666666666667,1.3333333333333333,1.0,3.0400000000000005,3.7533333333333334,3.0400000000000005,2.6266666666666665,2.6266666666666665,3.1666666666666665,3.8800000000000003,3.3733333333333335,3.0400000000000005,1.8333333333333333,3.4166666666666665,2.3333333333333335,3.0400000000000005,1.96,2.4966666666666666,3.9599999999999995,1.2066666666666668,3.4166666666666665,3.0,2.9599999999999995,3.8766666666666665,3.793333333333333,3.5833333333333335,2.6266666666666665,3.793333333333333,1.8733333333333333,3.75
17-2061,Computer Hardware Engineers,base_00,3.75,3.88,3.88,3.12,4.0,2.12,2.5,1.88,3.0,3.62,2.88,1.75,1.88,2.62,3.25,3.12,2.25,1.75,3.38,3.0,2.62,2.5,2.88,4.0,2.12,2.88,2.62,2.75,3.88,3.38,3.38,2.62,3.12,2.62,3.88
17-2071,Electrical Engineers,base_00,3.88,3.88,3.88,3.25,4.0,2.0,2.12,1.0,3.0,3.25,3.0,2.38,2.25,3.0,3.38,3.5,2.75,1.38,3.12,2.88,2.88,2.12,3.0,4.0,2.0,3.0,2.75,3.0,3.88,3.25,3.25,2.25,3.0,2.75,4.12
17-2072,"Electronics Engineers, Except Computer",base_00,3.12,3.75,3.69,3.06,3.94,2.44,2.69,1.81,3.0,3.565,2.81,1.94,2.315,2.75,3.06,3.25,2.625,2.565,2.935,2.875,2.88,2.625,2.935,3.81,2.375,2.5,2.815,2.94,3.815,3.5,3.13,2.75,2.875,2.69,3.375
17-2081,Environmental Engineers,base_00,3.75,4.0,3.88,3.75,4.0,1.0,1.0,1.0,3.0,3.88,3.0,2.25,2.25,2.75,3.38,4.0,3.0,2.0,2.5,2.62,3.0,1.62,2.62,4.0,1.0,3.38,2.88,3.0,4.0,3.25,3.25,1.62,3.25,1.62,4.0
17-2111,"Health and Safety Engineers, Except Mining Safety Engineers and Inspectors",base_00,3.565,3.815,3.81,3.06,4.0,1.0,1.5,1.0,3.25,3.81,3.185,2.25,2.315,2.87,3.0,3.25,3.0,2.0,2.75,2.75,3.06,1.75,3.0,4.0,1.0,3.06,3.06,3.12,3.81,3.75,3.69,2.44,3.25,2.375,3.815
17-2112,Industrial Engineers,base_00,3.4675000000000002,3.94,3.9074999999999998,3.0300000000000002,3.9375,1.5,1.75,1.375,2.9975,3.435,3.0625,2.1875,2.3449999999999998,2.8475,3.4675000000000002,3.66,2.7525,2.1525,3.0,2.9074999999999998,2.875,1.9725,2.7800000000000002,4.03,1.435,3.06,2.875,3.125,3.94,3.3425000000000002,3.435,2.685,3.1550000000000002,2.4375,3.875
17-2121,Marine Engineers and Naval Architects,base_00,3.5,3.75,4.12,3.38,4.12,2.62,2.25,1.62,2.88,3.75,2.88,2.5,2.62,3.0,3.62,3.38,2.62,3.0,3.0,3.5,2.75,2.25,3.38,3.88,2.5,3.5,2.88,3.0,3.75,3.38,3.38,2.5,3.5,2.88,3.75
17-2131,Materials Engineers,base_00,3.25,4.0,4.0,3.0,3.88,1.5,2.0,1.0,3.12,3.25,3.0,2.12,2.62,3.0,3.75,3.12,3.0,2.25,3.12,3.0,3.0,1.88,3.12,4.0,1.5,4.0,3.12,3.0,3.75,3.12,3.0,2.62,3.0,2.25,3.75
17-2141,Mechanical Engineers,base_00,3.5,3.75,3.706666666666667,3.1666666666666665,4.0,1.7466666666666668,2.25,1.54,2.9599999999999995,3.75,2.9599999999999995,2.0833333333333335,2.2933333333333334,2.793333333333333,3.7099999999999995,3.33,2.7466666666666666,2.54,3.4166666666666665,3.0400000000000005,2.8733333333333335,2.5433333333333334,3.08,3.9599999999999995,1.7533333333333332,3.5833333333333335,2.793333333333333,2.92,3.67,3.5833333333333335,3.5833333333333335,3.0400000000000005,3.0833333333333335,2.6266666666666665,3.67
17-2151,"Mining and Geological Engineers, Including Mining Safety Engineers",base_00,3.5,3.88,4.12,3.5,4.0,1.0,2.25,1.0,3.12,4.0,3.12,2.88,3.0,3.0,3.75,3.75,2.88,2.0,3.12,3.0,2.88,2.62,2.88,4.0,1.0,3.5,2.62,2.88,4.0,3.75,3.75,2.5,3.38,1.88,4.0
17-2161,Nuclear Engineers,base_00,3.88,4.0,4.0,3.62,4.12,1.62,1.75,1.0,3.0,4.0,3.0,2.12,2.12,2.75,4.0,4.0,3.0,2.25,3.75,3.62,3.12,1.88,3.25,4.0,1.62,4.12,2.88,2.88,3.75,3.75,3.75,2.88,3.5,3.12,4.0
17-2171,Petroleum Engineers,base_00,3.75,3.88,3.88,3.62,4.0,1.12,1.88,1.75,3.0,3.88,3.0,2.5,2.75,2.88,3.25,3.75,2.88,2.12,2.25,2.88,3.0,1.88,2.62,4.0,1.0,3.38,3.0,3.62,3.88,3.88,3.88,2.25,3.62,2.25,3.88
17-2199,"Energy Engineers, Except Wind and Solar",first_detail,3.48375,3.7675,3.755,3.0475,3.96875,1.8900000000000001,2.20375,1.34375,2.98375,3.6275,3.0324999999999998,2.14,2.1725,2.79625,3.58,3.45375,2.7975,2.5475,3.15625,2.9825,2.9225,2.38875,2.96625,3.9225,1.875,3.435,2.7675,2.9987500000000002,3.625,3.45375,3.3137499999999998,2.75,3.125,2.45375,3.76875
17-3011,Architectural and Civil Drafters,base_00,3.38,3.25,3.5,3.12,3.38,1.25,1.62,1.25,3.12,3.12,3.0,1.88,1.88,2.62,3.25,3.25,2.75,1.5,2.25,2.38,2.75,2.38,2.5,3.62,1.25,2.5,2.88,3.0,3.12,3.5,2.75,2.25,3.25,2.0,3.38
17-3012,Electrical and Electronics Drafters,base_00,3.25,3.62,3.38,3.0,3.5,1.25,1.62,1.25,2.75,3.5,2.62,1.88,1.88,2.5,2.75,3.0,2.5,1.5,2.62,2.25,2.62,2.12,2.88,3.38,1.12,1.88,2.75,2.88,3.25,2.88,2.88,2.25,3.12,2.38,3.5
17-3013,Mechanical Drafters,base_00,3.25,3.25,3.12,3.0,3.25,1.0,1.25,1.0,3.0,3.0,2.88,2.0,2.0,2.25,3.25,3.0,2.25,1.5,3.0,2.12,2.38,2.25,2.75,3.25,1.0,1.88,2.38,3.0,3.12,2.88,2.88,2.38,2.88,2.0,3.0
17-3021,Aerospace Engineering and Operations Technologists and Technicians,base_00,3.0,3.62,3.5,2.88,3.88,2.88,2.62,2.12,2.75,3.25,2.88,2.12,2.12,2.38,3.0,3.12,2.5,3.0,2.75,3.75,2.62,2.12,3.75,3.75,3.0,3.12,2.62,2.88,3.62,3.0,3.0,2.12,3.12,3.25,3.12
17-3022,Civil Engineering Technologists and Technicians,base_00,2.88,3.75,3.12,3.0,3.88,1.0,1.12,1.0,2.38,3.12,2.25,2.12,2.12,2.25,3.62,3.25,2.5,2.12,2.62,2.38,2.5,1.88,2.12,3.75,1.0,2.75,2.75,2.88,3.38,2.88,2.75,1.75,2.88,1.75,3.25
17-3023,Electrical and Electronic Engineering Technologists and Technicians,base_00,3.12,3.62,3.38,3.0,3.75,3.0,2.62,2.0,2.62,3.12,2.62,2.12,2.12,2.62,2.75,3.12,2.25,2.5,2.0,3.0,2.5,1.88,2.88,3.88,3.5,1.75,2.88,2.88,3.25,3.12,2.88,2.0,2.88,3.5,3.25
17-3024,Electro-Mechanical and Mechatronics Technologists and Technicians,base_00,3.12,3.435,3.5,3.0,3.75,3.5,3.12,3.12,2.88,3.25,2.94,1.75,1.875,2.625,2.94,3.435,2.19,3.44,2.25,3.875,2.25,2.69,3.62,3.565,3.875,2.75,2.565,2.88,3.185,3.12,3.12,2.435,3.06,3.94,3.185
17-3025,Environmental Engineering Technologists and Technicians,base_00,3.75,3.88,3.12,3.0,3.88,2.38,2.5,1.0,2.88,3.25,3.0,2.12,2.38,3.0,3.0,3.38,2.88,2.88,2.75,3.0,2.88,2.12,3.12,3.88,2.38,3.38,2.75,3.0,3.38,3.0,2.88,2.0,3.12,2.75,3.12
17-3026,Industrial Engineering Technologists and Technicians,base_00,3.19,3.75,3.685,3.065,3.94,2.625,2.31,1.0,2.94,3.25,2.875,1.815,2.185,2.5,3.25,3.38,2.435,2.435,2.56,3.0,2.63,2.13,3.125,4.0600000000000005,3.0,3.25,2.56,2.815,3.315,3.375,3.125,2.625,3.065,2.625,3.435
17-3027,Mechanical Engineering Technologists and Technicians,base_00,3.06,3.5,3.435,3.0,3.625,2.81,2.815,1.88,2.565,3.25,2.565,1.815,2.06,2.5,3.185,3.12,2.565,2.94,2.435,3.375,2.69,2.06,3.25,3.685,2.87,2.81,2.69,3.0,3.56,2.935,3.0,2.19,3.0,2.94,3.375
17-3029,Non-Destructive Testing Specialists,first_detail,3.25,3.5,3.12,3.0,3.44,2.935,2.685,1.94,2.81,3.06,2.935,1.75,2.0,2.5,2.935,3.315,2.25,3.0,1.815,3.315,2.31,1.81,3.63,3.69,2.5,2.75,2.5,2.875,3.12,3.0,3.0,2.0,3.0,3.06,3.185
17-3031,Surveying and Mapping Technicians,base_00,3.0,3.12,3.12,3.0,3.38,1.0,1.25,1.0,2.62,2.88,2.5,1.62,1.88,2.62,3.25,3.12,2.38,2.5,2.0,2.38,2.88,2.25,2.25,3.88,1.12,1.62,2.88,2.88,3.12,2.62,2.62,1.75,2.88,1.75,3.25
19-1011,Animal Scientists,base_00,3.88,3.88,4.0,3.12,4.0,1.12,1.12,1.0,3.0,4.0,3.25,2.0,2.25,3.0,3.38,3.75,3.0,1.88,2.75,2.5,3.0,2.0,2.75,4.12,1.0,4.0,3.0,3.12,3.88,3.75,3.25,1.88,3.25,1.88,4.0
19-1012,Food Scientists and Technologists,base_00,4.0,3.88,3.88,3.12,4.0,1.0,1.88,1.0,3.0,3.88,3.0,1.88,2.0,2.62,3.12,3.62,3.12,2.25,2.62,2.88,3.12,1.5,3.38,4.0,1.0,3.88,3.0,3.25,3.88,3.62,3.62,1.88,3.12,2.0,3.88
19-1013,Soil and Plant Scientists,base_00,4.0,3.88,3.88,3.0,4.0,1.0,1.0,1.0,3.12,3.75,3.25,2.0,2.0,2.75,3.25,3.25,2.75,2.25,3.0,2.75,2.88,2.12,3.0,4.0,1.0,4.0,2.88,3.0,4.0,3.5,3.5,1.75,2.88,1.75,3.88
19-1021,Biochemists and Biophysicists,base_00,4.12,4.12,4.12,3.0,4.25,1.88,2.25,1.12,3.62,4.0,4.0,1.88,2.0,3.0,3.88,3.88,2.5,2.12,3.12,2.75,3.0,2.25,3.0,4.38,1.75,4.75,2.5,3.0,4.12,3.38,3.12,2.12,2.88,1.88,4.25
19-1022,Microbiologists,base_00,3.88,3.88,3.62,3.0,4.0,1.0,1.75,1.0,3.0,3.75,3.62,2.25,2.12,3.0,3.12,3.62,2.62,2.5,2.88,2.75,2.62,1.88,2.88,4.12,1.0,4.62,3.0,3.0,3.88,3.0,2.88,1.88,3.0,2.0,4.0
19-1023,Zoologists and Wildlife Biologists,base_00,3.62,4.0,4.0,3.75,4.0,1.0,1.0,1.0,3.0,4.0,3.0,2.25,2.25,3.0,3.0,3.38,3.12,2.0,2.0,2.75,3.12,1.88,2.12,4.0,1.0,3.88,3.0,3.25,4.0,3.25,3.0,2.0,3.38,1.62,3.88
19-1029,Bioinformatics Scientists,first_detail,3.8449999999999998,4.0,3.9375,3.06,4.0600000000000005,1.0,1.375,1.0,3.375,3.8425000000000002,3.4699999999999998,2.1550000000000002,2.25,3.0,3.7525,3.4699999999999998,2.8125,1.875,2.31,2.44,2.9675000000000002,2.2800000000000002,2.5300000000000002,4.2175,1.0,4.3100000000000005,2.7800000000000002,3.25,4.0,3.2175000000000002,3.0625,1.9375,3.125,1.905,4.0625
19-1031,Conservation Scientists,base_00,3.25,3.92,3.453333333333333,3.2466666666666666,3.6233333333333335,1.2933333333333332,1.3366666666666667,1.04,3.043333333333333,3.3733333333333335,2.9599999999999995,2.0433333333333334,2.25,2.92,2.6266666666666665,3.33,2.956666666666667,2.29,2.6266666666666665,2.5033333333333334,3.0,1.6266666666666667,2.1233333333333335,3.8800000000000003,1.2066666666666668,2.92,3.206666666666667,3.3733333333333335,3.83,3.0400000000000005,2.9966666666666666,1.71,3.0833333333333335,1.8766666666666667,3.5
19-1032,Foresters,base_00,3.12,4.0,3.88,3.5,3.88,1.62,2.12,1.0,3.0,3.75,2.88,2.88,3.12,3.12,2.88,3.75,3.25,2.88,2.88,3.0,3.12,1.5,2.5,3.88,1.62,2.75,3.0,3.25,3.88,3.62,3.62,2.12,3.5,2.0,3.75
19-1041,Epidemiologists,base_00,4.0,4.12,4.25,3.75,4.25,1.0,1.12,1.0,3.25,4.25,3.5,2.12,2.0,3.12,3.75,3.62,2.88,1.0,3.0,1.5,3.12,1.62,1.5,4.25,1.0,4.12,3.25,3.88,4.12,4.0,4.0,1.38,3.25,1.0,4.12
19-1042,"Medical Scientists, Except Epidemiologists",base_00,4.12,4.0,3.88,3.0,4.0,1.0,1.62,1.0,3.25,4.0,3.38,1.75,1.88,2.88,3.62,3.62,2.88,1.88,2.88,2.75,2.88,2.0,2.25,4.0,1.0,4.12,3.12,3.0,4.12,3.75,3.25,1.75,3.12,1.75,4.25
19-2011,Astronomers,base_00,4.0,4.0,3.5,3.12,4.12,1.38,1.62,1.0,3.0,3.62,3.75,2.5,2.0,3.0,4.12,3.38,2.62,1.75,2.62,2.0,3.0,2.25,1.75,4.25,1.12,4.25,2.88,3.12,4.0,3.0,3.0,2.0,2.88,1.38,4.12
19-2012,Physicists,base_00,4.0,4.0,3.88,3.0,4.12,1.0,1.88,1.12,3.62,3.75,3.88,2.25,2.12,3.0,4.25,3.25,2.75,1.62,3.12,2.38,3.12,3.38,2.62,4.25,1.0,4.62,3.0,3.25,4.12,3.38,3.38,2.75,3.12,2.0,4.0
19-2021,Atmospheric and Space Scientists,base_00,4.0,4.0,3.88,3.0,4.0,1.0,1.0,1.0,3.0,3.75,3.12,1.75,1.75,2.88,3.38,3.12,2.5,1.12,2.62,2.0,2.88,2.0,1.62,4.12,1.0,4.0,2.88,3.12,4.0,3.12,2.88,1.75,3.0,1.0,3.88
19-2031,Chemists,base_00,3.62,3.75,3.62,3.0,4.0,2.75,2.5,1.0,3.0,3.25,3.0,1.88,2.25,2.75,3.75,3.5,2.12,2.25,2.5,3.0,2.5,2.12,3.25,4.0,2.12,4.12,2.5,3.0,3.88,3.12,3.12,1.62,3.0,2.88,3.75
19-2032,Materials Scientists,base_00,3.75,4.0,4.0,3.0,4.0,1.38,1.38,1.0,2.88,3.62,3.0,2.12,2.12,2.5,3.5,3.12,2.62,2.0,3.12,2.75,3.12,1.88,2.88,4.0,1.38,4.0,2.75,3.0,3.75,3.0,3.12,1.88,3.0,2.0,3.88
19-2041,"Environmental Scientists and Specialists, Including Health",base_00,3.6550000000000002,3.9699999999999998,3.8449999999999998,3.2175000000000002,3.94,1.0,1.095,1.03,3.0300000000000002,3.5,3.0625,2.185,2.185,2.9375,3.2199999999999998,3.4025,2.935,1.53,2.5,2.2199999999999998,3.0300000000000002,2.0324999999999998,2.06,4.0625,1.0,3.435,2.9675000000000002,3.185,3.94,3.4675000000000002,3.375,1.91,3.1574999999999998,1.405,3.94
19-2042,"Geoscientists, Except Hydrologists and Geographers",base_00,3.25,3.88,3.88,3.12,4.0,1.0,1.75,1.0,3.0,3.88,3.12,1.75,1.62,2.62,3.38,3.12,2.62,2.0,2.62,2.0,2.88,2.0,2.0,4.12,1.0,4.0,2.62,3.0,4.0,3.25,3.25,1.62,2.88,1.5,3.88
19-2043,Hydrologists,base_00,3.62,3.88,3.75,3.12,4.0,2.12,1.88,2.0,3.0,3.5,3.0,1.75,2.0,2.75,3.75,3.5,2.88,1.88,2.38,2.62,3.0,2.12,2.75,3.88,1.88,3.88,2.88,3.0,3.75,3.38,3.0,1.62,2.88,2.0,3.62
19-2099,Remote Sensing Scientists and Technologists,first_detail,3.38,3.88,3.75,3.0,4.0,1.0,1.5,1.0,3.0,3.75,3.12,1.75,1.88,2.88,3.75,3.38,2.5,2.0,3.25,2.5,2.62,2.88,2.38,4.0,1.0,3.88,2.88,2.88,3.88,3.62,3.62,2.38,2.88,1.5,3.88
19-3011,Economists,base_00,3.815,4.0,3.685,3.0,4.0600000000000005,1.0,1.0,1.0,3.25,3.81,3.185,2.37,1.87,2.56,4.0600000000000005,3.31,2.375,1.0,2.31,1.25,3.0,2.0,1.565,4.0600000000000005,1.0,2.13,2.875,3.0,3.75,3.25,3.185,1.565,3.0,1.0,4.0600000000000005
19-3022,Survey Researchers,base_00,3.88,4.25,3.88,3.38,4.25,1.0,1.0,1.0,3.0,3.75,3.25,1.88,2.0,3.0,4.0,3.12,2.88,1.0,2.62,1.75,3.0,2.75,2.25,4.25,1.0,2.88,3.12,3.12,4.25,3.25,3.25,1.88,3.12,1.0,4.25
19-3032,Industrial-Organizational Psychologists,base_00,3.88,4.38,4.0,3.75,4.12,1.0,1.0,1.0,3.62,4.12,3.62,2.12,2.12,3.38,3.5,3.88,3.25,1.0,3.5,2.0,3.75,2.75,2.0,4.38,1.0,3.75,3.38,3.88,4.12,3.88,4.0,1.88,3.62,1.0,4.25
19-3033,Clinical and Counseling Psychologists,base_00,3.88,4.25,3.75,3.5,4.25,1.0,1.0,1.0,3.25,3.75,3.62,1.5,1.5,2.75,2.25,3.75,3.12,1.0,1.62,1.75,3.5,1.62,1.0,4.75,1.0,2.38,3.75,4.38,4.12,3.0,3.0,1.62,3.25,1.0,4.25
19-3034,School Psychologists,base_00,3.62,4.38,3.75,3.62,4.0,1.0,1.0,1.0,3.25,3.88,3.5,1.0,1.0,2.75,2.75,4.0,3.38,1.0,1.75,1.75,3.5,1.75,1.38,4.25,1.0,2.0,3.75,4.0,4.25,3.12,3.12,1.62,3.38,1.0,4.0
19-3039,Neuropsychologists,first_detail,3.815,4.4399999999999995,4.0600000000000005,3.375,4.25,1.0,1.0,1.0,3.38,4.1850000000000005,3.5,1.875,1.815,2.815,2.81,3.62,3.0,1.06,1.69,1.94,3.315,1.815,1.815,4.3100000000000005,1.0,3.12,3.685,4.12,4.125,3.185,3.0,1.685,3.25,1.375,4.13
19-3041,Sociologists,base_00,4.0,4.12,3.62,3.12,4.0,1.0,1.0,1.0,3.62,3.62,3.88,1.62,1.75,2.88,2.88,3.5,2.75,1.0,2.38,1.38,2.88,1.75,1.12,4.0,1.0,3.12,3.0,3.88,4.12,3.12,3.12,1.62,3.0,1.0,4.0
19-3051,Urban and Regional Planners,base_00,3.25,4.12,3.75,3.25,4.0,1.0,1.0,1.0,3.0,4.12,3.0,2.5,2.25,3.0,3.0,3.0,3.38,1.38,3.12,1.75,3.12,1.75,1.62,4.0,1.0,2.62,3.25,3.62,4.12,4.0,3.75,1.62,3.25,1.0,3.88
19-3091,Anthropologists and Archeologists,base_00,3.88,4.12,3.75,3.12,4.12,1.0,1.12,1.0,3.25,3.25,3.38,1.88,2.0,3.0,2.75,3.5,2.62,1.5,1.5,1.75,2.88,1.5,1.62,4.12,1.0,3.0,2.75,3.12,4.25,3.0,2.88,1.5,3.0,1.0,4.25
19-3092,Geographers,base_00,3.62,3.75,3.5,3.0,4.0,1.12,1.0,1.0,3.12,3.62,3.12,1.62,1.75,2.5,3.0,3.0,2.75,1.12,2.5,1.62,2.62,1.88,1.38,4.12,1.0,3.38,3.0,3.0,4.0,3.38,3.12,1.75,3.0,1.0,4.12
19-3093,Historians,base_00,4.0,4.0,3.38,3.0,4.12,1.0,1.0,1.0,3.12,3.12,3.25,1.62,1.75,2.5,2.0,3.0,2.5,1.0,2.0,1.38,2.75,1.38,1.62,4.75,1.0,2.62,2.38,3.12,4.0,2.25,2.25,1.5,2.88,1.0,4.12
19-3094,Political Scientists,base_00,4.12,4.12,3.62,3.0,4.0,1.0,1.0,1.0,3.5,3.62,3.5,1.62,1.62,2.12,3.0,2.88,2.75,1.0,2.5,1.38,2.88,1.5,1.38,4.25,1.0,2.62,3.0,3.75,4.12,3.0,3.12,1.5,2.88,1.0,4.0
19-3099,Transportation Planners,first_detail,3.75,4.0,4.0,3.62,4.0,1.0,1.12,1.0,2.88,3.88,3.0,2.12,2.38,2.75,3.38,3.12,3.0,1.62,3.25,1.88,3.0,2.25,1.5,4.0,1.0,2.38,3.0,3.0,4.0,3.5,3.75,1.62,3.25,1.0,4.0
19-4012,Agricultural Technicians,base_00,3.25,3.5,3.13,3.0,3.5,2.25,2.06,1.44,2.875,3.185,2.94,1.815,1.94,2.5,3.065,3.185,2.56,2.815,2.065,2.94,2.625,1.88,2.31,3.63,2.25,2.815,2.685,2.815,3.375,2.87,2.81,1.56,3.0,2.37,3.31
19-4013,Food Science Technicians,base_00,3.0,3.5,3.12,3.12,3.25,2.0,1.62,1.0,3.0,3.0,2.88,1.5,2.0,2.62,2.75,3.12,2.0,2.12,1.38,2.75,2.0,1.38,3.12,3.75,1.75,3.25,2.25,2.88,3.5,2.25,2.38,1.38,3.0,2.12,3.5
19-4021,Biological Technicians,base_00,3.5,3.75,3.25,2.75,3.88,2.12,1.88,1.0,2.38,3.12,2.88,1.88,2.25,2.12,3.0,3.25,1.88,2.62,1.88,3.0,2.0,1.88,2.88,4.0,1.75,3.75,2.25,2.75,3.25,3.0,2.75,1.88,2.88,2.62,3.38
19-4031,Chemical Technicians,base_00,3.38,3.88,3.12,3.0,4.0,2.88,2.75,1.0,3.0,3.12,3.12,1.75,2.25,2.5,3.0,3.88,2.62,3.0,2.5,3.25,2.62,1.5,3.12,4.0,2.75,4.12,2.75,2.88,3.38,3.0,3.12,2.0,3.12,2.88,3.88
19-4042,"Environmental Science and Protection Technicians, Including Health",base_00,3.12,3.88,3.25,3.0,3.75,1.88,1.75,1.0,2.88,3.25,3.0,1.88,2.0,2.38,3.12,3.38,2.75,2.88,2.62,3.0,2.88,1.88,2.75,4.0,1.75,3.38,3.0,3.0,3.88,3.12,3.0,1.5,3.0,2.0,3.88
19-4043,"Geological Technicians, Except Hydrologic Technicians",base_00,2.75,3.12,3.12,3.0,3.5,1.88,2.25,1.0,2.62,3.12,2.62,1.75,2.12,2.5,2.75,3.25,2.38,2.75,1.5,3.0,2.62,1.62,2.25,3.75,2.0,2.62,2.5,2.88,3.0,2.62,2.5,2.0,3.25,2.12,3.25
19-4051,Nuclear Technicians,base_00,3.19,3.75,3.185,3.06,3.75,2.5,2.06,1.19,3.125,3.315,3.0,1.875,1.94,2.565,2.935,3.815,2.685,3.0,1.435,3.815,2.88,1.81,3.31,3.685,2.25,2.935,2.815,3.0,3.375,2.875,2.75,1.75,3.0,3.0,3.185
19-4061,Social Science Research Assistants,base_00,3.12,3.75,3.38,2.88,3.75,1.0,1.38,1.0,2.62,3.12,3.0,1.75,2.0,2.38,3.12,2.88,2.38,1.62,2.0,2.12,2.5,2.62,2.5,4.0,1.0,3.25,2.38,2.88,3.38,3.0,2.88,1.75,2.88,1.75,3.75
19-4071,Forest and Conservation Technicians,base_00,3.0,3.75,3.0,3.12,3.75,2.0,2.12,1.25,3.12,3.25,3.0,2.0,2.0,2.88,2.75,3.12,2.25,2.75,1.88,2.88,2.88,2.0,2.62,3.38,2.0,2.75,3.0,3.12,3.25,3.0,2.75,2.0,3.25,2.0,3.0
19-4092,Forensic Science Technicians,base_00,3.38,4.0,3.62,3.12,4.0,1.62,2.0,1.0,2.75,3.25,3.0,1.38,1.5,2.62,2.75,3.25,2.38,2.62,1.62,2.75,2.75,1.5,2.5,4.0,1.5,3.25,3.0,3.25,4.0,3.0,3.0,1.38,3.0,2.0,4.0
19-4099,Quality Control Analysts,first_detail,3.06,3.38,3.315,2.935,3.5,2.12,2.0,1.31,2.62,3.19,2.75,1.69,1.935,2.25,3.25,3.565,2.44,2.565,2.0,3.0,2.375,2.25,3.44,3.625,1.88,2.685,2.625,2.94,3.31,3.19,2.875,1.75,2.94,2.69,3.25
19-5011,Occupational Health and Safety Specialists,base_00,3.38,4.0,3.75,3.0,3.75,1.38,2.0,1.0,3.25,3.75,3.0,2.0,2.0,2.5,3.0,3.62,2.88,2.0,3.0,3.0,3.12,1.88,3.12,4.0,1.38,2.75,3.0,3.75,4.0,3.75,3.75,1.88,3.0,2.0,4.0
19-5012,Occupational Health and Safety Technicians,base_00,3.12,4.0,3.25,3.0,3.88,1.0,1.0,1.0,3.0,3.25,3.0,2.0,2.0,2.62,2.75,3.25,3.12,2.62,2.12,2.88,3.12,1.88,2.88,3.88,1.12,2.75,3.0,3.12,3.88,3.12,3.0,1.88,3.0,2.0,3.75
21-1011,Substance Abuse and Behavioral Disorder Counselors,base_00,3.75,4.25,3.5,3.5,4.12,1.0,1.0,1.0,3.38,3.88,3.25,2.0,2.0,3.0,2.0,4.0,3.25,1.62,2.0,2.0,3.88,1.75,2.0,4.0,1.0,2.0,3.88,4.12,4.25,3.25,3.25,1.75,3.0,1.5,4.0
21-1012,"Educational, Guidance, and Career Counselors and Advisors",base_00,3.75,4.38,3.75,3.62,3.88,1.0,1.0,1.0,3.62,3.62,3.75,1.5,1.5,2.88,2.25,3.75,3.38,1.0,1.38,1.5,3.62,1.5,1.5,3.88,1.0,1.5,4.0,4.12,4.12,3.0,3.0,1.38,3.12,1.25,3.88
21-1013,Marriage and Family Therapists,base_00,3.75,4.88,4.0,3.5,3.88,1.0,1.0,1.0,3.5,4.0,3.12,1.38,1.25,3.0,1.88,3.62,3.62,1.12,2.75,1.5,3.62,1.25,1.25,4.0,1.0,2.5,4.0,4.38,4.25,3.12,3.25,1.5,3.12,1.0,4.0
21-1014,Mental Health Counselors,base_00,3.75,5.0,3.75,3.0,4.0,1.0,1.0,1.0,3.0,4.0,3.12,1.62,1.5,2.75,2.0,3.75,3.0,1.0,2.5,1.62,3.62,1.62,1.5,4.12,1.0,2.75,3.88,5.0,4.25,3.0,3.0,1.5,3.0,1.0,4.12
21-1015,Rehabilitation Counselors,base_00,3.12,4.0,3.12,3.62,3.62,1.0,1.0,1.0,3.12,3.38,3.12,1.5,1.38,2.75,2.0,3.88,3.0,1.12,2.88,1.62,3.12,1.5,1.25,3.75,1.0,2.25,4.0,4.0,4.0,3.12,3.12,1.5,3.25,1.0,3.62
21-1021,"Child, Family, and School Social Workers",base_00,3.38,4.88,3.88,3.75,4.12,1.0,1.0,1.0,3.12,4.0,3.12,1.38,1.38,2.88,2.0,3.88,3.75,2.0,2.62,2.12,3.75,1.38,1.75,4.0,1.0,2.25,4.0,4.12,4.5,3.12,2.88,1.5,3.75,1.5,3.75
21-1022,Healthcare Social Workers,base_00,3.75,4.0,3.88,4.0,4.0,1.0,1.0,1.0,3.0,3.62,3.12,1.62,1.75,3.12,2.0,3.25,3.12,1.62,2.88,1.62,3.25,1.62,1.62,4.0,1.0,2.62,4.12,4.25,4.12,2.75,3.12,1.62,3.12,1.0,3.88
21-1023,Mental Health and Substance Abuse Social Workers,base_00,3.25,4.12,3.88,3.88,4.0,1.0,1.0,1.0,3.25,3.5,3.75,1.88,1.88,3.0,2.0,4.0,3.38,1.38,2.5,2.0,3.75,1.88,1.88,4.0,1.0,2.62,3.88,4.25,4.12,3.25,2.88,1.75,3.25,1.0,3.75
21-1091,Health Education Specialists,base_00,3.88,4.12,3.12,3.62,3.75,1.0,1.0,1.0,3.38,3.25,4.0,2.25,2.12,3.0,2.12,3.25,3.0,1.5,3.0,1.88,3.12,1.38,1.38,3.75,1.0,2.5,3.25,3.88,4.12,3.12,3.0,1.75,3.38,1.0,4.12
21-1092,Probation Officers and Correctional Treatment Specialists,base_00,3.38,4.0,3.75,3.12,3.88,1.0,1.0,1.0,3.0,3.62,2.25,1.62,1.62,2.25,1.88,3.75,3.12,2.12,1.75,2.25,3.12,1.62,2.0,3.88,1.0,1.75,3.0,4.0,4.0,2.88,2.75,1.5,3.38,1.62,3.75
21-1093,Social and Human Service Assistants,base_00,3.25,4.0,3.25,3.75,3.62,1.0,1.0,1.0,2.88,3.25,2.88,2.0,2.0,2.25,2.0,3.62,3.0,2.0,2.0,2.0,3.38,1.62,1.88,3.75,1.0,1.75,3.88,4.0,4.0,2.75,2.88,1.75,3.0,1.12,3.62
21-1094,Community Health Workers,base_00,3.62,4.12,3.5,3.62,3.75,1.0,1.0,1.0,3.5,3.38,3.38,1.88,1.88,3.25,2.25,3.38,3.0,1.88,1.38,2.12,3.5,1.5,1.88,3.88,1.0,1.25,3.88,4.12,4.12,3.38,3.12,1.5,3.38,1.62,4.0
21-2011,Clergy,base_00,3.75,4.25,3.75,3.75,3.75,1.0,1.0,1.0,4.0,3.88,3.62,2.75,2.75,3.38,1.88,3.5,3.75,1.38,1.75,1.75,3.88,1.5,1.0,3.88,1.0,1.38,4.0,4.12,4.75,2.88,3.0,1.5,3.88,1.0,3.88
21-2021,"Directors, Religious Activities and Education",base_00,3.88,4.0,3.5,3.75,3.88,1.0,1.0,1.0,3.88,3.62,3.75,2.75,2.75,3.0,2.12,3.12,3.0,1.12,2.88,2.0,3.12,1.75,2.0,3.88,1.0,1.38,3.88,4.0,4.12,3.12,2.88,1.88,3.12,1.5,3.25
23-1011,Lawyers,base_00,3.75,4.5,4.12,3.5,4.5,1.0,1.0,1.0,3.12,4.12,3.12,2.0,2.0,2.88,2.0,3.38,4.0,1.0,2.38,1.38,4.0,1.5,1.0,4.5,1.0,1.5,3.12,3.75,4.62,3.38,3.0,1.5,3.62,1.0,4.25
23-1012,Judicial Law Clerks,base_00,3.75,4.25,3.5,3.0,4.25,1.0,1.0,1.0,2.62,3.25,3.0,1.0,1.25,1.75,1.88,3.0,2.75,1.0,1.25,1.25,2.75,1.5,1.75,4.5,1.0,1.0,2.62,3.0,4.0,2.38,2.38,1.62,3.25,1.0,4.12
23-1021,"Administrative Law Judges, Adjudicators, and Hearing Officers",base_00,3.75,4.25,3.88,3.0,4.25,1.0,1.0,1.0,2.75,4.12,3.0,1.75,1.62,2.62,2.12,3.62,3.25,1.0,1.88,1.5,3.0,1.5,1.12,4.25,1.0,1.62,3.0,3.88,4.0,2.75,2.75,1.75,3.25,1.0,4.12
23-1022,"Arbitrators, Mediators, and Conciliators",base_00,3.88,4.38,3.75,3.12,4.0,1.0,1.0,1.0,2.88,3.62,2.88,1.38,1.25,2.0,2.12,2.88,4.62,1.12,1.5,1.38,3.75,1.62,1.0,4.12,1.0,1.25,3.0,3.75,4.12,2.62,2.5,1.25,2.88,1.0,4.25
23-1023,"Judges, Magistrate Judges, and Magistrates",base_00,4.0,5.0,4.12,3.0,4.88,1.0,1.0,1.0,3.0,4.25,2.75,1.62,1.62,2.88,2.12,3.88,3.25,1.0,2.38,1.25,3.0,1.25,1.0,4.25,1.0,1.75,3.0,4.0,4.12,3.0,2.88,1.75,3.38,1.0,4.12
23-2011,Paralegals and Legal Assistants,base_00,3.0,3.88,3.0,2.88,3.25,1.0,1.0,1.0,2.25,3.0,2.25,1.0,1.0,2.0,2.0,3.0,2.75,1.0,1.5,1.75,2.75,1.75,1.0,3.88,1.0,1.38,3.0,3.0,3.62,2.12,2.0,1.62,3.0,1.0,4.0
23-2093,"Title Examiners, Abstractors, and Searchers",base_00,3.0,3.75,3.12,3.0,3.62,1.0,1.0,1.0,2.12,2.75,2.38,1.62,1.62,2.38,2.25,3.0,2.12,1.0,1.62,1.62,2.5,1.25,1.25,4.12,1.0,1.25,2.88,2.88,3.62,2.25,2.12,1.0,3.12,1.0,3.38
25-1011,"Business Teachers, Postsecondary",base_00,3.88,4.0,3.5,3.0,3.88,1.0,1.0,1.0,4.12,3.38,4.0,1.62,1.62,2.62,3.0,3.62,2.75,1.12,2.25,1.5,2.88,1.88,1.5,4.0,1.0,1.88,2.75,3.25,4.25,3.12,3.12,1.62,3.25,1.0,4.0
25-1021,"Computer Science Teachers, Postsecondary",base_00,3.88,3.88,3.75,3.0,3.88,1.38,1.5,1.0,4.12,3.88,3.88,2.0,2.0,2.75,3.12,3.75,3.0,1.62,2.25,2.12,3.0,3.0,2.0,4.0,1.0,2.75,3.12,3.62,4.0,3.38,3.25,2.0,3.12,1.38,4.0
25-1022,"Mathematical Science Teachers, Postsecondary",base_00,3.75,4.0,3.62,3.0,3.88,1.0,1.0,1.0,4.0,3.25,3.88,1.62,1.62,2.0,4.25,3.88,2.5,1.0,2.12,1.25,2.62,1.75,1.5,4.0,1.0,2.38,3.0,3.0,4.12,2.88,3.12,1.62,3.12,1.0,3.88
25-1031,"Architecture Teachers, Postsecondary",base_00,3.88,4.0,3.62,3.25,3.88,1.0,1.12,1.0,4.12,3.88,4.12,1.75,2.0,2.75,2.88,3.75,3.0,1.25,3.12,1.88,3.0,1.88,2.0,4.12,1.0,2.38,3.12,3.62,4.12,3.25,3.25,1.75,3.25,1.25,4.0
25-1032,"Engineering Teachers, Postsecondary",base_00,3.62,4.0,3.25,3.12,3.88,1.0,1.12,1.0,4.12,3.75,4.12,1.75,1.75,2.75,3.88,3.38,2.88,1.5,2.75,1.88,2.88,2.0,2.0,4.0,1.0,3.5,2.75,3.0,4.12,3.12,3.12,1.88,3.12,1.38,3.88
25-1041,"Agricultural Sciences Teachers, Postsecondary",base_00,4.0,4.0,3.62,3.5,4.0,1.0,1.0,1.0,4.38,3.75,4.12,1.75,1.88,2.75,3.0,3.88,2.5,1.88,1.75,2.0,2.75,1.75,2.0,4.12,1.0,3.5,2.88,3.12,4.12,2.88,3.12,1.75,3.38,1.75,4.0
25-1042,"Biological Science Teachers, Postsecondary",base_00,4.0,4.0,3.62,3.0,3.88,1.38,1.25,1.0,4.12,3.75,4.12,1.75,1.88,2.5,3.12,3.88,2.88,1.12,2.38,1.75,2.88,1.5,1.88,4.0,1.62,4.0,3.12,3.25,4.25,3.12,3.12,1.38,3.62,1.5,4.0
25-1043,"Forestry and Conservation Science Teachers, Postsecondary",base_00,4.0,4.0,3.88,3.12,3.88,1.0,1.0,1.0,4.25,3.25,4.12,2.0,2.0,2.88,3.0,3.88,3.0,2.0,2.38,2.12,3.0,1.88,2.0,4.12,1.0,3.25,3.0,3.25,4.0,3.0,3.12,1.88,3.25,1.62,4.12
25-1051,"Atmospheric, Earth, Marine, and Space Sciences Teachers, Postsecondary",base_00,3.88,4.0,3.75,3.0,4.0,1.0,1.0,1.0,4.0,3.5,3.88,1.75,2.12,2.88,3.38,3.62,2.88,1.0,2.38,1.75,2.88,1.88,1.62,4.0,1.0,4.0,3.0,3.12,4.75,3.12,3.0,1.75,3.0,1.12,4.0
25-1052,"Chemistry Teachers, Postsecondary",base_00,4.0,4.0,3.88,3.0,4.0,1.12,1.62,1.0,3.88,3.62,4.0,2.12,2.0,2.75,3.25,4.0,2.38,1.12,2.62,2.0,3.0,1.88,2.38,4.12,1.0,4.0,3.0,3.25,4.12,3.12,2.88,1.88,3.0,2.0,4.12
25-1053,"Environmental Science Teachers, Postsecondary",base_00,3.88,4.0,3.75,3.0,4.0,1.0,1.0,1.0,4.0,3.25,4.0,1.75,2.0,2.75,3.0,3.88,2.75,1.0,2.5,1.75,2.88,1.38,1.88,4.12,1.0,4.0,3.0,3.0,4.12,3.12,3.12,1.38,3.0,1.38,4.0
25-1054,"Physics Teachers, Postsecondary",base_00,4.0,4.0,3.62,3.12,4.0,2.12,2.0,1.0,4.25,3.75,4.0,2.0,2.0,3.0,3.62,3.62,2.5,1.62,2.62,2.0,3.0,1.88,2.12,4.12,2.25,4.12,3.0,3.12,4.12,2.88,2.88,1.62,3.25,2.12,4.0
25-1061,"Anthropology and Archeology Teachers, Postsecondary",base_00,4.25,4.38,3.62,3.25,4.0,1.0,1.0,1.0,4.5,3.75,4.38,1.62,1.88,2.88,2.62,3.88,2.88,1.0,2.12,1.25,3.0,1.5,1.25,4.75,1.0,3.75,3.0,3.5,4.88,3.12,3.12,1.62,3.75,1.0,4.62
25-1062,"Area, Ethnic, and Cultural Studies Teachers, Postsecondary",base_00,4.0,4.0,3.88,3.0,3.88,1.0,1.0,1.0,4.12,3.25,4.0,2.12,2.0,2.88,2.0,3.12,2.62,1.0,2.75,1.38,3.12,1.75,1.5,4.25,1.0,2.5,3.12,3.38,4.12,3.12,3.12,1.88,3.25,1.0,4.0
25-1063,"Economics Teachers, Postsecondary",base_00,3.75,4.0,3.25,2.88,3.88,1.0,1.0,1.0,4.0,3.38,3.88,1.75,1.75,2.75,3.25,3.0,2.38,1.0,2.62,1.75,2.62,1.88,1.25,4.0,1.0,2.38,2.75,3.0,4.12,3.0,3.12,1.75,2.88,1.0,4.0
25-1064,"Geography Teachers, Postsecondary",base_00,3.88,4.0,3.88,3.0,3.88,1.0,1.0,1.0,4.12,3.25,3.88,2.0,2.0,2.88,2.75,3.12,2.88,1.0,2.5,1.38,3.0,2.0,1.25,4.0,1.0,3.12,2.88,3.12,4.12,3.0,2.88,1.88,3.25,1.0,4.12
25-1065,"Political Science Teachers, Postsecondary",base_00,4.0,4.0,3.75,3.12,3.88,1.0,1.0,1.0,4.0,3.25,3.88,1.88,1.88,2.75,2.0,3.0,2.88,1.0,2.75,1.25,3.12,1.25,1.38,4.12,1.0,2.38,3.0,3.12,4.62,2.88,2.75,1.25,3.0,1.0,4.0
25-1066,"Psychology Teachers, Postsecondary",base_00,3.88,4.0,3.75,3.12,3.88,1.0,1.0,1.0,4.12,3.75,4.25,1.75,1.88,2.88,3.0,3.5,2.5,1.0,2.5,1.38,2.62,1.88,1.5,4.12,1.0,3.38,3.0,3.75,4.12,3.12,3.12,1.62,3.0,1.0,4.0
25-1067,"Sociology Teachers, Postsecondary",base_00,3.62,4.0,3.12,2.88,3.75,1.0,1.0,1.0,4.0,3.25,4.0,1.62,1.75,2.88,2.12,3.75,2.62,1.0,2.62,1.38,2.75,1.5,1.5,4.0,1.0,2.75,3.0,3.62,4.62,2.88,2.88,1.38,3.38,1.0,4.0
25-1071,"Health Specialties Teachers, Postsecondary",base_00,4.0,4.0,3.75,3.12,4.0,1.62,1.62,1.0,4.12,3.88,4.0,1.88,1.88,2.88,3.0,3.62,3.0,1.62,2.38,1.88,3.0,1.38,2.0,4.12,1.62,3.25,3.0,3.25,4.12,2.88,2.88,1.38,3.75,1.62,4.0
25-1072,"Nursing Instructors and Teachers, Postsecondary",base_00,3.88,4.0,3.62,3.75,3.88,1.0,1.25,1.0,4.25,3.88,4.12,2.0,2.0,3.0,2.88,3.88,3.0,1.5,2.38,2.0,3.12,1.88,2.12,4.0,1.0,2.88,3.25,3.75,4.12,3.12,3.12,1.88,3.25,2.0,4.0
25-1081,"Education Teachers, Postsecondary",base_00,4.0,4.12,3.75,3.0,3.75,1.0,1.0,1.0,4.12,3.12,4.12,1.88,2.12,2.75,2.12,3.88,2.88,1.0,2.62,1.25,2.88,1.5,1.25,4.25,1.0,2.0,3.0,3.25,4.62,3.12,3.12,1.62,3.5,1.0,4.0
25-1082,"Library Science Teachers, Postsecondary",base_00,4.0,4.0,3.62,3.12,4.0,1.0,1.0,1.0,4.25,3.25,4.0,1.75,1.75,2.88,2.25,4.0,2.62,1.0,2.0,1.5,2.75,1.75,1.62,4.12,1.0,2.12,3.0,3.25,4.12,3.12,3.12,1.75,3.0,1.0,4.0
25-1111,"Criminal Justice and Law Enforcement Teachers, Postsecondary",base_00,4.0,4.12,3.12,2.88,4.12,1.0,1.0,1.0,4.0,3.62,4.0,1.5,1.62,2.75,2.0,3.88,2.75,1.0,2.62,1.5,2.88,1.38,1.12,4.0,1.0,1.75,3.0,3.12,4.75,3.12,2.88,1.25,3.12,1.0,4.0
25-1112,"Law Teachers, Postsecondary",base_00,4.0,4.25,3.5,3.0,4.0,1.0,1.0,1.0,4.12,3.88,4.25,1.25,1.5,2.75,2.0,3.38,2.88,1.0,1.88,1.5,3.0,1.75,1.5,4.25,1.0,1.62,2.75,3.12,4.62,3.12,3.12,1.75,2.88,1.0,4.0
25-1113,"Social Work Teachers, Postsecondary",base_00,4.0,4.0,3.75,3.5,4.0,1.0,1.0,1.0,4.75,3.62,4.25,1.62,1.88,2.88,2.62,3.75,2.88,1.0,2.75,1.5,2.88,1.75,1.38,4.0,1.0,2.62,3.25,3.75,4.62,3.12,3.12,1.75,3.12,1.0,4.0
25-1121,"Art, Drama, and Music Teachers, Postsecondary",base_00,4.0,4.0,3.38,3.12,3.62,1.0,1.25,1.12,4.38,3.25,4.12,1.75,2.0,2.75,2.0,3.75,2.5,1.25,2.62,1.5,2.75,1.38,1.62,4.0,1.38,1.75,2.88,3.62,4.62,3.0,2.88,1.62,3.62,1.0,3.88
25-1122,"Communications Teachers, Postsecondary",base_00,4.0,4.12,3.62,3.0,3.88,1.0,1.0,1.0,4.12,3.5,4.0,2.0,2.12,2.88,2.12,3.75,3.0,1.0,2.12,1.75,3.0,1.62,1.38,4.12,1.0,2.0,3.0,3.25,4.12,3.0,3.0,1.62,3.12,1.0,4.0
25-1123,"English Language and Literature Teachers, Postsecondary",base_00,3.88,4.0,3.25,3.0,3.75,1.0,1.0,1.0,4.62,3.38,4.0,1.0,1.5,3.0,2.0,3.62,3.0,1.0,2.12,1.25,3.0,1.38,1.25,4.75,1.0,1.75,3.12,3.12,4.12,2.88,2.88,1.5,3.12,1.0,4.25
25-1124,"Foreign Language and Literature Teachers, Postsecondary",base_00,3.88,4.0,3.5,3.0,3.75,1.0,1.0,1.0,4.0,3.5,4.0,1.12,1.62,2.62,2.0,3.62,2.75,1.0,2.38,1.5,2.75,1.75,1.62,4.0,1.0,1.75,2.88,3.25,4.12,2.75,2.75,1.75,3.0,1.0,4.0
25-1125,"History Teachers, Postsecondary",base_00,3.88,4.0,3.38,3.12,3.88,1.0,1.0,1.0,4.0,3.62,4.12,1.75,1.75,2.75,2.0,3.62,3.0,1.0,2.5,1.38,3.0,1.25,1.25,4.25,1.0,1.88,3.12,3.25,4.5,3.0,2.88,1.12,3.75,1.0,4.12
25-1126,"Philosophy and Religion Teachers, Postsecondary",base_00,3.75,4.12,3.5,3.0,4.0,1.0,1.0,1.0,4.12,3.38,3.88,1.25,1.75,2.75,2.0,3.25,2.38,1.0,2.38,1.5,2.88,1.75,1.38,4.25,1.0,1.75,3.0,3.38,4.12,3.0,3.12,1.62,3.0,1.0,4.0
25-1192,"Family and Consumer Sciences Teachers, Postsecondary",base_00,3.62,4.0,3.12,3.0,3.75,1.0,1.0,1.0,4.0,3.12,4.0,1.62,2.0,2.62,2.62,3.5,2.38,1.0,2.38,1.62,2.75,1.75,1.88,4.0,1.0,2.25,2.88,3.12,4.12,3.12,3.12,1.75,3.0,1.38,3.62
25-1193,"Recreation and Fitness Studies Teachers, Postsecondary",base_00,3.38,4.0,3.62,3.12,3.88,1.0,1.0,1.0,4.12,3.75,4.0,2.12,2.0,2.88,2.12,3.75,3.0,1.0,2.62,1.88,3.12,1.25,2.0,4.0,1.0,2.38,3.0,3.12,4.12,3.12,3.0,1.88,3.75,1.75,4.0
25-1194,"Career/Technical Education Teachers, Postsecondary",base_00,3.88,4.0,3.25,3.12,3.75,1.88,2.25,1.12,4.0,3.25,4.0,2.0,2.0,2.88,2.25,3.62,3.0,2.25,2.5,2.38,3.0,1.5,2.25,3.88,1.75,1.88,3.0,3.25,3.88,2.75,2.75,1.88,3.0,2.25,3.62
25-2011,"Preschool Teachers, Except Special Education",base_00,3.12,3.88,3.0,3.75,3.75,1.0,1.38,1.0,4.0,3.12,3.88,1.5,2.0,2.88,2.0,3.75,2.88,1.0,1.75,1.75,3.0,1.0,2.0,3.75,1.0,1.62,3.62,3.75,4.0,2.5,2.75,1.5,3.0,1.75,3.0
25-2012,"Kindergarten Teachers, Except Special Education",base_00,3.25,4.0,3.38,3.88,3.25,1.0,1.0,1.0,4.12,3.5,4.0,1.12,1.75,3.0,2.25,4.0,3.12,1.0,1.62,1.88,3.25,1.25,1.88,3.88,1.0,1.38,3.62,4.12,4.0,2.88,3.0,1.62,3.75,1.5,3.25
25-2021,"Elementary School Teachers, Except Special Education",base_00,3.75,4.0,3.12,3.88,4.0,1.0,1.5,1.0,4.25,3.75,4.25,1.12,1.75,2.62,2.75,4.0,3.0,1.12,2.12,1.88,3.12,1.75,1.75,3.88,1.0,2.0,3.88,4.0,4.12,3.0,3.0,1.88,3.75,1.0,3.88
25-2022,"Middle School Teachers, Except Special and Career/Technical Education",base_00,3.88,4.0,3.62,3.75,3.75,1.0,1.0,1.0,4.25,3.62,4.25,1.88,2.0,2.88,2.88,3.88,3.0,1.0,1.25,1.88,3.12,1.25,1.75,3.88,1.0,2.0,3.25,3.88,4.12,3.0,3.0,1.75,3.75,1.0,3.88
25-2023,"Career/Technical Education Teachers, Middle School",base_00,3.5,4.0,3.25,3.38,3.88,1.25,1.62,1.0,4.0,3.38,4.0,1.75,2.25,2.62,2.5,3.88,2.75,1.88,2.62,2.0,2.88,1.75,2.0,4.0,1.38,1.88,3.25,3.88,4.12,3.0,3.0,1.75,3.0,1.88,3.62
25-2031,"Secondary School Teachers, Except Special and Career/Technical Education",base_00,3.75,4.0,3.38,3.75,3.88,1.0,1.0,1.0,4.12,3.75,4.0,1.75,2.12,2.75,2.75,3.88,3.0,1.0,1.88,1.62,3.0,1.62,2.0,4.0,1.0,2.0,3.0,3.88,4.0,3.0,3.0,1.62,3.25,1.12,3.62
25-2032,"Career/Technical Education Teachers, Secondary School",base_00,3.88,4.12,3.75,3.88,4.0,2.0,1.88,1.0,4.5,3.75,4.12,1.88,2.12,2.75,3.0,4.0,3.12,2.0,1.75,2.38,3.12,1.62,2.25,4.12,1.88,1.75,3.75,4.0,4.12,2.88,3.0,1.88,3.62,2.12,4.0
25-2051,"Special Education Teachers, Preschool",base_00,3.62,4.0,3.25,3.25,3.88,1.0,1.12,1.0,3.62,3.38,3.75,1.25,1.62,2.62,2.25,3.75,2.88,1.0,1.75,1.75,3.0,1.75,1.88,3.88,1.0,2.0,3.62,3.88,4.12,3.12,3.12,1.5,3.12,1.38,3.75
25-2056,"Special Education Teachers, Elementary School",base_00,3.5,4.25,3.5,3.38,4.0,1.0,1.25,1.0,4.25,3.62,4.12,1.62,2.12,2.75,2.62,3.62,2.75,1.5,1.75,1.75,3.12,1.62,2.38,4.12,1.0,1.88,3.62,4.12,4.25,2.75,2.88,2.0,3.12,1.62,3.75
25-2057,"Special Education Teachers, Middle School",base_00,4.0,4.0,3.62,3.88,3.75,1.0,1.0,1.0,4.0,3.62,4.0,1.12,1.12,2.88,2.62,3.88,3.0,1.12,1.38,1.38,3.12,1.38,1.25,3.88,1.0,1.88,3.88,4.0,4.0,2.88,2.88,1.62,3.75,1.0,3.88
25-2058,"Special Education Teachers, Secondary School",base_00,3.38,3.88,3.75,3.88,3.75,1.0,1.0,1.0,4.12,3.62,4.12,1.75,1.88,2.88,2.62,3.88,3.0,1.0,1.88,1.88,3.0,1.5,1.62,4.0,1.0,1.88,3.88,3.88,4.0,3.0,3.0,1.75,3.75,1.0,3.88
25-2059,Adapted Physical Education Specialists,first_detail,4.0,4.0,3.25,3.5,3.88,1.0,1.12,1.0,4.12,3.88,3.88,1.5,1.75,3.0,2.0,3.88,2.88,1.5,2.0,2.12,3.12,1.25,2.0,3.88,1.0,1.5,3.88,4.0,4.0,3.0,3.12,1.88,3.12,1.88,3.88
25-3011,"Adult Basic Education, Adult Secondary Education, and English as a Second Language Instructors",base_00,3.5,3.75,3.12,3.0,3.5,1.0,1.0,1.0,4.25,3.38,3.75,1.12,1.12,2.62,2.62,3.62,3.0,1.0,1.38,1.88,2.88,1.38,1.12,3.75,1.0,1.75,3.38,3.5,3.75,2.88,2.75,1.88,3.25,1.0,3.62
25-3021,Self-Enrichment Teachers,base_00,3.12,3.38,2.88,3.0,3.12,1.0,1.0,1.0,3.38,3.0,3.38,1.25,1.5,2.5,2.0,3.12,2.12,1.62,1.88,1.88,2.62,1.75,2.0,3.12,1.0,1.38,3.0,3.12,3.62,2.25,2.25,1.75,2.88,1.62,3.0
25-3031,"Substitute Teachers, Short-Term",base_00,3.0,3.62,2.88,2.88,3.38,1.0,1.12,1.0,3.38,2.75,3.12,1.0,1.25,2.5,2.0,3.38,2.62,1.12,1.62,1.5,2.88,1.25,1.25,3.62,1.0,1.38,3.0,3.5,3.62,2.25,2.0,1.5,3.12,1.0,3.12
25-3041,Tutors,base_00,3.62,4.0,3.62,3.0,3.75,1.0,1.0,1.0,4.12,3.25,4.0,1.0,1.25,2.75,2.88,3.5,3.0,1.0,1.75,1.38,3.0,1.38,1.12,4.12,1.0,1.62,3.38,3.75,4.0,2.5,2.25,1.38,3.12,1.0,3.62
25-4011,Archivists,base_00,3.38,3.88,3.25,2.88,3.38,1.0,1.0,1.0,2.88,3.12,2.88,1.88,2.0,2.5,2.0,3.0,2.5,1.0,2.12,1.75,2.62,1.5,2.12,4.12,1.0,1.88,3.12,2.75,3.5,2.88,2.88,1.62,2.88,1.62,3.88
25-4012,Curators,base_00,3.5,3.88,3.62,3.12,3.75,1.0,1.12,1.12,3.0,3.5,3.25,2.88,3.0,3.0,2.88,3.38,3.0,1.38,2.38,1.75,3.0,1.75,2.38,4.0,1.0,2.0,2.88,3.25,4.0,3.38,3.25,1.75,3.12,1.5,3.88
25-4013,Museum Technicians and Conservators,base_00,3.0,3.88,3.12,3.0,3.25,1.38,1.62,1.38,3.0,3.12,2.88,1.75,2.12,2.25,2.25,3.12,2.5,1.75,1.38,2.5,2.5,1.5,2.38,3.62,1.75,2.38,2.75,2.88,3.62,2.75,2.75,1.88,2.75,1.75,3.25
25-4022,Librarians and Media Collections Specialists,base_00,3.25,3.88,3.0,2.88,3.62,1.12,1.12,1.12,3.12,3.12,2.88,2.25,2.75,2.62,2.0,3.38,2.5,1.12,1.88,1.75,2.62,2.0,1.38,3.88,1.0,1.12,3.38,3.25,3.88,2.25,2.38,1.62,3.12,1.25,3.62
25-4031,Library Technicians,base_00,2.88,3.25,2.5,3.0,3.0,1.62,1.12,1.0,2.62,2.88,3.0,1.88,2.0,2.75,2.0,2.88,1.75,1.75,1.62,1.88,2.12,1.62,1.5,3.38,1.12,1.25,3.12,3.0,3.25,2.0,2.0,1.38,2.75,1.62,2.88
25-9021,Farm and Home Management Educators,base_00,3.75,4.38,3.75,3.75,3.75,1.0,1.25,1.0,3.88,3.88,3.75,2.62,2.5,2.88,3.0,3.38,3.12,2.25,2.5,2.25,3.5,1.62,1.88,4.0,1.0,2.75,3.62,3.88,4.12,3.62,3.62,1.88,3.38,1.38,3.88
25-9031,Instructional Coordinators,base_00,3.88,4.0,3.88,3.88,3.88,1.0,1.12,1.0,4.12,3.75,4.25,2.25,2.5,3.12,2.75,4.0,3.12,1.0,2.0,1.62,3.25,1.62,1.88,4.0,1.0,1.5,3.62,3.88,4.12,3.25,3.25,1.75,3.62,1.5,4.12
25-9042,"Teaching Assistants, Preschool, Elementary, Middle, and Secondary School, Except Special Education",base_00,3.12,3.75,3.12,3.5,3.38,1.0,1.0,1.0,3.38,2.75,3.38,1.75,2.38,2.38,2.5,3.38,2.88,1.12,1.25,2.0,3.0,1.5,1.62,3.62,1.0,1.38,3.5,3.75,3.62,2.12,2.25,1.62,3.25,1.75,3.38
25-9043,"Teaching Assistants, Special Education",base_00,3.0,3.88,3.0,3.12,3.38,1.12,1.38,1.0,3.5,2.88,3.62,1.12,1.38,2.38,1.88,3.62,2.88,1.38,1.38,1.62,3.12,1.62,1.38,3.62,1.0,1.38,3.62,3.75,3.75,2.25,2.25,1.5,2.75,1.0,3.12
25-9044,"Teaching Assistants, Postsecondary",base_00,3.0,3.62,3.12,3.12,3.12,1.0,1.0,1.0,3.5,3.0,3.38,1.38,1.75,2.25,2.25,3.12,2.38,1.0,2.0,2.0,2.38,1.75,2.12,3.88,1.0,2.0,3.12,3.12,3.5,2.25,2.25,1.88,3.0,1.75,3.25
27-1011,Art Directors,base_00,3.25,4.0,3.62,3.62,3.75,1.12,1.12,1.0,3.12,3.75,3.0,2.5,2.38,3.0,2.25,3.25,3.0,1.0,3.38,1.75,3.38,1.5,2.12,3.75,1.12,1.25,3.0,3.25,4.0,3.0,3.0,1.5,3.62,1.12,3.38
27-1012,Craft Artists,base_00,2.75,3.0,2.75,2.5,3.12,1.88,2.0,1.0,1.62,2.88,2.0,2.12,2.38,2.0,2.12,3.0,2.0,2.0,2.62,2.0,2.75,1.38,2.5,3.0,1.88,1.0,2.75,2.88,3.0,2.0,2.0,1.5,2.5,1.88,2.75
27-1013,"Fine Artists, Including Painters, Sculptors, and Illustrators",base_00,3.25,3.12,2.88,2.5,3.25,1.0,2.0,1.0,1.75,3.0,2.38,2.0,1.88,1.75,2.12,2.75,2.0,2.12,2.62,2.38,2.38,1.62,2.38,3.0,1.0,1.0,2.5,2.88,3.0,2.25,2.12,1.62,2.88,1.88,2.88
27-1014,Special Effects Artists and Animators,base_00,3.12,3.88,3.0,2.88,3.75,1.0,1.88,1.0,2.75,3.12,2.88,1.88,1.88,2.38,2.12,3.0,2.62,2.25,2.12,2.0,2.88,2.12,1.75,3.75,1.0,1.12,2.75,2.88,3.25,2.88,2.75,1.88,3.0,1.12,3.12
27-1021,Commercial and Industrial Designers,base_00,3.0,4.0,3.75,3.12,3.75,1.0,1.88,1.0,2.75,3.25,2.75,2.0,2.0,2.75,2.75,3.12,2.88,2.0,3.25,2.38,3.12,1.88,2.75,3.88,1.0,2.62,2.88,3.12,3.5,3.0,3.0,3.12,3.25,1.75,3.12
27-1022,Fashion Designers,base_00,3.75,3.88,3.62,3.75,3.88,1.0,1.5,1.0,3.5,3.75,3.12,2.62,2.75,3.5,2.12,3.5,3.62,1.0,3.25,2.12,3.62,1.38,2.38,3.62,1.0,1.12,3.5,3.75,3.88,3.0,2.88,1.75,3.75,1.75,3.38
27-1023,Floral Designers,base_00,3.0,4.0,2.75,2.88,3.25,1.0,1.62,1.0,2.25,3.12,2.25,2.0,2.75,2.12,2.25,3.0,2.38,1.38,3.0,1.25,2.88,1.38,2.0,2.88,1.0,1.25,3.38,3.38,3.88,2.0,2.0,1.5,3.25,1.0,2.5
27-1024,Graphic Designers,base_00,3.25,3.75,3.12,3.12,3.25,1.0,1.12,1.0,2.75,3.12,2.75,1.88,2.0,2.25,2.0,3.0,3.0,1.12,2.75,2.0,3.0,2.12,1.88,3.12,1.0,1.12,3.0,3.12,3.38,2.88,2.62,2.25,3.12,1.0,3.25
27-1025,Interior Designers,base_00,3.12,4.0,3.62,3.75,4.0,1.0,1.0,1.0,3.0,3.5,2.62,2.75,2.75,2.88,3.0,3.12,3.12,1.75,3.12,2.0,3.5,1.88,2.0,4.0,1.0,1.12,3.75,3.75,4.0,3.0,2.62,1.88,3.38,1.88,3.62
27-1026,Merchandise Displayers and Window Trimmers,base_00,2.88,3.5,2.88,3.0,3.25,1.0,1.38,1.12,2.25,3.12,2.38,1.62,2.0,2.25,2.0,2.75,2.38,1.75,2.38,1.75,2.88,1.5,2.12,3.0,1.0,1.25,2.88,3.0,3.25,2.38,2.25,1.75,3.0,1.62,2.88
27-1027,Set and Exhibit Designers,base_00,3.12,3.88,3.38,3.5,3.75,1.38,1.88,1.5,3.0,3.38,2.88,2.75,2.75,2.88,3.0,3.12,3.0,1.75,3.75,2.0,3.0,1.75,2.25,3.88,1.38,1.75,3.0,3.0,3.75,3.0,2.88,1.88,3.75,1.5,3.25
27-2011,Actors,base_00,2.62,3.75,2.88,2.88,3.0,1.0,1.0,1.0,2.75,2.88,2.75,1.0,1.0,2.38,1.0,3.0,2.5,1.0,1.75,1.25,2.5,1.0,1.0,3.88,1.0,1.5,2.12,3.75,3.88,2.0,2.0,1.25,3.0,1.0,2.88
27-2012,Producers and Directors,base_00,3.3775,4.0649999999999995,3.4699999999999998,3.7824999999999998,3.9699999999999998,1.25,1.5625,1.0,2.9699999999999998,3.7800000000000002,3.0300000000000002,2.375,2.5025,3.3449999999999998,2.1550000000000002,3.815,3.2824999999999998,2.0324999999999998,2.31,2.315,3.1875,1.655,2.3425000000000002,3.9050000000000002,1.22,1.28,2.875,3.7225,4.0625,3.1225,3.0,1.7825,3.5925000000000002,1.595,3.5324999999999998
27-2021,Athletes and Sports Competitors,base_00,3.0,3.75,3.0,3.62,3.75,1.88,1.0,1.0,3.0,3.25,2.88,1.62,1.75,2.88,2.12,3.25,2.88,1.75,2.0,2.38,3.0,1.0,2.0,3.12,1.0,1.75,2.88,3.12,3.88,2.12,2.38,1.88,3.0,1.88,2.75
27-2022,Coaches and Scouts,base_00,3.88,4.0,3.88,3.88,4.0,1.0,1.88,1.0,4.75,4.0,4.12,2.0,2.5,3.88,2.12,4.12,3.62,1.62,2.75,2.0,3.88,1.25,2.62,4.0,1.0,1.62,3.75,4.0,4.38,3.88,3.62,1.88,3.88,1.88,3.62
27-2023,"Umpires, Referees, and Other Sports Officials",base_00,3.0,3.25,3.0,3.0,3.38,1.12,1.12,1.0,2.88,3.25,3.0,1.0,1.0,2.12,2.5,3.12,2.75,1.12,1.75,1.75,2.75,1.0,2.0,3.0,1.0,1.38,2.75,3.0,3.62,2.0,2.38,1.5,2.88,1.38,2.75
27-2031,Dancers,base_00,2.75,3.25,2.5,3.0,3.0,1.0,1.0,1.0,2.5,2.62,2.5,1.0,1.0,2.38,1.38,2.88,2.0,1.0,1.5,1.38,2.5,1.0,1.0,2.75,1.0,1.0,2.75,2.88,2.88,2.0,1.75,1.12,2.88,1.0,2.5
27-2032,Choreographers,base_00,3.25,3.88,3.0,3.88,3.38,1.0,1.0,1.0,4.0,3.25,3.62,1.62,1.75,3.12,1.62,3.75,3.0,1.0,2.75,1.5,3.0,1.12,1.25,3.5,1.0,1.12,3.25,3.62,3.88,2.62,2.75,1.62,3.38,1.0,3.0
27-2041,Music Directors and Composers,base_00,3.38,3.88,3.12,3.38,3.5,1.0,1.38,1.0,2.88,3.5,2.75,2.25,2.12,3.12,2.12,3.25,3.0,1.38,2.25,1.25,3.25,1.88,1.62,3.5,1.0,1.25,2.75,3.12,3.62,2.88,3.0,1.62,3.12,1.25,3.38
27-2042,Musicians and Singers,base_00,2.75,3.25,2.38,3.0,3.0,1.12,1.38,1.12,2.5,2.62,2.62,1.25,1.38,2.12,1.88,3.25,2.62,1.38,1.88,2.12,2.75,1.25,1.62,3.12,1.12,1.12,2.88,3.12,3.38,2.75,2.5,1.75,2.88,1.38,2.75
27-3011,Broadcast Announcers and Radio Disc Jockeys,base_00,3.12,4.0,3.0,3.0,3.75,1.38,1.38,1.0,2.12,3.0,2.0,1.5,1.5,2.0,1.75,3.0,2.5,2.12,1.88,2.12,2.88,1.12,1.88,3.88,1.25,1.0,3.0,3.75,4.75,2.0,2.12,1.12,3.25,1.5,3.12
27-3023,"News Analysts, Reporters, and Journalists",base_00,3.25,3.88,3.25,3.38,3.38,1.0,1.0,1.0,2.5,3.25,2.38,1.75,1.62,2.5,2.0,3.0,2.75,1.75,1.5,1.75,3.12,1.5,1.75,4.0,1.0,1.0,3.0,3.5,4.12,2.5,2.25,1.75,3.5,1.0,4.0
27-3031,Public Relations Specialists,base_00,3.38,4.12,3.38,3.88,3.88,1.0,1.0,1.0,3.0,3.5,2.88,1.88,1.75,2.62,2.0,3.0,3.25,1.0,2.75,1.62,3.75,1.38,1.38,4.0,1.0,1.5,3.12,4.0,4.12,3.12,3.25,1.75,3.88,1.0,4.0
27-3041,Editors,base_00,3.12,3.88,3.12,3.0,3.88,1.0,1.0,1.0,3.0,3.12,2.88,1.5,1.38,3.0,2.12,3.0,3.0,1.25,2.0,1.88,3.0,1.62,3.25,4.88,1.0,1.0,2.62,3.12,3.75,3.12,2.5,1.62,3.38,1.0,4.25
27-3042,Technical Writers,base_00,3.25,3.75,2.75,3.0,3.62,1.0,1.0,1.0,2.5,3.12,2.5,1.38,1.62,2.12,1.62,3.0,2.62,1.0,2.5,1.5,2.88,1.38,2.25,4.12,1.0,1.25,2.12,2.75,3.75,2.38,1.88,1.38,3.12,1.12,4.88
27-3043,Writers and Authors,base_00,3.565,3.75,3.06,3.065,3.685,1.0,1.0,1.0,2.5,3.25,2.75,1.37,1.31,2.25,1.5,2.875,2.63,1.0,1.565,1.125,3.065,1.685,1.5,4.1850000000000005,1.0,1.12,2.81,3.25,3.88,2.125,2.19,1.685,3.185,1.0,4.75
27-3091,Interpreters and Translators,base_00,3.12,4.0,3.0,3.0,3.62,1.0,1.0,1.0,3.0,3.12,3.0,1.25,1.25,2.75,2.0,3.62,2.38,1.0,1.62,2.0,2.88,1.12,2.0,3.88,1.0,1.12,3.12,3.12,4.12,2.12,2.12,1.88,3.0,1.25,3.75
27-3092,Court Reporters and Simultaneous Captioners,base_00,2.38,4.0,2.12,2.0,2.5,1.5,1.25,1.0,1.38,2.0,2.0,1.0,1.0,1.5,1.62,3.0,1.62,1.75,1.12,1.88,1.75,1.12,2.12,3.12,1.38,1.0,1.88,2.62,3.0,1.88,1.75,1.0,3.0,1.75,3.38
27-4011,Audio and Video Technicians,base_00,3.0,3.12,3.25,3.12,3.5,2.38,2.75,2.5,2.88,3.0,2.75,1.88,2.0,2.88,2.0,3.75,2.5,3.0,2.12,3.5,2.62,2.0,2.88,3.5,2.25,1.0,3.12,3.0,3.12,3.0,2.88,2.0,3.0,2.75,3.12
27-4012,Broadcast Technicians,base_00,3.12,3.62,3.25,3.0,3.75,3.12,2.75,2.0,2.5,3.12,2.88,1.88,2.12,2.62,2.75,3.5,2.38,3.0,2.12,3.5,2.38,2.12,2.88,3.12,2.75,1.88,2.38,3.0,3.12,2.88,2.75,2.25,3.12,3.0,3.25
27-4014,Sound Engineering Technicians,base_00,3.12,3.75,3.38,3.12,3.5,2.75,2.5,1.5,2.62,3.25,2.5,1.75,2.0,2.12,2.0,3.12,2.62,3.25,1.25,3.25,2.88,1.75,2.88,3.25,2.5,1.62,3.12,3.0,3.62,3.12,3.0,2.12,3.12,2.88,3.12
27-4021,Photographers,base_00,3.12,3.75,3.12,3.0,3.12,1.88,2.25,1.38,2.88,3.12,2.88,1.62,1.88,2.75,2.0,3.12,2.75,2.25,2.75,2.62,2.88,1.62,2.5,3.12,1.5,1.75,3.25,3.12,3.75,2.5,2.38,1.88,3.0,2.12,2.88
27-4031,"Camera Operators, Television, Video, and Film",base_00,2.88,3.75,3.0,3.25,3.12,2.25,2.62,1.12,2.38,3.25,2.75,1.75,1.88,2.5,2.0,3.12,2.5,2.88,2.12,2.88,2.88,1.38,2.88,3.25,2.38,1.0,2.88,3.12,3.25,2.25,2.25,2.0,3.12,2.38,2.88
27-4032,Film and Video Editors,base_00,3.25,3.75,3.25,3.0,3.5,1.38,1.75,1.0,2.38,3.12,2.62,1.62,1.62,2.25,1.88,3.0,2.5,1.88,2.12,2.25,2.75,1.5,2.5,3.38,1.38,1.0,2.5,2.88,3.25,2.75,2.62,1.75,3.12,1.88,3.12
29-1011,Chiropractors,base_00,3.38,4.0,3.62,3.12,3.88,1.0,1.0,1.0,2.88,3.5,2.88,1.88,1.88,2.88,2.38,3.12,2.62,1.88,2.12,1.88,3.0,1.5,2.0,3.88,1.0,3.38,3.5,3.75,3.88,3.12,3.12,1.75,3.25,1.38,3.75
29-1021,"Dentists, General",base_00,3.88,4.0,4.0,3.75,4.12,1.5,2.38,1.25,3.25,4.12,3.12,3.0,3.0,3.5,2.75,4.0,3.12,2.88,2.38,2.75,3.75,1.62,2.75,4.0,1.38,3.75,3.88,3.88,4.0,2.88,2.75,2.0,3.88,2.0,3.25
29-1022,Oral and Maxillofacial Surgeons,base_00,3.88,3.88,4.12,3.62,4.0,1.88,2.12,1.0,2.88,4.12,2.88,2.0,2.0,2.75,2.62,3.88,2.62,2.88,3.12,2.75,2.75,1.5,2.75,4.0,1.88,3.5,3.25,3.75,3.88,3.25,3.0,2.0,3.38,1.88,3.5
29-1023,Orthodontists,base_00,3.75,4.0,4.0,3.88,4.0,1.0,2.0,1.0,3.25,3.75,3.25,2.0,2.25,3.12,2.12,4.0,3.0,2.25,3.0,2.5,3.25,1.38,2.38,3.88,1.0,3.38,3.38,3.88,4.0,3.0,2.75,2.0,3.75,2.0,3.38
29-1024,Prosthodontists,base_00,3.0,4.0,3.75,3.0,4.0,1.88,2.0,1.25,3.12,3.38,2.88,2.0,2.12,3.0,2.0,3.62,2.75,2.12,2.88,2.62,2.88,1.75,2.5,3.62,1.88,3.0,3.12,3.62,4.0,2.75,2.75,2.0,3.25,2.12,3.38
29-1031,Dietitians and Nutritionists,base_00,3.62,4.0,3.88,3.75,4.0,1.0,1.0,1.0,3.75,4.0,3.75,2.75,2.75,2.88,3.0,3.88,3.12,1.0,3.12,1.88,3.38,1.75,2.88,4.0,1.0,3.25,3.88,4.0,4.0,3.12,3.25,1.75,3.25,1.5,3.88
29-1041,Optometrists,base_00,3.12,4.12,3.38,3.38,4.12,1.0,1.0,1.0,3.25,3.38,3.12,2.12,2.12,3.12,3.0,3.25,3.0,2.25,2.12,2.12,3.25,1.88,2.5,4.12,1.0,3.75,3.25,3.88,4.0,3.0,3.0,1.88,3.25,2.0,4.0
29-1051,Pharmacists,base_00,3.62,4.0,3.62,3.38,3.88,1.0,1.25,1.0,3.38,3.75,3.12,2.38,2.75,3.38,3.25,3.88,2.88,1.5,2.62,2.25,2.88,1.5,2.62,4.0,1.0,3.38,3.62,3.62,4.0,3.0,3.0,1.62,3.62,1.75,3.88
29-1071,Physician Assistants,base_00,3.69,4.0,3.5,3.185,3.87,1.625,1.75,1.125,2.935,3.81,3.0,1.935,2.185,2.81,2.94,3.815,2.75,2.0,2.0,2.815,2.875,1.63,2.63,3.935,1.5,3.31,3.625,3.56,3.81,2.935,3.0,1.815,3.315,2.25,3.56
29-1081,Podiatrists,base_00,4.0,4.0,3.75,3.38,4.0,1.0,2.25,1.0,3.0,3.88,3.25,2.25,2.25,3.0,2.88,3.88,2.62,2.12,2.62,2.25,2.88,1.5,2.38,4.0,1.0,3.5,3.25,3.88,4.0,3.12,3.12,2.25,3.0,2.0,3.88
29-1122,Occupational Therapists,base_00,3.815,4.0600000000000005,3.375,3.375,3.75,1.0,1.185,1.0,3.94,3.69,3.94,1.685,1.87,2.875,2.06,3.935,3.0,1.81,2.25,2.185,3.06,1.565,2.0,3.94,1.0,2.375,4.0,3.94,4.0,3.06,3.06,1.94,3.375,1.75,3.875
29-1123,Physical Therapists,base_00,3.12,4.0,3.38,3.25,4.0,1.38,1.75,1.12,3.38,3.75,3.12,2.0,2.0,2.88,2.12,3.88,3.0,2.0,2.75,2.25,3.0,1.62,2.0,4.0,1.38,2.62,4.0,4.0,4.0,3.12,3.12,1.88,3.62,2.0,3.88
29-1124,Radiation Therapists,base_00,3.0,3.75,3.12,3.25,3.5,2.75,2.62,1.0,3.0,2.88,2.88,2.0,2.12,2.88,2.75,3.25,2.62,3.12,2.62,3.38,2.62,1.75,2.88,3.75,2.25,2.75,3.25,3.38,3.25,2.62,2.62,1.88,3.12,2.88,3.12
29-1125,Recreational Therapists,base_00,3.38,4.0,3.5,4.0,3.88,1.0,1.38,1.0,3.88,3.12,3.38,1.88,2.0,2.75,2.0,3.38,3.12,1.75,2.75,1.75,3.38,1.5,1.88,3.88,1.0,2.0,4.12,4.0,4.0,3.0,3.0,1.88,3.25,1.5,3.88
29-1126,Respiratory Therapists,base_00,3.62,3.88,3.38,3.38,3.88,2.25,2.38,1.0,3.25,3.38,3.12,1.88,2.0,2.88,2.75,3.88,2.88,2.88,2.12,3.0,2.88,1.5,3.0,3.62,2.25,3.0,3.62,3.62,3.75,2.88,2.88,2.12,3.12,2.38,3.12
29-1127,Speech-Language Pathologists,base_00,3.88,4.12,3.88,3.25,4.12,1.0,1.5,1.0,3.88,3.75,4.0,1.0,1.12,2.38,2.0,3.88,2.88,1.62,3.0,2.12,2.88,1.62,2.25,4.12,1.0,2.88,3.75,4.12,4.0,3.12,3.12,1.88,3.25,1.62,4.0
29-1128,Exercise Physiologists,base_00,3.25,4.0,3.62,3.12,4.0,1.25,1.75,1.25,4.0,3.75,3.25,1.5,1.62,2.88,2.88,3.75,3.0,2.0,2.25,2.12,3.0,1.88,2.12,4.0,1.12,2.88,3.75,3.75,4.0,3.12,3.12,2.0,3.0,2.0,3.88
29-1129,Art Therapists,first_detail,3.5,4.0600000000000005,3.315,3.25,3.94,1.0,1.75,1.0,3.185,3.815,3.435,1.75,2.0,2.875,2.06,3.815,3.125,1.0,2.065,2.0,3.185,1.63,1.935,3.94,1.0,1.875,3.875,4.25,4.0,3.06,2.94,1.88,3.125,1.56,3.435
29-1131,Veterinarians,base_00,4.0,4.12,3.88,3.12,3.88,1.12,1.75,1.0,3.0,3.88,3.0,2.0,2.0,3.0,3.12,3.25,2.88,1.88,2.75,2.25,2.88,1.25,2.12,4.12,1.0,3.88,3.38,3.25,3.88,2.88,3.0,1.88,3.25,1.88,3.5
29-1141,Registered Nurses,base_00,3.8519999999999994,4.052,3.8280000000000003,3.9019999999999997,4.024,1.0,1.5,1.05,3.45,3.9519999999999995,3.4,1.9240000000000002,2.024,2.948,2.802,3.974,3.098,2.1,2.248,2.8259999999999996,3.272,1.498,2.3,4.0,1.024,2.952,3.974,4.074,4.072,3.052,3.022,1.752,3.498,1.75,3.8019999999999996
29-1151,Nurse Anesthetists,base_00,4.0,4.0,4.0,3.38,4.12,2.25,2.75,1.0,3.25,4.0,3.38,2.0,2.25,2.88,3.25,4.0,3.0,2.88,2.62,3.25,3.12,1.25,3.0,4.12,2.0,3.88,3.88,3.88,4.0,3.12,3.12,1.88,3.38,2.38,3.38
29-1161,Nurse Midwives,base_00,4.0,4.12,3.88,3.88,4.12,1.0,1.25,1.0,3.25,3.75,3.25,1.75,1.88,2.62,2.62,4.0,2.75,1.75,2.38,2.38,2.75,1.62,2.12,4.0,1.0,2.88,3.88,4.12,4.12,3.12,3.0,1.75,3.12,1.5,3.88
29-1171,Nurse Practitioners,base_00,4.0,4.12,4.12,3.75,4.12,1.0,1.62,1.0,3.12,4.0,3.5,2.0,2.0,3.0,3.0,4.0,3.0,1.75,3.0,2.12,3.25,1.38,2.12,4.12,1.0,3.75,3.88,4.0,4.0,3.0,3.12,1.75,3.38,2.0,4.0
29-1181,Audiologists,base_00,4.0,4.12,3.62,3.38,4.0,2.12,2.12,1.25,3.12,3.75,3.38,1.88,1.88,2.88,2.88,3.75,2.88,2.12,2.88,3.0,3.12,1.75,3.0,4.12,2.12,3.0,3.62,4.0,4.0,3.12,3.12,1.88,3.25,2.12,4.0
29-1211,Anesthesiologists,base_00,3.62,4.12,4.0,3.12,4.5,1.0,1.38,1.0,3.12,4.12,3.25,2.25,2.12,3.0,3.0,4.12,2.88,2.75,2.62,3.62,3.0,1.12,2.75,4.0,1.0,4.0,3.25,3.75,3.88,3.12,3.25,1.62,3.75,2.12,4.0
29-1213,Dermatologists,base_00,3.75,4.0,3.5,3.25,4.12,1.0,1.25,1.0,3.25,3.75,3.12,2.0,2.0,3.0,2.25,3.5,3.12,1.25,1.88,2.0,3.25,1.88,1.75,3.88,1.0,3.62,4.0,3.88,3.88,2.75,2.88,1.88,3.12,1.38,3.5
29-1214,Emergency Medicine Physicians,base_00,4.0,4.38,4.12,4.0,4.38,1.0,1.0,1.0,3.62,4.12,3.62,2.0,1.88,2.88,2.75,4.12,3.25,2.38,1.75,2.5,3.62,1.75,1.88,4.25,1.0,3.0,4.12,4.25,4.25,3.25,3.0,1.5,3.25,1.5,4.12
29-1215,Family Medicine Physicians,base_00,4.0,4.25,4.0,3.12,4.38,1.0,1.25,1.0,3.38,4.0,3.25,1.62,1.62,3.0,2.75,4.0,2.88,1.12,2.5,2.12,3.0,1.25,2.12,4.25,1.0,3.88,3.88,3.88,4.12,2.88,2.88,1.25,4.0,1.5,4.12
29-1216,General Internal Medicine Physicians,base_00,3.88,4.12,4.0,3.25,4.0,1.12,1.62,1.12,3.12,4.0,3.12,1.88,2.0,3.0,2.88,3.88,3.0,1.5,2.75,2.0,3.12,1.75,2.5,4.12,1.25,4.0,3.75,4.0,4.0,3.25,3.12,1.75,3.12,1.75,4.0
29-1217,Neurologists,base_00,3.75,4.25,4.12,3.75,4.12,1.0,1.38,1.0,3.5,4.0,3.38,2.0,2.12,3.0,2.88,4.0,2.75,1.25,2.12,2.12,3.5,1.75,2.38,4.12,1.0,3.75,3.5,4.12,4.12,3.38,3.25,1.88,3.25,1.75,4.0
29-1218,Obstetricians and Gynecologists,base_00,4.12,4.12,4.0,3.88,4.38,1.0,1.0,1.0,3.12,4.0,3.5,2.0,2.12,2.88,2.75,4.0,2.88,2.0,2.5,2.12,3.0,1.38,1.88,4.25,1.0,3.75,3.62,3.88,4.0,3.12,3.0,1.38,3.75,1.38,4.0
29-1221,"Pediatricians, General",base_00,4.0,4.12,4.0,3.38,4.25,1.0,1.0,1.0,3.38,4.25,3.25,2.12,2.0,2.88,2.38,4.0,3.0,1.0,2.88,1.88,3.25,1.38,1.88,4.12,1.0,4.0,3.88,4.0,4.25,2.88,3.0,1.38,3.0,1.75,4.0
29-1222,"Physicians, Pathologists",base_00,4.0,4.0,4.0,3.0,4.12,1.0,1.62,1.0,3.25,3.88,3.12,2.62,2.75,3.12,3.0,3.5,3.0,2.0,2.0,2.25,3.0,1.88,2.75,4.25,1.0,4.0,3.0,3.12,3.88,3.0,3.0,1.88,3.25,2.0,4.12
29-1223,Psychiatrists,base_00,4.0,4.62,3.88,3.88,4.25,1.0,1.0,1.0,3.5,4.12,3.75,1.62,1.62,2.75,2.5,4.0,3.25,1.25,3.25,1.62,3.5,1.5,1.38,4.12,1.0,3.88,3.88,4.5,4.25,3.25,3.25,1.5,3.25,1.0,4.12
29-1224,Radiologists,base_00,3.88,4.25,4.0,3.25,4.12,1.5,1.62,1.0,3.38,4.12,3.25,1.75,2.0,3.0,2.88,4.0,2.75,2.88,1.62,3.12,2.88,1.38,3.12,4.25,1.5,3.75,3.62,4.0,4.25,3.0,3.0,1.5,3.5,2.0,4.12
29-1229,Allergists and Immunologists,first_detail,3.9166666666666665,4.165,4.0,3.605,4.185,1.0,1.2916666666666667,1.0,3.4983333333333335,4.123333333333334,3.4133333333333336,1.8966666666666665,1.9349999999999998,3.145,2.8333333333333335,3.9783333333333335,2.9166666666666665,1.6666666666666667,1.9383333333333332,2.29,3.27,1.625,2.375,4.3133333333333335,1.0,3.5216666666666665,3.7083333333333335,3.938333333333333,4.0616666666666665,3.3333333333333335,3.3516666666666666,1.7299999999999998,3.561666666666667,1.6900000000000002,3.956666666666667
29-1241,"Ophthalmologists, Except Pediatric",base_00,4.0,4.12,4.0,3.75,4.25,1.5,1.88,1.0,3.75,4.0,3.38,2.12,2.12,3.12,3.0,4.0,3.0,2.75,2.0,3.0,3.62,1.88,2.62,4.25,1.5,3.88,3.88,4.0,4.0,3.0,3.0,2.0,3.88,2.0,4.0
29-1291,Acupuncturists,base_00,3.12,3.88,3.25,3.12,3.75,1.0,1.62,1.0,2.75,3.5,2.62,1.75,1.88,2.0,2.0,3.25,2.0,1.38,1.75,1.62,2.62,1.25,1.88,3.25,1.0,2.25,3.75,3.75,3.62,2.88,2.88,1.38,3.0,1.38,3.12
29-1292,Dental Hygienists,base_00,3.0,3.75,2.88,3.0,3.5,2.12,1.62,1.0,3.0,3.0,2.75,1.5,1.88,2.25,2.0,3.12,2.38,2.25,1.75,2.88,3.0,1.38,2.38,3.0,1.88,2.38,3.12,3.12,3.5,2.0,2.12,1.88,3.0,2.25,3.12
29-1299,Naturopathic Physicians,first_detail,3.5,4.0600000000000005,3.63,3.06,4.0600000000000005,1.0,1.185,1.0,3.185,3.69,3.315,1.75,1.75,2.69,2.75,3.25,2.565,1.375,2.315,2.0,3.0,1.685,1.935,3.935,1.0,3.37,3.63,3.875,4.0,3.12,3.0,1.815,3.06,1.25,3.75
29-2011,Medical and Clinical Laboratory Technologists,base_00,3.2199999999999998,3.625,3.315,2.9699999999999998,3.7525,2.2824999999999998,2.0925000000000002,1.0925,2.875,3.2800000000000002,2.815,1.94,2.0300000000000002,2.7175000000000002,2.7800000000000002,3.25,2.25,2.6550000000000002,1.6575,3.0925000000000002,2.5,1.7825,3.0,3.7525,2.0625,3.2824999999999998,2.7824999999999998,2.9699999999999998,3.2775,2.5925000000000002,2.625,1.53,3.1550000000000002,2.5300000000000002,3.2475
29-2012,Medical and Clinical Laboratory Technicians,base_00,2.94,3.69,3.185,3.0,3.44,2.25,2.31,1.125,2.685,3.06,2.63,1.81,2.06,2.565,2.375,3.185,2.25,2.815,1.75,3.0,2.25,1.75,2.87,3.44,1.875,3.185,2.625,2.94,3.25,2.435,2.185,1.81,3.06,2.565,3.06
29-2031,Cardiovascular Technologists and Technicians,base_00,3.12,3.88,3.12,3.0,3.75,2.5,2.0,1.0,3.0,3.25,2.88,1.75,1.88,2.5,2.62,3.75,2.62,3.12,1.62,3.75,2.75,1.62,2.75,3.62,2.25,3.0,3.25,3.62,3.75,2.38,2.25,1.75,3.0,2.5,3.12
29-2032,Diagnostic Medical Sonographers,base_00,3.38,3.88,3.12,3.25,3.5,2.62,2.25,1.0,3.0,3.12,3.0,1.75,1.88,2.75,2.12,3.5,2.5,3.12,2.0,3.12,3.0,1.25,2.75,3.75,2.12,3.25,3.12,3.75,3.75,2.38,2.12,2.0,3.38,2.25,3.25
29-2033,Nuclear Medicine Technologists,base_00,3.12,3.75,3.12,3.25,3.88,2.38,2.25,1.0,2.88,3.25,2.75,1.75,2.0,2.62,3.12,3.5,2.38,3.0,1.75,3.12,2.75,1.62,2.88,3.5,2.12,3.25,3.25,3.38,3.75,2.38,2.38,1.75,3.0,2.38,3.5
29-2034,Radiologic Technologists and Technicians,base_00,2.88,3.75,2.62,3.12,3.25,1.88,2.25,1.0,2.75,3.0,2.75,1.38,1.62,2.62,2.0,3.38,2.38,3.25,1.38,3.12,2.25,1.75,3.0,3.5,1.75,2.12,3.5,3.62,3.5,2.5,2.38,1.62,3.0,2.62,3.0
29-2035,Magnetic Resonance Imaging Technologists,base_00,3.12,3.75,3.12,3.0,3.38,1.75,2.0,1.0,3.0,3.0,2.75,1.5,2.12,2.12,2.62,3.75,2.62,3.25,1.25,3.62,2.88,1.75,2.62,3.88,1.75,2.75,3.12,3.12,3.62,3.0,2.88,1.5,3.0,2.62,3.12
29-2036,Medical Dosimetrists,base_00,3.38,4.0,3.62,3.12,4.12,1.0,1.25,1.0,3.0,3.62,3.12,1.75,1.88,3.0,3.5,3.5,2.5,1.88,2.12,2.62,2.88,2.0,2.5,4.0,1.0,3.38,3.25,3.38,3.88,3.12,3.0,1.88,3.5,2.0,3.75
29-2051,Dietetic Technicians,base_00,3.12,3.25,3.12,3.0,3.12,1.0,1.0,1.0,3.12,3.12,3.12,2.12,2.12,2.75,2.88,3.12,2.88,2.12,2.25,2.75,2.88,1.5,2.88,3.12,1.0,2.0,3.12,3.12,3.38,2.75,2.75,1.75,3.0,2.0,3.12
29-2052,Pharmacy Technicians,base_00,3.12,4.0,3.12,3.0,3.25,1.0,1.0,1.0,2.25,3.12,2.88,1.75,2.12,2.5,3.0,3.12,2.0,2.12,1.75,2.25,2.5,1.5,2.12,3.75,1.0,1.88,3.12,3.12,3.75,2.38,2.12,1.75,3.0,1.75,3.0
29-2053,Psychiatric Technicians,base_00,3.12,4.0,3.0,3.88,3.62,1.12,1.12,1.0,3.25,3.0,3.0,1.38,1.5,2.75,2.0,4.0,3.0,1.62,1.88,2.0,3.12,1.5,2.0,3.75,1.0,2.0,3.62,4.12,3.88,2.75,2.62,1.88,3.0,2.0,3.25
29-2055,Surgical Technologists,base_00,3.0,3.38,3.0,3.12,3.12,3.0,2.38,1.0,3.0,3.0,3.0,2.0,3.0,2.88,2.62,3.75,2.62,3.0,2.0,3.25,2.62,1.12,2.88,3.0,2.5,2.25,3.0,3.0,3.12,2.5,2.88,1.88,3.12,2.75,2.88
29-2056,Veterinary Technologists and Technicians,base_00,3.12,3.75,3.25,3.12,3.75,2.25,2.12,1.0,2.88,3.12,3.0,1.88,2.38,2.75,2.75,3.25,2.62,2.62,2.0,2.88,2.88,1.75,2.38,3.62,2.12,2.88,3.12,3.12,3.62,2.75,2.62,1.88,3.0,2.5,3.25
29-2057,Ophthalmic Medical Technicians,base_00,3.0,3.62,2.62,3.0,3.0,2.12,2.12,1.0,2.62,2.88,2.62,1.12,1.38,2.0,2.5,3.0,1.88,2.0,1.38,2.12,2.25,1.5,2.25,3.12,1.88,2.0,3.12,3.12,3.25,2.12,2.12,1.0,2.62,2.12,3.12
29-2061,Licensed Practical and Licensed Vocational Nurses,base_00,3.38,3.88,3.25,4.0,3.75,1.0,1.12,1.0,3.12,3.62,3.12,1.62,1.88,2.88,2.88,3.88,2.88,2.62,1.75,2.62,2.88,1.25,2.0,3.75,1.0,2.62,4.12,4.0,3.88,3.0,2.88,1.75,3.62,1.75,3.25
29-2081,"Opticians, Dispensing",base_00,3.0,3.88,3.0,3.25,3.5,1.5,2.12,1.0,2.88,3.0,2.62,1.88,2.0,2.75,2.88,3.0,2.75,2.38,2.12,2.5,3.25,1.5,2.62,3.75,1.88,1.75,3.5,3.25,4.0,2.12,2.5,1.88,3.0,2.0,3.25
29-2091,Orthotists and Prosthetists,base_00,3.75,4.0,3.75,3.25,4.0,1.88,2.25,1.0,3.12,3.25,3.12,1.75,2.0,2.5,3.0,3.38,2.75,2.25,3.12,3.0,3.0,1.38,3.0,4.0,2.0,2.88,3.75,3.75,4.0,2.88,2.88,2.88,3.12,2.12,4.0
29-2092,Hearing Aid Specialists,base_00,3.12,3.88,3.12,3.0,3.12,2.12,2.0,1.0,3.5,3.12,3.0,1.62,2.0,2.0,2.12,3.12,2.75,1.62,1.62,2.62,3.12,1.5,2.88,3.25,2.25,1.75,3.62,3.25,3.38,2.88,2.88,1.75,3.0,2.62,3.12
29-2099,Neurodiagnostic Technologists,first_detail,3.1233333333333335,4.0,3.1233333333333335,3.3333333333333335,3.5400000000000005,1.5,1.5,1.0,3.0400000000000005,3.1233333333333335,2.956666666666667,1.79,1.7533333333333332,2.67,2.29,3.2466666666666666,2.5,1.96,1.1633333333333333,2.54,2.7900000000000005,1.6633333333333333,2.04,3.5833333333333335,1.6266666666666667,2.21,3.5,3.6233333333333335,3.8800000000000003,2.7533333333333334,2.6233333333333335,1.5433333333333332,3.1266666666666665,1.96,3.25
29-9091,Athletic Trainers,base_00,3.75,4.0,3.25,3.12,3.88,1.25,1.62,1.0,3.62,3.88,3.12,1.88,1.88,2.88,2.12,3.88,2.75,2.0,2.12,2.75,3.0,1.25,2.75,3.75,1.0,2.38,3.62,3.75,3.88,2.88,2.88,1.88,3.25,2.0,3.5
29-9092,Genetic Counselors,base_00,3.88,4.0,4.0,3.0,3.88,1.0,1.0,1.0,3.12,3.25,3.0,1.25,1.12,2.88,2.75,3.0,3.0,1.0,1.25,1.88,3.0,1.38,1.12,4.12,1.0,3.25,3.12,3.88,3.88,3.12,3.0,1.5,3.12,1.0,3.88
29-9093,Surgical Assistants,base_00,3.0,4.0,3.25,3.38,3.62,1.0,1.75,1.25,2.62,3.12,3.12,1.88,2.12,2.38,2.5,3.62,2.75,2.88,1.5,3.25,2.75,1.5,2.75,3.62,1.0,2.62,3.38,3.12,3.75,2.75,2.62,1.62,2.88,2.12,3.12
29-9099,Midwives,first_detail,3.38,3.75,3.38,3.62,4.0,1.0,1.5,1.0,3.25,3.75,3.25,1.62,1.88,2.75,2.25,4.0,2.62,1.5,1.38,2.25,3.0,1.62,1.88,3.62,1.0,2.88,3.75,4.12,3.75,3.0,3.0,1.62,3.0,1.75,3.12
31-1121,Home Health Aides,base_00,3.0,3.75,3.0,3.0,3.38,1.0,1.0,1.0,3.12,3.0,3.0,2.0,2.0,2.25,2.25,3.25,2.88,1.38,1.12,2.12,3.12,1.0,2.0,3.25,1.0,1.62,3.62,3.5,3.12,2.0,2.0,1.25,3.12,1.75,3.12
31-1122,Personal Care Aides,base_00,2.88,3.38,2.88,3.12,3.25,1.0,1.0,1.0,3.0,2.88,2.75,1.38,1.75,2.25,2.0,3.25,2.38,2.0,1.12,2.38,2.38,1.12,2.0,2.88,1.0,1.75,4.0,3.88,3.0,2.12,2.25,1.25,3.0,1.88,2.88
31-1131,Nursing Assistants,base_00,2.88,3.62,2.62,3.12,3.12,1.0,1.25,1.0,2.5,2.88,2.38,1.38,1.62,2.0,2.12,3.25,1.88,1.62,1.12,2.25,2.0,1.0,2.25,3.12,1.0,1.75,4.0,3.62,3.12,2.0,2.12,1.5,2.88,1.88,2.75
31-1132,Orderlies,base_00,2.12,3.12,2.25,2.88,2.75,1.12,1.25,1.0,2.12,2.62,2.12,1.0,1.25,1.88,1.75,2.62,2.38,1.88,1.12,2.0,2.25,1.0,1.88,2.5,1.0,1.25,3.38,3.38,3.0,1.88,1.75,1.12,2.5,2.0,2.62
31-1133,Psychiatric Aides,base_00,3.25,3.75,3.12,3.25,3.38,1.0,1.0,1.0,3.12,3.12,2.88,1.88,1.88,2.25,2.12,3.75,3.0,2.0,1.25,2.0,3.0,1.12,2.0,3.12,1.0,1.75,3.88,3.88,3.88,2.0,2.38,1.62,2.88,2.0,3.12
31-2011,Occupational Therapy Assistants,base_00,3.25,3.88,3.0,3.12,3.38,1.62,1.38,1.12,3.25,3.12,3.25,1.75,2.0,2.62,2.12,3.38,2.88,1.88,1.62,2.38,2.88,1.38,1.88,3.62,1.25,1.88,3.88,3.88,3.88,3.0,2.88,1.75,3.5,2.0,3.25
31-2012,Occupational Therapy Aides,base_00,3.0,3.5,3.12,3.38,3.25,1.5,1.25,1.0,3.0,3.0,3.0,1.5,1.75,2.12,2.0,3.25,2.5,1.88,1.88,2.38,2.88,1.12,2.12,3.12,1.5,1.62,3.75,3.62,3.62,2.12,2.12,1.5,3.0,1.88,3.12
31-2021,Physical Therapist Assistants,base_00,3.25,4.0,3.12,3.12,3.25,1.75,2.12,1.0,3.12,3.12,2.88,1.88,1.88,2.62,2.25,3.75,2.25,2.12,1.88,2.75,3.0,1.75,2.62,3.25,1.62,2.38,3.25,3.75,3.75,2.75,2.75,1.88,3.0,2.12,3.25
31-2022,Physical Therapist Aides,base_00,3.0,3.62,2.88,3.12,3.0,1.5,1.25,1.0,3.0,2.75,2.62,1.38,1.5,2.12,2.0,3.25,2.25,1.62,1.62,2.12,2.88,1.25,2.0,3.12,1.0,1.88,3.25,3.12,3.0,2.25,2.0,1.88,3.0,2.0,3.0
31-9011,Massage Therapists,base_00,3.0,3.62,3.0,2.38,3.0,1.0,1.0,1.0,2.25,3.12,2.75,1.38,1.62,1.75,2.0,3.0,2.0,1.0,1.62,1.38,2.0,1.0,1.75,3.0,1.0,1.75,3.25,3.25,3.62,2.12,2.25,1.75,2.88,1.38,3.0
31-9091,Dental Assistants,base_00,3.12,3.88,3.0,2.88,3.0,1.88,2.0,1.0,3.12,2.88,2.5,1.75,2.12,2.25,2.12,3.12,2.5,2.12,1.75,2.62,2.5,1.38,2.5,3.25,1.88,2.0,3.12,3.12,3.38,2.38,2.12,1.75,2.75,2.0,3.0
31-9092,Medical Assistants,base_00,3.25,3.88,3.0,3.5,3.62,1.5,1.62,1.0,3.12,3.0,3.12,2.0,2.12,2.38,2.62,3.5,2.5,2.12,1.62,2.5,2.75,1.5,2.12,3.75,1.5,2.62,3.5,4.0,3.88,2.38,2.38,1.5,3.0,1.75,3.38
31-9093,Medical Equipment Preparers,base_00,3.0,3.25,2.75,3.0,3.5,2.75,2.0,2.12,2.12,3.0,2.75,1.75,2.62,2.0,2.25,3.38,1.75,2.88,1.38,3.25,2.0,1.62,3.38,3.12,2.38,1.88,2.75,2.75,3.12,2.5,2.12,1.5,3.0,3.12,2.88
31-9094,Medical Transcriptionists,base_00,2.88,4.12,2.62,2.5,3.0,1.0,1.0,1.0,2.12,3.0,2.12,1.0,1.12,1.75,1.75,3.12,1.88,1.12,1.62,1.5,1.88,1.38,1.62,4.0,1.0,1.5,2.12,2.75,3.0,1.88,1.88,1.12,3.0,1.0,3.88
31-9095,Pharmacy Aides,base_00,2.88,3.5,2.75,3.0,3.0,1.5,1.38,1.0,2.0,3.0,2.5,1.75,2.0,1.88,2.5,2.75,1.88,1.75,1.5,1.88,2.25,1.5,2.0,3.25,1.12,1.5,3.38,3.25,3.38,2.12,1.88,1.62,2.62,1.75,2.75
31-9096,Veterinary Assistants and Laboratory Animal Caretakers,base_00,2.88,3.5,2.88,3.0,3.25,1.62,1.62,1.0,2.88,2.88,2.12,2.0,2.25,2.12,2.75,3.12,2.12,2.0,1.88,2.12,2.12,1.25,2.12,3.12,1.62,2.62,3.12,3.0,3.0,2.0,2.12,1.75,3.0,2.0,3.12
31-9097,Phlebotomists,base_00,3.0,3.38,2.62,3.12,3.25,1.62,1.75,1.0,3.0,2.88,2.88,1.75,1.88,2.5,2.12,3.12,2.0,2.0,1.25,2.38,2.5,1.62,2.88,3.12,1.5,2.38,3.62,3.5,3.38,2.25,2.25,1.62,3.0,2.0,3.12
31-9099,Speech-Language Pathology Assistants,first_detail,3.12,3.81,3.125,2.94,3.25,2.13,1.815,1.0,3.0,3.06,2.875,1.5,1.815,2.185,2.0,3.25,2.31,2.19,1.375,2.62,2.5,1.315,2.125,3.685,2.0,1.875,3.19,3.375,3.435,2.56,2.5,1.685,2.94,2.065,3.12
33-1011,First-Line Supervisors of Correctional Officers,base_00,3.25,4.0,3.25,4.0,4.0,1.0,1.0,1.0,3.12,3.12,3.12,1.88,2.0,3.75,2.12,4.0,3.5,2.0,2.12,2.12,3.5,1.5,2.0,3.75,1.0,1.5,3.0,4.0,3.88,3.12,3.0,1.62,3.25,1.75,3.5
33-1012,First-Line Supervisors of Police and Detectives,base_00,3.88,4.0,3.75,3.88,4.0,1.5,1.5,1.0,3.88,3.75,3.75,2.5,2.5,4.0,2.38,4.0,3.25,2.5,2.12,2.5,3.88,1.5,2.12,4.0,1.5,1.5,3.5,4.0,4.0,3.12,3.12,1.5,3.5,2.0,3.75
33-1021,First-Line Supervisors of Firefighting and Prevention Workers,base_00,3.25,4.0,3.5,3.62,3.88,2.25,2.25,1.25,3.5,3.62,3.12,2.0,2.5,3.62,2.5,3.62,3.12,2.62,1.75,3.0,3.12,1.75,2.5,3.62,2.0,1.62,3.62,3.75,3.62,2.75,3.0,1.75,3.5,2.25,3.25
33-1091,First-Line Supervisors of Security Workers,base_00,3.12,4.0,3.62,3.62,3.88,1.88,1.62,1.0,3.25,3.88,3.0,2.38,2.38,3.75,2.0,3.75,3.12,2.0,1.88,2.38,3.25,1.62,2.38,3.88,1.75,1.25,3.12,3.62,3.88,3.0,2.75,1.5,3.62,2.0,3.62
33-2011,Firefighters,base_00,3.5,3.5,3.25,3.62,3.88,2.88,2.88,1.38,3.0,3.62,2.88,1.75,2.12,2.38,2.62,3.5,2.62,3.25,1.38,3.25,2.88,1.5,2.88,3.12,2.25,2.0,3.62,3.38,3.5,2.88,2.88,1.75,3.12,2.62,2.88
33-2021,Fire Inspectors and Investigators,base_00,3.12,3.62,3.12,3.0,3.5,1.12,1.12,1.0,3.25,3.12,3.0,2.12,2.12,2.62,2.5,3.25,2.88,2.12,1.88,2.62,3.25,1.62,2.75,3.38,1.25,1.88,3.25,3.38,3.5,2.75,3.0,1.88,3.0,2.38,3.5
33-2022,Forest Fire Inspectors and Prevention Specialists,base_00,3.0,3.62,3.5,3.75,4.0,2.25,2.25,1.0,3.25,3.62,3.12,1.88,2.0,3.12,2.12,3.38,2.88,2.38,1.62,2.62,3.0,1.62,2.25,3.12,1.88,1.88,2.88,3.0,3.75,2.75,2.88,1.75,3.12,2.25,3.12
33-3011,Bailiffs,base_00,2.75,3.25,2.88,2.88,3.0,1.0,1.0,1.0,2.25,3.25,2.12,1.25,1.38,2.38,1.5,3.38,2.75,1.5,1.12,2.0,2.88,1.12,1.88,2.88,1.0,1.0,2.88,4.0,3.38,1.88,1.5,1.25,3.0,1.25,2.25
33-3012,Correctional Officers and Jailers,base_00,3.25,4.0,3.25,3.5,3.75,1.62,1.5,1.0,3.0,3.25,3.0,1.5,1.62,2.5,2.0,4.0,3.25,2.12,1.38,2.75,3.38,1.5,2.25,3.62,1.62,1.38,3.0,4.0,3.88,2.75,2.62,1.62,3.0,2.12,3.0
33-3021,Detectives and Criminal Investigators,base_00,3.3733333333333335,4.126666666666666,3.5,3.206666666666667,3.956666666666667,1.0,1.1666666666666667,1.0,2.92,3.2900000000000005,2.8333333333333335,1.6233333333333333,1.6666666666666667,2.2066666666666666,2.3333333333333335,3.2099999999999995,2.8333333333333335,1.8766666666666667,1.7066666666666668,2.25,2.956666666666667,1.5833333333333333,1.79,3.9599999999999995,1.0,1.8366666666666667,3.043333333333333,3.293333333333333,4.043333333333333,2.706666666666667,2.6266666666666665,1.62,3.0,1.54,3.543333333333333
33-3031,Fish and Game Wardens,base_00,3.0,3.88,3.38,3.25,3.88,2.0,1.88,1.0,3.0,3.5,2.88,1.62,1.62,2.5,2.62,3.38,2.88,2.88,2.38,3.0,3.38,1.5,2.5,3.62,2.0,2.75,3.12,3.38,3.75,3.12,3.0,1.75,3.0,2.25,3.12
33-3041,Parking Enforcement Workers,base_00,2.88,3.12,2.75,3.0,3.12,2.25,1.75,1.0,2.88,2.88,2.25,1.38,1.38,2.38,2.12,3.25,2.75,2.62,1.25,2.38,2.75,1.5,2.12,3.0,1.75,1.0,3.0,3.12,3.25,2.12,2.12,1.38,3.0,2.25,2.88
33-3051,Police and Sheriff's Patrol Officers,base_00,3.565,3.94,3.185,3.5,3.875,1.06,1.125,1.0,2.935,3.62,2.62,1.75,1.815,2.75,2.25,3.56,3.19,2.315,1.31,2.5,3.37,1.5,1.935,3.75,1.0,1.63,3.25,3.88,3.94,2.56,2.38,1.56,3.125,1.75,3.435
33-3052,Transit and Railroad Police,base_00,3.25,4.0,3.75,3.25,3.88,1.0,1.0,1.0,3.0,3.25,2.88,2.0,2.0,2.88,2.0,3.38,3.12,2.5,1.88,2.75,3.0,1.62,2.0,3.12,1.0,1.12,3.12,3.38,4.0,3.0,2.38,1.5,3.0,1.88,3.25
33-9011,Animal Control Workers,base_00,2.88,3.75,2.88,3.0,3.5,1.0,1.0,1.0,2.62,3.0,2.75,1.62,1.75,2.0,2.0,3.0,2.75,2.0,1.5,2.0,2.88,1.12,1.75,3.0,1.0,1.12,3.0,3.0,3.62,2.0,2.0,1.12,3.0,1.25,3.0
33-9021,Private Detectives and Investigators,base_00,3.38,4.12,3.75,3.0,3.88,1.0,1.25,1.0,2.25,3.38,2.5,1.75,1.88,2.25,2.25,3.38,2.88,2.12,1.88,1.88,2.88,1.75,1.75,3.88,1.0,1.5,3.0,3.5,4.0,2.88,2.75,1.62,3.0,1.38,3.62
33-9031,Gambling Surveillance Officers and Gambling Investigators,base_00,3.12,3.25,3.0,2.88,3.75,1.0,1.0,1.0,3.0,3.38,2.5,1.62,1.62,2.62,2.12,4.12,2.38,2.0,1.5,2.38,2.5,1.38,2.25,3.25,1.25,1.25,2.62,3.12,3.62,2.5,2.38,1.62,2.88,1.75,3.12
33-9032,Security Guards,base_00,2.88,3.75,2.62,3.12,3.12,1.12,1.0,1.0,2.25,3.0,2.62,1.38,1.38,2.12,2.0,3.38,2.62,2.12,1.5,2.25,2.88,1.12,2.0,3.0,1.0,1.5,2.88,3.0,3.25,2.0,2.0,1.12,2.5,2.0,2.75
33-9091,Crossing Guards and Flaggers,base_00,2.25,2.88,2.38,2.75,2.75,1.0,1.0,1.0,1.88,2.75,1.88,1.38,1.5,1.62,1.62,2.88,2.12,1.0,1.25,1.62,2.12,1.0,1.25,2.25,1.0,1.0,2.75,3.0,3.12,1.88,1.75,1.0,2.0,1.38,2.0
33-9092,"Lifeguards, Ski Patrol, and Other Recreational Protective Service Workers",base_00,2.75,3.12,3.0,3.0,3.0,1.25,1.38,1.0,2.75,3.0,3.12,1.12,1.25,2.0,1.38,3.75,2.0,1.38,1.25,2.12,2.5,1.0,1.88,2.88,1.25,1.5,3.25,3.38,3.5,1.88,2.0,1.0,2.38,1.62,2.5
33-9093,Transportation Security Screeners,base_00,2.88,3.25,2.75,3.25,3.25,2.0,1.88,1.0,2.88,3.12,2.5,1.62,1.88,2.5,1.88,3.38,2.62,2.62,1.88,2.75,3.0,1.5,2.5,3.0,1.62,1.75,3.0,3.25,3.38,2.12,2.38,1.0,2.62,2.25,2.88
33-9099,Retail Loss Prevention Specialists,first_detail,3.25,3.5,3.0,3.12,3.75,1.0,1.12,1.0,2.88,3.38,2.88,2.0,1.88,2.88,2.62,3.5,2.75,1.88,1.38,2.62,2.75,1.62,2.38,3.25,1.0,1.25,2.88,3.38,3.5,3.0,2.88,1.62,3.0,2.25,3.12
35-1011,Chefs and Head Cooks,base_00,3.38,3.62,3.25,4.12,3.75,2.0,2.12,1.0,3.62,3.62,3.25,3.12,3.25,3.88,3.0,4.0,3.12,2.5,2.62,2.88,3.0,1.5,3.25,3.5,2.0,1.75,3.75,3.88,3.88,3.0,3.0,1.62,3.88,2.12,3.12
35-1012,First-Line Supervisors of Food Preparation and Serving Workers,base_00,3.0,3.75,3.0,3.88,3.12,1.38,1.25,1.0,3.75,3.0,3.12,2.88,3.0,4.0,3.0,3.88,3.12,2.0,1.75,2.38,3.0,1.25,2.88,3.25,1.38,1.0,3.62,3.12,3.88,3.0,3.0,1.5,3.12,2.0,3.0
35-2011,"Cooks, Fast Food",base_00,2.38,3.0,2.0,2.75,2.62,1.0,1.0,1.0,2.12,2.38,2.0,1.62,1.5,2.0,2.0,2.62,2.12,1.75,1.25,2.12,2.25,1.0,1.75,2.62,1.0,1.0,3.0,2.75,2.75,2.0,2.0,1.25,2.5,1.0,2.0
35-2012,"Cooks, Institution and Cafeteria",base_00,2.88,3.0,3.0,3.0,3.0,1.25,1.5,1.0,2.75,3.12,2.75,2.25,2.62,3.0,2.88,3.12,2.5,2.88,1.88,3.12,2.62,1.0,3.12,2.88,1.0,1.0,3.12,2.88,3.12,2.5,2.38,1.62,3.0,2.0,2.75
35-2013,"Cooks, Private Household",base_00,2.88,3.0,3.0,2.88,3.25,1.0,1.75,1.0,2.12,3.0,2.75,2.5,2.88,2.62,2.25,3.0,2.12,2.38,2.12,2.38,2.75,1.25,2.25,3.0,1.12,1.38,3.12,3.0,3.0,2.25,2.25,1.62,3.0,2.0,2.88
35-2014,"Cooks, Restaurant",base_00,2.75,2.88,2.38,2.62,3.0,1.0,1.75,1.0,2.0,2.62,2.0,2.0,2.0,2.25,2.25,3.0,2.12,2.25,1.5,2.5,2.12,1.0,2.38,2.75,1.0,1.38,2.38,2.5,3.0,2.38,2.0,1.0,3.0,1.5,2.25
35-2015,"Cooks, Short Order",base_00,2.38,3.12,2.62,3.0,2.88,1.0,1.25,1.0,2.38,2.62,2.0,1.75,2.0,2.25,2.12,2.88,2.25,2.0,1.0,2.25,2.25,1.0,2.25,3.12,1.0,1.0,3.0,2.62,3.0,1.75,1.88,1.12,3.12,1.88,2.25
35-2021,Food Preparation Workers,base_00,2.0,3.0,2.0,2.88,2.75,1.0,1.12,1.0,2.0,2.38,2.0,1.5,1.5,2.0,2.0,2.5,1.88,1.75,1.0,2.0,2.0,1.0,2.12,2.62,1.0,1.0,3.0,2.62,2.88,2.0,1.88,1.0,3.0,1.88,1.88
35-3011,Bartenders,base_00,3.0,3.75,3.0,3.12,3.12,1.12,1.25,1.0,3.0,2.88,2.88,2.25,2.38,2.5,2.25,3.0,2.88,1.62,1.0,2.0,3.12,1.25,2.25,3.0,1.0,1.0,3.62,3.25,3.12,2.25,2.25,1.5,3.0,1.88,2.75
35-3023,Fast Food and Counter Workers,base_00,2.25,3.25,2.13,3.0,2.69,1.56,1.31,1.0,2.125,2.38,2.19,1.625,1.815,2.06,2.06,2.94,2.19,2.185,1.06,2.25,2.375,1.06,1.935,2.69,1.5,1.0,3.19,3.06,3.0,1.875,1.815,1.315,2.5,1.81,2.31
35-3031,Waiters and Waitresses,base_00,2.5,3.5,2.62,3.12,2.88,1.0,1.0,1.0,2.12,2.75,2.0,1.62,1.75,1.88,2.12,3.0,2.12,1.38,1.0,2.0,2.75,1.12,2.25,2.75,1.0,1.0,3.88,3.38,3.5,2.0,2.0,1.0,2.75,1.75,2.12
35-3041,"Food Servers, Nonrestaurant",base_00,2.0,3.0,2.12,2.88,2.88,1.12,1.12,1.0,2.12,2.75,2.0,1.88,1.88,2.25,2.0,2.75,2.12,2.0,1.5,2.12,2.12,1.12,2.12,2.88,1.0,1.0,3.0,2.88,3.0,2.0,2.0,1.75,2.88,2.0,2.0
35-9011,Dining Room and Cafeteria Attendants and Bartender Helpers,base_00,2.12,3.0,2.0,3.0,2.75,1.0,1.0,1.0,2.0,2.88,2.0,2.0,2.0,2.25,1.88,2.88,2.0,1.75,1.12,2.12,2.0,1.12,2.0,2.38,1.0,1.0,3.0,2.88,2.88,2.0,2.0,1.12,2.25,2.0,2.0
35-9021,Dishwashers,base_00,1.88,2.62,1.88,2.75,2.5,2.0,1.5,1.0,2.0,2.25,2.0,1.5,1.5,1.88,1.5,2.5,1.88,2.88,1.0,2.5,1.88,1.0,2.38,2.0,1.88,1.0,2.12,2.5,2.5,1.88,1.88,1.0,2.62,2.0,1.75
35-9031,"Hosts and Hostesses, Restaurant, Lounge, and Coffee Shop",base_00,2.62,3.5,1.88,2.88,2.75,1.0,1.0,1.0,2.38,2.12,2.0,1.12,1.12,2.0,1.88,2.88,2.62,1.25,1.0,1.75,2.62,1.0,2.0,2.88,1.0,1.0,3.12,3.0,3.12,2.0,1.88,1.0,2.62,1.25,2.12
37-1011,First-Line Supervisors of Housekeeping and Janitorial Workers,base_00,2.88,3.12,3.12,3.25,3.12,2.12,2.0,1.0,3.12,3.0,3.12,2.38,2.75,3.38,2.12,3.25,3.0,2.0,1.88,2.25,2.88,1.0,3.0,3.0,1.88,1.0,3.12,3.12,3.25,2.38,2.62,1.38,3.25,2.12,2.88
37-1012,"First-Line Supervisors of Landscaping, Lawn Service, and Groundskeeping Workers",base_00,3.12,3.88,3.12,3.75,3.75,2.25,2.25,1.38,3.25,3.25,3.12,2.25,2.88,3.88,2.88,4.0,2.88,3.0,2.12,3.0,3.12,1.62,3.12,3.12,2.12,1.62,3.12,3.25,3.75,2.88,2.88,1.88,4.0,2.25,3.0
37-2011,"Janitors and Cleaners, Except Maids and Housekeeping Cleaners",base_00,2.62,3.0,2.25,2.75,2.75,2.0,2.0,1.0,2.12,2.38,2.12,1.38,1.5,2.12,1.38,2.75,2.0,2.0,1.12,2.25,2.12,1.25,2.0,2.5,2.0,1.0,2.5,2.62,3.0,2.0,1.88,1.25,2.75,2.12,2.38
37-2012,Maids and Housekeeping Cleaners,base_00,2.12,2.75,2.12,3.0,2.75,1.0,1.25,1.0,2.12,2.12,2.12,1.62,1.88,2.12,1.88,2.75,2.12,1.62,1.12,2.0,2.12,1.0,2.0,2.62,1.0,1.0,3.12,2.88,2.75,2.0,2.0,1.0,3.0,1.88,2.12
37-2021,Pest Control Workers,base_00,3.12,3.75,3.25,3.12,3.75,2.25,2.12,1.0,2.88,3.12,2.75,2.12,2.12,3.0,2.62,3.62,3.12,3.0,1.88,3.0,3.12,1.0,2.62,3.0,2.25,2.0,3.25,3.38,3.62,2.88,2.62,1.62,3.5,2.5,3.62
37-3011,Landscaping and Groundskeeping Workers,base_00,2.25,2.75,2.25,2.75,2.88,2.12,2.12,1.12,2.0,2.5,2.12,1.12,1.5,2.12,1.75,2.5,1.88,3.12,1.25,2.75,2.0,1.0,2.0,2.25,2.25,1.62,2.5,2.5,2.88,1.88,1.88,1.62,2.62,2.12,1.75
37-3012,"Pesticide Handlers, Sprayers, and Applicators, Vegetation",base_00,2.88,3.25,3.0,3.0,3.12,2.88,2.25,1.0,2.38,3.0,2.25,1.75,1.88,2.5,2.25,2.88,2.38,3.0,1.25,3.0,2.38,1.0,2.38,3.0,2.25,2.0,2.5,3.0,3.12,2.12,2.12,1.38,3.12,2.25,2.5
37-3013,Tree Trimmers and Pruners,base_00,2.62,2.88,3.12,3.0,3.25,2.75,2.88,1.25,3.0,2.75,2.25,1.88,1.88,2.75,1.88,3.12,2.25,3.75,1.38,3.62,2.38,1.0,2.75,2.62,2.25,1.75,2.88,2.62,3.0,2.25,2.0,1.62,2.75,2.75,2.5
39-1013,First-Line Supervisors of Gambling Services Workers,base_00,3.0,3.75,3.25,3.38,3.62,1.75,1.75,1.25,3.25,3.12,2.75,1.88,1.88,3.38,2.62,3.88,3.12,2.12,1.5,2.38,3.0,1.88,2.12,3.62,1.75,1.25,3.88,3.5,3.75,3.0,2.75,1.5,3.5,1.88,3.38
39-1022,First-Line Supervisors of Personal Service Workers,base_00,3.12,3.88,3.12,3.75,3.88,1.0,1.0,1.0,3.25,3.25,3.12,2.12,2.12,3.75,2.12,3.25,3.0,1.88,1.88,2.25,3.5,1.25,2.62,3.62,1.0,1.38,3.62,3.75,3.75,3.0,3.0,1.62,3.75,1.88,3.25
39-2011,Animal Trainers,base_00,3.25,3.12,3.0,3.0,3.38,1.0,1.12,1.0,3.75,3.12,3.5,1.75,2.0,2.62,1.88,3.12,2.5,1.75,1.75,2.0,2.88,1.12,2.12,2.88,1.0,1.75,3.0,3.0,3.5,2.88,2.88,1.75,3.0,1.75,2.88
39-2021,Animal Caretakers,base_00,2.38,3.0,2.62,3.0,2.75,1.5,1.62,1.12,2.12,3.0,2.0,1.75,1.75,2.0,2.0,3.12,2.0,1.62,1.0,1.88,1.88,1.25,2.0,3.0,1.25,1.5,3.0,2.75,2.88,2.12,2.12,1.62,2.5,1.88,2.75
39-3011,Gambling Dealers,base_00,2.25,3.38,2.25,2.88,2.75,1.12,1.0,1.0,2.62,2.5,2.0,1.5,1.25,2.12,2.75,3.0,2.38,1.25,1.0,1.62,2.62,1.0,1.62,3.0,1.0,1.0,3.12,3.12,3.38,1.5,1.62,1.12,2.5,1.38,2.25
39-3012,Gambling and Sports Book Writers and Runners,base_00,2.62,3.5,2.5,3.0,2.88,1.0,1.0,1.0,2.25,2.62,2.25,1.75,1.75,2.38,3.0,3.12,2.25,1.62,1.12,2.0,2.5,1.38,1.88,2.75,1.0,1.25,2.88,3.0,3.12,1.88,1.88,1.0,2.38,1.75,2.88
39-3021,Motion Picture Projectionists,base_00,2.12,3.0,2.88,2.88,2.88,2.75,2.12,1.25,2.0,2.88,2.0,1.0,1.5,1.88,1.5,2.88,2.0,3.0,1.88,3.12,2.12,1.38,2.75,3.0,2.88,1.0,2.5,2.88,3.0,2.12,2.12,1.12,2.88,2.88,2.12
39-3031,"Ushers, Lobby Attendants, and Ticket Takers",base_00,2.62,3.12,2.5,3.0,2.75,1.0,1.0,1.0,1.62,2.38,1.62,1.0,1.0,2.38,1.88,2.75,2.88,1.62,1.25,2.0,2.88,1.38,2.0,2.75,1.0,1.0,3.25,3.38,3.25,2.0,2.0,1.0,2.5,1.88,2.25
39-3091,Amusement and Recreation Attendants,base_00,2.38,3.0,2.12,2.88,2.75,1.75,1.12,1.0,2.12,2.62,2.12,1.0,1.38,2.0,2.0,2.88,2.0,2.25,1.12,2.38,2.38,1.25,1.88,2.38,1.75,1.0,3.12,3.0,3.25,2.0,2.0,1.38,2.62,2.0,2.5
39-3092,Costume Attendants,base_00,2.5,3.12,2.25,3.12,2.88,1.0,1.12,1.0,2.5,2.38,1.88,1.88,2.0,2.25,1.5,3.12,2.75,2.0,2.12,1.88,2.75,1.0,2.0,2.88,1.0,1.0,2.88,3.0,3.12,2.12,2.38,1.62,2.75,1.62,2.5
39-3093,"Locker Room, Coatroom, and Dressing Room Attendants",base_00,2.12,3.5,2.0,2.75,2.5,1.0,1.12,1.0,2.0,2.25,1.38,1.0,1.25,2.0,1.38,2.75,2.5,1.5,1.25,1.62,2.25,1.0,1.25,2.62,1.0,1.0,3.5,3.12,3.62,1.0,1.38,1.0,2.38,1.0,2.25
39-4011,Embalmers,base_00,3.0,3.75,2.88,3.0,3.12,1.5,1.62,1.0,2.62,3.0,2.12,2.0,2.0,2.75,2.0,3.0,2.38,2.12,2.0,2.75,2.25,1.25,2.25,3.0,1.5,2.62,3.12,3.12,3.88,2.12,2.12,1.88,3.12,2.0,3.12
39-4021,Funeral Attendants,base_00,2.0,3.12,2.25,3.0,2.62,1.88,1.5,1.0,2.0,2.38,2.0,1.5,1.5,1.75,1.75,3.0,1.88,2.12,1.62,2.12,2.0,1.25,2.0,2.75,1.25,1.25,3.25,3.25,3.0,2.0,1.88,1.25,2.38,2.0,2.25
39-4031,"Morticians, Undertakers, and Funeral Arrangers",base_00,3.0,4.12,3.0,3.75,3.12,1.0,1.25,1.0,3.0,3.12,2.75,2.62,2.5,3.0,2.75,3.0,3.12,2.62,2.38,2.75,3.12,1.38,2.5,3.25,1.0,1.75,3.88,4.12,3.75,3.0,2.88,1.62,3.38,1.75,3.25
39-5011,Barbers,base_00,2.5,3.38,2.25,2.5,2.88,2.0,1.88,1.0,1.62,3.0,1.88,1.75,2.0,2.0,1.88,2.88,2.0,1.88,2.12,2.0,2.25,1.0,1.88,2.75,1.88,1.25,3.12,3.12,3.12,1.75,1.62,1.5,2.62,2.0,2.0
39-5012,"Hairdressers, Hairstylists, and Cosmetologists",base_00,3.25,3.88,3.0,2.88,3.38,1.38,1.75,1.0,2.88,3.25,2.88,1.5,1.88,2.5,2.38,3.0,2.75,1.38,2.5,2.0,2.88,1.38,1.62,3.0,1.0,1.62,3.62,3.12,3.75,2.25,2.25,1.75,3.0,1.5,2.88
39-5091,"Makeup Artists, Theatrical and Performance",base_00,3.12,3.5,3.0,3.12,3.25,1.0,2.0,1.0,2.62,3.25,2.75,2.88,2.75,2.5,2.12,3.12,2.38,1.12,2.38,2.0,2.88,1.38,2.25,3.62,1.0,1.5,3.0,3.0,3.75,2.5,2.38,1.75,3.0,1.62,2.88
39-5092,Manicurists and Pedicurists,base_00,2.75,3.0,2.25,2.75,2.5,1.0,1.5,1.0,2.12,2.38,2.12,1.38,1.5,2.0,1.88,2.62,2.5,1.12,1.5,1.5,2.62,1.0,1.75,2.75,1.0,1.0,3.0,3.0,3.0,2.0,2.0,1.75,2.75,1.38,2.12
39-5093,Shampooers,base_00,2.25,3.12,2.12,2.75,2.5,1.0,1.38,1.0,2.12,2.5,2.0,1.38,1.38,2.0,1.62,2.75,2.25,1.25,1.12,2.12,2.38,1.0,1.5,2.5,1.0,1.0,3.0,2.75,3.25,1.5,1.5,1.38,2.5,1.38,2.38
39-5094,Skincare Specialists,base_00,3.0,3.5,3.0,3.0,3.12,1.0,1.88,1.0,2.88,2.88,2.75,1.5,1.75,2.0,2.0,3.25,2.62,2.0,2.0,2.12,2.75,1.25,2.12,3.12,1.0,1.38,3.62,3.12,3.75,2.38,2.25,1.38,3.0,1.5,2.88
39-6011,Baggage Porters and Bellhops,base_00,2.25,3.62,2.88,3.0,3.0,1.62,1.5,1.0,2.5,2.75,2.25,1.88,1.88,2.12,2.0,2.88,2.25,2.38,1.12,2.38,2.25,1.25,2.0,2.88,1.62,1.0,3.75,2.88,3.62,2.12,2.0,1.25,2.88,2.0,2.75
39-6012,Concierges,base_00,2.88,4.0,2.88,3.5,3.0,1.0,1.0,1.0,2.0,3.0,2.0,1.75,1.75,2.0,2.0,3.0,2.75,1.0,1.25,1.38,3.0,1.25,1.25,3.0,1.0,1.0,4.0,4.0,4.0,2.0,2.0,1.75,3.0,1.25,2.75
39-7011,Tour Guides and Escorts,base_00,2.25,3.25,2.12,3.0,2.88,1.0,1.0,1.0,2.38,2.75,2.25,1.0,1.25,2.0,2.0,3.0,2.12,1.12,1.75,1.75,2.62,1.0,1.25,3.0,1.0,1.0,3.12,3.25,3.88,1.62,1.88,1.62,3.0,1.0,2.25
39-7012,Travel Guides,base_00,3.12,3.88,3.12,3.75,3.12,1.0,1.5,1.0,2.75,3.12,2.75,2.62,2.75,2.88,2.5,3.0,3.12,2.12,2.0,2.0,3.75,1.88,2.12,3.25,1.12,1.0,4.12,3.88,4.0,2.75,2.62,1.75,3.25,1.5,3.12
39-9011,Childcare Workers,base_00,3.0,3.5,3.19,3.31,3.37,1.0,1.0,1.0,3.125,3.31,3.125,1.5,1.625,2.315,1.87,3.69,2.875,1.44,1.5,1.88,3.25,1.0,1.94,3.0,1.0,1.37,3.565,3.565,3.435,2.25,2.63,1.815,3.19,1.63,3.0
39-9031,Exercise Trainers and Group Fitness Instructors,base_00,3.0,3.25,2.62,3.0,3.0,1.5,1.75,1.0,4.0,3.0,3.12,1.0,1.38,2.12,1.75,3.0,2.0,1.62,2.0,1.88,2.88,1.12,1.88,3.0,1.12,1.75,3.75,3.12,3.62,2.25,2.12,1.75,3.0,1.88,2.62
39-9032,Recreation Workers,base_00,3.12,4.0,3.12,4.0,3.25,1.0,1.38,1.0,3.75,3.0,3.12,2.0,2.62,3.12,2.12,3.75,3.0,1.62,2.0,2.0,3.12,1.38,1.88,3.12,1.0,1.62,4.0,4.0,4.0,2.88,2.75,1.88,3.25,1.88,3.12
39-9041,Residential Advisors,base_00,3.0,3.88,3.12,3.75,3.62,1.0,1.0,1.0,2.88,3.12,2.75,2.12,2.25,2.88,2.0,3.75,3.62,1.75,2.0,2.0,3.38,1.38,2.0,3.12,1.0,1.38,3.62,4.0,3.75,2.75,2.75,1.88,3.62,1.75,3.0
41-1011,First-Line Supervisors of Retail Sales Workers,base_00,3.0,3.88,3.0,3.5,3.5,1.0,1.0,1.0,3.25,3.12,3.0,2.5,2.62,3.25,2.75,3.5,3.25,1.5,2.5,1.88,3.25,1.75,2.12,3.0,1.0,1.0,3.75,3.5,3.75,3.0,3.0,1.88,3.12,1.38,3.0
41-1012,First-Line Supervisors of Non-Retail Sales Workers,base_00,3.5,4.0,3.62,3.88,3.62,1.0,1.0,1.0,3.25,3.88,3.25,2.88,2.88,4.0,3.0,4.0,3.62,1.62,2.0,1.75,3.75,1.5,2.25,3.62,1.0,1.0,3.12,3.88,4.0,3.12,3.12,1.5,3.88,1.12,3.62
41-2011,Cashiers,base_00,2.0,3.0,2.0,2.75,2.75,1.0,1.0,1.0,2.38,2.5,2.0,1.5,1.38,2.0,2.62,2.62,2.38,1.5,1.0,1.88,2.38,1.0,1.38,2.75,1.0,1.25,3.12,3.0,3.0,2.0,2.0,1.0,2.62,1.38,2.12
41-2012,Gambling Change Persons and Booth Cashiers,base_00,2.0,3.0,2.88,3.0,2.88,1.62,1.62,1.0,2.38,2.75,2.0,2.12,2.0,2.25,2.88,2.88,2.62,2.0,1.12,2.38,2.62,1.25,2.25,3.12,2.0,1.0,3.0,3.0,3.0,2.0,2.0,1.0,2.38,2.12,2.75
41-2021,Counter and Rental Clerks,base_00,2.75,3.75,2.75,3.0,3.12,1.62,1.62,1.0,2.5,2.88,2.12,2.0,2.12,2.38,2.25,3.0,2.88,2.0,1.0,2.38,2.88,1.38,1.62,3.25,1.62,1.0,3.38,3.12,3.38,2.0,2.0,1.62,3.0,1.62,3.0
41-2022,Parts Salespersons,base_00,2.88,4.0,2.88,2.88,3.25,1.88,2.12,1.0,2.88,3.0,2.38,1.5,2.12,2.12,2.75,3.12,2.88,2.0,1.25,2.25,3.75,1.38,2.12,3.62,1.88,1.0,3.62,3.38,4.0,2.25,2.12,1.5,3.0,2.0,3.0
41-2031,Retail Salespersons,base_00,3.0,3.75,2.75,3.0,3.12,1.0,1.0,1.0,2.88,2.88,2.62,2.12,2.0,2.38,2.62,3.0,3.5,2.0,1.5,2.0,3.88,1.25,2.0,3.0,1.0,1.0,3.75,3.5,3.75,2.0,2.0,1.88,3.0,1.75,3.0
41-3011,Advertising Sales Agents,base_00,2.88,3.75,3.0,3.12,3.25,1.0,1.0,1.0,2.25,3.25,2.62,2.0,2.0,2.38,2.75,3.0,3.75,2.0,2.12,2.0,4.0,1.88,1.62,3.38,1.0,1.0,3.88,3.88,4.12,3.0,2.12,1.88,3.0,1.0,3.12
41-3021,Insurance Sales Agents,base_00,3.0,3.88,2.88,3.0,3.75,1.0,1.0,1.0,2.62,3.0,2.75,1.25,1.12,2.0,3.0,2.88,3.25,1.75,1.88,1.75,3.62,1.75,1.12,4.0,1.0,1.12,3.38,3.12,3.88,2.75,2.75,1.75,3.5,1.0,3.62
41-3031,"Securities, Commodities, and Financial Services Sales Agents",base_00,3.5,3.75,3.38,2.88,3.75,1.12,1.12,1.12,2.88,3.62,2.62,3.12,2.0,2.75,3.12,3.62,3.0,1.12,2.0,1.62,3.5,1.88,1.38,3.5,1.0,1.25,3.25,3.38,3.5,3.25,3.12,1.62,3.12,1.12,3.38
41-3041,Travel Agents,base_00,3.12,4.12,3.0,3.12,3.12,1.0,1.12,1.0,2.62,3.38,2.5,2.12,1.75,1.88,2.88,3.0,3.12,1.62,1.75,1.75,3.62,1.75,1.25,4.0,1.0,1.25,4.12,3.75,4.0,2.38,2.25,1.75,3.0,1.0,3.12
41-4011,"Sales Representatives, Wholesale and Manufacturing, Technical and Scientific Products",base_00,3.31,3.81,3.25,3.31,3.44,1.0,1.435,1.0,2.88,3.12,2.75,2.25,2.06,2.37,2.815,3.06,3.625,1.875,2.06,1.94,3.935,1.75,1.94,3.685,1.0,1.44,3.685,3.69,4.125,2.815,2.435,1.94,3.0,1.31,3.25
41-4012,"Sales Representatives, Wholesale and Manufacturing, Except Technical and Scientific Products",base_00,3.12,4.0,3.12,3.12,3.5,1.0,1.0,1.0,2.75,3.12,2.25,1.88,1.88,1.88,2.25,3.12,3.75,1.75,1.75,1.62,3.75,1.5,1.25,3.38,1.0,1.0,3.12,3.75,4.0,2.25,2.25,1.62,3.0,1.0,3.25
41-9011,Demonstrators and Product Promoters,base_00,2.88,3.88,3.0,3.0,3.0,1.0,1.0,1.0,2.38,3.0,2.75,1.62,1.62,2.38,2.12,3.0,2.38,1.75,2.0,2.12,3.5,1.12,2.12,3.25,1.0,1.0,3.25,3.0,3.88,2.12,2.25,1.88,3.0,2.0,3.0
41-9012,Models,base_00,1.88,2.75,1.88,2.62,2.62,1.0,1.0,1.0,1.25,2.12,1.12,1.0,1.0,1.5,1.25,1.88,2.0,1.0,1.38,1.0,2.0,1.0,1.12,2.5,1.0,1.0,1.88,2.88,2.75,1.75,1.12,1.5,2.5,1.0,2.0
41-9021,Real Estate Brokers,base_00,3.62,3.88,3.0,3.12,3.88,1.0,1.0,1.0,2.5,3.38,2.5,2.12,1.75,2.62,2.88,3.12,3.62,1.75,1.62,1.75,3.5,1.5,2.62,3.88,1.0,1.12,3.25,3.38,4.0,2.38,2.25,1.38,3.0,1.62,3.38
41-9022,Real Estate Sales Agents,base_00,3.12,4.0,3.12,3.75,3.62,1.0,1.0,1.0,2.62,3.25,2.5,2.12,1.75,2.75,3.12,3.0,3.88,1.75,1.75,1.75,3.62,1.62,2.12,3.38,1.0,1.12,3.5,3.75,4.0,2.62,2.62,1.62,3.38,1.75,3.38
41-9031,Sales Engineers,base_00,3.75,4.0,3.88,3.38,4.0,1.0,1.88,1.0,3.38,4.0,3.0,2.38,2.25,2.62,3.0,2.88,3.88,1.62,2.75,1.88,4.12,1.88,1.88,4.0,1.0,2.12,3.75,4.0,4.12,3.62,3.5,2.75,3.5,1.75,3.75
41-9041,Telemarketers,base_00,2.0,4.0,2.38,2.5,3.0,1.0,1.0,1.0,2.25,2.38,1.5,1.25,1.25,1.62,1.38,2.25,3.0,1.12,1.38,1.25,4.12,1.25,1.12,3.25,1.0,1.0,3.5,3.25,4.12,1.75,1.62,1.25,2.38,1.0,2.5
41-9091,"Door-to-Door Sales Workers, News and Street Vendors, and Related Workers",base_00,2.62,3.38,2.62,3.25,2.88,1.0,1.0,1.0,2.38,3.0,2.25,1.62,1.75,1.88,1.88,2.75,3.25,1.38,1.75,1.38,4.0,1.62,1.12,3.0,1.0,1.0,3.62,3.75,4.0,2.0,2.12,1.75,2.75,1.0,2.88
43-1011,First-Line Supervisors of Office and Administrative Support Workers,base_00,3.75,4.0,3.38,4.0,3.88,1.0,1.0,1.0,3.75,3.75,3.62,2.5,2.75,3.75,2.75,4.0,3.62,1.12,2.38,2.25,3.62,1.88,2.88,4.0,1.0,1.0,3.62,4.0,4.0,3.0,3.12,1.5,3.75,2.0,3.75
43-2011,"Switchboard Operators, Including Answering Service",base_00,2.5,4.0,2.5,3.0,2.75,1.0,1.0,1.0,2.0,2.62,2.0,1.0,1.0,1.88,1.88,2.88,2.12,1.75,1.38,2.0,2.38,1.25,1.62,3.0,1.0,1.0,3.12,3.5,3.88,2.0,1.88,1.0,2.75,1.5,2.75
43-2021,Telephone Operators,base_00,2.25,4.0,2.62,2.5,3.0,1.0,1.0,1.0,2.0,2.25,2.0,1.38,1.38,2.0,1.88,2.75,1.88,1.25,1.12,1.75,2.0,1.38,1.12,3.0,1.0,1.0,3.5,3.12,4.0,2.0,1.88,1.25,2.5,1.0,2.25
43-3011,Bill and Account Collectors,base_00,2.88,3.88,2.88,2.88,3.12,1.0,1.0,1.0,2.38,2.88,2.12,1.5,1.5,2.12,2.62,3.0,3.0,1.0,1.12,1.88,3.38,1.25,1.62,3.12,1.0,1.0,3.0,3.38,3.88,2.25,2.0,1.0,3.0,1.5,3.25
43-3021,Billing and Posting Clerks,base_00,2.75,3.12,2.88,2.75,3.12,1.38,1.38,1.0,2.12,2.88,2.38,1.5,1.62,2.25,3.25,3.12,2.25,1.5,1.25,1.88,2.12,2.0,1.75,3.62,1.5,1.12,2.88,2.88,3.12,2.25,2.25,1.25,3.12,1.62,3.0
43-3031,"Bookkeeping, Accounting, and Auditing Clerks",base_00,2.75,3.25,2.88,2.88,3.25,1.0,1.0,1.0,2.12,2.75,2.0,2.0,1.75,2.12,3.38,3.0,2.25,1.12,1.38,1.62,2.25,1.38,1.12,3.25,1.0,1.12,2.88,2.75,3.12,2.12,2.12,1.12,3.0,1.0,3.12
43-3041,Gambling Cage Workers,base_00,2.38,3.25,2.25,2.88,3.0,1.0,1.0,1.0,2.88,2.88,2.38,1.88,1.5,2.25,3.25,3.0,2.88,2.0,1.12,2.12,2.88,1.25,2.0,3.0,1.0,1.0,3.0,3.0,3.5,2.0,2.0,1.0,3.0,1.38,3.0
43-3051,Payroll and Timekeeping Clerks,base_00,2.75,3.75,3.0,2.75,3.12,1.0,1.0,1.0,2.25,2.88,2.25,1.25,1.0,2.0,3.25,3.0,2.0,1.0,1.25,1.88,2.0,1.88,1.62,3.88,1.0,1.0,3.0,2.88,3.12,2.12,2.0,1.38,2.88,1.0,3.12
43-3061,Procurement Clerks,base_00,3.25,3.88,3.5,3.12,3.75,1.0,1.0,1.0,2.5,3.5,2.38,2.38,2.38,2.75,3.0,3.62,2.88,1.0,1.88,1.25,2.88,1.38,1.62,4.0,1.0,1.0,3.12,3.62,4.0,2.25,2.25,1.5,3.0,1.0,3.62
43-3071,Tellers,base_00,2.88,3.5,2.88,2.88,3.12,1.0,1.0,1.0,2.88,2.88,2.25,1.62,1.5,2.38,3.0,3.12,2.5,2.0,1.12,2.0,2.75,1.25,1.88,3.12,1.0,1.0,3.12,3.12,3.25,2.12,2.38,1.38,3.0,1.5,3.0
43-4011,Brokerage Clerks,base_00,3.0,3.88,2.88,2.88,3.38,1.0,1.0,1.0,2.5,3.0,2.62,2.0,1.88,2.62,3.0,3.12,2.88,1.12,1.75,1.88,2.5,2.0,1.12,3.75,1.0,1.0,3.0,3.0,3.88,2.88,2.5,1.0,3.5,1.0,3.12
43-4021,Correspondence Clerks,base_00,2.75,3.75,2.88,2.88,3.38,1.0,1.0,1.0,2.25,3.25,2.62,1.38,1.5,2.25,2.75,2.88,2.62,1.12,1.25,1.38,2.75,1.38,1.5,3.75,1.0,1.25,3.0,3.12,3.5,2.12,2.12,1.25,3.0,1.0,4.0
43-4031,"Court, Municipal, and License Clerks",base_00,2.62,3.62,2.88,3.0,3.25,1.25,1.38,1.0,2.38,3.0,2.5,1.75,1.5,2.75,2.38,3.0,2.12,1.5,1.25,1.75,2.38,1.75,1.75,3.38,1.25,1.12,3.12,3.25,3.62,2.5,2.25,1.5,3.12,1.25,3.38
43-4041,"Credit Authorizers, Checkers, and Clerks",base_00,2.62,3.62,2.75,3.0,3.25,1.0,1.0,1.0,2.75,3.0,2.5,1.88,1.75,2.62,2.5,3.0,2.38,1.12,1.25,1.0,2.62,1.62,1.25,3.62,1.0,1.12,3.0,3.12,3.62,2.12,2.12,1.0,3.12,1.0,3.12
43-4051,Customer Service Representatives,base_00,2.88,4.0,3.12,2.88,3.25,1.0,1.0,1.0,2.75,2.88,2.62,1.38,1.38,2.38,2.25,3.0,3.0,1.0,1.62,1.75,3.0,1.5,1.12,3.38,1.0,1.0,4.0,3.0,3.88,2.25,2.25,1.88,3.12,1.0,3.0
43-4061,"Eligibility Interviewers, Government Programs",base_00,3.12,4.0,3.12,3.12,3.5,1.0,1.0,1.0,2.12,3.25,2.5,1.12,1.0,2.25,2.25,3.12,3.0,1.0,1.0,1.5,2.88,1.25,1.0,3.88,1.0,1.25,3.62,3.75,4.25,2.12,2.25,1.25,3.0,1.0,3.75
43-4071,File Clerks,base_00,2.88,3.38,2.88,2.88,3.0,1.0,1.12,1.0,2.25,2.75,2.25,1.88,2.0,2.25,2.12,3.12,2.38,2.0,1.75,1.75,2.25,1.5,2.0,3.88,1.0,1.0,3.12,3.0,3.25,2.0,2.25,1.38,3.0,1.12,3.12
43-4081,"Hotel, Motel, and Resort Desk Clerks",base_00,2.75,3.38,3.0,3.12,2.88,1.0,1.0,1.0,2.88,3.0,2.62,1.62,1.38,3.0,2.62,3.0,2.88,1.12,1.0,2.12,2.88,1.75,2.0,3.0,1.0,1.0,3.62,3.75,3.75,2.25,2.25,1.88,3.0,1.38,2.88
43-4111,"Interviewers, Except Eligibility and Loan",base_00,2.88,4.0,3.12,3.0,3.25,1.0,1.0,1.0,2.88,2.62,2.88,1.5,1.5,2.88,2.25,3.0,3.0,1.0,1.88,2.0,3.0,1.88,1.12,3.5,1.0,1.0,3.25,3.38,3.88,2.25,2.12,1.25,3.25,1.0,3.25
43-4121,"Library Assistants, Clerical",base_00,2.25,3.25,2.88,3.0,3.0,1.25,1.0,1.0,2.75,2.75,2.5,1.88,2.0,2.25,2.12,2.88,2.0,1.0,1.12,1.75,2.12,1.5,2.0,3.25,1.25,1.0,3.38,2.88,3.0,2.0,2.0,1.38,2.88,1.25,3.0
43-4131,Loan Interviewers and Clerks,base_00,3.38,4.12,3.5,3.0,3.75,1.0,1.0,1.0,3.0,3.38,2.62,2.12,1.25,2.0,3.12,3.0,2.88,1.0,2.0,1.88,3.0,1.75,1.75,3.88,1.0,1.12,3.0,3.38,4.0,2.5,2.5,1.75,3.25,1.5,3.62
43-4141,New Accounts Clerks,base_00,2.75,4.0,2.75,3.12,3.12,1.0,1.0,1.0,2.38,3.0,2.5,1.38,1.12,2.12,2.88,3.12,2.38,1.25,1.38,1.62,3.0,1.62,1.62,3.5,1.0,1.0,3.38,3.25,4.0,2.38,2.0,1.25,2.88,1.0,3.0
43-4151,Order Clerks,base_00,3.0,4.0,2.88,3.0,3.12,1.0,1.0,1.0,2.38,3.12,2.38,1.62,1.75,2.12,3.0,3.12,2.88,1.62,1.5,1.62,3.0,1.38,2.25,3.5,1.0,1.0,3.5,3.0,3.88,2.25,2.12,1.25,2.88,1.5,3.12
43-4161,"Human Resources Assistants, Except Payroll and Timekeeping",base_00,3.0,4.0,3.0,3.0,3.38,1.0,1.0,1.0,2.5,3.0,2.5,1.62,1.62,2.38,2.0,3.38,2.62,1.25,1.75,1.75,2.88,1.75,1.25,4.0,1.0,1.12,3.0,3.38,3.75,2.25,2.25,1.62,3.12,1.0,3.5
43-4171,Receptionists and Information Clerks,base_00,2.75,3.75,2.75,3.0,3.12,1.0,1.0,1.0,2.62,2.38,2.12,1.38,1.38,2.0,2.0,2.88,2.25,1.0,1.12,1.62,2.62,1.38,1.88,3.12,1.0,1.0,3.62,3.12,3.88,2.0,2.0,1.0,2.88,1.38,3.0
43-4181,Reservation and Transportation Ticket Agents and Travel Clerks,base_00,3.0,4.0,3.0,3.12,3.38,1.0,1.0,1.0,2.88,3.12,2.62,1.38,1.38,2.25,2.62,3.0,2.88,1.5,1.75,2.12,3.25,1.88,1.88,3.5,1.0,1.0,4.0,3.62,4.0,2.75,2.38,1.5,3.12,1.38,3.12
43-5011,Cargo and Freight Agents,base_00,2.935,3.44,3.06,3.375,3.315,1.56,1.56,1.06,2.625,2.875,2.375,1.88,2.12,2.31,2.625,3.25,3.185,1.56,1.875,2.315,3.0,1.5,1.935,3.5,1.5,1.0,3.125,3.125,3.435,2.625,2.5,1.565,3.185,1.75,3.125
43-5021,Couriers and Messengers,base_00,2.62,3.25,2.62,2.75,3.0,1.75,1.12,1.0,1.88,2.88,2.12,1.62,1.62,1.88,2.5,2.75,2.12,2.62,1.38,2.5,2.38,1.0,1.88,3.0,1.12,1.12,3.0,2.75,3.25,2.0,2.0,1.38,3.25,1.88,3.0
43-5031,Public Safety Telecommunicators,base_00,3.12,4.38,3.25,3.75,3.75,1.5,1.5,1.12,3.0,3.38,2.75,1.88,2.0,2.5,2.0,3.12,2.88,2.0,2.0,2.5,3.12,1.88,2.0,3.62,1.62,1.38,3.75,3.88,4.12,2.62,2.0,1.75,2.88,2.12,3.0
43-5032,"Dispatchers, Except Police, Fire, and Ambulance",base_00,3.0,4.0,3.12,3.88,3.12,1.0,1.0,1.0,2.75,3.12,2.75,1.75,1.88,2.38,2.12,3.88,2.62,1.25,1.62,2.0,2.75,1.38,2.0,3.75,1.0,1.12,3.12,3.12,4.0,2.88,2.75,1.62,3.75,1.62,3.12
43-5041,"Meter Readers, Utilities",base_00,2.75,3.0,2.88,2.62,3.0,2.0,1.62,1.12,2.5,2.62,2.38,1.88,1.88,2.12,2.38,2.88,2.38,2.88,1.5,2.88,2.5,1.88,2.38,3.0,2.0,1.12,3.0,2.75,3.0,2.0,2.0,1.5,3.0,2.5,2.62
43-5051,Postal Service Clerks,base_00,2.62,3.38,2.75,2.75,3.0,1.0,1.0,1.0,2.0,2.88,2.12,1.88,1.88,2.12,2.75,3.0,2.25,1.75,1.5,2.0,2.62,1.62,2.0,3.12,1.0,1.0,3.12,3.0,3.25,2.0,2.0,1.5,3.0,1.88,2.88
43-5052,Postal Service Mail Carriers,base_00,2.0,3.0,2.25,2.75,3.0,1.0,1.0,1.0,1.12,2.62,1.75,1.12,1.38,1.0,1.62,2.62,2.0,2.25,1.75,2.25,2.0,1.0,1.75,2.62,1.0,1.0,2.62,3.0,3.0,2.0,2.0,1.0,2.88,1.12,2.12
43-5053,"Postal Service Mail Sorters, Processors, and Processing Machine Operators",base_00,2.12,2.88,2.5,3.0,3.0,1.62,1.12,1.0,2.25,2.88,2.12,1.0,1.0,2.12,2.0,3.12,1.75,2.75,1.5,2.88,2.0,1.62,2.25,3.0,1.38,1.0,2.5,2.75,3.0,2.12,1.88,1.0,2.88,2.12,2.25
43-5061,"Production, Planning, and Expediting Clerks",base_00,2.75,3.5,3.12,3.0,3.38,1.0,1.12,1.0,2.12,2.88,2.38,2.25,2.62,2.5,2.62,3.12,2.62,1.5,1.62,2.12,2.62,1.88,2.25,3.62,1.0,1.12,2.62,2.88,3.62,2.88,2.75,1.88,3.5,2.0,3.12
43-5071,"Shipping, Receiving, and Inventory Clerks",base_00,2.38,3.12,2.88,2.88,3.0,1.0,1.25,1.0,2.5,2.88,2.12,1.88,2.0,2.12,2.25,3.0,2.38,2.0,1.38,2.25,2.75,1.62,2.12,3.12,1.0,1.0,2.62,2.88,3.25,2.12,2.12,1.88,3.0,2.0,2.62
43-5111,"Weighers, Measurers, Checkers, and Samplers, Recordkeeping",base_00,2.75,3.0,2.88,3.0,3.38,1.75,1.75,1.0,2.5,2.88,2.75,1.62,1.62,2.38,2.88,3.12,2.5,2.0,1.25,2.62,2.88,1.75,3.0,3.25,1.62,1.5,3.0,3.0,3.12,2.38,2.25,1.38,2.88,1.75,2.88
43-6011,Executive Secretaries and Executive Administrative Assistants,base_00,3.12,4.0,2.88,3.38,3.25,1.0,1.12,1.0,2.88,3.12,2.88,1.88,2.0,2.38,2.75,3.12,3.0,1.25,1.5,1.75,2.88,1.88,2.12,4.0,1.12,1.38,3.75,3.25,3.88,2.75,2.62,1.75,3.25,1.0,3.75
43-6012,Legal Secretaries and Administrative Assistants,base_00,2.75,4.0,2.88,3.0,3.0,1.0,1.0,1.0,2.12,2.75,2.25,1.25,1.0,2.12,2.12,3.0,2.12,1.0,1.25,2.0,2.38,1.38,2.0,4.0,1.0,1.0,3.0,3.0,3.75,2.0,2.0,1.38,3.25,1.25,3.88
43-6013,Medical Secretaries and Administrative Assistants,base_00,2.25,3.88,3.12,3.12,3.12,1.0,1.0,1.0,2.12,2.88,2.12,1.38,1.62,2.62,2.12,3.0,1.88,1.25,1.62,1.75,2.12,1.38,1.12,3.5,1.0,1.12,3.62,3.0,4.0,2.0,2.0,1.25,3.12,1.0,3.12
43-6014,"Secretaries and Administrative Assistants, Except Legal, Medical, and Executive",base_00,2.88,4.0,2.88,3.12,3.0,1.0,1.0,1.0,2.12,3.0,2.12,1.62,1.75,2.62,2.0,3.12,2.38,1.25,1.88,1.88,2.25,1.62,1.88,3.88,1.0,1.0,3.5,3.0,4.0,2.0,2.0,1.5,3.5,1.0,3.75
43-9021,Data Entry Keyers,base_00,2.75,3.38,2.88,2.75,2.88,1.0,1.5,1.0,2.62,2.62,2.12,1.88,1.88,2.62,2.0,3.25,2.12,1.0,1.12,2.0,2.38,1.75,2.0,3.62,1.0,1.0,2.75,2.62,2.88,2.0,2.0,1.38,3.0,1.0,3.0
43-9022,Word Processors and Typists,base_00,2.25,3.25,2.0,2.62,2.75,1.62,1.12,1.0,1.75,2.5,1.88,1.38,1.62,1.88,2.62,3.0,2.0,1.62,1.62,1.75,2.12,1.75,2.38,3.5,1.0,1.0,2.88,2.62,3.0,2.25,1.88,1.75,3.0,1.5,3.25
43-9031,Desktop Publishers,base_00,3.0,3.5,3.12,2.88,3.75,1.5,1.62,1.0,2.75,3.62,2.88,2.0,2.0,2.88,2.0,3.0,2.5,2.0,2.88,2.38,2.62,2.62,2.5,3.75,1.62,1.0,2.88,3.0,3.5,2.75,2.62,1.88,3.12,1.75,3.12
43-9041,Insurance Claims and Policy Processing Clerks,base_00,2.62,3.25,3.0,3.12,3.25,1.0,1.0,1.0,2.5,3.0,2.62,1.5,1.38,2.0,2.38,3.0,2.88,1.25,1.38,1.88,2.75,1.62,1.62,3.5,1.0,1.12,3.12,3.12,3.38,2.62,2.62,1.12,3.5,1.12,3.12
43-9051,"Mail Clerks and Mail Machine Operators, Except Postal Service",base_00,2.25,2.88,2.25,2.88,3.0,1.88,1.62,1.0,2.0,2.88,2.12,1.75,1.75,1.88,2.25,3.0,1.75,2.88,1.12,2.88,1.88,1.5,2.38,3.0,1.75,1.12,2.62,2.75,3.0,2.12,2.0,1.25,3.0,2.12,2.88
43-9061,"Office Clerks, General",base_00,2.75,3.75,2.62,3.0,3.0,1.0,1.0,1.0,2.75,2.75,2.12,1.62,1.88,2.12,2.12,2.88,2.62,1.38,1.12,2.12,2.62,1.25,1.75,3.75,1.0,1.0,3.0,3.0,3.62,2.0,2.0,1.38,3.0,1.5,3.12
43-9071,"Office Machine Operators, Except Computer",base_00,2.75,3.0,2.88,2.75,3.0,2.75,2.5,1.12,2.12,3.0,2.0,2.12,2.25,2.5,2.5,3.0,2.25,3.25,1.62,3.12,2.25,1.75,2.75,3.12,2.62,1.0,2.75,2.88,3.0,2.62,2.12,1.75,3.0,2.75,2.88
43-9081,Proofreaders and Copy Markers,base_00,2.5,3.12,2.38,2.25,3.0,1.0,1.0,1.0,1.75,2.5,2.0,1.0,1.0,1.62,1.88,2.88,1.75,1.0,1.38,1.0,1.88,1.25,2.38,4.25,1.0,1.12,1.75,2.25,3.25,2.0,2.0,1.0,2.75,1.0,3.62
43-9111,Statistical Assistants,base_00,3.62,3.38,3.62,2.88,3.75,1.0,1.0,1.0,2.75,3.25,2.88,1.38,1.38,2.62,4.38,3.0,2.62,1.0,1.88,1.38,2.75,3.0,2.25,3.75,1.0,2.12,2.88,2.88,3.38,2.5,2.5,1.88,3.25,1.0,3.5
45-1011,"First-Line Supervisors of Farming, Fishing, and Forestry Workers",base_00,3.0,3.38,3.25,3.75,3.75,2.5,2.5,1.12,3.38,3.25,3.25,2.75,2.75,3.5,2.88,3.62,3.0,3.0,1.5,3.38,3.0,1.5,3.12,3.5,2.25,2.25,2.62,3.38,3.62,3.0,3.0,1.88,3.5,2.75,3.12
45-2011,Agricultural Inspectors,base_00,3.25,3.75,3.12,3.12,3.62,1.0,1.12,1.0,3.0,3.25,2.88,1.62,1.75,2.62,2.62,3.75,2.88,2.5,1.75,3.25,2.88,1.5,4.12,3.75,1.0,2.75,2.88,2.75,3.5,3.12,3.12,1.75,2.88,2.0,3.12
45-2021,Animal Breeders,base_00,3.0,3.0,3.0,2.5,3.25,1.0,1.38,1.0,1.88,3.0,2.12,2.12,2.0,2.0,2.12,3.0,1.75,2.62,1.62,2.88,2.38,1.5,2.62,2.88,1.0,3.0,2.38,2.62,3.0,2.38,2.12,1.25,2.75,2.0,2.75
45-2041,"Graders and Sorters, Agricultural Products",base_00,2.12,2.75,2.12,2.5,2.5,1.0,1.0,1.0,1.62,2.25,1.62,1.12,1.12,1.38,1.62,2.88,1.75,1.5,1.0,1.62,1.88,1.0,1.88,2.25,1.0,1.25,1.88,2.12,2.75,1.88,1.62,1.0,2.25,1.5,2.25
45-2091,Agricultural Equipment Operators,base_00,2.25,3.0,2.5,2.75,2.88,3.0,2.5,1.38,2.25,2.5,1.75,1.38,1.5,2.25,1.88,2.75,2.12,3.88,1.12,3.75,2.0,1.0,3.0,2.25,3.0,1.62,2.25,2.88,2.75,2.0,2.0,1.5,2.25,3.12,2.12
45-2092,"Farmworkers and Laborers, Crop, Nursery, and Greenhouse",base_00,2.62,2.88,2.38,2.5,2.75,2.62,2.38,1.62,2.25,2.38,2.5,1.88,2.0,2.38,2.12,2.75,2.12,2.75,1.5,3.0,2.5,1.62,2.62,2.75,2.75,1.25,2.38,2.75,3.0,2.5,2.38,1.5,2.75,2.62,2.75
45-2093,"Farmworkers, Farm, Ranch, and Aquacultural Animals",base_00,2.88,3.12,3.0,3.0,3.38,2.75,2.88,1.0,2.38,3.12,2.12,1.75,2.0,2.5,2.12,3.25,2.12,3.12,1.38,3.12,2.5,1.0,2.88,3.0,2.75,1.88,2.38,2.62,3.0,2.25,2.25,1.38,2.88,3.0,2.62
45-3031,Fishing and Hunting Workers,base_00,2.5,2.75,2.75,3.12,3.12,2.62,2.5,1.25,2.75,3.12,2.75,2.12,2.5,2.62,2.12,2.88,2.12,2.62,1.25,2.62,2.12,1.12,2.25,2.75,2.25,1.62,2.25,2.62,3.0,2.38,2.12,1.5,2.88,2.62,2.25
45-4011,Forest and Conservation Workers,base_00,3.0,3.0,2.88,3.0,3.12,2.25,2.12,1.0,2.25,3.0,2.62,1.38,1.62,2.12,2.12,3.12,2.0,2.62,1.25,2.75,2.38,1.38,2.12,3.0,2.12,2.0,2.38,2.75,3.0,2.25,2.0,1.38,2.88,2.12,2.62
45-4021,Fallers,base_00,2.38,2.88,2.62,2.5,3.25,2.88,2.62,1.0,2.0,3.0,1.38,1.88,1.88,2.0,2.38,3.25,2.0,3.38,2.12,3.25,2.25,1.0,2.62,2.0,2.75,1.75,2.12,2.25,2.62,1.12,2.0,1.0,2.5,2.75,1.88
45-4022,Logging Equipment Operators,base_00,2.25,3.0,2.88,2.75,2.88,3.12,2.75,1.12,2.25,2.88,2.25,1.75,1.88,2.25,2.38,3.0,2.25,4.0,1.5,3.75,2.38,1.0,3.0,2.5,2.88,1.5,2.25,2.75,2.75,2.38,2.25,1.25,2.88,3.0,2.75
45-4023,Log Graders and Scalers,base_00,3.0,3.25,2.88,3.0,3.25,1.62,1.75,1.0,2.5,3.0,2.38,1.75,1.88,2.38,2.75,3.0,2.62,2.75,1.62,2.88,2.75,1.5,2.5,2.88,1.38,1.75,2.62,2.75,3.12,2.5,2.12,1.38,2.88,2.0,3.0
47-1011,First-Line Supervisors of Construction Trades and Extraction Workers,base_00,3.0,3.625,3.12,3.815,3.56,2.06,2.565,1.44,3.19,3.25,3.06,2.375,2.5,3.685,2.75,3.565,3.06,2.815,2.25,2.94,3.19,1.375,3.06,3.5,2.06,1.75,3.0,3.12,3.685,2.94,2.94,1.69,3.565,2.31,3.0
47-2011,Boilermakers,base_00,3.0,3.0,3.0,2.88,3.5,3.12,3.0,2.0,2.62,3.0,2.75,1.62,1.75,2.0,2.12,3.0,2.0,3.75,2.75,4.0,2.0,1.12,3.12,3.0,3.12,1.75,2.5,2.75,3.0,2.12,2.0,1.62,3.0,3.12,2.62
47-2021,Brickmasons and Blockmasons,base_00,2.88,3.0,2.88,3.12,3.12,2.0,2.62,1.12,2.25,2.88,2.12,1.88,2.0,2.25,2.88,3.0,2.25,2.62,2.12,3.0,2.5,1.0,3.0,2.75,2.0,1.75,2.25,2.75,3.0,2.12,2.0,1.62,3.0,2.0,2.25
47-2022,Stonemasons,base_00,2.75,3.0,3.25,3.12,3.5,2.0,2.25,1.0,2.62,3.25,2.62,1.62,2.25,2.88,3.0,3.0,2.62,2.88,1.75,3.12,2.62,1.0,2.75,3.0,2.25,1.62,2.62,2.62,3.0,2.62,2.25,1.88,3.25,2.25,2.62
47-2031,Carpenters,base_00,3.0,3.38,3.0,3.25,3.38,2.25,2.75,2.25,2.62,3.0,2.75,1.88,2.38,2.62,3.0,3.38,2.5,2.88,1.75,2.88,2.5,1.5,3.12,3.12,2.38,1.38,2.75,2.75,3.12,2.5,2.62,1.75,3.0,2.38,2.88
47-2041,Carpet Installers,base_00,2.62,2.88,2.75,3.12,3.0,1.75,2.25,1.38,2.5,2.88,2.38,1.5,2.0,2.5,3.0,3.12,2.25,2.5,2.0,2.62,2.38,1.0,3.0,2.62,1.88,1.0,2.62,2.88,2.88,2.0,2.12,1.62,3.0,2.12,2.0
47-2042,"Floor Layers, Except Carpet, Wood, and Hard Tiles",base_00,2.75,3.12,2.75,2.88,2.88,1.0,1.62,1.0,2.38,2.88,2.12,1.12,1.25,2.38,2.12,2.88,2.5,2.38,1.88,2.25,2.38,1.0,2.0,2.38,1.0,1.25,2.38,2.88,3.12,1.75,1.75,1.25,2.88,1.62,2.38
47-2043,Floor Sanders and Finishers,base_00,2.62,3.0,2.75,3.0,2.75,2.25,2.12,1.0,2.12,2.62,2.12,1.38,1.62,1.88,2.0,2.88,2.0,3.12,1.38,2.88,2.12,1.0,2.62,2.62,2.12,1.12,2.5,2.38,2.75,2.0,2.0,1.38,2.88,2.12,2.12
47-2044,Tile and Stone Setters,base_00,2.38,3.12,3.0,3.0,3.0,2.0,2.12,1.5,2.62,2.75,2.12,1.5,2.0,2.25,3.0,2.75,2.38,2.25,1.75,2.5,2.25,1.0,2.62,2.88,2.0,1.12,2.62,2.5,3.0,2.12,2.0,1.62,3.0,2.0,2.0
47-2051,Cement Masons and Concrete Finishers,base_00,2.12,3.0,3.0,3.12,3.0,2.0,2.12,1.38,2.5,3.0,2.38,1.75,1.88,2.5,2.62,3.25,2.0,2.88,1.38,2.75,2.12,1.12,3.12,2.38,1.88,1.25,2.25,2.5,3.12,2.0,2.0,1.75,3.12,2.38,2.0
47-2053,Terrazzo Workers and Finishers,base_00,2.38,2.5,2.62,3.0,2.62,2.12,2.5,1.25,2.12,2.88,2.12,1.62,1.88,2.12,2.38,2.75,1.88,2.75,1.88,2.75,2.0,1.0,3.0,2.12,2.0,1.62,2.38,2.62,2.88,2.0,1.88,1.38,2.75,2.12,1.88
47-2061,Construction Laborers,base_00,2.12,3.12,2.75,3.12,2.75,2.5,2.62,1.88,2.12,2.38,2.12,1.5,1.62,2.0,2.0,2.62,2.0,3.12,1.62,3.0,2.0,1.0,2.12,2.75,2.25,1.5,2.12,2.62,3.25,1.88,2.0,1.5,2.5,2.25,2.25
47-2071,"Paving, Surfacing, and Tamping Equipment Operators",base_00,2.62,2.88,2.62,3.0,3.0,2.88,2.5,1.62,2.0,2.88,2.25,1.5,1.5,1.88,2.0,3.25,1.88,3.38,1.5,3.62,1.88,1.0,2.75,2.5,3.0,1.12,2.0,2.5,2.88,2.12,2.12,1.62,2.75,3.0,1.88
47-2072,Pile Driver Operators,base_00,2.0,3.0,2.75,3.0,2.88,3.25,2.12,1.0,2.12,2.75,1.88,1.5,1.75,1.88,2.12,3.25,1.88,4.12,1.12,4.0,1.88,1.0,2.88,2.5,2.75,1.38,2.0,2.5,2.75,2.0,2.0,1.5,2.88,3.12,2.25
47-2073,Operating Engineers and Other Construction Equipment Operators,base_00,2.88,3.0,2.88,2.88,2.88,3.25,2.38,1.38,2.38,2.88,2.12,1.75,1.88,2.12,2.0,3.12,2.0,4.12,1.75,3.25,2.25,1.12,2.88,2.88,2.88,1.5,2.25,2.75,2.88,2.0,2.0,1.75,3.0,3.0,2.0
47-2081,Drywall and Ceiling Tile Installers,base_00,2.12,2.75,2.62,2.88,3.0,1.88,2.38,1.75,2.12,2.88,2.0,1.62,1.75,2.0,2.25,2.88,1.75,2.5,1.88,2.5,2.0,1.0,2.5,2.75,1.62,1.12,2.0,2.5,2.88,2.0,2.0,1.75,2.88,2.0,2.12
47-2082,Tapers,base_00,2.25,2.88,2.12,2.5,2.62,1.62,1.62,1.62,2.12,2.38,2.12,1.0,1.62,2.12,1.62,2.88,2.0,2.12,1.75,2.25,2.0,1.0,2.12,2.25,1.5,1.12,2.12,2.62,2.88,2.0,2.0,1.12,2.75,2.0,2.0
47-2111,Electricians,base_00,3.25,3.38,3.12,3.12,3.38,3.0,3.0,3.25,3.0,3.25,3.0,2.38,2.38,2.88,3.0,3.12,2.25,3.0,2.75,3.12,3.0,1.0,3.25,3.12,3.5,2.0,3.0,2.88,3.38,3.0,2.88,2.12,3.0,4.0,3.0
47-2121,Glaziers,base_00,2.25,2.88,2.88,3.0,3.0,1.88,2.12,2.25,2.12,2.88,2.12,1.88,1.88,2.12,2.0,2.75,2.12,2.88,1.75,2.88,2.25,1.0,2.25,3.0,1.88,1.5,2.5,2.88,3.0,2.0,2.0,1.75,3.0,2.0,2.25
47-2131,"Insulation Workers, Floor, Ceiling, and Wall",base_00,2.62,3.0,2.75,2.88,3.0,2.0,2.25,1.25,2.25,2.62,2.12,2.0,2.0,2.12,2.25,2.88,2.5,3.0,1.88,2.88,2.62,1.0,2.62,2.62,2.12,1.0,2.38,2.75,3.0,2.0,2.0,1.75,2.75,2.38,2.12
47-2132,"Insulation Workers, Mechanical",base_00,2.75,3.0,2.62,3.0,3.0,1.38,1.75,2.12,2.5,2.88,2.12,1.38,1.75,2.25,2.12,3.0,2.12,2.62,1.88,2.75,2.0,1.0,2.75,2.75,1.38,1.38,2.12,2.62,2.88,2.0,2.0,1.5,3.0,2.12,2.0
47-2141,"Painters, Construction and Maintenance",base_00,2.0,3.0,1.88,2.88,3.0,1.38,1.75,1.0,2.0,2.75,2.0,1.75,1.88,2.0,2.0,2.88,1.88,2.0,1.62,2.0,2.0,1.0,2.0,2.75,1.62,1.5,2.38,2.88,2.38,1.88,2.0,1.38,3.0,1.88,2.0
47-2142,Paperhangers,base_00,2.0,3.0,2.75,3.0,2.88,1.0,1.5,1.12,2.0,2.75,2.0,1.25,1.5,2.12,2.0,2.75,2.0,2.38,1.38,2.38,2.12,1.0,2.25,2.38,1.0,1.25,2.38,2.62,3.0,1.62,1.62,1.25,2.88,2.0,2.0
47-2151,Pipelayers,base_00,2.0,3.0,2.38,3.0,3.0,2.62,2.62,2.75,2.0,2.88,2.12,1.5,1.5,2.0,2.0,2.62,2.0,3.12,1.0,3.0,2.0,1.0,3.0,2.88,2.75,1.0,2.0,2.62,3.0,2.0,1.88,1.62,2.88,2.75,2.0
47-2152,"Plumbers, Pipefitters, and Steamfitters",base_00,2.81,3.065,3.0,2.94,3.375,2.81,2.815,3.75,2.81,3.185,2.44,1.815,1.88,2.44,2.56,3.185,2.375,2.94,1.75,3.125,2.5,1.56,3.065,3.13,3.065,1.625,2.875,2.815,3.125,2.815,2.815,2.065,3.06,3.185,2.815
47-2161,Plasterers and Stucco Masons,base_00,2.75,3.0,2.75,2.88,2.75,1.5,2.12,1.75,2.5,2.75,2.62,1.88,2.25,2.62,2.0,2.88,2.25,2.75,1.88,2.88,2.25,1.0,3.0,2.75,1.62,1.12,2.88,2.75,2.88,2.12,2.12,1.75,3.0,2.12,2.12
47-2171,Reinforcing Iron and Rebar Workers,base_00,2.38,2.62,2.75,3.12,3.0,1.75,2.0,1.12,2.25,2.88,2.25,1.62,1.75,2.12,2.38,2.88,1.88,2.88,1.88,2.75,1.88,1.0,2.62,2.62,1.62,1.25,2.0,2.5,2.62,2.12,1.88,1.75,2.75,2.0,1.88
47-2181,Roofers,base_00,2.62,3.12,2.88,3.62,3.12,1.88,2.0,1.75,2.5,2.75,2.12,1.88,2.0,2.12,2.25,3.0,2.0,3.0,1.75,3.0,2.25,1.0,2.38,2.75,1.75,1.25,2.38,2.75,3.0,2.0,2.0,1.75,3.0,2.12,2.0
47-2211,Sheet Metal Workers,base_00,2.88,3.0,2.88,3.12,3.12,2.88,2.62,2.62,2.88,3.0,2.5,1.5,1.75,2.62,3.0,3.12,2.12,2.88,2.12,2.88,2.12,1.38,2.75,3.12,2.88,1.62,2.25,2.5,3.0,2.38,2.25,1.75,3.0,2.88,2.25
47-2221,Structural Iron and Steel Workers,base_00,3.0,3.12,3.0,3.62,3.12,2.25,2.12,1.75,2.88,3.0,2.88,1.75,2.0,2.88,2.12,3.0,2.12,3.62,2.0,3.62,2.38,1.0,3.0,2.75,2.25,1.12,2.75,2.88,3.0,2.0,2.0,2.0,3.0,2.5,2.25
47-2231,Solar Photovoltaic Installers,base_00,3.0,3.12,3.0,3.0,3.25,2.62,2.75,3.38,2.62,3.12,2.62,2.0,2.25,2.62,2.62,3.12,2.25,2.62,1.88,3.12,2.62,1.5,3.12,3.0,2.62,1.88,2.5,2.75,2.88,2.75,2.75,1.88,3.0,3.0,2.25
47-3011,"Helpers--Brickmasons, Blockmasons, Stonemasons, and Tile and Marble Setters",base_00,2.38,2.88,2.62,3.0,3.0,2.38,2.38,1.25,2.5,2.88,2.25,1.62,1.88,1.88,2.25,3.0,1.88,3.0,1.88,2.75,1.88,1.0,2.5,2.38,2.25,1.25,2.0,2.75,2.75,2.0,2.0,1.88,3.0,2.75,2.0
47-3012,Helpers--Carpenters,base_00,2.88,3.0,3.0,3.0,3.0,2.38,2.88,2.25,2.38,2.88,2.12,1.88,2.0,2.0,2.38,3.0,2.12,2.25,1.62,2.88,2.25,1.0,2.38,2.88,2.62,1.0,2.25,3.0,3.0,2.0,2.0,1.88,2.88,2.25,2.25
47-3013,Helpers--Electricians,base_00,2.88,3.25,2.88,3.0,3.12,2.75,2.75,2.88,2.25,3.0,2.25,1.5,2.0,2.0,2.12,2.75,2.0,2.62,1.62,2.88,2.12,1.25,3.0,2.5,2.88,1.88,2.25,2.5,3.12,2.0,2.0,1.25,2.75,3.0,2.38
47-3014,"Helpers--Painters, Paperhangers, Plasterers, and Stucco Masons",base_00,2.38,2.88,2.38,3.0,2.75,2.5,2.25,1.12,2.25,2.5,2.25,1.0,1.12,2.12,1.12,2.75,2.25,2.12,1.0,2.62,2.25,1.0,2.62,2.12,2.5,1.12,2.5,2.62,3.0,2.0,1.88,1.0,2.75,2.5,2.0
47-3015,"Helpers--Pipelayers, Plumbers, Pipefitters, and Steamfitters",base_00,2.62,2.88,2.62,2.75,2.88,2.12,2.38,2.0,2.0,2.88,2.0,1.62,2.12,1.88,2.25,2.88,2.0,2.38,1.25,2.25,2.0,1.0,2.12,2.38,2.62,1.12,2.38,2.5,2.5,1.88,1.75,1.62,2.5,2.38,2.0
47-3016,Helpers--Roofers,base_00,2.62,3.0,2.62,3.25,2.88,2.75,2.62,1.75,2.38,2.75,2.25,1.62,2.0,2.25,2.25,3.0,2.12,2.0,1.0,2.38,2.0,1.38,2.88,2.38,2.25,1.0,2.62,2.62,2.88,2.25,2.12,1.62,2.62,2.38,2.25
47-4011,Construction and Building Inspectors,base_00,3.12,3.75,3.315,2.94,3.815,1.25,1.5,1.25,2.94,3.5,3.0,1.625,1.88,2.69,3.19,3.19,2.94,2.25,2.44,2.875,3.06,1.56,2.94,3.94,1.125,2.625,2.81,2.94,3.815,3.06,3.185,1.875,3.125,2.065,3.37
47-4021,Elevator and Escalator Installers and Repairers,base_00,3.12,3.38,3.38,3.0,3.62,4.0,3.38,3.5,2.25,3.38,2.38,1.62,1.75,2.12,2.25,3.12,2.0,3.25,1.62,3.62,2.38,1.38,3.5,3.12,4.0,1.88,2.5,2.62,3.0,3.12,3.0,1.88,3.0,4.0,2.75
47-4031,Fence Erectors,base_00,2.25,3.0,2.62,3.0,3.0,2.12,2.62,1.12,2.25,2.88,2.25,1.75,2.0,2.25,2.25,3.0,2.0,2.88,1.75,2.88,2.0,1.0,2.62,2.5,2.0,1.12,2.25,2.62,3.0,2.12,2.0,1.5,3.0,2.0,2.0
47-4041,Hazardous Materials Removal Workers,base_00,3.0,3.25,3.0,3.0,3.5,2.62,2.62,1.62,2.88,3.0,2.5,1.88,2.0,2.62,2.0,3.62,2.75,3.38,1.75,3.25,2.88,1.25,3.0,3.12,2.25,2.0,2.88,3.0,3.12,2.75,2.12,1.5,3.0,2.88,3.0
47-4051,Highway Maintenance Workers,base_00,2.38,3.0,3.0,3.12,2.88,2.5,1.88,1.38,2.38,2.88,2.0,1.62,1.62,2.12,2.12,3.12,2.38,3.62,1.12,3.5,2.5,1.12,2.88,2.75,2.38,1.0,2.38,2.88,3.0,2.0,2.0,1.62,2.75,2.88,2.12
47-4061,Rail-Track Laying and Maintenance Equipment Operators,base_00,2.62,3.0,2.88,3.12,3.12,3.25,2.62,1.5,2.38,3.0,2.5,1.75,1.88,2.5,2.25,3.12,1.88,3.75,1.75,3.75,2.12,1.0,3.12,2.38,3.12,1.25,2.25,2.75,2.88,2.12,2.12,1.75,3.0,3.25,2.25
47-4071,Septic Tank Servicers and Sewer Pipe Cleaners,base_00,2.75,3.0,2.88,2.88,3.12,3.0,2.62,2.0,2.5,2.75,2.62,2.0,2.0,2.38,2.38,2.88,2.38,3.88,1.5,3.62,2.38,1.0,3.0,2.75,3.0,1.25,2.75,2.75,2.75,2.12,2.25,1.88,3.0,3.0,2.5
47-4091,Segmental Pavers,base_00,2.62,3.5,2.88,3.25,3.25,2.25,2.0,1.25,2.88,3.12,2.38,1.62,1.62,2.88,2.0,2.88,2.62,3.12,2.25,3.0,3.0,1.0,2.5,2.75,2.25,1.12,3.0,3.12,3.5,2.25,2.25,1.5,3.0,2.38,2.62
47-4099,Weatherization Installers and Technicians,first_detail,2.88,3.12,2.88,3.0,3.25,2.5,2.38,3.25,2.75,3.25,2.75,2.38,2.25,2.75,2.75,3.38,2.75,3.0,2.12,3.12,2.75,1.62,3.0,3.0,2.75,2.0,3.0,2.88,3.12,3.12,3.0,2.12,3.0,3.0,2.88
47-5011,"Derrick Operators, Oil and Gas",base_00,2.75,3.25,3.25,3.0,3.5,3.12,2.75,1.12,2.88,3.12,2.75,1.88,2.25,3.0,2.38,3.38,2.5,3.88,1.38,4.0,2.5,1.0,3.25,2.88,3.38,1.25,2.38,2.88,3.38,2.25,2.5,1.12,2.88,3.25,2.75
47-5012,"Rotary Drill Operators, Oil and Gas",base_00,2.88,3.38,3.12,3.25,3.62,3.0,2.62,1.12,3.38,3.12,3.0,1.25,1.62,2.88,2.38,3.5,2.88,3.62,1.75,3.62,2.88,1.0,3.0,3.12,3.0,1.25,2.38,2.88,3.25,2.12,2.12,1.38,2.88,3.0,3.0
47-5013,"Service Unit Operators, Oil and Gas",base_00,3.0,3.38,3.12,2.88,3.75,3.12,2.62,2.12,2.88,3.25,2.88,1.88,2.12,3.0,2.75,3.62,2.75,3.75,1.5,4.0,2.75,1.75,3.0,3.0,3.0,1.38,2.75,3.0,3.0,2.62,2.88,1.38,2.75,3.38,3.0
47-5022,"Excavating and Loading Machine and Dragline Operators, Surface Mining",base_00,3.0,3.0,3.0,3.0,3.0,3.0,3.0,1.5,2.5,3.0,2.38,1.75,1.88,2.88,2.25,3.12,2.38,4.12,2.0,3.62,3.0,1.0,2.75,3.0,3.0,1.0,2.5,3.0,3.0,2.25,2.25,1.88,3.0,3.0,2.5
47-5023,"Earth Drillers, Except Oil and Gas",base_00,2.75,3.0,3.0,3.0,3.25,3.25,3.0,1.88,2.75,2.88,2.25,1.75,1.88,2.38,2.25,3.12,2.25,3.88,1.88,4.0,2.38,1.0,3.0,2.75,2.88,1.62,2.38,2.62,3.0,2.25,2.12,1.88,2.88,3.0,2.38
47-5032,"Explosives Workers, Ordnance Handling Experts, and Blasters",base_00,3.12,3.88,3.38,3.12,3.62,2.38,2.5,1.38,3.0,3.62,3.0,1.62,2.12,3.0,2.5,3.75,2.62,3.5,2.25,3.5,2.5,1.0,2.5,3.12,2.12,1.88,2.62,2.88,3.38,2.62,2.62,1.75,3.38,2.75,2.88
47-5041,Continuous Mining Machine Operators,base_00,2.75,3.0,3.0,2.75,3.25,3.38,2.38,1.88,2.38,3.12,2.38,1.38,1.38,2.62,2.0,3.0,2.0,3.88,1.88,3.88,2.12,1.0,2.88,2.75,3.12,1.38,2.38,2.75,3.0,2.12,2.12,1.62,3.0,3.25,2.12
47-5043,"Roof Bolters, Mining",base_00,2.88,3.12,3.0,3.0,3.38,3.12,2.88,2.0,2.88,3.0,2.25,1.88,2.0,2.25,2.12,3.25,2.12,3.62,1.25,3.25,2.25,1.0,3.0,2.38,3.0,1.5,2.38,2.88,3.0,2.25,2.25,1.12,3.0,3.25,2.12
47-5044,"Loading and Moving Machine Operators, Underground Mining",base_00,2.12,3.0,2.62,3.0,3.0,3.0,2.5,1.25,2.25,2.38,2.12,1.62,1.88,2.25,2.0,2.88,2.12,3.38,1.75,3.25,2.25,1.0,2.12,2.88,2.75,1.0,2.12,2.88,3.0,1.62,1.5,1.0,2.38,3.12,2.0
47-5051,"Rock Splitters, Quarry",base_00,2.12,3.0,2.75,2.75,2.75,2.25,2.0,1.0,2.0,2.62,2.0,1.5,1.5,1.88,1.88,2.88,1.88,3.25,1.25,3.12,2.0,1.0,2.25,2.75,2.12,1.12,2.12,2.5,2.62,1.62,1.62,1.0,2.75,2.38,2.12
47-5071,"Roustabouts, Oil and Gas",base_00,2.5,2.88,2.62,2.75,3.12,2.88,2.38,1.12,2.25,3.0,2.25,1.62,1.88,2.38,2.0,3.0,2.0,3.0,1.12,3.0,2.0,1.0,3.0,2.12,2.88,1.0,2.12,2.88,2.75,2.0,2.0,1.5,2.88,2.75,2.12
47-5081,Helpers--Extraction Workers,base_00,2.88,3.0,2.88,3.12,3.12,3.5,3.12,1.25,2.38,3.0,2.62,1.75,2.0,2.5,2.5,3.75,2.0,3.5,1.0,3.62,2.12,1.0,3.12,2.75,3.38,1.38,2.38,2.75,2.88,2.12,1.88,1.75,2.62,3.38,2.38
49-1011,"First-Line Supervisors of Mechanics, Installers, and Repairers",base_00,3.25,3.62,3.12,3.75,3.75,2.88,2.75,1.75,3.0,3.75,3.12,2.88,2.88,3.88,2.88,4.0,3.0,3.0,2.5,3.38,3.0,1.88,3.62,3.62,2.88,1.75,3.0,3.12,3.75,3.25,3.12,1.88,3.75,3.12,3.0
49-2011,"Computer, Automated Teller, and Office Machine Repairers",base_00,3.0,3.62,3.38,3.0,3.5,3.25,3.25,3.0,2.62,3.0,2.62,1.75,2.12,2.5,1.88,3.0,2.75,2.75,2.12,3.12,2.5,2.12,3.25,3.12,3.62,1.88,3.0,2.88,3.25,2.75,2.38,2.0,3.25,3.38,3.0
49-2021,"Radio, Cellular, and Tower Equipment Installers and Repairers",base_00,3.0,3.25,3.0,3.0,3.25,3.38,2.88,3.38,2.75,3.0,2.62,1.88,1.88,2.38,2.75,3.12,2.38,2.88,1.25,3.12,2.62,2.0,3.12,3.25,3.5,1.75,2.5,3.0,3.25,3.0,2.88,1.88,3.12,3.0,3.0
49-2022,"Telecommunications Equipment Installers and Repairers, Except Line Installers",base_00,3.12,3.5,3.38,3.0,3.62,3.5,3.12,3.25,2.88,3.25,2.88,1.75,1.75,2.5,2.25,3.38,2.5,3.25,1.88,3.62,2.62,2.0,3.62,3.38,3.88,2.0,2.88,3.0,3.25,3.12,2.88,1.88,3.0,3.88,3.0
49-2091,Avionics Technicians,base_00,3.0,3.38,3.5,3.0,3.75,3.88,3.0,2.75,2.88,3.25,2.62,1.5,1.75,2.62,2.12,3.12,2.38,2.5,2.25,3.75,2.88,1.62,3.75,3.25,3.88,2.88,2.75,2.88,3.38,3.0,2.88,1.88,3.12,3.88,3.25
49-2092,"Electric Motor, Power Tool, and Related Repairers",base_00,2.88,3.12,3.62,2.88,3.75,3.88,3.75,3.0,2.5,3.12,2.75,1.88,2.12,2.38,2.62,2.88,2.25,3.25,1.62,3.5,2.5,1.75,3.75,3.0,4.12,2.12,2.75,2.75,3.0,3.0,2.75,1.75,2.88,3.88,2.88
49-2093,"Electrical and Electronics Installers and Repairers, Transportation Equipment",base_00,2.25,3.38,3.12,3.0,3.62,3.0,2.62,2.75,2.12,3.0,2.12,2.0,2.0,2.25,2.12,3.12,2.25,3.0,2.12,3.25,2.88,1.62,3.25,3.12,3.12,2.12,2.25,3.0,3.0,2.25,2.25,2.0,3.0,3.0,3.0
49-2094,"Electrical and Electronics Repairers, Commercial and Industrial Equipment",base_00,3.0,3.12,3.25,2.88,3.75,3.75,3.12,2.88,2.88,3.25,2.88,2.0,2.0,2.5,2.75,3.12,2.25,3.0,2.12,3.88,2.88,2.12,3.75,3.12,3.88,2.75,2.88,3.0,3.12,3.0,2.88,2.12,3.0,3.75,3.0
49-2095,"Electrical and Electronics Repairers, Powerhouse, Substation, and Relay",base_00,2.88,3.12,3.12,2.88,3.75,3.62,2.88,1.62,2.75,3.0,2.25,2.0,2.0,2.75,2.25,3.0,2.5,2.88,2.12,3.25,2.38,1.88,3.25,3.38,3.62,2.62,2.88,2.62,3.12,3.0,2.75,1.88,3.0,3.5,2.88
49-2096,"Electronic Equipment Installers and Repairers, Motor Vehicles",base_00,2.75,3.38,3.12,3.0,3.5,3.25,3.0,3.25,2.62,2.88,2.5,2.12,2.0,2.12,2.25,2.88,2.75,2.88,1.88,3.5,2.75,1.88,3.0,3.12,3.62,1.88,3.0,2.88,3.0,2.38,2.25,2.12,3.12,3.62,2.88
49-2097,Audiovisual Equipment Installers and Repairers,base_00,2.88,3.12,3.38,2.88,3.12,3.38,3.0,3.38,2.75,3.25,2.62,1.88,2.12,2.38,2.25,2.88,2.12,2.88,1.88,3.12,2.5,1.62,3.62,3.12,3.62,1.75,3.0,2.75,3.38,2.88,2.75,1.75,3.0,3.62,2.75
49-2098,Security and Fire Alarm Systems Installers,base_00,2.88,3.25,3.12,2.88,3.38,2.75,2.25,3.38,2.62,3.12,2.38,1.75,1.88,2.12,2.12,3.0,2.0,2.88,1.88,3.12,2.12,1.75,3.12,3.12,3.0,1.75,2.88,2.88,3.38,2.62,2.62,1.88,3.0,3.0,2.88
49-3011,Aircraft Mechanics and Service Technicians,base_00,3.12,3.5,3.88,2.88,4.0,4.88,3.38,2.75,2.88,3.5,2.75,1.62,2.12,2.62,2.88,3.62,2.12,3.75,2.12,4.25,2.75,1.62,3.75,4.12,4.88,2.38,2.75,2.88,3.25,3.25,3.25,1.88,3.0,4.5,3.0
49-3021,Automotive Body and Related Repairers,base_00,2.88,3.0,2.88,2.88,3.0,2.62,2.75,2.0,2.25,2.88,2.25,1.88,1.88,2.12,2.12,3.0,2.25,2.88,2.0,3.0,2.62,1.75,3.0,2.88,3.25,1.25,2.88,2.88,3.0,2.12,2.12,1.88,3.0,3.12,2.38
49-3022,Automotive Glass Installers and Repairers,base_00,2.62,2.88,2.75,2.75,2.88,2.12,3.0,3.12,2.38,2.75,2.38,1.38,1.75,2.0,2.0,2.88,2.38,2.75,1.75,2.75,2.38,1.12,2.75,2.5,2.38,1.5,2.88,2.88,3.0,2.12,2.0,1.62,2.88,2.25,2.38
49-3023,Automotive Service Technicians and Mechanics,base_00,2.75,3.25,3.12,2.88,3.5,3.38,3.0,2.75,2.5,3.25,2.62,1.88,1.75,2.25,2.25,3.25,2.25,3.25,1.38,3.5,2.62,1.62,3.12,2.88,3.75,1.5,2.88,3.0,3.12,3.0,3.0,1.75,3.0,3.62,2.75
49-3031,Bus and Truck Mechanics and Diesel Engine Specialists,base_00,2.75,3.0,3.0,2.88,3.25,3.38,3.12,2.12,2.12,3.12,2.75,1.88,1.88,2.0,2.0,3.0,2.0,3.0,1.88,3.5,2.0,1.88,3.25,2.88,4.0,1.75,2.12,2.75,3.12,2.88,2.75,1.88,3.0,4.0,2.62
49-3041,Farm Equipment Mechanics and Service Technicians,base_00,3.0,3.12,3.38,2.75,3.5,4.25,3.25,2.62,2.25,3.12,2.75,1.88,2.12,2.25,2.62,3.12,2.0,3.75,1.62,3.38,2.38,1.62,3.38,3.0,4.25,2.0,2.5,2.75,3.12,3.0,2.88,1.88,3.0,4.0,2.88
49-3042,"Mobile Heavy Equipment Mechanics, Except Engines",base_00,3.0,3.0,3.12,2.88,3.25,4.0,3.38,2.38,2.75,3.12,2.62,1.75,2.5,2.75,2.88,3.0,2.38,3.62,1.88,3.75,2.5,1.62,3.38,3.12,4.12,1.88,2.62,2.88,3.0,2.75,2.5,1.88,3.0,4.12,3.0
49-3043,Rail Car Repairers,base_00,2.75,3.0,2.75,2.88,3.25,3.75,2.75,2.62,2.5,2.88,2.62,1.75,1.88,2.5,2.12,2.88,2.12,3.12,1.75,3.25,2.25,1.0,3.25,2.88,4.0,1.75,2.38,2.75,3.0,2.62,2.62,1.88,2.88,4.0,2.88
49-3051,Motorboat Mechanics and Service Technicians,base_00,2.38,3.12,3.12,2.5,3.38,3.88,3.12,1.62,1.88,3.12,2.0,1.75,2.0,1.88,2.25,2.88,1.88,3.62,1.5,3.5,2.0,1.62,3.12,2.75,4.0,2.0,2.62,2.62,3.0,2.25,2.25,1.88,2.75,3.75,2.5
49-3052,Motorcycle Mechanics,base_00,3.12,3.12,3.12,3.0,3.12,3.5,3.0,2.0,2.62,3.12,2.62,1.38,1.88,2.12,2.25,3.12,2.12,3.12,2.0,3.12,2.5,1.25,3.12,3.0,3.88,1.88,2.88,2.75,3.12,2.38,2.25,1.88,3.12,3.88,2.75
49-3053,Outdoor Power Equipment and Other Small Engine Mechanics,base_00,2.75,3.12,3.0,2.75,3.25,3.88,3.25,1.75,2.12,2.88,2.5,1.75,2.0,1.88,2.0,2.88,2.0,3.25,1.5,3.38,2.12,1.38,3.12,2.88,3.88,1.75,2.38,2.75,2.88,2.25,2.38,1.75,2.75,3.75,2.62
49-3091,Bicycle Repairers,base_00,2.88,3.62,3.0,2.88,3.62,3.38,3.38,2.5,2.75,2.88,2.75,1.88,2.0,2.5,2.12,2.88,2.88,2.62,1.62,2.75,2.88,1.12,3.25,3.0,3.88,1.25,3.38,3.25,3.38,2.5,2.38,1.88,2.75,3.62,2.88
49-3092,Recreational Vehicle Service Technicians,base_00,3.0,3.0,3.12,2.88,3.0,3.12,3.0,1.88,2.5,3.0,2.0,1.75,1.88,1.88,2.0,2.88,2.5,3.12,1.62,3.12,2.5,1.5,3.12,3.0,4.0,1.62,3.0,2.75,3.0,2.88,2.88,1.62,2.88,3.62,2.62
49-3093,Tire Repairers and Changers,base_00,2.25,3.0,2.75,2.75,3.0,2.38,2.12,2.0,2.25,2.62,2.12,1.75,2.12,2.38,2.0,2.88,2.25,2.75,1.0,2.88,2.25,1.0,2.88,2.5,2.88,1.0,3.0,2.75,3.0,2.0,2.0,1.38,3.0,2.88,2.25
49-9011,Mechanical Door Repairers,base_00,3.0,3.12,3.0,3.0,3.5,2.75,2.75,3.12,3.0,2.88,2.62,1.88,1.88,2.88,2.5,3.0,2.62,2.75,1.88,3.0,2.88,1.0,3.25,3.12,3.0,1.0,3.0,3.0,3.12,2.12,2.25,2.0,2.88,2.88,2.75
49-9012,"Control and Valve Installers and Repairers, Except Mechanical Door",base_00,2.88,3.12,3.0,3.0,3.38,3.12,2.88,2.38,2.25,3.12,2.5,1.88,1.75,2.0,2.12,3.12,2.12,3.0,1.62,3.12,2.0,1.62,3.12,3.0,3.25,1.75,2.5,2.88,3.12,2.25,2.12,1.88,2.75,3.12,3.0
49-9021,"Heating, Air Conditioning, and Refrigeration Mechanics and Installers",base_00,3.12,3.25,3.25,3.0,3.5,3.12,3.0,3.38,2.88,3.12,2.75,1.75,2.25,2.88,2.5,3.12,2.38,3.0,1.62,3.62,2.75,1.62,3.25,3.38,3.38,1.75,2.88,3.0,3.12,3.0,3.0,1.75,2.88,3.5,2.88
49-9031,Home Appliance Repairers,base_00,2.88,3.38,3.12,2.75,3.75,3.62,3.0,3.0,2.25,3.0,2.12,2.0,2.12,2.5,2.12,2.88,2.25,2.88,1.88,3.5,2.75,1.62,3.5,3.12,3.88,1.75,3.0,2.75,3.5,2.62,2.25,1.88,3.0,3.62,2.75
49-9041,Industrial Machinery Mechanics,base_00,3.12,3.12,3.12,3.0,3.62,4.0,3.12,2.62,2.62,3.12,2.62,1.62,1.75,2.62,2.38,3.12,1.88,4.0,1.88,4.0,2.12,1.75,3.75,2.88,4.0,1.75,2.25,2.75,3.0,2.88,2.88,2.0,3.0,4.0,2.75
49-9043,"Maintenance Workers, Machinery",base_00,2.75,3.0,2.88,3.0,3.0,3.75,2.75,2.88,2.25,3.0,2.12,1.75,1.88,2.12,2.0,2.75,2.12,3.62,1.88,3.75,2.12,1.75,3.12,3.0,3.75,1.75,2.12,2.62,2.88,2.12,2.0,1.88,3.0,3.75,2.38
49-9044,Millwrights,base_00,2.75,3.12,3.12,3.0,3.62,3.75,2.88,3.75,2.88,3.12,2.88,2.0,2.0,2.62,2.62,3.12,2.88,3.38,1.88,3.62,2.88,1.75,3.25,3.0,3.62,1.75,3.0,3.0,3.0,2.75,2.62,1.88,3.25,3.75,2.75
49-9045,"Refractory Materials Repairers, Except Brickmasons",base_00,2.38,3.0,2.62,2.88,2.88,3.0,2.62,1.38,2.5,2.75,2.25,1.5,1.62,2.25,2.0,2.75,2.0,3.0,2.0,3.25,2.0,1.0,2.62,2.88,3.12,1.0,2.38,2.75,2.75,1.88,1.75,1.62,2.88,2.88,2.5
49-9051,Electrical Power-Line Installers and Repairers,base_00,3.0,3.38,3.12,3.12,3.12,3.0,2.62,3.0,2.5,3.12,2.75,1.5,1.62,2.88,2.0,3.25,2.0,3.25,1.88,3.25,2.62,1.25,3.12,3.0,3.12,1.75,2.62,2.75,2.88,3.12,2.88,1.88,3.0,3.38,2.5
49-9052,Telecommunications Line Installers and Repairers,base_00,2.75,3.0,3.12,3.0,3.12,3.0,2.25,2.38,2.12,3.0,2.25,1.75,1.75,2.0,2.0,3.0,2.12,3.0,1.88,3.12,2.25,1.62,2.88,2.88,2.88,1.75,2.75,2.88,3.12,2.38,2.25,1.88,2.88,3.0,2.62
49-9061,Camera and Photographic Equipment Repairers,base_00,3.0,3.12,3.12,2.25,3.5,3.38,3.0,1.88,1.62,3.12,2.62,2.0,2.25,2.0,2.38,2.88,2.0,2.12,1.88,3.0,2.12,1.75,3.38,3.12,3.75,2.12,2.38,2.75,3.0,2.12,2.12,2.12,3.12,3.88,2.62
49-9062,Medical Equipment Repairers,base_00,3.0,3.0,3.0,2.75,3.12,4.0,3.0,2.5,2.62,3.0,2.62,2.0,2.0,2.25,2.88,2.88,2.12,2.88,2.0,3.5,2.5,2.0,3.38,3.12,4.25,2.12,2.75,2.88,2.88,3.0,2.5,2.12,3.0,3.88,2.75
49-9063,Musical Instrument Repairers and Tuners,base_00,2.75,3.0,3.12,2.38,3.62,3.0,3.0,1.5,2.38,3.12,2.38,2.0,2.25,1.88,2.0,2.88,2.12,2.88,1.88,2.88,2.38,1.25,3.88,3.0,3.75,1.62,3.12,2.88,3.0,2.75,2.88,1.88,3.0,3.75,2.75
49-9064,Watch and Clock Repairers,base_00,2.25,3.0,2.88,2.25,3.12,3.0,2.62,1.5,2.0,3.0,2.0,2.12,2.25,2.0,2.0,2.62,2.25,2.75,2.0,3.12,2.12,1.0,3.0,2.88,3.88,1.75,2.75,2.75,3.0,2.0,2.12,1.88,2.38,3.0,2.25
49-9071,"Maintenance and Repair Workers, General",base_00,3.12,3.0,3.12,3.0,3.25,3.88,3.0,3.0,2.38,3.0,2.25,2.12,2.25,2.38,2.38,3.12,2.38,3.12,2.12,3.12,2.25,1.38,3.12,3.0,3.88,1.88,2.38,2.75,3.0,2.5,2.25,2.12,3.0,3.75,2.88
49-9081,Wind Turbine Service Technicians,base_00,3.12,3.12,3.25,3.0,3.5,4.0,3.0,1.88,3.0,3.12,3.0,1.62,2.25,2.62,2.12,3.25,2.12,3.12,1.62,4.0,2.0,1.62,3.25,3.25,4.0,2.0,2.25,2.75,3.12,3.12,3.12,1.75,3.0,4.0,2.88
49-9091,"Coin, Vending, and Amusement Machine Servicers and Repairers",base_00,2.62,2.88,2.88,2.62,2.88,3.38,2.5,2.12,1.88,2.88,1.88,1.88,2.0,2.0,2.0,2.88,1.88,3.0,1.5,3.0,2.0,1.38,3.0,2.88,3.5,1.62,2.88,2.62,2.88,2.88,2.75,1.0,2.88,3.25,2.62
49-9092,Commercial Divers,base_00,3.0,3.75,3.25,3.25,3.88,3.25,3.0,2.5,3.12,3.25,2.88,1.62,2.0,2.75,2.12,3.12,3.0,3.38,1.88,3.75,2.88,1.0,3.5,3.25,3.25,2.5,2.75,3.0,3.62,2.88,2.62,1.75,3.38,3.25,3.0
49-9094,Locksmiths and Safe Repairers,base_00,2.62,3.12,3.0,2.5,3.38,2.88,2.88,3.0,2.38,2.88,2.38,2.0,2.12,2.38,2.62,2.62,2.12,3.0,1.25,2.88,2.25,1.62,3.12,3.0,3.5,1.0,3.12,2.75,3.12,2.5,2.12,1.75,3.25,3.0,2.75
49-9095,Manufactured Building and Mobile Home Installers,base_00,3.38,3.38,3.38,3.5,3.75,2.62,2.88,2.62,3.25,3.5,3.38,2.25,2.62,3.38,2.62,3.5,3.12,3.75,2.25,3.62,3.0,1.0,3.75,3.12,3.12,1.62,3.12,3.0,3.38,2.75,2.62,2.0,3.38,3.25,2.62
49-9096,Riggers,base_00,2.62,3.12,3.0,3.12,3.12,2.75,2.88,2.0,2.12,3.0,1.62,1.38,1.38,2.5,1.62,3.12,2.12,3.25,2.12,3.12,2.25,1.0,2.88,3.12,2.75,1.38,2.38,2.75,3.0,2.12,2.12,1.5,3.0,2.88,2.38
49-9097,Signal and Track Switch Repairers,base_00,2.88,3.0,3.38,2.75,3.75,4.0,3.62,2.88,2.62,3.0,2.62,1.62,1.75,2.0,2.5,2.88,2.25,3.12,1.12,3.75,2.12,2.0,3.88,2.88,4.0,1.75,2.12,2.75,2.88,2.38,2.38,1.5,3.0,4.12,2.88
49-9098,"Helpers--Installation, Maintenance, and Repair Workers",base_00,2.62,3.12,2.62,3.0,3.12,3.12,2.75,2.38,2.12,2.88,2.5,1.25,1.5,1.88,2.0,3.12,1.88,3.12,1.62,3.12,1.88,1.38,3.0,2.62,3.12,1.12,2.38,2.62,3.0,2.12,2.12,1.62,2.75,3.12,2.12
49-9099,Geothermal Technicians,first_detail,3.12,3.0,3.12,3.0,3.25,3.12,2.88,3.0,2.62,3.12,2.12,2.0,2.0,2.62,2.75,3.75,2.38,3.38,2.0,3.88,2.25,1.88,3.25,3.25,3.12,2.12,2.88,2.88,3.0,3.0,2.88,1.88,2.88,3.62,3.0
51-1011,First-Line Supervisors of Production and Operating Workers,base_00,3.12,3.88,3.12,3.75,3.75,2.12,2.25,1.12,3.0,3.62,3.12,2.25,2.12,3.88,2.38,3.75,3.0,2.75,2.88,3.12,3.0,1.25,3.0,3.5,2.25,1.5,3.0,3.75,3.88,3.12,3.0,2.0,3.88,2.25,3.12
51-2011,"Aircraft Structure, Surfaces, Rigging, and Systems Assemblers",base_00,2.88,3.12,3.0,2.88,3.12,3.0,2.88,2.88,2.88,3.0,2.62,2.0,2.12,2.25,2.5,3.12,2.25,2.88,1.88,2.88,2.25,1.5,3.38,3.0,2.88,1.75,2.38,2.75,3.0,2.88,2.88,2.0,3.0,2.88,2.75
51-2021,"Coil Winders, Tapers, and Finishers",base_00,2.25,3.0,2.38,2.88,2.88,1.62,1.62,1.12,2.0,2.75,2.0,1.5,1.5,1.88,1.75,3.12,1.75,3.0,1.5,3.12,1.88,1.0,2.12,2.88,1.38,1.0,1.88,2.62,2.88,2.0,1.88,1.75,2.38,2.0,2.12
51-2022,Electrical and Electronic Equipment Assemblers,base_00,2.62,3.0,2.62,3.0,3.0,2.25,2.25,2.12,2.5,3.12,2.12,1.5,1.75,2.25,2.12,3.12,2.12,2.88,1.62,3.12,2.12,1.25,2.88,3.25,2.25,1.88,2.25,2.62,2.88,2.38,2.25,1.75,2.88,2.5,2.88
51-2023,Electromechanical Equipment Assemblers,base_00,2.38,2.88,2.5,2.38,3.0,2.75,2.38,1.62,1.88,2.88,1.88,1.62,1.75,1.88,2.0,2.88,1.88,2.62,1.75,3.25,1.88,1.5,3.25,3.0,2.75,2.0,2.0,2.5,3.0,2.12,2.12,1.88,2.88,3.0,2.5
51-2031,Engine and Other Machine Assemblers,base_00,2.38,3.0,2.88,2.75,3.0,2.88,2.5,2.0,2.12,2.62,2.0,1.62,2.0,2.12,2.0,3.0,2.12,2.88,1.75,3.38,2.25,1.75,3.12,3.12,2.88,1.88,2.25,2.88,3.0,2.38,2.12,1.88,2.88,2.88,2.25
51-2041,Structural Metal Fabricators and Fitters,base_00,2.25,3.0,2.12,2.38,3.0,2.0,2.12,1.12,2.25,2.38,1.75,1.38,1.38,2.12,2.12,2.88,2.0,2.38,1.88,2.88,2.12,1.0,2.25,3.0,1.88,1.75,2.12,2.62,3.0,1.62,1.62,1.62,2.62,2.12,2.25
51-2051,Fiberglass Laminators and Fabricators,base_00,2.88,3.0,3.0,2.88,2.88,1.88,2.12,1.0,2.88,2.88,2.62,1.88,2.0,2.38,2.38,3.12,2.38,2.88,1.12,3.12,2.38,1.0,2.88,3.0,1.62,1.75,2.38,2.75,3.0,2.25,2.12,1.88,2.88,2.38,2.88
51-2061,Timing Device Assemblers and Adjusters,base_00,2.12,2.88,2.75,2.25,2.88,2.75,2.62,1.62,2.12,2.75,2.12,1.5,1.5,2.0,2.0,2.88,1.62,2.75,1.62,3.0,2.0,1.38,3.25,2.75,3.38,2.0,2.62,2.75,2.75,2.12,2.0,1.62,2.75,3.25,2.5
51-2092,Team Assemblers,base_00,2.25,3.12,2.88,3.0,3.0,2.25,2.0,1.0,3.0,2.75,2.38,1.88,2.0,2.75,2.0,3.12,2.25,2.75,1.38,3.0,2.38,1.62,3.12,3.0,2.0,1.0,2.25,3.0,3.0,2.25,2.12,1.5,3.0,2.12,2.75
51-3011,Bakers,base_00,3.0,3.0,2.25,3.0,3.0,1.5,1.5,1.0,2.0,3.0,2.25,1.75,2.0,2.0,2.25,3.25,2.12,2.25,2.0,2.88,2.0,1.0,2.88,2.88,1.12,1.75,2.5,2.75,3.0,2.0,2.0,1.75,3.0,2.12,2.25
51-3021,Butchers and Meat Cutters,base_00,2.5,3.12,2.88,2.88,3.0,1.62,1.5,1.0,2.62,2.88,2.25,2.12,2.25,2.62,2.38,3.0,2.75,2.38,1.75,2.5,2.75,1.12,2.62,3.0,1.62,1.25,3.0,3.0,3.0,2.38,2.38,1.38,3.0,2.0,2.25
51-3022,"Meat, Poultry, and Fish Cutters and Trimmers",base_00,2.38,3.12,2.38,2.88,3.0,1.75,2.0,1.0,2.62,3.0,2.25,1.75,1.88,2.62,2.25,3.0,2.25,2.25,1.12,2.5,2.25,1.0,2.12,2.38,1.75,1.0,2.75,2.88,3.0,1.62,1.62,1.25,2.88,2.25,2.12
51-3023,Slaughterers and Meat Packers,base_00,2.0,2.62,1.88,2.0,2.38,1.38,1.38,1.0,1.88,2.0,2.0,1.5,1.62,1.88,1.75,2.25,1.75,2.12,1.12,2.25,1.88,1.0,2.12,1.88,1.38,1.0,2.0,2.38,2.75,1.88,1.88,1.0,2.0,2.12,1.75
51-3091,"Food and Tobacco Roasting, Baking, and Drying Machine Operators and Tenders",base_00,2.5,3.12,3.0,3.0,3.12,2.12,2.12,1.62,2.62,3.0,2.5,1.25,1.38,2.12,1.5,3.5,2.25,3.12,1.88,3.62,2.5,1.25,3.12,3.12,2.12,1.75,2.62,3.0,3.0,2.25,2.0,1.5,2.88,2.25,2.88
51-3092,Food Batchmakers,base_00,2.75,3.0,2.88,3.0,3.12,1.62,1.62,1.0,2.12,2.88,2.12,1.25,1.5,2.12,2.75,2.88,2.0,3.0,1.88,3.25,2.0,1.12,2.75,3.12,1.5,2.0,2.12,2.75,3.0,2.0,2.0,1.5,2.75,2.12,2.88
51-3093,Food Cooking Machine Operators and Tenders,base_00,2.62,3.0,2.88,2.88,3.0,1.62,1.5,1.0,2.0,2.75,2.12,1.62,1.88,2.0,2.0,3.12,1.88,3.12,1.62,3.5,2.0,1.25,2.75,3.12,1.38,1.88,2.0,2.62,2.62,2.0,2.12,1.38,2.62,1.88,2.75
51-4021,"Extruding and Drawing Machine Setters, Operators, and Tenders, Metal and Plastic",base_00,2.62,2.88,3.0,3.0,3.12,2.62,2.62,2.12,2.25,3.12,2.25,1.75,1.75,2.25,2.5,3.12,1.75,3.38,1.75,3.5,2.38,1.5,3.12,2.88,2.75,1.88,2.25,2.75,3.0,2.38,2.38,1.88,2.88,3.0,2.62
51-4022,"Forging Machine Setters, Operators, and Tenders, Metal and Plastic",base_00,2.38,3.12,2.62,2.75,2.88,2.75,2.0,1.62,2.25,2.75,2.38,1.38,1.5,2.38,2.12,3.12,2.25,3.12,1.88,3.25,2.38,1.25,2.88,3.12,2.5,1.38,2.12,2.88,2.88,2.0,2.0,1.88,3.0,2.88,2.75
51-4023,"Rolling Machine Setters, Operators, and Tenders, Metal and Plastic",base_00,3.0,3.12,3.0,3.0,3.12,3.0,2.62,2.38,2.75,3.0,2.88,1.75,1.88,2.75,2.38,3.5,2.0,4.0,1.75,4.0,1.88,1.62,3.62,3.0,3.0,1.38,2.38,2.88,3.25,2.75,2.75,1.75,3.0,3.0,2.62
51-4031,"Cutting, Punching, and Press Machine Setters, Operators, and Tenders, Metal and Plastic",base_00,2.75,3.0,2.62,2.75,3.0,2.75,2.0,1.25,2.0,2.88,2.0,1.38,1.38,2.0,2.0,3.0,1.88,3.38,1.75,3.5,2.0,1.0,3.0,2.75,2.62,1.5,1.88,2.62,3.0,1.88,2.0,1.75,2.75,3.0,2.5
51-4032,"Drilling and Boring Machine Tool Setters, Operators, and Tenders, Metal and Plastic",base_00,2.75,3.0,3.0,2.12,3.0,2.75,2.62,1.88,2.25,3.0,2.12,1.62,1.88,2.0,2.5,3.12,2.0,3.12,1.75,3.62,2.12,1.25,2.88,3.12,2.62,1.75,2.0,2.75,3.0,2.12,2.0,1.88,3.0,2.75,2.25
51-4033,"Grinding, Lapping, Polishing, and Buffing Machine Tool Setters, Operators, and Tenders, Metal and Plastic",base_00,2.62,2.88,2.88,2.88,3.0,2.75,2.75,1.5,2.25,3.0,2.25,1.62,2.12,2.12,2.75,3.12,2.0,4.0,1.62,4.0,2.0,1.75,3.5,3.12,2.62,1.5,2.12,2.62,3.0,2.38,2.25,1.62,2.75,3.0,2.38
51-4034,"Lathe and Turning Machine Tool Setters, Operators, and Tenders, Metal and Plastic",base_00,2.0,3.0,2.62,2.62,2.62,3.0,2.62,1.88,2.12,2.88,2.0,1.88,2.0,2.0,2.12,3.0,1.88,3.38,1.75,3.5,2.0,1.88,3.0,3.0,2.25,1.75,2.0,2.5,2.75,2.0,2.0,1.75,2.75,2.62,2.25
51-4035,"Milling and Planing Machine Setters, Operators, and Tenders, Metal and Plastic",base_00,2.62,3.0,2.75,2.75,3.12,2.38,2.25,1.62,2.12,2.62,2.12,1.5,1.62,2.0,2.62,3.12,1.75,3.38,1.88,3.88,1.88,1.5,2.88,2.88,2.38,1.38,2.0,2.62,2.88,2.12,2.0,1.62,2.62,2.75,2.62
51-4041,Machinists,base_00,2.75,3.0,3.0,3.0,3.12,2.88,2.62,2.5,2.5,2.75,2.12,1.62,1.75,2.0,2.88,3.12,2.38,3.25,2.0,3.12,2.25,1.75,3.0,2.88,2.88,1.5,2.25,2.88,3.0,2.5,2.5,1.88,2.88,3.0,2.5
51-4051,Metal-Refining Furnace Operators and Tenders,base_00,2.88,3.0,3.0,2.75,3.0,2.88,2.75,1.0,2.62,2.75,2.25,1.75,2.0,2.62,2.5,3.62,2.12,3.75,1.75,3.88,2.25,1.0,3.0,3.0,2.75,2.0,2.12,2.88,3.0,2.38,2.62,1.25,2.88,2.88,2.75
51-4052,"Pourers and Casters, Metal",base_00,2.25,3.0,2.5,2.88,3.0,2.75,2.0,1.0,2.0,3.0,2.25,1.75,2.12,2.0,2.0,3.0,2.0,3.12,1.75,3.12,2.0,1.25,2.88,2.75,2.12,1.88,2.0,2.5,2.75,2.0,1.88,1.38,2.88,2.5,2.0
51-4061,"Model Makers, Metal and Plastic",base_00,2.5,2.75,2.75,2.5,3.25,2.75,3.0,1.12,1.88,3.0,2.0,1.62,1.88,1.88,2.62,3.12,1.75,3.62,2.38,3.5,1.88,2.0,3.25,2.88,2.88,1.62,1.5,2.25,2.62,2.25,2.12,2.0,3.0,3.0,2.38
51-4062,"Patternmakers, Metal and Plastic",base_00,2.62,3.0,3.0,2.62,3.0,2.38,2.38,1.38,2.38,2.88,2.12,1.25,1.38,2.0,2.38,3.0,2.0,3.12,2.38,3.38,2.0,2.12,3.12,3.0,2.12,1.5,2.0,2.62,3.0,2.12,2.12,2.0,2.88,2.25,2.25
51-4071,Foundry Mold and Coremakers,base_00,2.38,2.88,2.62,2.25,2.88,2.0,2.0,1.0,2.12,2.62,2.0,1.75,1.75,2.0,2.0,3.0,2.0,2.62,1.62,3.0,2.0,1.0,2.38,2.25,2.0,1.25,2.0,2.25,2.62,2.0,1.88,1.38,2.88,2.12,2.0
51-4072,"Molding, Coremaking, and Casting Machine Setters, Operators, and Tenders, Metal and Plastic",base_00,2.88,3.25,2.75,2.38,3.0,2.75,2.25,2.0,2.25,2.75,2.25,1.5,1.5,2.25,2.25,3.12,2.12,3.12,1.88,3.38,2.12,1.38,3.0,3.12,2.88,1.12,2.12,2.88,3.0,1.62,2.12,1.38,3.0,2.88,2.62
51-4081,"Multiple Machine Tool Setters, Operators, and Tenders, Metal and Plastic",base_00,2.88,3.0,3.0,2.88,3.0,3.12,2.38,2.12,2.75,3.12,2.38,2.0,2.0,2.12,2.25,3.12,2.25,3.12,2.0,4.0,2.38,1.88,3.38,3.0,3.0,1.25,2.38,3.0,3.0,2.38,2.25,1.88,2.88,3.0,2.75
51-4111,Tool and Die Makers,base_00,3.0,3.0,3.0,2.88,3.12,3.0,3.12,1.62,2.12,3.12,2.12,1.38,1.62,1.88,2.75,3.12,1.88,3.25,2.88,3.25,1.88,1.62,3.25,2.88,2.88,1.75,1.75,2.5,2.88,2.75,2.38,2.75,3.12,3.0,2.25
51-4121,"Welders, Cutters, Solderers, and Brazers",base_00,2.25,2.62,2.5,2.38,2.88,1.62,2.25,1.5,2.0,2.88,2.0,1.62,1.62,1.88,2.12,3.0,1.88,2.62,1.75,2.75,1.88,1.0,3.12,2.5,1.88,1.62,2.12,2.25,2.62,2.25,2.12,1.5,2.75,2.5,1.75
51-4122,"Welding, Soldering, and Brazing Machine Setters, Operators, and Tenders",base_00,2.62,3.0,3.0,2.62,3.0,2.38,2.12,1.12,2.12,2.75,2.0,1.62,2.0,2.12,2.12,3.0,2.0,3.25,1.88,3.38,2.0,1.12,2.25,3.0,2.25,1.75,2.0,2.38,3.0,2.12,2.12,1.62,2.62,2.25,2.25
51-4191,"Heat Treating Equipment Setters, Operators, and Tenders, Metal and Plastic",base_00,2.75,3.12,2.75,2.88,3.0,3.0,2.5,1.25,2.88,3.0,2.62,1.62,1.75,2.38,2.88,3.12,1.88,3.75,1.88,3.75,1.88,1.75,3.12,2.88,2.75,2.0,2.12,2.62,3.12,2.12,2.12,1.0,2.75,2.75,2.88
51-4192,"Layout Workers, Metal and Plastic",base_00,2.75,2.88,3.0,2.88,3.0,2.0,2.75,1.62,2.38,3.0,2.12,1.5,1.5,1.88,3.12,3.0,1.88,2.88,2.25,3.0,2.12,1.12,3.0,3.0,2.0,1.25,2.0,2.75,2.88,2.12,2.12,1.62,2.75,2.12,2.5
51-4193,"Plating Machine Setters, Operators, and Tenders, Metal and Plastic",base_00,2.12,3.12,2.62,3.0,3.0,2.38,2.12,1.12,2.25,2.88,2.25,1.5,1.88,2.12,2.0,3.12,2.38,3.12,1.88,3.25,2.38,1.0,3.0,3.12,2.25,2.0,2.25,2.62,3.0,2.0,2.0,1.38,3.0,2.38,2.75
51-4194,"Tool Grinders, Filers, and Sharpeners",base_00,2.75,2.75,2.88,2.38,3.25,3.38,3.0,1.12,2.5,2.88,2.5,2.0,2.12,2.38,2.75,3.0,2.25,3.75,1.88,3.88,2.25,1.5,3.5,2.88,3.38,1.12,2.12,2.5,2.5,2.5,2.25,1.88,2.75,3.0,2.5
51-5111,Prepress Technicians and Workers,base_00,2.88,3.12,3.0,3.0,3.12,2.38,2.12,1.0,2.75,3.0,2.38,1.5,1.75,2.25,2.0,3.12,2.62,2.62,2.0,3.0,2.88,1.75,2.75,3.0,2.12,1.62,2.62,2.88,3.12,2.38,2.38,1.75,3.12,2.12,2.88
51-5112,Printing Press Operators,base_00,2.88,3.12,3.0,3.0,3.12,3.12,2.5,1.12,2.25,3.12,2.12,1.62,2.12,2.12,2.12,3.25,2.0,3.25,1.62,3.62,2.38,1.5,3.88,3.12,3.12,1.0,2.12,2.75,3.12,2.25,2.25,1.5,3.12,3.12,2.38
51-5113,Print Binding and Finishing Workers,base_00,2.5,2.88,3.0,2.88,3.25,2.88,2.5,1.88,2.88,3.12,2.5,1.62,1.62,2.5,2.12,3.12,2.12,2.88,1.25,3.38,2.12,1.62,3.0,3.12,2.88,1.12,2.62,2.62,3.0,2.5,2.38,1.62,2.88,2.62,2.75
51-6011,Laundry and Dry-Cleaning Workers,base_00,2.62,3.0,2.38,2.5,2.75,1.75,1.75,1.0,2.38,2.75,2.25,1.62,1.62,2.25,1.62,3.0,2.25,2.75,1.62,2.88,2.25,1.0,2.25,2.75,1.75,1.0,2.38,2.88,2.88,2.0,2.0,1.0,2.88,2.12,2.12
51-6021,"Pressers, Textile, Garment, and Related Materials",base_00,2.12,2.0,2.25,2.0,2.5,2.25,2.0,1.25,1.25,2.12,1.75,1.5,1.5,1.5,1.62,2.38,1.75,3.0,1.5,2.5,1.75,1.0,2.12,2.0,1.75,1.0,1.88,2.0,2.12,1.62,1.88,1.5,2.5,2.25,1.75
51-6031,Sewing Machine Operators,base_00,2.12,2.75,2.75,2.5,2.75,2.0,1.5,1.0,2.0,2.75,2.12,1.75,1.75,1.75,2.0,3.12,1.75,2.62,1.62,2.75,1.75,1.0,2.75,2.62,1.88,1.0,1.75,2.38,2.12,1.88,1.88,1.0,2.75,2.12,2.0
51-6041,Shoe and Leather Workers and Repairers,base_00,2.38,3.0,2.38,2.88,3.0,1.5,2.0,1.0,2.25,2.88,1.62,1.62,1.88,2.12,1.88,3.0,2.0,2.25,1.62,2.88,2.25,1.0,2.5,2.88,1.5,1.0,2.88,2.88,3.0,1.88,1.5,1.38,2.75,2.0,2.12
51-6042,Shoe Machine Operators and Tenders,base_00,2.12,3.0,2.62,2.25,3.0,2.88,2.5,1.0,2.12,2.62,2.12,1.88,1.88,2.12,2.0,3.0,2.12,3.0,1.75,3.0,2.12,1.25,2.88,3.12,2.62,1.12,2.12,2.25,2.75,2.12,2.12,1.38,2.75,2.75,2.12
51-6051,"Sewers, Hand",base_00,2.38,2.62,2.62,2.12,2.5,1.0,1.38,1.0,2.0,2.88,2.0,1.5,1.88,2.0,2.0,2.62,1.88,2.25,1.88,2.25,1.88,1.12,2.25,2.5,1.0,1.0,2.12,2.12,2.62,2.0,1.75,1.38,2.75,2.0,1.88
51-6052,"Tailors, Dressmakers, and Custom Sewers",base_00,2.62,3.0,2.62,2.62,3.0,2.0,2.0,1.0,2.12,2.75,2.0,1.75,1.62,2.0,1.88,2.75,2.12,2.25,2.38,2.5,2.12,1.0,2.12,2.62,2.0,1.0,2.62,2.88,3.0,2.0,2.0,1.88,3.12,2.12,2.5
51-6061,Textile Bleaching and Dyeing Machine Operators and Tenders,base_00,2.12,3.0,2.62,2.75,2.88,2.62,2.5,1.75,2.0,2.88,2.0,1.62,1.75,2.0,2.5,3.0,2.0,3.38,1.62,3.75,2.0,1.38,2.88,2.88,2.5,1.62,2.0,2.62,2.88,2.12,2.12,1.62,3.0,2.62,2.5
51-6062,"Textile Cutting Machine Setters, Operators, and Tenders",base_00,2.5,3.0,2.75,3.0,2.88,3.0,2.5,1.75,2.25,2.88,2.0,1.75,1.88,2.38,2.12,3.12,1.88,3.38,1.75,3.75,1.88,1.75,3.12,2.75,3.0,1.0,1.88,2.5,3.0,2.38,2.12,1.75,2.88,3.0,2.62
51-6063,"Textile Knitting and Weaving Machine Setters, Operators, and Tenders",base_00,2.0,3.0,2.5,2.38,2.88,2.5,2.25,1.62,2.12,2.5,2.12,1.5,1.5,2.0,1.88,3.12,1.88,3.0,1.75,3.38,1.62,1.25,2.88,2.75,2.25,1.12,2.12,2.25,2.88,2.12,2.0,1.25,2.62,2.5,2.38
51-6064,"Textile Winding, Twisting, and Drawing Out Machine Setters, Operators, and Tenders",base_00,2.38,3.0,2.5,2.62,3.0,2.62,2.25,1.62,2.38,2.62,2.38,1.75,1.75,2.38,2.0,3.0,1.88,3.5,1.75,3.62,1.88,1.0,3.12,2.5,2.5,1.0,2.0,2.5,3.12,2.25,2.25,1.38,2.5,2.88,2.38
51-6091,"Extruding and Forming Machine Setters, Operators, and Tenders, Synthetic and Glass Fibers",base_00,2.75,3.0,3.0,3.0,2.88,2.62,2.62,1.0,2.25,3.0,2.25,1.75,2.0,2.12,2.0,3.5,2.12,3.75,2.0,4.0,2.25,1.25,3.0,2.88,2.88,1.25,2.12,2.62,3.0,2.0,2.0,1.5,3.0,2.88,2.62
51-6092,Fabric and Apparel Patternmakers,base_00,3.12,3.38,3.0,2.88,3.75,1.12,1.5,1.0,2.88,3.25,3.0,2.0,2.0,2.12,3.12,3.12,2.5,2.5,2.88,3.0,2.62,2.0,3.12,3.12,1.25,1.12,2.88,2.88,3.12,2.75,2.75,2.12,3.25,2.12,3.0
51-6093,Upholsterers,base_00,3.0,3.0,3.0,2.75,3.5,2.25,2.62,1.25,2.5,3.0,2.75,2.12,2.0,2.38,2.5,3.0,2.38,2.75,2.12,2.88,2.5,1.0,2.75,3.12,2.5,1.25,2.88,2.88,3.0,2.12,2.25,1.88,3.0,2.38,2.62
51-7011,Cabinetmakers and Bench Carpenters,base_00,2.75,2.88,2.88,2.75,3.0,2.88,3.0,1.62,2.25,3.0,2.25,1.75,1.75,2.5,2.88,3.12,2.0,3.12,3.0,3.5,2.25,1.62,3.38,2.88,2.88,1.38,2.38,2.62,3.0,2.0,2.25,1.88,3.0,3.0,2.38
51-7021,Furniture Finishers,base_00,2.75,3.12,2.88,2.88,3.12,2.25,2.38,1.0,2.75,3.0,2.5,1.88,2.12,2.62,2.0,3.12,2.25,2.75,2.12,3.0,2.5,1.12,2.88,2.75,2.38,1.12,2.88,2.75,3.0,2.12,2.12,1.5,3.0,2.5,2.38
51-7031,"Model Makers, Wood",base_00,2.75,2.88,2.75,2.75,3.0,1.88,2.12,1.12,2.25,3.0,2.25,1.38,1.62,2.12,2.38,3.12,1.75,2.88,2.88,3.12,2.12,1.0,2.88,3.0,1.75,1.62,2.38,2.75,3.0,2.12,2.0,1.75,3.0,2.12,2.62
51-7032,"Patternmakers, Wood",base_00,2.75,3.0,3.12,2.5,3.0,2.62,2.75,1.12,2.12,2.88,2.12,2.38,2.25,2.12,3.0,3.12,1.75,3.12,2.88,3.12,1.88,1.62,3.0,3.12,2.25,1.75,2.12,2.88,2.88,2.25,2.25,1.88,2.88,2.38,2.62
51-7041,"Sawing Machine Setters, Operators, and Tenders, Wood",base_00,2.12,2.75,2.62,2.62,3.0,2.75,2.0,1.5,2.0,2.75,2.0,1.5,1.75,2.0,2.0,3.0,1.88,3.12,1.88,3.12,1.88,1.12,3.0,2.38,2.62,1.25,1.88,2.5,2.62,2.0,2.0,1.38,2.75,3.0,1.75
51-7042,"Woodworking Machine Setters, Operators, and Tenders, Except Sawing",base_00,2.5,2.88,2.75,2.12,3.0,3.0,2.88,1.88,1.88,2.88,2.25,1.62,1.75,1.88,2.38,3.12,1.88,3.5,1.88,3.62,1.88,1.75,3.25,2.75,2.88,1.5,1.88,2.25,3.0,1.75,2.0,1.88,2.75,3.0,1.88
51-8011,Nuclear Power Reactor Operators,base_00,3.12,3.88,3.75,3.25,3.88,1.12,1.0,1.0,3.0,3.5,3.0,2.0,2.0,3.0,2.75,3.88,2.75,4.0,1.38,4.0,2.88,2.0,3.25,4.0,1.38,2.75,2.88,3.0,3.25,3.12,2.88,1.38,3.38,3.0,3.5
51-8012,Power Distributors and Dispatchers,base_00,3.0,3.62,3.25,3.0,3.62,1.75,1.38,1.12,2.75,3.25,2.75,1.62,1.75,2.75,2.75,3.62,2.62,3.12,2.12,3.25,2.62,1.38,2.75,3.62,1.75,1.88,2.62,2.75,3.5,2.88,2.75,1.62,3.0,2.25,3.12
51-8013,Power Plant Operators,base_00,2.9599999999999995,3.1233333333333335,3.0833333333333335,3.0,3.5833333333333335,3.293333333333333,2.706666666666667,1.6633333333333333,2.4966666666666666,3.1199999999999997,2.6666666666666665,1.88,1.96,2.1633333333333336,2.5833333333333335,3.4166666666666665,2.29,3.8366666666666664,1.79,3.9599999999999995,2.4133333333333336,1.75,3.0400000000000005,3.1233333333333335,3.0833333333333335,2.21,2.5833333333333335,2.8366666666666664,3.1666666666666665,2.793333333333333,2.5833333333333335,1.8366666666666667,2.9599999999999995,3.043333333333333,3.0
51-8021,Stationary Engineers and Boiler Operators,base_00,3.12,3.25,3.12,3.12,3.25,3.25,2.5,2.12,2.75,3.12,2.12,1.5,1.88,2.38,2.12,3.12,2.38,3.38,1.62,4.0,2.5,1.38,3.12,3.12,3.25,2.25,2.12,2.75,3.0,2.62,2.88,1.5,3.0,3.25,2.88
51-8031,Water and Wastewater Treatment Plant and System Operators,base_00,2.75,3.12,3.0,3.0,3.0,3.12,2.62,1.12,2.75,3.0,2.75,1.62,2.0,2.0,2.88,3.62,2.0,4.0,1.62,3.88,2.0,1.62,3.12,3.0,3.12,2.62,2.5,2.75,3.12,2.88,2.88,1.5,3.0,3.12,2.75
51-8091,Chemical Plant and System Operators,base_00,3.25,3.38,3.25,2.88,3.5,2.75,2.12,1.0,2.62,3.25,2.88,1.88,1.88,2.75,2.62,3.62,2.25,4.0,2.12,4.12,2.38,1.75,3.62,3.25,2.75,2.88,2.5,2.62,3.12,2.62,2.88,1.0,3.25,2.88,3.0
51-8092,Gas Plant Operators,base_00,2.88,3.0,3.0,3.0,3.5,2.88,2.25,1.0,2.75,3.25,2.75,2.0,2.0,2.75,2.88,3.62,2.5,3.75,1.88,4.12,2.62,1.62,3.25,3.12,2.88,2.0,2.25,2.88,3.0,2.75,2.62,1.88,3.0,3.0,3.0
51-8093,"Petroleum Pump System Operators, Refinery Operators, and Gaugers",base_00,3.0,3.0,3.12,2.88,3.0,2.88,2.5,1.0,2.62,3.0,2.88,1.88,1.88,2.5,2.62,3.62,2.25,3.75,1.88,4.0,2.12,1.88,2.88,3.5,2.62,2.0,2.25,2.88,3.12,2.75,2.5,1.5,3.0,2.88,3.0
51-8099,Biofuels Processing Technicians,first_detail,2.88,3.25,2.88,3.12,3.12,3.25,2.5,1.5,3.0,2.88,2.5,1.75,2.25,2.5,2.88,3.38,2.88,3.75,1.12,3.88,2.88,1.62,3.38,3.5,3.0,2.88,3.0,3.12,3.25,2.88,2.88,1.5,2.88,3.0,3.12
51-9011,Chemical Equipment Operators and Tenders,base_00,3.0,3.38,3.12,3.0,3.38,2.75,2.38,1.0,2.62,3.38,2.75,1.5,2.0,2.5,2.88,3.75,2.0,3.88,2.0,3.88,2.12,1.62,3.0,3.38,2.38,2.62,2.5,2.75,3.12,2.75,2.75,1.75,3.0,3.0,3.0
51-9012,"Separating, Filtering, Clarifying, Precipitating, and Still Machine Setters, Operators, and Tenders",base_00,2.88,3.0,2.88,2.88,3.12,2.88,2.38,2.0,2.62,3.0,2.75,1.88,2.0,2.75,2.62,3.12,2.12,3.12,1.75,3.75,2.5,1.75,3.12,3.0,2.88,2.5,2.38,2.75,2.88,2.62,2.0,1.88,3.0,2.88,2.88
51-9021,"Crushing, Grinding, and Polishing Machine Setters, Operators, and Tenders",base_00,2.75,3.0,2.88,3.0,2.88,2.88,2.12,1.12,2.88,3.0,2.5,1.62,1.88,2.38,2.38,3.12,2.0,3.88,1.25,3.88,2.5,1.25,3.12,3.0,2.75,1.88,2.38,2.75,3.0,2.88,2.62,1.25,3.0,2.88,2.88
51-9022,"Grinding and Polishing Workers, Hand",base_00,2.38,2.88,2.75,2.62,2.88,3.12,2.62,1.0,2.25,2.75,2.12,1.75,1.88,2.12,2.12,2.75,2.12,3.12,1.62,3.25,2.25,1.25,3.38,2.75,3.0,1.12,2.25,2.62,2.88,2.25,2.12,1.88,2.75,2.88,2.38
51-9023,"Mixing and Blending Machine Setters, Operators, and Tenders",base_00,2.75,2.88,2.75,3.0,3.12,3.12,2.12,1.12,2.12,3.0,2.62,1.38,1.62,2.0,2.38,3.12,1.88,3.62,1.12,3.62,1.88,1.38,3.12,3.12,3.12,1.88,2.0,2.62,3.0,2.62,2.12,1.38,3.12,3.12,2.75
51-9031,"Cutters and Trimmers, Hand",base_00,2.12,2.88,2.5,2.25,2.62,1.12,1.12,1.0,2.12,2.75,2.0,1.25,1.5,2.25,2.0,2.75,2.0,2.25,1.25,2.25,2.12,1.0,2.25,2.75,1.0,1.0,2.25,2.75,2.88,2.0,2.0,1.0,2.88,2.0,2.12
51-9032,"Cutting and Slicing Machine Setters, Operators, and Tenders",base_00,2.62,2.88,2.88,3.0,3.0,3.0,2.62,1.5,2.12,2.75,2.12,1.62,1.88,2.25,2.62,3.25,2.0,3.62,1.62,3.75,2.0,1.88,3.5,3.12,2.75,1.5,2.0,2.75,2.62,2.62,2.25,1.75,2.75,3.0,2.38
51-9041,"Extruding, Forming, Pressing, and Compacting Machine Setters, Operators, and Tenders",base_00,2.62,3.0,2.88,2.75,3.0,2.62,2.38,1.88,2.25,2.88,2.12,1.62,1.75,2.12,2.12,3.38,1.75,3.75,2.0,3.75,2.0,1.25,3.0,3.0,2.75,1.75,2.0,2.88,3.12,2.25,2.12,1.75,2.75,3.0,2.75
51-9051,"Furnace, Kiln, Oven, Drier, and Kettle Operators and Tenders",base_00,2.38,3.12,2.38,2.5,3.12,2.12,1.5,1.0,2.12,2.38,2.12,1.25,1.38,2.12,2.25,3.12,2.12,3.12,1.5,3.88,2.12,1.25,3.0,3.12,1.75,1.88,2.12,2.25,3.12,2.0,2.0,1.38,2.38,2.12,2.62
51-9061,"Inspectors, Testers, Sorters, Samplers, and Weighers",base_00,2.38,3.12,2.88,2.88,3.25,1.75,2.0,1.0,2.0,3.12,2.0,1.75,1.88,2.12,2.62,3.0,2.12,2.88,2.0,3.0,2.25,1.5,3.75,3.12,1.62,1.62,2.38,2.88,3.12,2.12,2.12,1.62,3.0,2.25,3.25
51-9071,Jewelers and Precious Stone and Metal Workers,base_00,2.44,3.12,2.685,2.75,3.0,2.0,2.31,1.0,2.25,2.88,2.25,1.87,2.065,2.12,2.375,2.875,2.25,2.125,1.875,2.435,2.375,1.19,2.75,2.815,1.88,1.315,2.685,2.815,3.06,2.0,1.88,1.875,2.56,1.94,2.56
51-9081,Dental Laboratory Technicians,base_00,3.0,3.0,3.0,2.75,3.25,2.25,2.38,1.0,2.75,3.12,2.88,1.88,1.88,2.38,2.0,3.0,2.38,2.75,1.75,3.12,2.38,1.25,2.88,3.38,2.25,2.12,2.38,2.88,3.0,2.25,2.0,1.88,3.25,2.25,2.88
51-9082,Medical Appliance Technicians,base_00,3.0,3.88,3.38,3.0,3.75,3.0,2.75,1.5,3.0,3.25,2.88,1.88,2.12,2.62,2.75,3.25,2.75,2.75,2.38,3.5,2.88,1.38,3.75,3.62,3.0,1.88,3.12,3.5,3.62,2.88,2.5,2.38,3.0,3.62,3.0
51-9083,Ophthalmic Laboratory Technicians,base_00,2.75,2.88,2.62,2.62,3.0,2.25,2.62,1.0,2.25,3.0,2.5,1.75,1.75,2.5,2.12,3.0,2.12,3.25,1.62,3.12,2.25,1.75,3.12,3.0,2.62,1.75,2.75,2.62,2.88,2.25,2.12,1.75,3.12,2.38,2.75
51-9111,Packaging and Filling Machine Operators and Tenders,base_00,2.38,3.0,2.75,3.0,2.88,2.88,2.0,1.0,2.62,2.75,2.12,1.25,1.25,2.25,2.12,3.12,2.25,3.0,1.0,3.25,2.25,1.12,2.88,2.88,2.38,1.0,2.38,2.88,2.75,2.12,2.12,1.38,2.88,2.75,2.62
51-9123,"Painting, Coating, and Decorating Workers",base_00,2.12,2.88,2.12,2.88,2.75,1.5,1.62,1.0,2.12,2.5,2.0,1.5,1.62,2.12,1.88,2.88,2.0,1.5,1.62,2.12,2.0,1.0,2.12,2.75,1.38,1.0,2.38,2.88,2.75,2.0,2.0,1.5,2.62,2.0,2.25
51-9124,"Coating, Painting, and Spraying Machine Setters, Operators, and Tenders",base_00,2.5,2.62,2.88,2.88,2.75,3.0,2.88,1.12,2.12,2.62,2.62,1.62,1.88,2.0,2.0,3.12,1.88,3.12,1.5,3.62,1.88,1.38,3.12,2.62,3.0,1.12,2.12,2.75,2.62,2.25,2.12,1.38,2.88,2.88,2.25
51-9141,Semiconductor Processing Technicians,base_00,2.5,3.25,2.75,2.88,3.38,2.88,2.38,1.38,2.25,2.88,2.25,1.5,1.62,2.25,1.88,3.25,2.0,2.88,2.12,3.62,2.25,1.62,3.25,3.38,2.5,1.88,2.12,2.88,2.88,2.25,2.0,1.75,2.75,2.88,2.75
51-9151,Photographic Process Workers and Processing Machine Operators,base_00,2.88,3.38,3.12,2.75,3.12,2.75,2.75,1.38,2.75,3.0,2.5,2.0,2.12,2.25,2.0,3.12,2.88,3.12,1.5,3.5,2.88,2.38,3.38,3.25,2.38,1.62,3.25,2.88,3.25,2.75,2.5,2.0,3.0,2.88,2.75
51-9161,Computer Numerically Controlled Tool Operators,base_00,2.88,3.12,3.12,2.88,3.62,3.0,2.75,2.12,2.75,3.0,2.62,1.5,1.62,2.38,2.75,3.62,2.0,4.12,2.5,4.12,1.88,2.12,3.38,2.88,3.0,1.62,2.0,2.88,3.0,2.88,2.88,1.75,3.0,3.12,2.62
51-9162,Computer Numerically Controlled Tool Programmers,base_00,2.88,3.0,3.12,2.75,3.0,2.75,2.62,1.12,2.5,3.0,2.62,1.75,1.75,2.12,3.12,3.5,1.75,3.0,2.88,3.12,2.0,3.75,3.0,3.0,2.12,1.88,2.0,2.62,3.0,3.12,3.0,2.12,3.0,3.0,2.88
51-9191,Adhesive Bonding Machine Operators and Tenders,base_00,2.62,3.12,2.75,3.0,2.88,2.88,2.12,1.12,2.25,2.62,2.25,1.75,1.75,1.88,2.5,3.12,1.88,3.88,1.75,3.75,2.0,1.62,3.12,3.0,3.0,1.5,2.25,2.88,3.12,2.75,2.12,1.25,3.0,3.0,2.75
51-9192,"Cleaning, Washing, and Metal Pickling Equipment Operators and Tenders",base_00,2.12,2.88,2.5,2.75,2.88,2.25,1.88,1.0,2.12,2.62,2.25,1.25,1.38,2.25,2.0,2.88,2.0,3.25,1.38,3.12,2.0,1.12,2.5,2.75,1.75,1.5,2.12,2.75,2.88,2.0,2.0,1.0,2.88,2.25,2.25
51-9193,Cooling and Freezing Equipment Operators and Tenders,base_00,3.0,3.0,3.5,2.88,3.62,3.12,2.75,1.5,2.75,3.12,2.5,1.75,1.88,2.75,2.38,3.5,2.38,3.75,1.88,3.88,2.5,1.75,3.12,3.0,3.12,1.75,2.38,2.75,3.12,2.38,2.25,1.62,3.0,3.12,2.88
51-9194,Etchers and Engravers,base_00,2.38,3.0,2.62,2.5,3.0,2.62,2.25,1.0,2.25,2.88,2.25,1.88,1.88,2.12,2.0,3.12,2.0,3.0,1.88,3.12,2.12,1.62,3.0,3.12,2.12,1.12,2.25,2.75,3.0,2.0,2.0,2.12,2.75,2.62,2.25
51-9195,"Molders, Shapers, and Casters, Except Metal and Plastic",base_00,2.4074999999999998,2.9699999999999998,2.6550000000000002,2.59,2.9050000000000002,2.0300000000000002,2.1574999999999998,1.06,2.0925000000000002,2.6875,2.185,1.685,2.0,2.25,2.2475,2.9699999999999998,2.0275,3.0,1.845,3.0025,2.0949999999999998,1.25,2.8475,2.8775,1.9375,1.4075,2.2199999999999998,2.6875,2.815,2.125,2.0625,1.685,2.6574999999999998,2.2175000000000002,2.4675000000000002
51-9196,"Paper Goods Machine Setters, Operators, and Tenders",base_00,2.88,3.0,2.88,2.88,3.0,2.88,2.25,1.38,2.12,2.75,2.0,1.62,1.88,2.25,2.12,3.0,2.25,3.25,2.0,3.62,2.38,1.0,3.12,2.75,2.25,1.0,2.38,2.88,3.0,2.25,2.25,1.88,3.0,2.75,2.25
51-9197,Tire Builders,base_00,2.0,3.0,2.25,2.0,3.0,1.88,1.88,1.12,2.0,2.75,2.0,1.5,1.62,1.88,1.88,3.0,1.75,3.25,1.38,3.12,1.88,1.25,2.62,2.25,1.75,1.0,2.12,2.38,2.62,1.88,1.75,1.62,2.75,2.12,2.0
51-9198,Helpers--Production Workers,base_00,2.0,2.88,2.25,2.62,2.75,2.12,2.0,1.0,2.0,2.25,2.0,1.62,1.75,1.88,2.0,2.88,1.88,2.62,1.62,2.75,1.88,1.25,2.62,2.62,2.12,1.25,2.12,2.62,2.75,2.0,1.88,1.25,2.25,2.12,1.88
53-1041,Aircraft Cargo Handling Supervisors,base_00,3.0,3.62,3.12,3.5,3.75,2.0,1.88,1.12,3.12,3.38,3.5,1.75,2.12,3.75,3.0,3.62,2.5,2.75,1.75,2.75,2.75,1.62,2.62,3.25,2.0,1.5,2.88,3.25,3.62,3.0,2.75,1.75,3.62,2.38,3.12
53-1042,"First-Line Supervisors of Helpers, Laborers, and Material Movers, Hand",base_00,2.935,3.56,3.19,3.685,3.5,1.25,1.5,1.0,3.0,3.25,3.0,2.185,2.25,3.685,2.375,3.44,2.81,2.185,1.625,2.565,3.0,1.315,2.315,3.31,1.25,1.315,2.875,3.125,3.75,2.75,2.88,1.625,3.5,1.875,3.12
53-1043,First-Line Supervisors of Material-Moving Machine and Vehicle Operators,base_00,3.12,4.0,3.5,4.0,3.62,2.25,1.62,1.0,3.12,3.62,3.12,1.75,2.5,4.0,2.75,3.5,3.12,2.25,2.5,2.5,3.0,1.25,2.38,3.62,2.25,1.25,3.0,3.62,3.88,2.88,2.88,1.38,4.0,2.25,3.38
53-2011,"Airline Pilots, Copilots, and Flight Engineers",base_00,3.75,4.12,3.62,3.62,4.12,1.75,1.0,1.0,3.0,4.0,3.0,1.62,1.88,2.88,3.12,4.12,2.62,4.88,2.12,4.62,2.75,1.5,3.12,3.88,1.12,2.75,2.88,3.25,3.75,3.25,3.25,1.62,3.88,3.12,3.12
53-2012,Commercial Pilots,base_00,3.62,3.88,3.62,3.25,4.0,1.88,1.5,1.0,3.0,3.88,3.12,1.62,1.88,2.88,2.75,4.12,2.12,4.75,1.62,4.38,2.88,1.5,2.62,3.75,1.88,2.62,2.88,3.0,3.75,3.12,3.0,1.5,3.0,3.12,3.0
53-2021,Air Traffic Controllers,base_00,3.75,4.38,4.0,3.88,4.12,1.25,1.25,1.0,3.12,4.12,3.12,1.75,1.75,2.88,2.88,4.0,2.62,2.5,2.75,3.25,2.88,1.75,2.75,3.75,1.12,1.75,3.12,3.38,4.25,3.25,3.12,1.75,3.5,2.0,3.12
53-2022,Airfield Operations Specialists,base_00,3.25,4.0,3.38,3.75,3.75,1.0,1.25,1.0,3.25,3.25,3.0,1.62,2.0,2.88,2.12,4.0,2.88,2.75,2.5,3.0,2.75,1.38,2.25,3.75,1.0,1.62,3.0,3.12,3.75,3.12,3.12,1.75,3.12,1.62,3.38
53-2031,Flight Attendants,base_00,3.12,3.88,2.88,3.62,3.12,1.0,1.0,1.0,2.88,3.0,2.75,1.88,1.88,2.5,2.0,3.88,2.88,2.0,1.62,2.38,3.0,1.38,2.12,3.12,1.0,1.38,3.75,3.75,4.12,2.0,2.0,1.75,3.12,2.0,3.0
53-3011,"Ambulance Drivers and Attendants, Except Emergency Medical Technicians",base_00,3.12,3.38,2.88,2.88,3.5,2.25,2.0,1.0,3.0,3.0,2.38,1.38,2.12,2.25,2.0,3.0,2.75,3.0,1.75,2.75,2.75,1.12,2.0,3.12,2.12,1.62,3.5,3.12,3.12,2.0,1.88,1.38,2.88,2.38,2.88
53-3031,Driver/Sales Workers,base_00,2.75,3.75,3.0,2.75,3.12,1.62,1.0,1.0,2.12,2.88,2.0,1.75,1.75,2.0,2.62,2.88,2.75,2.75,1.12,2.5,2.88,1.0,2.0,3.0,1.25,1.0,3.12,3.0,3.62,2.0,2.0,1.38,3.0,2.0,2.75
53-3032,Heavy and Tractor-Trailer Truck Drivers,base_00,2.5,2.88,2.62,2.75,3.0,2.88,2.12,1.75,1.88,2.88,2.0,1.75,1.88,1.88,2.0,3.12,2.0,3.75,1.75,3.75,1.88,1.0,2.62,3.0,2.88,1.0,2.5,2.75,3.0,2.12,2.0,1.38,3.0,3.0,2.75
53-3033,Light Truck Drivers,base_00,2.12,3.12,2.62,2.5,3.0,2.25,1.75,1.0,2.25,2.62,2.0,1.5,1.62,2.0,2.25,3.12,1.88,3.12,1.62,2.75,2.0,1.0,2.12,3.12,2.0,1.12,2.75,2.75,3.12,2.12,2.12,1.25,3.0,2.0,2.75
53-3051,"Bus Drivers, School",base_00,2.5,3.38,2.38,3.0,3.38,1.5,1.12,1.12,2.38,2.88,2.38,1.25,1.25,2.0,1.75,3.38,2.25,2.88,1.12,3.12,2.38,1.0,2.25,3.0,1.5,1.0,3.0,3.25,3.12,1.88,1.75,1.25,2.88,2.38,2.62
53-3052,"Bus Drivers, Transit and Intercity",base_00,2.62,3.12,2.38,2.62,3.12,1.88,1.38,1.0,2.0,2.75,2.12,1.75,1.75,2.12,2.0,3.0,2.12,3.88,1.0,3.62,2.5,1.0,2.12,2.75,1.62,1.0,3.12,3.0,3.0,1.88,1.88,1.75,3.12,2.0,2.5
53-3053,Shuttle Drivers and Chauffeurs,base_00,2.62,3.38,2.38,2.88,3.25,2.25,1.62,1.12,2.12,2.75,2.25,1.5,1.5,1.75,1.88,3.25,2.25,3.25,1.25,3.12,2.38,1.12,2.38,2.88,1.88,1.0,3.12,3.12,3.12,1.88,2.0,1.5,2.88,2.38,2.5
53-4011,Locomotive Engineers,base_00,3.12,3.75,3.12,3.0,3.62,2.12,1.5,1.0,2.38,3.38,2.88,1.62,1.75,2.5,2.5,3.62,2.0,4.12,1.75,4.0,2.0,1.0,2.88,3.38,1.88,1.38,2.38,2.75,3.62,2.25,2.12,1.25,3.12,2.75,3.0
53-4013,"Rail Yard Engineers, Dinkey Operators, and Hostlers",base_00,3.0,3.38,3.38,3.12,3.25,2.88,2.75,1.62,2.75,3.12,2.75,1.75,1.88,2.75,2.38,3.62,1.88,3.75,1.38,3.62,2.38,1.25,3.12,3.12,2.88,1.5,2.62,2.62,3.5,2.75,2.75,1.25,3.12,3.12,2.88
53-4022,"Railroad Brake, Signal, and Switch Operators and Locomotive Firers",base_00,2.62,3.25,2.75,3.0,3.25,1.75,1.5,1.0,2.75,3.0,2.62,1.75,1.88,2.38,2.12,3.5,2.12,3.25,1.25,3.38,2.5,1.0,2.75,3.12,1.88,1.0,2.5,3.0,2.88,2.12,2.0,1.12,3.0,2.38,2.62
53-4031,Railroad Conductors and Yardmasters,base_00,3.0,3.5,3.25,3.75,3.62,1.12,1.0,1.0,2.88,3.5,2.75,1.75,1.88,3.0,2.25,3.75,2.5,3.25,1.88,3.38,3.0,1.5,3.0,3.12,1.0,1.5,2.88,2.88,3.75,3.0,3.0,1.38,3.5,2.25,3.0
53-4041,Subway and Streetcar Operators,base_00,3.0,3.62,3.0,3.0,3.0,2.25,2.0,1.0,2.38,3.12,2.62,2.0,2.0,2.12,2.38,3.25,2.62,3.88,1.75,3.88,2.75,1.0,2.5,3.12,2.12,1.0,3.12,3.0,3.38,2.0,2.0,1.0,3.0,2.62,2.75
53-5011,Sailors and Marine Oilers,base_00,2.88,3.12,3.0,3.0,3.12,2.88,2.75,1.0,2.62,3.0,2.5,1.88,2.0,2.75,2.5,3.25,2.5,3.62,1.25,3.88,2.75,1.0,3.0,2.88,3.12,1.88,2.88,2.88,3.0,2.12,2.12,1.88,3.0,3.12,2.75
53-5021,"Captains, Mates, and Pilots of Water Vessels",base_00,3.12,3.38,3.25,3.25,3.38,3.12,2.62,1.38,3.12,3.38,2.88,2.5,2.75,3.25,2.38,3.5,2.88,3.62,1.62,3.38,3.0,1.88,3.12,3.25,3.0,1.88,2.88,3.12,3.5,2.75,2.5,2.12,3.12,2.88,3.12
53-5022,Motorboat Operators,base_00,2.75,3.12,3.0,3.0,3.12,3.38,2.62,1.0,2.88,3.25,2.38,1.88,2.0,2.75,2.25,3.38,2.62,3.88,1.62,3.75,2.38,1.0,2.88,2.88,2.88,1.5,3.0,3.0,3.38,2.75,2.62,1.88,3.0,3.0,2.5
53-5031,Ship Engineers,base_00,3.25,3.62,3.38,3.0,3.88,3.75,3.0,2.5,2.75,3.25,2.75,1.75,2.0,2.88,2.38,3.62,2.0,3.88,1.75,3.88,2.0,1.62,3.12,3.12,3.75,1.88,2.75,2.88,3.5,3.25,2.75,1.5,3.0,3.75,3.0
53-6011,Bridge and Lock Tenders,base_00,2.38,3.0,2.88,3.0,3.0,1.75,1.5,1.0,2.75,3.0,2.5,1.0,1.12,2.25,2.0,3.25,2.5,3.0,1.12,3.0,2.62,1.12,2.5,2.88,1.62,1.12,2.88,2.62,3.0,1.75,2.0,1.12,2.88,2.38,2.88
53-6021,Parking Attendants,base_00,2.25,3.25,2.5,2.75,2.88,1.5,1.25,1.0,2.38,2.75,2.12,1.62,1.75,2.12,2.75,2.75,2.38,2.62,1.25,2.25,2.25,1.0,1.62,2.5,1.25,1.0,3.38,3.0,3.5,1.88,2.0,1.0,2.38,1.62,2.75
53-6031,Automotive and Watercraft Service Attendants,base_00,2.5,3.12,3.0,3.0,3.0,3.0,2.38,2.0,2.25,3.0,2.25,1.88,1.88,2.12,2.38,2.75,2.62,3.12,1.25,2.75,2.62,1.12,2.62,2.75,3.0,1.38,3.12,2.88,3.12,2.12,2.12,1.62,3.12,2.5,2.62
53-6041,Traffic Technicians,base_00,3.0,3.62,3.25,3.0,3.25,2.0,2.0,1.12,2.88,3.25,2.62,2.0,2.0,3.0,2.88,3.12,2.75,2.75,2.88,2.88,2.88,2.0,2.38,3.25,1.88,2.75,2.88,3.0,3.25,3.0,3.0,2.12,3.0,2.12,3.12
53-6051,Transportation Inspectors,base_00,2.8733333333333335,3.5,3.0400000000000005,2.9166666666666665,3.5400000000000005,2.21,1.9566666666666668,1.04,2.5833333333333335,3.0833333333333335,2.5,1.5833333333333333,1.75,2.5,2.29,3.2133333333333334,2.5,2.75,1.83,3.25,2.54,1.3333333333333333,3.3333333333333335,3.5,2.1666666666666665,2.2133333333333334,2.6666666666666665,2.956666666666667,3.5,2.5433333333333334,2.6266666666666665,1.6633333333333333,3.17,2.9166666666666665,3.2866666666666666
53-6061,Passenger Attendants,base_00,2.62,3.75,2.62,3.0,2.88,1.0,1.0,1.0,2.5,2.62,1.62,1.38,1.38,2.12,2.12,3.25,2.88,2.38,1.38,2.5,3.0,1.38,2.25,3.0,1.0,1.0,3.88,3.75,3.75,1.88,2.0,1.38,2.5,2.0,2.5
53-7011,Conveyor Operators and Tenders,base_00,2.75,3.12,3.0,2.62,3.0,2.62,2.12,1.0,2.75,2.88,2.12,1.38,1.88,2.5,2.0,3.38,2.12,4.0,2.0,4.0,2.5,1.25,2.88,2.88,2.5,1.75,2.75,2.75,3.0,2.62,2.75,1.88,2.88,2.88,2.75
53-7021,Crane and Tower Operators,base_00,2.88,3.12,2.88,2.75,3.25,2.88,2.0,1.62,2.25,3.0,2.25,1.5,1.62,2.38,2.62,3.12,2.12,3.88,1.88,3.75,2.25,1.0,2.62,3.0,2.88,1.12,2.12,2.5,3.0,1.62,2.12,1.38,3.0,2.88,2.62
53-7031,Dredge Operators,base_00,2.5,2.88,2.75,3.0,3.0,2.5,2.75,1.0,2.38,3.0,2.38,1.75,1.88,2.62,2.0,2.88,2.25,3.75,1.75,3.5,2.25,1.0,2.5,2.5,2.5,1.25,2.12,2.75,2.88,2.12,2.12,1.75,2.75,2.88,2.12
53-7041,Hoist and Winch Operators,base_00,2.88,3.38,3.25,3.0,3.75,2.75,2.75,1.12,3.0,3.25,2.5,1.75,1.75,3.0,2.62,3.62,2.62,3.38,1.75,3.62,2.75,1.0,2.75,2.75,2.88,1.25,2.75,3.12,3.12,2.12,2.12,1.0,3.5,2.75,2.25
53-7051,Industrial Truck and Tractor Operators,base_00,2.12,2.88,2.25,3.0,2.75,3.0,2.0,1.0,2.0,2.75,2.12,1.62,1.88,1.88,2.12,2.75,2.0,3.88,1.62,3.25,2.0,1.25,2.0,2.88,2.25,1.25,2.12,2.62,2.75,2.0,2.12,1.62,3.0,3.0,2.5
53-7061,Cleaners of Vehicles and Equipment,base_00,2.0,2.5,2.12,2.25,2.25,2.25,2.25,1.38,2.0,2.25,1.88,1.25,1.88,2.0,1.62,2.75,2.0,3.0,1.25,2.88,1.88,1.12,3.0,2.25,2.25,1.25,2.38,2.12,2.62,2.25,1.75,1.25,2.75,2.25,1.88
53-7062,"Laborers and Freight, Stock, and Material Movers, Hand",base_00,2.25,3.0,2.19,2.81,2.625,2.13,2.0,1.0,2.185,2.5,2.06,1.375,1.815,2.185,1.94,2.935,1.94,2.935,1.185,2.87,2.0,1.0,2.375,2.685,2.065,1.06,2.25,2.5,2.75,1.94,1.94,1.375,2.62,2.25,2.315
53-7063,Machine Feeders and Offbearers,base_00,2.0,2.75,2.0,2.5,2.5,1.88,1.62,1.0,2.0,2.5,2.0,1.75,1.88,1.88,2.12,3.0,1.88,2.62,1.25,3.38,2.0,1.0,2.75,2.75,1.75,1.25,2.0,2.5,2.75,1.62,2.0,1.0,2.5,2.75,2.38
53-7064,"Packers and Packagers, Hand",base_00,2.12,2.75,2.0,2.62,2.75,1.38,1.62,1.0,1.88,2.25,2.0,1.25,1.5,1.75,2.0,3.0,1.62,2.0,1.12,2.12,1.62,1.38,2.25,2.62,1.25,1.0,2.12,2.12,2.62,1.88,1.88,1.12,2.25,1.75,2.0
53-7065,Stockers and Order Fillers,base_00,2.38,3.25,2.25,2.75,2.75,1.25,1.25,1.12,2.25,2.62,2.25,1.62,1.88,2.38,2.0,2.88,2.12,2.25,1.38,2.25,2.25,1.62,2.25,3.0,1.12,1.12,2.88,2.88,2.88,2.38,2.25,1.62,2.62,1.88,2.5
53-7071,Gas Compressor and Gas Pumping Station Operators,base_00,2.88,3.12,3.0,3.0,3.62,3.12,2.12,1.0,2.5,3.0,2.25,1.62,2.0,2.25,2.25,3.12,2.25,3.88,1.0,4.0,2.25,1.38,3.0,3.12,3.0,1.88,2.25,2.75,3.0,2.62,2.0,1.88,3.0,3.12,3.0
53-7072,"Pump Operators, Except Wellhead Pumpers",base_00,2.88,3.12,2.88,2.88,3.12,2.88,2.25,1.12,2.88,3.0,2.12,2.0,2.25,2.62,2.38,3.5,2.25,3.5,1.88,3.88,2.38,1.75,2.88,3.12,2.75,2.0,2.38,2.75,3.12,2.38,2.12,1.88,3.0,3.0,2.88
53-7073,Wellhead Pumpers,base_00,2.38,2.88,3.0,2.25,3.12,3.12,2.25,1.25,2.12,3.12,1.88,1.38,1.75,2.12,2.25,3.12,2.0,3.88,1.38,4.0,2.0,1.25,2.38,2.75,3.12,1.12,1.88,2.5,3.0,2.0,2.0,1.5,2.75,3.12,2.62
53-7081,Refuse and Recyclable Material Collectors,base_00,2.25,2.88,2.38,2.62,2.75,2.75,1.75,1.0,1.88,2.38,1.38,1.0,1.0,2.0,1.0,2.5,2.0,3.0,1.12,3.0,2.0,1.0,2.25,2.62,2.5,1.0,2.38,2.5,2.88,1.38,1.38,1.0,2.5,2.5,2.5
53-7121,"Tank Car, Truck, and Ship Loaders",base_00,2.75,3.0,3.0,2.88,3.0,2.62,2.38,1.0,2.5,2.88,2.5,2.0,2.0,2.88,2.5,3.0,2.25,3.75,1.0,3.75,2.0,1.38,2.88,3.25,2.5,1.5,2.25,2.62,3.0,2.5,2.12,1.75,3.12,2.62,3.0
