soc_6digit,title,title_rollup_method,work_context_conflict_situations__4_c_1_d_1,work_context_consequence_of_error__4_c_3_a_1,work_context_contact_with_others__4_c_1_a_4,work_context_coordinate_or_lead_others_in_accomplishing_work_activities__4_c_1_b_1_g,work_context_deal_with_external_customers_or_the_public_in_general__4_c_1_b_1_f,work_context_dealing_with_unpleasant_angry_or_discourteous_people__4_c_1_d_2,work_context_dealing_with_violent_or_physically_aggressive_people__4_c_1_d_3,work_context_degree_of_automation__4_c_3_b_2,work_context_determine_tasks_priorities_and_goals__4_c_3_b_8,work_context_e_mail__4_c_1_a_2_h,work_context_exposed_to_contaminants__4_c_2_b_1_d,work_context_exposed_to_cramped_work_space_awkward_positions__4_c_2_b_1_e,work_context_exposed_to_disease_or_infections__4_c_2_c_1_b,work_context_exposed_to_extremely_bright_or_inadequate_lighting_conditions__4_c_2_b_1_c,work_context_exposed_to_hazardous_conditions__4_c_2_c_1_d,work_context_exposed_to_hazardous_equipment__4_c_2_c_1_e,work_context_exposed_to_high_places__4_c_2_c_1_c,work_context_exposed_to_minor_burns_cuts_bites_or_stings__4_c_2_c_1_f,work_context_exposed_to_radiation__4_c_2_c_1_a,work_context_exposed_to_sounds_noise_levels_that_are_distracting_or_uncomfortable__4_c_2_b_1_a,work_context_exposed_to_very_hot_or_cold_temperatures__4_c_2_b_1_b,work_context_exposed_to_whole_body_vibration__4_c_2_b_1_f,work_context_face_to_face_discussions_with_individuals_and_within_teams__4_c_1_a_2_l,work_context_freedom_to_make_decisions__4_c_3_a_4,work_context_frequency_of_decision_making__4_c_3_a_2_b,work_context_health_and_safety_of_other_workers__4_c_1_c_1,work_context_impact_of_decisions_on_co_workers_or_company_results__4_c_3_a_2_a,work_context_importance_of_being_exact_or_accurate__4_c_3_b_4,work_context_importance_of_repeating_same_tasks__4_c_3_b_7,work_context_in_an_enclosed_vehicle_or_operate_enclosed_equipment__4_c_2_a_1_f,work_context_in_an_open_vehicle_or_operating_equipment__4_c_2_a_1_e,work_context_indoors_environmentally_controlled__4_c_2_a_1_a,work_context_indoors_not_environmentally_controlled__4_c_2_a_1_b,work_context_level_of_competition__4_c_3_c_1,work_context_outdoors_exposed_to_all_weather_conditions__4_c_2_a_1_c,work_context_outdoors_under_cover__4_c_2_a_1_d,work_context_pace_determined_by_speed_of_equipment__4_c_3_d_3,work_context_physical_proximity__4_c_2_a_3,work_context_public_speaking__4_c_1_a_2_c,work_context_spend_time_bending_or_twisting_your_body__4_c_2_d_1_h,work_context_spend_time_climbing_ladders_scaffolds_or_poles__4_c_2_d_1_c,work_context_spend_time_keeping_or_regaining_balance__4_c_2_d_1_f,work_context_spend_time_kneeling_crouching_stooping_or_crawling__4_c_2_d_1_e,work_context_spend_time_making_repetitive_motions__4_c_2_d_1_i,work_context_spend_time_sitting__4_c_2_d_1_a,work_context_spend_time_standing__4_c_2_d_1_b,work_context_spend_time_using_your_hands_to_handle_control_or_feel_objects_tools_or_controls__4_c_2_d_1_g,work_context_spend_time_walking_or_running__4_c_2_d_1_d,work_context_telephone_conversations__4_c_1_a_2_f,work_context_time_pressure__4_c_3_d_1,work_context_wear_common_protective_or_safety_equipment_such_as_safety_shoes_glasses_gloves_hearing_protection_hard_hats_or_life_jackets__4_c_2_e_1_d,work_context_wear_specialized_protective_or_safety_equipment_such_as_breathing_apparatus_safety_harness_full_protection_suits_or_radiation_protection__4_c_2_e_1_e,work_context_work_outcomes_and_results_of_other_workers__4_c_1_c_2,work_context_work_with_or_contribute_to_a_work_group_or_team__4_c_1_b_1_e,work_context_written_letters_and_memos__4_c_1_a_2_j
11-1011,Chief Executives,base_00,3.45,2.585,4.495,4.255,4.09,2.825,1.325,1.895,4.62,4.984999999999999,1.5,1.2850000000000001,1.205,1.44,1.35,1.38,1.31,1.355,1.075,2.115,1.6099999999999999,1.155,4.785,4.66,4.13,3.395,4.355,3.995,2.59,3.0300000000000002,1.26,4.78,2.17,3.635,2.175,1.92,1.27,2.7249999999999996,3.0,1.4,1.22,1.325,1.2149999999999999,2.275,4.035,2.2199999999999998,1.95,1.805,4.83,3.8200000000000003,1.83,1.29,4.275,4.57,3.79
11-1021,General and Operations Managers,base_00,3.35,2.52,4.63,4.48,4.49,3.24,1.62,2.31,4.7,4.86,1.64,1.19,1.21,1.63,1.34,1.36,1.31,1.56,1.0,1.8,2.33,1.05,4.86,4.81,4.92,4.54,4.53,4.24,3.11,3.48,1.93,4.39,2.12,3.37,2.93,1.79,1.19,3.2,2.46,1.96,1.32,1.17,1.78,2.42,3.09,2.9,2.42,2.53,4.76,4.08,3.06,1.18,4.33,4.62,4.01
11-2011,Advertising and Promotions Managers,base_00,3.15,2.19,4.68,4.11,4.19,2.92,1.14,2.01,4.23,5.0,1.42,1.38,1.03,1.48,1.06,1.2,1.16,1.27,1.0,2.36,1.47,1.03,4.87,4.04,4.31,2.52,4.03,4.3,2.7,2.28,1.13,4.62,1.68,3.34,2.46,2.0,1.0,2.82,2.55,1.31,1.09,1.27,1.37,2.5,4.33,2.11,2.07,1.97,4.8,4.4,1.24,1.0,3.8,4.47,3.78
11-2021,Marketing Managers,base_00,3.18,2.76,4.61,4.32,4.25,2.74,1.16,2.1,4.63,5.0,1.54,1.2,1.07,1.34,1.06,1.46,1.08,1.09,1.33,2.4,1.5,1.02,4.76,4.42,4.1,2.21,4.15,3.81,2.78,2.26,1.08,4.53,1.86,3.95,1.38,1.25,1.02,2.89,3.35,1.22,1.02,1.19,1.26,2.73,4.36,2.09,2.31,1.95,4.92,4.21,1.3,1.04,4.04,4.67,3.52
11-2022,Sales Managers,base_00,3.52,2.0,4.86,4.1,4.71,3.35,1.24,2.26,4.38,5.0,1.42,1.14,1.15,1.48,1.15,1.35,1.05,1.05,1.0,2.05,1.53,1.05,4.65,4.24,4.1,2.43,4.15,3.38,2.16,3.67,1.05,4.45,1.71,4.35,1.85,1.62,1.1,3.3,2.71,1.25,1.0,1.05,1.1,1.52,4.1,2.4,1.65,1.85,5.0,3.9,1.45,1.1,3.9,4.65,3.95
11-2033,Fundraising Managers,base_00,2.71,2.79,4.96,4.3,4.5,2.64,1.34,1.69,4.58,5.0,1.13,1.29,1.0,1.25,1.0,1.0,1.04,1.0,1.0,1.44,1.01,1.0,4.84,4.38,4.16,2.67,4.11,4.37,3.0,1.63,1.11,4.84,1.43,4.02,1.53,1.54,1.0,2.63,3.14,1.09,1.0,1.04,1.21,2.67,4.88,1.9,2.08,1.47,4.49,3.97,1.0,1.04,3.63,4.79,3.84
11-3012,Administrative Services Managers,base_00,3.2,2.77,4.5,3.9,4.12,3.08,1.75,2.14,4.03,4.96,2.12,1.52,1.93,1.59,1.43,1.49,1.43,1.74,1.0,2.73,1.82,1.03,4.9,4.12,3.9,4.03,3.85,4.15,3.36,2.14,1.51,4.26,1.9,2.48,1.79,1.69,1.48,2.8,2.28,1.71,1.33,1.31,1.67,2.76,3.66,2.49,2.24,2.48,4.78,3.7,1.82,1.14,4.04,4.57,3.55
11-3013,Facilities Managers,base_00,3.425,2.995,4.609999999999999,4.074999999999999,3.865,3.34,2.2750000000000004,2.115,4.285,4.98,2.58,1.94,1.615,2.175,2.175,2.335,1.9449999999999998,1.9100000000000001,1.13,3.01,2.48,1.245,4.71,4.265000000000001,4.09,4.32,4.055,4.07,3.54,2.7800000000000002,1.875,4.585,2.8,3.1,2.83,2.3,1.56,3.46,2.59,1.9,1.6800000000000002,1.665,1.835,2.51,3.42,2.7,2.4,2.495,4.805,3.8499999999999996,2.9749999999999996,1.635,4.105,4.4,3.55
11-3021,Computer and Information Systems Managers,base_00,3.3,3.72,4.58,4.55,3.02,2.95,1.09,2.56,4.75,5.0,1.49,1.57,1.05,1.33,1.36,1.15,1.27,1.32,1.02,2.31,1.22,1.0,4.63,4.42,3.93,2.94,4.34,4.04,3.88,1.27,1.09,3.8,1.66,3.65,1.17,1.13,1.28,2.63,2.08,1.26,1.15,1.11,1.32,3.61,4.58,1.57,2.94,1.64,4.48,3.37,1.51,1.06,4.54,4.75,3.01
11-3031,Financial Managers,base_00,3.0366666666666666,3.3533333333333335,4.3133333333333335,3.8200000000000003,3.2099999999999995,2.57,1.2066666666666668,2.6133333333333333,4.433333333333334,4.993333333333333,1.2266666666666668,1.0633333333333335,1.0366666666666668,1.0666666666666667,1.0,1.0,1.0333333333333334,1.04,1.0,2.3066666666666666,1.1166666666666667,1.0,4.866666666666666,4.336666666666667,4.21,2.283333333333333,4.3566666666666665,4.523333333333333,3.5733333333333337,1.4400000000000002,1.0033333333333332,4.596666666666667,1.0866666666666667,3.8166666666666664,1.1933333333333334,1.1366666666666667,1.1066666666666667,2.6300000000000003,2.606666666666667,1.1566666666666665,1.0,1.0533333333333335,1.0833333333333333,2.5066666666666664,4.603333333333333,1.8,2.18,1.4233333333333331,4.793333333333333,4.303333333333334,1.0066666666666666,1.0,4.1066666666666665,4.3999999999999995,3.64
11-3051,Industrial Production Managers,base_00,3.283333333333333,3.566666666666667,4.578333333333333,4.1,3.4716666666666662,2.7900000000000005,1.4000000000000001,2.5566666666666666,4.465,4.965,3.435,2.0566666666666666,1.3383333333333332,2.5116666666666667,3.1266666666666665,3.0416666666666665,2.6633333333333336,2.3316666666666666,1.0833333333333333,3.7266666666666666,3.233333333333334,1.3816666666666666,4.85,4.463333333333334,4.3933333333333335,4.68,4.3966666666666665,4.29,3.545,2.9316666666666666,1.8233333333333333,4.4383333333333335,3.8383333333333334,3.203333333333333,3.2466666666666666,2.5433333333333334,2.8533333333333335,3.06,2.8216666666666668,1.83,1.705,1.4649999999999999,1.705,2.1816666666666666,3.3966666666666665,2.6733333333333333,2.265,2.4666666666666663,4.8116666666666665,4.123333333333334,4.486666666666667,2.0033333333333334,4.573333333333333,4.64,3.716666666666667
11-3061,Purchasing Managers,base_00,3.32,2.16,4.58,4.0,4.16,2.95,1.53,2.79,4.37,5.0,1.68,1.16,1.16,1.53,1.26,1.39,1.32,1.05,1.16,2.22,1.58,1.16,4.61,4.21,3.58,2.79,3.84,4.26,3.5,2.05,1.44,4.42,1.89,3.39,1.74,1.58,1.42,2.37,2.79,1.33,1.06,1.21,1.26,2.58,4.53,1.84,1.63,1.63,4.95,4.16,1.84,1.32,4.16,4.53,4.21
11-3071,"Transportation, Storage, and Distribution Managers",base_00,3.7199999999999998,2.6950000000000003,4.595000000000001,4.01,3.715,3.35,1.47,2.5149999999999997,4.1,4.965,2.04,1.415,1.1600000000000001,1.92,1.51,1.8,1.625,1.335,1.105,3.08,2.24,1.2,4.845000000000001,4.105,4.0,3.9450000000000003,3.8449999999999998,4.04,2.975,2.735,1.81,4.2,3.3499999999999996,3.46,2.435,1.905,1.825,2.9699999999999998,2.69,1.55,1.255,1.29,1.335,2.425,3.7750000000000004,2.41,2.3200000000000003,2.15,4.93,4.404999999999999,3.085,1.6600000000000001,4.140000000000001,4.52,3.87
11-3111,Compensation and Benefits Managers,base_00,3.1,2.62,4.43,3.71,3.1,3.29,1.24,2.71,4.48,5.0,1.05,1.19,1.0,1.19,1.0,1.0,1.0,1.0,1.0,2.29,1.05,1.0,4.74,4.33,3.86,2.76,3.86,4.1,3.71,1.33,1.0,4.38,1.05,3.29,1.05,1.05,1.0,2.25,2.48,1.1,1.05,1.05,1.15,2.95,4.9,1.81,2.2,1.55,4.95,3.62,1.0,1.0,3.24,4.19,4.06
11-3121,Human Resources Managers,base_00,4.05,2.95,4.68,3.86,3.5,3.64,2.05,2.68,4.27,5.0,1.27,1.32,1.68,1.43,1.32,1.1,1.05,1.27,1.0,2.0,1.41,1.0,4.81,4.27,4.14,3.5,4.05,4.09,3.23,1.91,1.0,4.05,1.73,3.24,1.55,1.41,1.05,2.73,2.77,1.59,1.05,1.14,1.32,2.55,4.23,2.3,1.86,1.91,4.85,3.91,1.73,1.32,3.64,4.5,3.81
11-3131,Training and Development Managers,base_00,2.86,1.68,4.5,4.25,2.21,2.5,1.14,1.96,4.43,4.93,1.25,1.04,1.07,1.32,1.14,1.11,1.0,1.0,1.0,1.75,1.18,1.0,4.78,4.36,3.14,2.32,3.14,3.43,2.71,1.25,1.04,4.39,1.32,2.75,1.25,1.32,1.07,3.11,3.32,1.21,1.04,1.14,1.25,2.54,4.39,2.25,2.0,1.54,4.71,3.64,1.36,1.14,4.04,4.93,3.14
11-9013,"Farmers, Ranchers, and Other Agricultural Managers",base_00,2.61,3.04,4.27,4.02,3.28,2.22,1.16,2.34,4.53,3.39,3.17,2.25,1.19,2.39,2.71,2.69,1.84,3.31,1.05,3.28,3.78,1.97,4.83,4.55,3.54,4.22,4.09,3.49,3.06,3.88,3.88,3.49,4.18,3.09,4.78,3.98,2.21,3.23,1.93,2.43,1.68,1.79,2.34,2.57,2.36,3.42,3.14,2.87,4.12,3.49,3.43,2.23,3.96,4.45,2.75
11-9021,Construction Managers,base_00,3.2,3.5,4.6,4.15,3.9,2.75,1.79,1.9,3.9,4.9,3.0,2.3,1.3,2.9,2.6,3.45,3.1,2.7,1.1,3.95,3.25,1.9,4.68,4.2,4.1,4.3,4.15,4.05,3.4,3.2,2.42,3.7,3.85,3.58,3.85,3.3,2.2,3.5,3.15,2.5,2.55,1.79,2.3,2.95,2.65,3.6,3.25,2.95,4.89,4.25,4.5,2.8,3.8,4.6,3.68
11-9031,"Education and Childcare Administrators, Preschool and Daycare",base_00,3.69,3.85,4.98,4.35,3.77,3.22,1.65,2.1,4.44,4.83,1.26,1.15,2.58,1.04,1.0,1.22,1.06,1.42,1.0,2.76,1.38,1.0,4.88,4.38,4.48,4.52,4.14,4.05,3.68,2.62,1.0,4.03,1.11,2.93,2.3,1.39,1.19,4.01,2.2,1.91,1.06,1.44,1.79,2.8,3.6,2.53,2.73,2.24,4.9,3.93,2.1,1.0,4.58,4.54,4.25
11-9032,"Education Administrators, Kindergarten through Secondary",base_00,3.81,1.92,4.87,4.46,4.14,3.36,2.18,1.04,4.32,4.99,1.54,1.33,2.2,1.25,1.0,1.0,1.05,1.5,1.0,3.15,1.67,1.0,4.76,4.14,3.92,3.85,3.9,3.47,1.89,1.22,1.0,4.03,1.77,2.31,2.41,2.06,1.02,3.9,3.48,1.95,1.0,1.26,1.93,1.89,2.27,3.95,1.44,3.6,4.47,3.46,1.02,1.0,4.66,4.9,4.32
11-9033,"Education Administrators, Postsecondary",base_00,3.18,2.35,4.51,4.19,3.64,2.98,1.28,1.88,4.66,4.93,1.67,1.01,1.85,1.29,1.12,1.12,1.01,1.12,1.01,2.17,1.25,1.06,4.77,4.63,4.47,2.71,4.54,4.13,2.35,2.08,1.13,4.55,1.5,2.88,1.64,1.27,1.01,2.53,3.21,1.37,1.13,1.09,1.15,2.61,3.81,2.4,1.73,1.87,4.73,3.95,1.11,1.01,4.03,4.46,3.65
11-9041,Architectural and Engineering Managers,base_00,3.02,2.67,4.3100000000000005,4.09,3.45,2.575,1.225,2.06,4.48,4.965,2.68,1.83,1.0550000000000002,1.495,2.395,1.84,1.67,1.245,1.065,2.8899999999999997,2.135,1.06,4.855,4.495,3.9850000000000003,3.31,3.97,4.0600000000000005,3.17,2.16,1.19,4.449999999999999,2.6,3.495,2.125,1.975,1.515,2.945,2.8,1.2650000000000001,1.315,1.085,1.3399999999999999,2.29,3.715,2.335,2.835,1.9449999999999998,4.65,3.64,3.565,1.58,4.050000000000001,4.699999999999999,3.435
11-9051,Food Service Managers,base_00,3.63,2.83,4.84,4.51,4.51,3.69,1.71,1.71,3.9,4.07,1.41,2.04,1.08,1.36,1.28,1.09,1.09,2.84,1.0,2.24,1.87,1.0,4.93,4.19,4.57,4.24,4.55,4.13,3.35,2.17,1.31,4.73,1.4,2.26,2.03,1.58,1.64,4.24,2.59,2.33,1.12,1.28,2.13,3.21,1.96,4.46,2.84,4.16,4.62,4.12,3.56,1.0,4.61,4.96,2.81
11-9071,Gambling Managers,base_00,3.93,3.54,4.78,4.63,4.67,3.94,1.9,2.43,4.21,4.46,2.36,1.3,1.44,1.82,1.0,1.15,1.05,1.39,1.0,2.91,1.32,1.0,4.89,4.27,4.65,4.25,4.38,4.48,3.72,1.52,1.07,4.78,1.46,3.13,1.44,1.32,1.5,3.8,2.72,2.12,1.12,1.46,1.58,3.01,2.97,3.46,2.91,3.18,4.24,3.91,1.51,1.05,4.1,4.77,3.69
11-9072,"Entertainment and Recreation Managers, Except Gambling",base_00,2.96,3.21,4.57,4.02,4.81,2.94,1.66,1.65,4.39,5.0,2.06,1.46,1.94,1.37,3.08,1.92,1.62,2.05,1.0,2.74,2.49,1.01,4.63,4.37,3.83,4.16,3.95,3.46,2.6,3.01,1.42,4.6,3.07,2.67,3.07,2.59,1.78,2.92,3.81,1.71,1.32,1.53,1.66,1.68,3.43,2.59,2.59,2.82,4.1,3.44,2.82,1.17,3.8,4.78,2.64
11-9081,Lodging Managers,base_00,3.72,2.6,4.89,4.51,4.49,3.57,1.6,2.86,4.66,4.92,1.54,1.19,1.14,1.19,1.13,1.0,1.08,1.22,1.0,2.19,1.6,1.02,4.83,4.52,4.55,4.2,4.52,4.14,4.14,1.9,1.0,4.11,1.24,3.51,1.45,1.07,1.8,2.97,3.67,1.67,1.0,1.42,1.2,2.52,3.4,3.12,1.76,2.51,4.92,4.35,1.09,1.01,4.55,4.8,4.32
11-9111,Medical and Health Services Managers,base_00,3.71,2.41,4.82,3.96,4.07,3.39,2.11,2.86,4.11,5.0,1.54,1.22,2.54,1.26,1.39,1.11,1.0,1.33,1.04,2.54,1.11,1.0,4.61,3.89,3.74,3.54,3.52,4.36,3.79,1.56,1.04,4.93,1.29,3.43,1.0,1.04,1.29,3.0,2.96,1.89,1.07,1.36,1.44,3.37,4.25,2.25,2.36,1.96,4.93,3.93,1.37,1.27,4.11,4.86,3.71
11-9121,Natural Sciences Managers,base_00,2.57,2.6633333333333336,4.243333333333333,3.92,3.4966666666666666,2.33,1.2133333333333334,1.8166666666666664,4.18,4.9366666666666665,2.02,1.5899999999999999,2.096666666666667,1.3499999999999999,1.8933333333333335,1.39,1.1433333333333333,1.4466666666666665,1.16,2.296666666666667,1.6666666666666667,1.0266666666666666,4.783333333333334,4.16,3.4299999999999997,3.426666666666667,3.776666666666667,4.316666666666666,3.0500000000000003,1.9100000000000001,1.1933333333333334,4.576666666666667,1.7433333333333332,3.19,1.7866666666666668,1.5466666666666669,1.2733333333333334,2.8433333333333333,2.5833333333333335,1.5633333333333332,1.0999999999999999,1.4333333333333333,1.4766666666666666,2.3233333333333333,3.953333333333333,2.3633333333333333,2.263333333333333,1.9166666666666667,4.53,3.3800000000000003,2.866666666666667,1.3266666666666669,3.7266666666666666,4.523333333333333,3.6666666666666665
11-9131,Postmasters and Mail Superintendents,base_00,4.15,2.42,4.96,4.59,4.54,4.28,2.04,2.62,3.89,4.88,2.95,1.25,1.67,1.8,1.48,1.2,1.04,1.62,1.0,3.06,2.5,1.03,4.92,3.97,4.5,4.68,4.16,4.17,3.73,3.0,1.22,4.66,2.24,3.39,2.84,1.22,2.59,3.23,3.79,1.67,1.05,1.22,1.46,2.41,3.09,3.14,1.8,2.95,4.83,4.92,1.38,1.01,4.69,4.66,4.5
11-9141,"Property, Real Estate, and Community Association Managers",base_00,3.6,2.6,4.7,3.8,4.1,3.7,1.9,2.2,4.25,4.95,1.89,1.4,1.15,1.21,1.45,1.47,1.44,1.35,1.0,2.35,1.9,1.0,4.84,4.25,3.95,3.3,4.05,3.9,2.9,3.37,1.1,3.9,2.63,3.65,3.05,2.05,1.15,2.75,2.5,1.56,1.45,1.2,1.45,1.84,3.79,2.35,1.75,2.15,4.95,3.95,1.75,1.2,3.85,4.15,4.55
11-9151,Social and Community Service Managers,base_00,3.51,2.92,4.67,4.23,4.11,3.77,2.11,2.23,4.37,5.0,1.61,1.09,2.02,1.24,1.17,1.12,1.0,1.46,1.0,2.89,1.54,1.0,4.88,4.35,4.26,3.73,4.41,4.2,3.43,3.28,1.0,4.59,1.3,2.21,1.68,1.28,1.18,2.66,2.98,1.35,1.08,1.02,1.33,2.05,4.03,2.46,2.54,1.87,4.98,3.91,1.0,1.0,4.19,4.71,4.1
11-9161,Emergency Management Directors,base_00,3.09,2.68,4.41,4.05,4.14,2.64,1.77,1.86,4.32,4.91,1.95,1.68,1.82,2.2,1.86,1.95,1.36,1.73,1.0,2.45,2.24,1.14,4.52,4.36,3.33,4.14,3.55,3.73,2.45,3.55,1.65,4.23,2.55,3.14,2.86,2.36,1.38,2.95,2.91,1.55,1.41,1.5,1.59,2.32,3.68,2.73,2.27,2.14,4.76,3.45,2.45,1.64,3.64,4.41,3.71
11-9171,Funeral Home Managers,base_00,3.28,3.72,4.85,4.27,4.72,3.2,2.1,2.15,4.03,4.86,3.59,2.29,4.0,2.33,3.18,1.67,1.24,1.82,1.2,2.59,3.41,1.17,4.75,4.53,4.64,3.65,4.29,4.56,3.68,4.75,1.28,4.39,2.58,3.09,3.68,2.89,1.37,4.44,3.62,2.05,1.12,1.9,1.86,2.69,3.24,3.26,2.85,2.66,5.0,4.39,3.24,2.07,3.99,4.79,3.82
11-9179,Fitness and Wellness Coordinators,first_detail,3.2800000000000002,2.085,4.8,4.154999999999999,4.235,3.135,1.325,2.01,4.255,4.555,1.44,1.255,1.505,1.8,1.31,1.095,1.04,1.415,1.0,2.56,1.245,1.0,4.904999999999999,4.415,3.9650000000000003,3.895,3.835,3.505,3.105,1.535,1.12,4.47,1.45,2.99,1.5550000000000002,1.38,1.065,3.865,2.5549999999999997,2.125,1.125,1.635,1.755,2.7199999999999998,3.255,3.0650000000000004,2.3899999999999997,2.625,4.79,3.335,1.57,1.065,3.69,4.695,3.08
11-9199,Regulatory Affairs Managers,first_detail,3.1933333333333334,2.9616666666666664,4.415,3.895,3.516666666666667,2.651666666666667,1.6116666666666666,1.9583333333333333,4.298333333333333,4.796666666666667,2.1,1.6633333333333333,1.2750000000000001,1.8083333333333333,1.8499999999999999,1.8483333333333334,1.785,1.7066666666666668,1.0716666666666665,2.388333333333333,2.0366666666666666,1.16,4.596666666666667,4.2283333333333335,3.848333333333333,3.5500000000000003,4.073333333333333,4.016666666666667,2.98,2.82,1.4100000000000001,4.405,2.4,3.331666666666667,2.4,2.005,1.3216666666666665,3.013333333333333,2.77,1.5566666666666666,1.39,1.3016666666666665,1.4683333333333335,2.3366666666666664,3.875,2.2333333333333334,2.1933333333333334,2.018333333333333,4.755,3.7983333333333333,2.5666666666666664,1.6849999999999998,3.6216666666666666,4.47,3.635
13-1011,"Agents and Business Managers of Artists, Performers, and Athletes",base_00,3.33,2.78,4.88,3.59,2.91,3.03,1.22,1.66,4.42,5.0,1.24,1.11,1.11,1.27,1.0,1.0,1.07,1.0,1.0,2.03,1.3,1.06,4.55,4.22,4.59,1.5,4.13,4.43,2.86,1.32,1.0,3.69,1.16,3.96,1.18,1.18,1.0,2.69,2.0,1.03,1.01,1.01,1.02,2.05,4.6,1.75,1.75,1.59,5.0,4.65,1.0,1.0,3.11,4.17,3.38
13-1021,"Buyers and Purchasing Agents, Farm Products",base_00,3.2,3.68,4.79,3.83,4.17,2.71,1.22,2.95,4.68,4.95,2.24,1.25,1.06,2.13,1.45,1.46,1.63,1.54,1.0,3.3,1.56,1.06,4.98,4.6,4.63,2.99,4.46,4.39,4.2,2.45,1.51,4.15,2.79,3.64,2.2,2.02,1.23,3.04,2.01,1.53,1.41,1.14,1.31,2.21,4.32,2.09,2.11,1.7,5.0,3.81,2.14,1.12,3.18,4.63,3.19
13-1022,"Wholesale and Retail Buyers, Except Farm Products",base_00,3.4,3.15,4.83,3.7,3.83,3.2,1.3,1.81,4.5,5.0,1.91,1.6,1.41,1.38,1.06,1.57,1.26,1.34,1.0,2.0,1.85,1.0,4.76,4.4,4.45,2.38,4.24,4.02,4.13,2.07,1.31,5.0,2.21,3.4,1.35,1.2,1.06,3.3,2.4,1.57,1.06,1.08,1.3,3.57,4.0,2.47,2.42,1.93,5.0,4.03,1.49,1.14,3.73,4.27,3.84
13-1023,"Purchasing Agents, Except Wholesale, Retail, and Farm Products",base_00,2.9,2.74,4.53,3.89,4.15,3.0,1.5,2.89,4.3,5.0,1.74,1.41,1.21,1.45,1.05,1.15,1.05,1.21,1.0,2.0,1.37,1.0,4.53,4.05,4.05,2.55,4.05,4.4,4.05,2.05,1.05,4.79,1.85,3.21,1.79,1.65,1.18,2.42,3.0,1.32,1.1,1.21,1.4,2.68,4.45,2.11,2.21,1.63,4.95,4.3,1.79,1.05,3.28,4.32,4.11
13-1031,"Claims Adjusters, Examiners, and Investigators",base_00,4.03,2.71,4.67,3.18,4.43,4.13,1.39,2.98,4.3,5.0,1.52,1.2,1.1,1.48,1.1,1.15,1.43,1.2,1.03,3.23,1.52,1.02,4.29,4.51,4.86,1.92,4.52,4.61,4.51,2.07,1.03,4.31,1.27,3.16,1.67,1.29,1.83,2.79,1.76,1.45,1.25,1.29,1.19,3.3,4.62,1.71,3.2,1.58,5.0,4.39,1.11,1.07,2.34,3.87,4.93
13-1032,"Insurance Appraisers, Auto Damage",base_00,3.87,2.65,4.96,2.97,4.92,3.6,1.78,3.25,4.43,5.0,3.3,2.62,1.48,2.53,1.92,2.37,1.5,2.29,1.0,2.86,3.18,1.0,4.29,4.45,4.8,1.39,4.48,4.41,3.79,4.39,1.64,3.8,3.0,3.31,4.13,2.57,1.28,2.63,1.77,2.46,1.25,1.68,2.27,3.54,3.93,2.26,3.47,1.93,5.0,4.55,2.27,1.17,2.43,3.77,3.91
13-1041,Compliance Officers,base_00,3.4114285714285715,2.8957142857142855,4.581428571428572,3.544285714285714,4.087142857142857,3.4,1.9342857142857144,2.19,3.8957142857142855,4.7700000000000005,2.5942857142857143,1.8800000000000001,2.0914285714285716,2.12,1.6814285714285713,1.8114285714285714,1.45,1.7157142857142857,1.207142857142857,2.8885714285714283,2.2600000000000002,1.1214285714285714,4.607142857142857,3.9785714285714286,3.8285714285714283,2.59,3.7985714285714285,4.36,3.5042857142857144,2.9899999999999998,1.2757142857142856,4.211428571428572,2.5357142857142856,2.922857142857143,2.7328571428571427,2.144285714285714,1.4628571428571429,3.3328571428571427,2.4285714285714284,1.7228571428571429,1.2385714285714287,1.3085714285714285,1.5271428571428571,2.674285714285714,4.067142857142857,2.3214285714285716,2.3485714285714288,2.07,4.791428571428571,3.9442857142857144,2.38,1.4242857142857144,2.9771428571428573,4.192857142857143,3.9457142857142853
13-1051,Cost Estimators,base_00,2.45,2.36,3.68,3.43,2.77,2.14,1.18,2.14,3.86,5.0,1.24,1.18,1.1,1.29,1.19,1.23,1.25,1.14,1.14,1.77,1.29,1.05,4.45,3.91,3.36,2.1,3.82,3.95,3.1,1.32,1.1,4.3,1.68,3.23,1.52,1.41,1.32,2.76,2.73,1.09,1.18,1.09,1.14,2.36,4.59,1.81,1.32,1.5,4.8,3.77,1.68,1.23,2.81,4.14,2.95
13-1071,Human Resources Specialists,base_00,3.93,2.93,4.77,4.06,3.71,3.39,2.19,2.97,4.48,5.0,1.64,1.14,1.2,1.82,1.0,1.01,1.01,1.02,1.02,1.83,1.16,1.0,4.92,4.36,4.01,3.43,4.19,4.34,3.87,2.41,1.02,4.87,1.14,2.97,1.46,1.42,1.0,2.65,3.33,1.83,1.0,1.62,1.58,3.5,4.18,1.94,3.41,1.74,5.0,3.76,1.15,1.0,3.7,4.72,4.52
13-1074,Farm Labor Contractors,base_00,2.93,2.5,4.49,4.42,2.59,2.76,1.38,2.2,4.97,3.09,3.52,1.2,1.02,2.49,1.63,2.53,1.2,2.43,1.0,3.28,3.45,1.02,4.55,4.81,3.87,4.58,4.21,4.26,4.49,4.09,2.54,2.79,2.94,3.8,4.17,2.93,2.51,3.62,2.04,1.81,1.22,1.22,1.23,1.88,3.9,2.9,2.44,2.8,4.55,4.45,1.83,1.01,4.63,3.68,3.68
13-1075,Labor Relations Specialists,base_00,4.0,2.84,4.48,3.11,2.9,3.58,1.9,1.9,4.1,4.95,1.53,1.38,1.32,1.48,1.33,1.19,1.1,1.21,1.05,1.8,1.28,1.05,4.53,4.19,3.74,2.86,3.86,3.67,2.25,2.33,1.0,4.16,1.81,3.1,1.42,1.43,1.15,2.95,2.57,1.42,1.05,1.21,1.24,1.76,4.1,2.32,1.52,1.84,4.74,3.71,1.47,1.19,3.0,4.05,3.74
13-1081,Logisticians,base_00,3.1933333333333334,2.6533333333333338,4.506666666666667,3.7266666666666666,3.6300000000000003,2.956666666666667,1.6533333333333333,2.7100000000000004,3.9766666666666666,4.916666666666667,2.1,1.6233333333333333,1.24,2.0066666666666664,1.71,1.9166666666666667,1.4033333333333333,1.2866666666666666,1.0999999999999999,3.233333333333333,2.1166666666666667,1.2033333333333334,4.4366666666666665,4.086666666666667,3.6033333333333335,3.01,3.6333333333333333,3.9899999999999998,3.356666666666667,2.2666666666666666,1.7466666666666668,4.456666666666667,2.6366666666666667,3.1999999999999997,2.1533333333333333,2.0433333333333334,1.7366666666666666,3.08,2.54,1.5033333333333332,1.3333333333333333,1.2166666666666666,1.4333333333333333,2.6533333333333333,4.123333333333334,2.2600000000000002,2.243333333333333,1.9133333333333333,4.78,4.17,2.33,1.61,3.4,4.3999999999999995,3.5833333333333335
13-1111,Management Analysts,base_00,2.95,2.79,4.25,4.11,3.62,2.79,1.5,2.55,4.35,5.0,1.37,1.35,1.26,1.48,1.32,1.3,1.2,1.15,1.0,2.33,1.65,1.11,4.74,4.14,3.75,2.45,4.1,4.1,2.7,2.81,1.2,4.26,1.8,3.55,1.75,1.52,1.15,2.85,2.76,1.25,1.1,1.05,1.24,2.05,4.19,1.95,1.62,1.9,4.89,4.0,1.55,1.19,3.61,4.35,3.83
13-1121,"Meeting, Convention, and Event Planners",base_00,3.53,1.87,4.91,4.63,4.7,3.1,1.11,1.66,4.73,4.88,1.44,1.52,1.0,2.52,1.07,1.26,1.25,1.84,1.0,3.58,2.11,1.01,4.91,4.52,4.51,3.23,4.31,3.96,3.24,2.99,1.11,4.41,1.38,3.9,2.32,1.93,1.27,3.87,1.81,2.69,1.12,1.4,1.65,3.76,3.67,3.08,2.7,2.64,4.94,4.57,2.38,1.11,3.91,4.81,4.03
13-1131,Fundraisers,base_00,2.71,2.52,4.62,3.81,4.67,2.52,1.1,1.9,4.38,5.0,1.25,1.24,1.24,1.29,1.0,1.0,1.05,1.1,1.0,1.86,1.4,1.0,5.0,4.19,3.67,2.24,4.0,3.62,2.81,3.43,1.15,3.71,1.81,3.57,1.76,1.62,1.24,3.25,3.14,1.19,1.05,1.15,1.19,2.3,4.05,2.24,1.67,2.1,4.95,3.67,1.14,1.0,3.24,4.4,4.38
13-1141,"Compensation, Benefits, and Job Analysis Specialists",base_00,2.71,2.86,4.38,3.14,3.05,2.81,1.1,2.43,4.0,4.95,1.24,1.0,1.05,1.14,1.14,1.14,1.05,1.0,1.14,2.24,1.1,1.05,4.57,3.81,4.0,2.05,4.05,4.48,3.76,1.33,1.1,4.43,1.25,2.76,1.24,1.24,1.1,2.81,2.29,1.29,1.05,1.1,1.15,3.05,4.71,2.0,2.9,1.45,4.81,3.86,1.25,1.2,2.38,4.14,3.62
13-1151,Training and Development Specialists,base_00,3.22,2.04,4.57,3.65,3.13,2.65,1.52,1.96,4.26,5.0,1.43,1.13,1.35,1.35,1.26,1.36,1.17,1.13,1.09,2.0,1.26,1.09,4.43,4.35,3.05,2.82,3.17,3.0,2.52,1.52,1.17,4.17,1.7,2.7,1.48,1.52,1.09,3.35,3.83,1.55,1.13,1.26,1.39,2.23,3.9,2.65,2.18,1.78,4.52,3.7,1.35,1.17,3.35,4.27,3.57
13-1161,Market Research Analysts and Marketing Specialists,base_00,2.5250000000000004,2.245,3.8949999999999996,3.26,2.83,2.285,1.065,2.26,4.24,4.955,1.065,1.1099999999999999,1.0,1.2149999999999999,1.025,1.02,1.02,1.0,1.0,2.045,1.115,1.0,4.109999999999999,4.39,3.375,1.435,3.675,4.085,2.895,1.395,1.0,4.15,1.195,3.41,1.2349999999999999,1.085,1.13,2.475,2.3899999999999997,1.085,1.02,1.0,1.065,2.22,4.76,1.76,1.89,1.26,4.415,3.89,1.04,1.0,3.0650000000000004,3.825,3.175
13-1199,Business Continuity Planners,first_detail,2.9225,2.365,4.32,3.8675,3.5275,2.6825,1.51,2.14,4.1425,4.9775,1.68,1.375,1.2275,1.49,1.3,1.545,1.3175,1.2825,1.0575,2.1725000000000003,1.6199999999999999,1.05,4.3875,4.155,3.4125,3.05,3.785,3.79,2.6825,2.4074999999999998,1.265,4.1875,2.1,3.2199999999999998,1.94,1.7525,1.1824999999999999,2.8600000000000003,2.4450000000000003,1.405,1.2725,1.2525,1.295,2.1875,4.145,2.1625,1.8575,1.845,4.6975,3.67,1.7325,1.2425,3.3225,4.195,3.62
13-2011,Accountants and Auditors,base_00,2.75,2.75,4.55,3.47,3.77,2.44,1.04,3.05,4.17,4.98,1.21,1.21,1.02,1.29,1.08,1.08,1.12,1.07,1.0,2.59,1.27,1.0,4.7,4.04,3.97,2.33,4.33,4.71,3.85,1.8,1.04,4.63,1.38,3.41,1.27,1.25,1.08,2.83,2.0,1.19,1.05,1.0,1.08,2.58,4.5,1.8,1.91,1.56,4.85,4.19,1.19,1.02,3.59,4.21,3.88
13-2022,Appraisers of Personal and Business Property,base_00,2.35,3.17,4.09,2.91,3.59,2.35,1.3,1.73,4.35,4.73,1.95,2.17,1.09,2.04,1.35,1.7,1.59,1.32,1.09,2.09,2.09,1.26,3.86,4.17,3.61,2.43,4.05,4.43,3.39,2.13,1.22,3.52,2.43,3.39,2.39,2.39,1.22,2.91,1.91,1.83,1.52,1.55,1.83,2.22,3.83,2.43,2.78,1.87,4.48,3.87,2.04,1.26,2.96,2.95,3.64
13-2023,Appraisers and Assessors of Real Estate,base_00,2.5,2.26,3.96,2.04,3.17,2.35,1.25,2.39,4.43,5.0,1.78,1.92,1.39,1.92,1.39,1.33,1.58,1.87,1.0,1.62,2.83,1.0,4.19,4.46,3.52,1.59,3.12,4.62,3.22,4.3,1.13,3.65,2.67,3.26,4.09,2.62,1.09,2.78,1.46,1.39,1.54,1.26,1.71,2.21,3.71,2.39,2.0,2.22,4.65,4.54,1.48,1.08,2.39,2.61,4.22
13-2031,Budget Analysts,base_00,3.01,2.8,4.42,4.45,4.08,2.26,1.0,1.57,4.49,5.0,1.02,1.0,1.37,1.02,1.0,1.01,1.14,1.0,1.0,2.6,1.01,1.0,4.33,4.25,4.6,3.33,4.13,4.6,4.6,1.0,1.0,3.66,1.14,2.87,1.15,1.0,1.02,2.19,1.86,1.78,1.0,1.12,1.14,4.05,4.82,1.8,3.64,1.76,4.63,4.26,1.85,1.0,3.87,4.68,3.59
13-2041,Credit Analysts,base_00,2.5,2.6,3.7,2.4,2.4,2.0,1.0,2.4,4.2,5.0,1.05,1.11,1.0,1.2,1.0,1.0,1.05,1.0,1.0,2.45,1.05,1.0,4.68,3.75,3.7,1.4,3.35,4.5,4.1,1.35,1.0,5.0,1.05,3.15,1.16,1.05,1.05,2.8,2.35,1.2,1.0,1.0,1.05,3.05,4.85,1.63,1.85,1.3,4.68,4.2,1.0,1.0,2.05,3.39,4.05
13-2052,Personal Financial Advisors,base_00,2.32,3.08,3.92,2.92,3.85,2.0,1.04,2.44,4.32,4.85,1.08,1.04,1.04,1.04,1.0,1.0,1.0,1.04,1.0,1.31,1.08,1.0,4.12,4.0,4.12,1.65,4.19,4.62,3.08,1.23,1.0,4.64,1.12,3.52,1.08,1.08,1.08,2.44,2.0,1.0,1.0,1.0,1.0,1.92,4.42,1.56,1.54,1.2,4.6,3.69,1.0,1.0,2.74,3.25,3.44
13-2053,Insurance Underwriters,base_00,3.52,2.9,4.5,2.8,3.57,3.27,1.07,2.87,4.07,5.0,1.07,1.0,1.03,1.03,1.03,1.03,1.03,1.07,1.0,2.3,1.07,1.0,4.38,4.3,4.33,1.5,3.9,4.3,3.53,1.53,1.0,4.57,1.23,3.33,1.2,1.13,1.17,3.07,1.9,1.1,1.0,1.0,1.07,3.2,4.93,1.73,2.87,1.4,4.79,4.57,1.07,1.03,2.33,3.8,4.03
13-2061,Financial Examiners,base_00,2.74,2.35,4.61,4.04,3.22,2.35,1.04,2.3,3.59,4.96,1.09,1.13,1.0,1.17,1.0,1.0,1.0,1.0,1.0,2.83,1.09,1.0,4.78,3.52,3.39,1.7,4.13,4.0,2.7,1.96,1.0,4.48,1.04,3.09,1.0,1.0,1.22,3.43,2.35,1.17,1.0,1.04,1.09,2.09,4.78,1.83,1.23,1.61,4.35,3.61,1.0,1.0,3.74,4.7,3.59
13-2071,Credit Counselors,base_00,2.71,2.44,4.48,2.88,3.58,3.52,1.36,3.0,4.04,4.84,1.2,1.04,1.25,1.04,1.0,1.0,1.0,1.04,1.0,2.0,1.08,1.0,3.96,4.24,4.44,1.46,4.08,4.32,4.08,1.36,1.0,4.33,1.21,2.88,1.36,1.24,1.29,2.48,2.6,1.44,1.0,1.0,1.12,3.43,4.64,1.8,3.64,1.46,4.76,3.84,1.0,1.0,1.96,3.76,4.17
13-2072,Loan Officers,base_00,3.19,3.01,4.83,3.9,4.55,3.32,1.45,3.2,4.39,5.0,1.17,1.0,1.37,1.45,1.0,1.0,1.0,1.19,1.0,2.92,1.3,1.0,4.89,4.43,4.8,2.63,4.49,4.5,3.45,2.03,1.0,5.0,2.15,4.06,1.92,1.41,1.36,3.14,2.34,1.53,1.0,1.14,1.03,2.58,4.61,2.16,3.39,1.74,5.0,4.12,1.1,1.0,3.6,4.53,4.23
13-2081,"Tax Examiners and Collectors, and Revenue Agents",base_00,2.77,2.91,4.52,3.06,4.53,3.61,1.64,3.03,4.12,4.9,1.45,1.02,1.02,1.96,1.0,1.0,1.0,1.01,1.0,2.6,1.13,1.0,4.11,4.12,4.07,2.12,4.18,4.96,4.19,1.69,1.0,4.88,1.49,2.0,1.12,1.05,1.24,3.07,1.56,1.31,1.0,1.0,1.13,3.3,4.72,1.59,2.63,1.43,4.56,3.74,1.01,1.01,2.58,4.23,4.05
13-2082,Tax Preparers,base_00,2.48,2.74,4.0,2.19,3.67,2.55,1.3,2.81,3.57,4.43,1.48,1.2,1.62,1.05,1.0,1.0,1.0,1.14,1.0,1.9,1.05,1.0,4.1,3.85,3.6,1.6,3.74,4.9,4.24,1.16,1.0,3.4,1.3,3.4,1.05,1.05,1.0,2.6,1.62,1.25,1.0,1.29,1.2,3.21,4.45,1.95,2.4,1.43,4.4,4.05,1.0,1.0,2.43,2.86,3.1
13-2099,Financial Quantitative Analysts,first_detail,2.725,3.165,3.885,3.485,3.065,2.58,1.4649999999999999,2.615,4.0600000000000005,4.855,1.3599999999999999,1.425,1.2,1.345,1.1600000000000001,1.1400000000000001,1.1400000000000001,1.22,1.02,2.31,1.31,1.06,4.305,3.965,3.89,2.145,4.03,4.4,3.25,1.645,1.145,4.13,1.58,3.92,1.48,1.42,1.375,2.7800000000000002,2.605,1.33,1.105,1.1600000000000001,1.27,2.7800000000000002,4.609999999999999,2.045,2.125,1.46,4.52,3.895,1.42,1.24,3.375,4.235,3.55
15-1211,Computer Systems Analysts,base_00,2.63,2.9450000000000003,4.4350000000000005,3.985,3.11,2.59,1.345,2.455,4.415,5.0,1.3199999999999998,1.37,1.645,1.19,1.1349999999999998,1.08,1.06,1.12,1.0,2.135,1.1749999999999998,1.0,4.255,4.075,3.41,2.44,3.58,4.435,3.755,1.365,1.04,4.72,1.2149999999999999,3.42,1.16,1.2000000000000002,1.33,3.08,2.54,1.265,1.13,1.0950000000000002,1.3450000000000002,3.1500000000000004,4.21,2.26,2.92,1.94,4.8,3.895,1.585,1.095,3.7750000000000004,4.6,3.19
15-1212,Information Security Analysts,base_00,2.92,3.45,4.32,3.43,2.87,2.62,1.1,2.03,4.08,4.96,1.55,1.63,1.03,1.88,1.3,1.24,1.34,1.36,1.07,2.47,1.78,1.0,4.47,4.0,3.19,2.14,3.63,4.07,3.33,1.8,1.08,4.82,1.68,3.19,1.52,1.62,1.25,3.06,2.08,1.4,1.45,1.27,1.64,2.81,4.23,2.3,3.09,1.99,4.48,3.6,1.39,1.15,3.02,4.18,2.99
15-1221,Computer and Information Research Scientists,base_00,2.59,2.61,4.44,3.56,3.66,2.12,1.0,2.32,3.98,5.0,1.18,1.57,1.01,1.23,1.27,1.17,1.09,1.08,1.05,2.14,1.14,1.0,4.69,4.17,3.03,2.18,3.42,3.96,2.22,1.09,1.04,4.78,1.4,3.31,1.06,1.04,1.63,2.3,3.13,1.2,1.0,1.03,1.27,2.45,4.53,1.77,2.75,1.34,4.38,3.71,1.43,1.04,3.32,4.44,2.81
15-1231,Computer Network Support Specialists,base_00,2.58,3.29,4.72,3.46,3.51,2.77,1.05,2.28,4.3,4.92,2.4,2.92,1.53,2.0,1.12,1.31,1.25,1.8,1.04,2.61,1.44,1.0,4.8,4.26,3.52,2.39,3.77,4.45,3.71,2.67,1.04,4.83,2.02,2.96,1.51,1.45,1.75,3.2,1.93,1.86,1.26,1.32,1.91,3.33,3.72,2.45,3.1,2.39,4.92,3.9,1.34,1.01,3.33,4.61,3.66
15-1232,Computer User Support Specialists,base_00,2.33,3.46,4.38,4.25,2.01,2.93,1.33,2.06,4.41,5.0,1.45,1.7,1.26,1.21,1.15,1.15,1.3,1.08,1.02,1.45,1.74,1.03,4.83,4.57,4.1,3.41,3.22,4.04,3.5,2.04,1.03,4.86,1.5,2.75,1.63,1.38,1.32,2.7,2.03,2.07,1.36,1.48,1.78,4.05,3.93,2.18,4.41,2.17,4.61,3.65,1.25,1.11,4.2,4.07,2.79
15-1241,Computer Network Architects,base_00,2.63,3.2,4.335,3.6550000000000002,3.3049999999999997,2.61,1.29,2.345,3.925,5.0,1.605,1.85,1.34,1.79,1.56,1.53,1.65,1.46,1.1,2.635,1.75,1.0699999999999998,4.5649999999999995,3.925,3.34,2.87,3.66,4.1,3.0549999999999997,2.415,1.315,4.335,2.175,3.465,1.99,1.85,1.5150000000000001,3.075,2.395,1.6800000000000002,1.7,1.365,1.78,2.325,3.8899999999999997,2.7,2.54,2.045,4.675000000000001,3.825,2.06,1.43,3.27,4.1899999999999995,3.355
15-1242,Database Administrators,base_00,2.44,3.88,4.13,3.58,2.13,2.24,1.23,2.63,4.24,4.92,1.11,1.07,1.05,1.08,1.05,1.07,1.14,1.0,1.01,2.1,1.09,1.0,3.19,4.49,3.91,2.07,3.29,4.34,3.39,1.66,1.02,4.77,1.35,2.77,1.12,1.12,1.2,2.39,1.6,1.89,1.07,1.05,1.56,3.89,4.33,3.0,2.66,1.46,4.58,2.99,1.59,1.07,3.46,4.58,2.98
15-1243,Database Architects,base_00,2.755,2.7300000000000004,3.62,3.355,2.145,2.14,1.0699999999999998,2.5300000000000002,4.005,4.975,1.255,1.05,1.025,1.1349999999999998,1.045,1.025,1.0,1.025,1.085,1.835,1.045,1.0,4.37,4.140000000000001,3.005,1.71,3.535,4.3100000000000005,3.435,1.07,1.0,4.49,1.1400000000000001,3.4050000000000002,1.05,1.025,1.165,2.65,2.17,1.115,1.0,1.085,1.025,2.71,4.835,1.8199999999999998,2.44,1.38,4.375,3.46,1.025,1.0,2.895,4.245,3.05
15-1244,Network and Computer Systems Administrators,base_00,2.41,2.72,4.46,2.71,1.8,3.08,1.21,2.58,4.14,4.89,1.55,2.04,1.1,1.58,1.16,1.14,1.26,1.29,1.06,3.17,1.65,1.0,4.51,4.09,3.07,1.9,3.3,4.0,3.3,2.15,1.03,4.96,1.68,3.1,1.43,1.12,1.32,3.15,1.53,1.71,1.16,1.17,1.72,3.13,4.27,2.02,2.44,1.67,4.61,3.79,1.36,1.02,2.75,4.2,3.15
15-1251,Computer Programmers,base_00,2.48,2.54,4.15,2.9,2.28,2.21,1.0,2.29,3.4,5.0,1.07,1.05,1.0,1.13,1.0,1.0,1.0,1.1,1.0,2.67,1.02,1.0,4.58,3.43,2.33,1.28,3.14,4.22,3.15,1.37,1.0,4.26,1.03,3.55,1.19,1.18,1.13,2.56,2.48,1.26,1.0,1.03,1.2,3.28,4.84,1.62,3.14,1.59,3.41,4.04,1.0,1.0,2.69,4.21,1.67
15-1252,Software Developers,base_00,1.72,2.76,3.88,3.74,1.93,1.46,1.0,2.24,4.19,4.5,1.04,1.26,1.02,1.17,1.01,1.01,1.23,1.0,1.02,1.07,1.05,1.0,3.0,4.27,2.42,2.05,2.55,4.26,3.23,1.02,1.0,3.2,1.06,3.05,1.01,1.02,1.33,1.71,1.62,1.04,1.01,1.02,1.02,2.79,4.95,1.47,3.16,1.29,3.43,3.5,1.28,1.03,3.44,4.56,1.18
15-1253,Software Quality Assurance Analysts and Testers,base_00,3.03,2.79,4.0,2.97,2.12,2.39,1.24,2.88,3.97,5.0,1.18,1.32,1.09,1.15,1.12,1.15,1.0,1.06,1.06,2.74,1.06,1.0,4.69,4.12,3.0,2.12,3.56,4.44,3.66,1.15,1.12,4.12,1.29,3.55,1.12,1.12,1.61,3.09,2.44,1.09,1.0,1.09,1.03,3.26,4.68,1.94,2.68,1.42,4.09,3.88,1.21,1.09,2.88,4.42,2.76
15-1254,Web Developers,base_00,2.88,2.88,3.88,3.04,2.46,2.5,1.17,2.0,4.08,4.79,1.17,1.17,1.04,1.21,1.0,1.04,1.0,1.04,1.0,2.75,1.08,1.0,4.33,4.42,3.25,1.83,3.5,4.25,4.17,1.04,1.0,4.38,1.08,3.83,1.04,1.08,1.04,2.75,1.96,1.17,1.04,1.08,1.17,4.04,4.79,1.67,3.21,1.46,4.17,4.0,1.04,1.04,3.12,4.0,2.54
15-1255,Video Game Designers,first_detail,2.8,2.1,4.05,3.85,2.05,2.05,1.05,1.79,4.05,5.0,1.0,1.1,1.0,1.3,1.0,1.0,1.05,1.0,1.0,2.1,1.0,1.0,4.7,3.95,3.1,1.45,3.5,3.16,3.4,1.15,1.05,4.75,1.1,4.35,1.15,1.1,1.1,2.95,2.35,1.0,1.0,1.0,1.05,4.05,4.84,1.5,3.85,1.2,3.3,4.05,1.05,1.0,3.15,4.75,2.2
15-1299,Web Administrators,first_detail,2.686666666666667,2.9433333333333334,3.975,3.67,3.08,2.5833333333333335,1.2716666666666667,2.76,4.133333333333334,4.94,1.4233333333333331,1.5233333333333334,1.1133333333333333,1.635,1.1300000000000001,1.1883333333333332,1.31,1.2533333333333332,1.03,2.2416666666666667,1.2616666666666667,1.0283333333333333,4.3116666666666665,4.028333333333333,3.3866666666666667,2.3316666666666666,3.625,4.213333333333334,3.52,1.7166666666666668,1.1133333333333333,4.4816666666666665,1.5966666666666667,3.4416666666666664,1.4566666666666668,1.37,1.6216666666666668,2.768333333333333,2.5,1.385,1.2533333333333332,1.26,1.3950000000000002,2.9033333333333338,4.463333333333334,1.9983333333333333,2.7433333333333336,1.625,4.586666666666667,3.8349999999999995,1.37,1.105,3.223333333333333,4.296666666666667,3.2383333333333333
15-2011,Actuaries,base_00,2.21,2.37,3.79,2.81,2.43,1.67,1.11,2.26,3.86,5.0,1.04,1.0,1.0,1.04,1.0,1.0,1.0,1.04,1.0,1.64,1.04,1.0,4.6,3.86,3.08,1.57,3.96,4.43,3.22,1.0,1.0,5.0,1.0,3.62,1.0,1.0,1.11,2.7,2.21,1.04,1.0,1.04,1.0,2.15,4.93,1.59,1.79,1.33,4.48,3.46,1.0,1.0,3.04,4.19,3.85
15-2021,Mathematicians,base_00,1.9,2.26,3.35,2.35,2.0,2.05,1.25,1.74,4.35,4.55,1.3,1.1,1.32,1.05,1.1,1.05,1.05,1.05,1.0,1.9,1.05,1.0,4.26,4.5,2.25,1.75,2.7,4.3,2.1,1.15,1.0,3.65,1.2,3.8,1.1,1.2,1.3,2.5,2.95,1.3,1.05,1.15,1.1,2.0,3.89,2.1,1.65,1.6,2.89,3.15,1.0,1.0,2.47,3.39,2.95
15-2031,Operations Research Analysts,base_00,2.29,2.35,3.62,3.43,2.38,1.81,1.24,2.29,4.05,4.81,1.14,1.2,1.1,1.19,1.1,1.14,1.1,1.05,1.1,1.62,1.19,1.0,4.29,3.76,2.9,2.14,3.57,4.24,2.1,1.33,1.14,4.86,1.67,3.65,1.38,1.38,1.33,2.33,2.52,1.05,1.05,1.05,1.15,1.65,4.43,1.9,1.6,1.38,4.1,3.57,1.43,1.3,2.95,4.33,3.1
15-2041,Statisticians,base_00,2.4699999999999998,2.425,3.545,3.2649999999999997,2.495,2.16,1.115,2.01,4.13,4.855,1.07,1.025,1.0950000000000002,1.045,1.02,1.02,1.02,1.02,1.02,2.215,1.0899999999999999,1.0,4.29,4.225,3.0300000000000002,1.87,3.3,4.425,2.8049999999999997,1.13,1.025,4.26,1.24,3.225,1.0950000000000002,1.09,1.165,2.635,2.6550000000000002,1.13,1.04,1.04,1.045,2.49,4.585,1.91,2.23,1.4,4.18,3.335,1.135,1.0899999999999999,3.1,4.4,3.21
15-2051,Business Intelligence Analysts,first_detail,2.5599999999999996,2.44,3.785,3.72,2.4,2.165,1.0550000000000002,2.5,4.185,4.975,1.05,1.125,1.125,1.095,1.0,1.025,1.0,1.0,1.0,1.775,1.025,1.0,4.154999999999999,3.9650000000000003,3.1399999999999997,1.525,3.3499999999999996,4.43,3.355,1.17,1.0,4.27,1.115,3.335,1.05,1.0,1.075,2.8049999999999997,2.42,1.1,1.0,1.05,1.05,2.86,4.81,1.725,2.2750000000000004,1.24,4.355,3.84,1.0,1.0,3.2249999999999996,4.244999999999999,3.0700000000000003
15-2099,Bioinformatics Technicians,first_detail,2.0,2.67,3.88,2.91,2.85,1.85,1.62,2.94,3.9,4.87,1.86,1.26,1.42,1.15,1.48,1.2,1.19,1.22,1.19,2.43,1.11,1.07,4.21,4.06,2.66,2.27,2.89,4.26,3.13,1.3,1.02,4.29,1.34,3.35,1.15,1.24,1.11,3.36,2.2,1.26,1.09,1.1,1.28,2.92,4.71,1.72,2.19,1.41,2.63,3.39,1.83,1.02,3.62,4.33,2.19
17-1011,"Architects, Except Landscape and Naval",base_00,2.95,3.2,4.57,4.1,3.62,2.75,1.35,2.05,3.86,4.95,1.85,1.57,1.05,1.76,1.35,1.57,2.29,1.3,1.0,2.86,2.21,1.2,4.6,3.86,3.4,2.67,3.48,3.95,3.1,2.6,1.0,4.3,2.43,4.1,2.65,2.48,1.16,3.15,2.71,1.4,1.86,1.22,1.62,3.1,4.4,2.05,2.75,1.95,4.9,3.62,2.45,1.33,3.75,4.58,3.65
17-1012,Landscape Architects,base_00,2.65,2.4,4.05,3.89,3.65,2.6,1.21,2.05,3.75,5.0,1.5,1.2,1.05,1.6,1.2,1.3,1.25,1.5,1.05,1.75,2.15,1.05,4.47,3.7,3.3,2.6,3.45,3.95,2.3,2.5,1.15,4.7,2.47,3.4,2.9,2.1,1.1,2.95,2.45,1.15,1.05,1.15,1.25,2.1,4.25,2.2,2.55,1.95,4.6,3.85,2.15,1.05,3.6,4.42,3.8
17-1021,Cartographers and Photogrammetrists,base_00,2.58,2.5,4.2,4.06,4.24,2.12,1.18,2.68,3.97,4.87,2.11,1.45,1.0,1.97,1.16,1.16,1.15,1.35,1.0,3.07,1.81,1.02,4.58,4.09,3.37,1.78,3.74,4.87,3.51,2.22,1.12,4.96,1.52,2.73,2.02,1.21,1.0,3.15,2.26,1.75,1.19,1.06,1.56,3.5,4.83,1.83,4.12,1.4,4.67,3.97,1.33,1.04,3.14,4.43,3.18
17-1022,Surveyors,base_00,2.545,2.875,4.08,3.485,3.535,2.54,1.51,2.575,3.75,4.965,2.4050000000000002,1.9649999999999999,1.135,2.6950000000000003,1.74,2.865,1.8900000000000001,2.895,1.1800000000000002,3.0300000000000002,3.165,1.44,4.4399999999999995,4.0600000000000005,3.64,3.485,3.6849999999999996,4.82,3.475,3.605,1.81,3.87,3.125,2.87,4.105,2.1550000000000002,1.7349999999999999,3.1550000000000002,2.41,2.175,1.46,1.805,1.9699999999999998,2.5549999999999997,3.0700000000000003,3.01,3.6100000000000003,2.775,4.605,3.7649999999999997,3.3600000000000003,1.665,3.41,4.13,3.765
17-2011,Aerospace Engineers,base_00,2.97,2.76,4.24,3.9,3.43,2.41,1.07,1.55,4.07,5.0,2.12,1.41,1.0,1.4,1.82,2.28,1.36,1.31,1.0,3.1,1.53,1.03,4.92,4.35,2.98,2.41,3.42,4.0,2.34,1.82,1.01,4.79,2.69,2.82,1.56,1.76,1.31,2.99,2.41,1.27,1.25,1.0,1.36,2.06,4.25,1.95,1.89,1.72,4.4,3.56,3.36,1.18,3.31,4.47,2.85
17-2021,Agricultural Engineers,base_00,2.6,3.05,3.75,3.5,3.25,2.3,1.25,1.95,3.95,5.0,2.65,2.25,1.45,2.4,2.25,2.7,1.95,2.15,1.3,3.05,2.9,1.65,4.3,4.0,2.95,3.5,3.5,4.15,2.75,3.55,2.75,4.5,3.35,3.05,3.5,3.4,2.05,2.85,2.3,1.8,1.75,1.53,1.65,2.0,3.68,2.5,2.35,1.9,4.2,3.4,3.1,2.05,3.3,4.15,3.55
17-2031,Bioengineers and Biomedical Engineers,base_00,2.35,2.61,3.78,3.39,2.83,2.22,1.22,2.35,4.0,4.87,1.61,1.35,2.09,1.26,1.74,1.65,1.3,1.48,1.7,2.39,1.3,1.17,4.3,4.0,2.78,3.3,3.48,4.35,2.43,1.48,1.17,4.57,1.57,3.61,1.35,1.39,1.74,2.83,2.52,1.43,1.22,1.22,1.26,2.26,4.0,2.17,3.0,1.7,3.91,3.48,2.57,2.0,3.22,4.39,3.39
17-2041,Chemical Engineers,base_00,2.48,3.96,3.96,3.22,2.43,2.04,1.17,2.35,4.0,5.0,2.7,1.65,1.0,1.61,2.78,2.39,1.87,1.39,1.17,2.74,2.3,1.13,4.83,4.04,3.3,4.13,3.87,4.04,2.48,2.0,1.26,4.78,2.96,3.39,2.87,2.59,1.3,2.74,2.22,1.57,1.64,1.35,1.52,1.86,4.0,2.05,1.91,2.0,4.52,3.57,3.65,2.3,2.91,4.35,3.39
17-2051,Civil Engineers,base_00,2.9233333333333333,3.0233333333333334,4.21,3.6666666666666665,3.65,2.3000000000000003,1.23,2.143333333333333,3.8966666666666665,4.986666666666667,2.0100000000000002,1.5166666666666666,1.3099999999999998,1.8666666666666665,1.5766666666666669,2.09,1.9033333333333333,1.5633333333333332,1.11,2.563333333333333,2.3033333333333332,1.1833333333333333,4.723333333333334,3.9066666666666667,3.6,3.1300000000000003,3.8000000000000003,4.17,2.783333333333333,2.966666666666667,1.3266666666666667,4.3999999999999995,2.473333333333333,3.3733333333333335,2.8433333333333333,2.03,1.2666666666666666,2.86,2.4899999999999998,1.4366666666666668,1.4733333333333334,1.2166666666666666,1.4166666666666667,2.313333333333333,4.1933333333333325,2.106666666666667,1.9933333333333334,1.9133333333333333,4.833333333333333,3.81,2.83,1.6533333333333333,3.563333333333333,4.41,3.7733333333333334
17-2061,Computer Hardware Engineers,base_00,2.55,2.64,3.97,3.52,2.62,1.93,1.03,2.71,4.03,4.9,1.44,1.26,1.04,1.25,1.43,1.21,1.07,1.3,1.1,2.25,1.3,1.04,4.46,4.24,2.57,2.69,3.31,4.41,3.11,1.56,1.15,4.43,1.52,3.93,1.37,1.3,1.32,2.78,2.34,1.32,1.07,1.25,1.28,2.38,4.5,2.07,2.48,1.59,4.14,3.66,1.75,1.14,3.11,4.36,3.14
17-2071,Electrical Engineers,base_00,3.23,3.03,4.34,3.68,3.1,2.59,1.29,2.18,4.59,4.87,1.82,2.01,1.0,2.01,2.24,2.18,1.81,1.83,1.09,2.94,2.39,1.16,4.7,4.47,4.14,3.11,4.0,4.54,3.78,2.31,1.6,4.7,2.43,3.33,2.21,1.86,2.33,3.21,2.26,1.88,1.72,1.39,1.77,2.71,4.06,2.38,2.96,2.2,4.8,3.92,3.2,1.57,3.74,4.3,2.98
17-2072,"Electronics Engineers, Except Computer",base_00,2.605,2.7,4.03,3.5300000000000002,2.94,2.175,1.045,1.65,4.2,4.795,1.7200000000000002,1.68,1.12,1.225,1.73,1.635,1.4,1.4500000000000002,1.37,2.33,1.175,1.01,4.58,4.4399999999999995,3.1399999999999997,2.27,3.665,4.235,2.825,1.815,1.0150000000000001,4.46,2.2249999999999996,2.86,1.33,1.28,1.51,2.92,2.29,1.38,1.28,1.1749999999999998,1.5550000000000002,2.0,4.075,2.175,2.46,1.655,4.09,3.5250000000000004,2.35,1.185,3.1,4.35,2.84
17-2081,Environmental Engineers,base_00,2.62,3.2,4.05,3.65,4.0,2.45,1.29,2.11,4.05,4.95,2.7,1.75,1.65,2.05,2.0,2.14,1.71,1.8,1.24,2.86,2.7,1.2,4.42,3.81,3.16,4.05,3.86,4.05,2.75,2.86,2.0,4.3,3.14,3.5,3.2,2.81,1.47,2.95,2.57,1.47,1.62,1.6,1.57,1.95,3.95,2.4,2.2,2.15,4.89,3.81,3.15,2.14,3.63,4.4,3.79
17-2111,"Health and Safety Engineers, Except Mining Safety Engineers and Inspectors",base_00,2.8449999999999998,3.12,4.245,3.5949999999999998,3.5949999999999998,2.55,1.25,1.87,4.02,4.925,2.415,1.99,1.365,2.195,2.355,2.3200000000000003,2.2800000000000002,1.905,1.275,2.6950000000000003,2.44,1.4,4.515000000000001,4.145,3.6550000000000002,3.73,3.9800000000000004,4.06,2.6,2.915,1.64,4.12,3.17,3.2,2.84,2.525,1.4249999999999998,2.855,2.75,1.88,1.875,1.5950000000000002,1.8450000000000002,1.865,3.57,2.5549999999999997,2.125,2.2199999999999998,4.68,3.725,3.37,2.12,3.27,4.18,3.885
17-2112,Industrial Engineers,base_00,3.0175,3.02,4.202500000000001,3.7175,3.2425,2.6725,1.28,2.0875,4.265,4.9425,2.465,1.8825,1.26,1.92,1.88,2.3925,1.5474999999999999,1.6,1.225,2.9975,2.01,1.27,4.755,4.26,3.335,3.4975,3.63,4.21,3.0025,1.94,1.3125,4.4675,2.725,3.145,1.875,1.8025,1.745,3.265,2.7975,1.6575,1.3375,1.2775,1.6075,2.0525,3.5825,2.5324999999999998,2.3475,2.17,4.595,3.74,3.59,1.7275,3.3049999999999997,4.3575,3.4
17-2121,Marine Engineers and Naval Architects,base_00,2.35,3.71,3.95,3.5,3.28,2.12,1.24,1.89,4.11,4.74,2.89,3.28,1.28,2.89,2.67,3.0,2.71,1.94,1.56,3.28,2.89,1.5,4.67,3.78,3.11,3.22,4.06,4.33,3.33,2.59,1.94,3.89,3.33,2.94,3.42,3.32,1.72,3.22,2.21,2.5,2.33,2.06,2.39,2.61,3.44,2.83,3.11,2.17,4.47,3.67,3.61,2.33,2.94,3.71,3.22
17-2131,Materials Engineers,base_00,2.71,2.76,3.86,3.52,3.05,2.14,1.1,2.28,4.14,5.0,2.75,1.76,1.1,1.76,2.9,2.86,1.19,1.9,1.67,2.71,1.71,1.05,4.67,4.19,2.9,3.71,3.45,4.1,2.19,1.57,1.24,4.52,2.48,3.48,1.67,1.76,1.86,2.86,2.81,1.62,1.38,1.29,1.52,1.86,3.6,2.57,2.52,1.9,4.19,3.52,4.25,2.1,3.67,4.43,3.33
17-2141,Mechanical Engineers,base_00,2.6166666666666667,2.9466666666666668,4.1499999999999995,3.436666666666667,2.9499999999999997,2.0399999999999996,1.1666666666666667,2.1733333333333333,4.086666666666667,4.983333333333333,2.123333333333333,1.7300000000000002,1.1466666666666667,1.4733333333333334,2.38,2.28,1.3633333333333333,1.4400000000000002,1.0,2.466666666666667,1.7633333333333334,1.2533333333333332,4.583333333333333,4.006666666666667,2.9966666666666666,3.4266666666666663,3.3166666666666664,4.226666666666667,2.59,2.1233333333333335,1.3366666666666667,4.596666666666667,2.1933333333333334,3.483333333333333,1.9000000000000001,1.9466666666666665,1.7833333333333332,3.033333333333333,2.7733333333333334,1.6266666666666667,1.3499999999999999,1.3066666666666666,1.6466666666666667,1.9366666666666668,3.6933333333333334,2.466666666666667,2.34,2.0900000000000003,4.45,3.606666666666667,3.64,1.6199999999999999,3.4433333333333334,4.533333333333334,2.8200000000000003
17-2151,"Mining and Geological Engineers, Including Mining Safety Engineers",base_00,2.7,2.92,3.95,3.67,2.63,2.51,1.18,1.79,4.16,4.93,3.22,2.24,1.26,2.84,2.19,3.06,2.15,2.13,1.29,3.34,2.73,1.45,4.79,4.17,3.65,3.2,3.86,4.08,3.47,3.26,1.71,4.2,3.21,3.15,2.87,2.13,1.69,2.91,2.12,1.66,1.43,1.47,1.51,2.29,3.71,2.45,2.22,2.21,4.3,3.57,3.5,1.7,3.4,4.22,4.0
17-2161,Nuclear Engineers,base_00,2.6,3.65,3.67,3.37,2.43,2.21,1.33,1.7,3.67,4.9,2.4,1.81,1.17,2.35,2.1,1.81,1.81,1.47,3.57,2.76,2.25,1.21,4.4,3.48,3.11,3.9,3.71,4.67,3.21,1.76,1.4,4.25,2.52,3.25,2.1,1.95,1.25,2.75,2.14,1.45,1.48,1.25,1.57,2.24,3.86,2.0,2.1,1.9,4.6,3.57,3.7,2.71,3.15,3.89,3.55
17-2171,Petroleum Engineers,base_00,2.83,2.76,4.54,4.27,3.21,2.01,1.21,1.94,4.53,4.98,2.46,1.39,1.01,1.73,1.95,2.13,1.34,1.25,1.14,2.2,2.12,1.02,4.99,3.92,3.91,3.59,4.0,3.82,2.87,2.94,1.43,4.28,2.11,3.5,2.21,1.7,1.53,2.15,2.52,1.26,1.22,1.26,1.21,2.01,4.22,2.16,2.27,1.97,4.79,3.67,2.72,1.18,3.81,4.89,3.18
17-2199,"Energy Engineers, Except Wind and Solar",first_detail,2.64625,3.1174999999999997,4.00625,3.59625,3.165,2.2625,1.18375,2.1125,4.1175,4.905,2.06625,1.81375,1.1325,2.0825,2.33625,2.2475,1.68625,1.5225,1.27,2.7375,1.82375,1.12375,4.61875,4.1575,3.36625,3.28,3.6399999999999997,4.26875,2.7062500000000003,2.08125,1.24125,4.53625,2.3675,3.3,2.025,1.77125,1.63625,2.9025,2.55625,1.61375,1.48,1.315,1.565,1.99875,3.73875,2.34125,2.50375,1.845,4.42375,3.54375,3.19875,1.9325,3.33125,4.34375,3.20625
17-3011,Architectural and Civil Drafters,base_00,2.47,2.74,4.0,3.7,3.08,2.19,1.0,2.48,3.57,4.93,1.5,1.33,1.15,1.68,1.41,1.46,1.57,1.31,1.0,2.25,1.79,1.0,4.86,3.69,3.28,2.15,3.3,4.63,3.59,2.29,1.17,4.67,1.79,3.42,2.36,1.73,1.28,2.91,2.53,1.52,1.31,1.19,1.24,3.41,4.52,2.14,3.25,1.67,4.44,4.38,1.85,1.24,3.28,4.45,3.25
17-3012,Electrical and Electronics Drafters,base_00,2.92,3.0,4.15,3.15,2.98,2.69,1.31,2.49,3.7,4.89,1.99,1.26,1.06,1.4,2.0,1.62,1.21,1.56,1.07,3.15,1.76,1.07,4.62,3.69,3.43,2.33,3.5,4.44,3.33,2.15,1.12,4.59,1.96,2.92,2.11,1.47,1.69,2.97,1.98,1.49,1.09,1.15,1.25,3.17,4.3,1.97,2.54,1.9,4.23,4.18,2.57,1.26,2.95,4.35,2.87
17-3013,Mechanical Drafters,base_00,2.4,2.66,3.7,3.39,2.68,2.19,1.02,1.88,4.32,4.93,1.9,1.43,1.0,1.73,1.67,1.99,1.29,1.33,1.0,2.75,1.52,1.0,4.63,4.45,3.14,2.21,3.49,4.7,3.54,1.32,1.07,5.0,1.66,2.92,1.13,1.11,1.33,2.98,1.95,1.96,1.19,1.05,1.29,3.57,4.4,1.96,3.07,1.78,4.11,3.75,3.4,1.14,2.68,3.89,2.95
17-3021,Aerospace Engineering and Operations Technologists and Technicians,base_00,2.8,3.78,4.02,3.88,3.69,2.35,1.05,1.79,3.69,4.67,3.13,3.35,1.0,2.63,3.84,2.89,2.05,2.57,1.16,3.64,1.95,1.25,4.69,4.06,4.29,3.53,4.35,4.96,3.35,2.01,1.26,4.91,1.97,3.42,1.72,1.49,1.66,3.09,1.72,2.9,1.72,1.92,2.41,2.61,3.12,2.94,4.11,2.05,4.51,4.47,4.41,2.17,3.2,4.48,2.34
17-3022,Civil Engineering Technologists and Technicians,base_00,2.83,2.42,4.54,3.79,4.01,2.71,1.25,2.77,3.64,4.79,2.8,1.78,1.87,1.91,1.78,2.92,1.67,2.42,1.42,2.76,2.64,1.57,4.95,3.92,4.06,2.86,3.36,3.99,3.06,3.48,1.35,4.52,2.51,2.59,3.52,1.62,1.44,3.26,2.15,2.05,1.48,1.65,1.72,3.7,3.71,2.43,2.62,2.27,4.28,3.39,3.11,1.28,3.63,4.45,3.03
17-3023,Electrical and Electronic Engineering Technologists and Technicians,base_00,2.62,3.15,4.03,3.56,2.94,2.58,1.28,2.03,4.27,4.83,2.72,2.34,1.19,2.19,2.83,2.61,1.91,2.5,1.38,3.21,2.34,1.31,4.71,4.43,3.52,3.43,3.88,4.39,3.2,2.27,1.58,4.58,2.69,2.87,2.45,2.21,1.68,3.13,2.03,1.94,1.68,1.5,1.95,2.53,3.6,2.61,3.41,2.12,4.25,3.56,3.68,1.95,3.34,4.24,3.26
17-3024,Electro-Mechanical and Mechatronics Technologists and Technicians,base_00,2.935,3.8899999999999997,4.109999999999999,3.455,2.775,2.75,1.42,2.825,3.7699999999999996,4.545,3.5,2.955,1.48,2.605,3.395,3.3449999999999998,2.165,2.7199999999999998,1.465,3.83,2.48,1.24,4.735,3.89,3.59,3.76,3.65,4.605,3.29,2.52,1.815,4.275,3.395,3.52,2.495,2.2199999999999998,2.27,3.27,2.0700000000000003,2.3449999999999998,1.755,1.755,2.3,2.57,3.0300000000000002,3.035,4.05,2.51,4.195,4.015,4.38,2.27,3.4,4.22,3.13
17-3025,Environmental Engineering Technologists and Technicians,base_00,2.76,2.95,4.42,3.5,3.57,2.56,1.2,1.97,3.77,4.75,3.47,2.06,1.67,2.53,2.91,2.85,1.83,2.85,1.43,3.21,2.75,1.5,4.72,3.57,3.68,3.8,3.98,3.93,3.43,3.54,1.7,3.72,2.93,2.87,3.73,2.5,1.73,2.86,1.87,2.11,1.78,1.45,1.96,2.97,3.26,2.55,2.82,2.33,4.47,3.5,3.55,2.01,3.33,3.95,3.91
17-3026,Industrial Engineering Technologists and Technicians,base_00,2.585,3.0949999999999998,4.404999999999999,3.835,2.915,2.365,1.0950000000000002,2.4450000000000003,4.16,4.965,3.065,2.1100000000000003,1.1,1.96,2.965,2.41,1.2799999999999998,1.88,1.26,3.605,1.875,1.05,4.69,4.21,3.725,3.64,3.83,4.404999999999999,3.1950000000000003,1.25,1.13,4.68,2.065,3.12,1.42,1.37,2.355,3.3049999999999997,2.42,1.9100000000000001,1.3399999999999999,1.44,1.6600000000000001,2.545,3.32,2.855,3.09,2.505,4.14,3.63,4.385,1.7149999999999999,3.4299999999999997,4.404999999999999,2.9800000000000004
17-3027,Mechanical Engineering Technologists and Technicians,base_00,2.83,3.575,4.375,3.415,2.995,2.715,1.42,2.26,3.605,4.75,3.215,2.755,1.125,2.5599999999999996,3.2,3.605,1.845,2.39,1.195,3.85,2.77,1.58,4.8,3.8,3.54,3.77,3.7350000000000003,4.29,3.3,2.67,2.105,4.525,3.05,3.02,2.485,2.28,2.445,3.625,2.26,2.3150000000000004,1.635,1.815,2.0949999999999998,2.525,2.92,3.2,3.4699999999999998,2.54,4.345000000000001,3.9450000000000003,4.505,2.1799999999999997,3.295,4.16,3.255
17-3029,Non-Destructive Testing Specialists,first_detail,2.6100000000000003,3.56,3.925,3.425,3.225,2.515,1.455,2.615,3.66,4.66,3.23,2.93,1.25,3.045,3.23,3.375,2.55,2.5650000000000004,2.545,3.725,2.725,1.4300000000000002,4.585,3.925,3.5949999999999998,3.5949999999999998,3.815,4.390000000000001,3.5250000000000004,2.615,1.9050000000000002,4.275,3.18,3.135,3.02,2.91,2.73,3.35,2.11,2.4,2.02,1.77,2.155,3.115,2.75,3.205,4.025,2.36,4.245,4.045,4.41,2.94,3.145,3.955,3.125
17-3031,Surveying and Mapping Technicians,base_00,2.38,2.74,4.02,3.05,2.97,2.29,1.42,2.59,3.89,4.75,2.05,1.82,1.25,2.58,1.44,2.5,1.64,2.38,1.09,2.96,2.81,1.31,4.57,4.3,3.77,2.75,3.6,4.61,3.83,2.87,1.46,3.85,2.32,3.0,3.31,1.76,1.82,3.13,1.82,2.06,1.27,1.59,1.87,3.67,3.29,2.92,3.71,2.69,4.32,3.7,2.88,1.36,3.19,3.82,3.41
19-1011,Animal Scientists,base_00,2.65,2.96,4.22,3.61,3.57,2.39,1.26,2.26,4.43,5.0,2.91,1.61,1.74,2.27,1.91,1.78,1.39,1.91,1.04,3.04,2.91,1.17,4.45,4.39,3.73,3.3,3.96,4.26,2.96,3.83,2.04,3.96,3.43,3.57,3.26,3.39,1.43,2.91,3.04,1.61,1.3,1.43,1.52,2.09,3.43,2.73,2.13,2.09,4.74,3.65,2.48,1.57,3.39,4.17,3.91
19-1012,Food Scientists and Technologists,base_00,2.86,3.19,3.91,3.33,3.14,2.5,1.45,2.24,3.91,4.91,2.95,1.55,1.43,2.05,2.1,2.41,1.95,2.15,1.18,3.18,3.14,1.14,4.9,3.95,3.43,3.45,3.73,4.36,2.9,2.24,1.48,4.86,2.64,3.14,1.71,1.73,2.52,3.35,2.45,1.71,1.64,1.33,1.55,2.36,3.05,3.38,2.91,2.24,4.6,3.86,4.14,2.14,3.0,4.33,3.4
19-1013,Soil and Plant Scientists,base_00,2.5,2.67,3.95,3.65,3.38,2.4,1.29,2.19,4.33,4.76,2.75,1.7,1.14,2.33,2.43,2.29,1.57,2.67,1.24,2.71,3.1,1.3,4.48,4.38,2.86,3.81,3.29,3.9,2.95,3.35,2.81,4.24,3.7,3.33,3.9,3.05,1.48,2.43,2.76,1.86,1.33,1.38,1.9,2.14,2.9,2.9,2.52,2.33,4.24,3.33,3.33,1.57,3.57,4.05,3.57
19-1021,Biochemists and Biophysicists,base_00,2.55,3.37,3.75,3.16,1.8,2.16,1.35,2.63,4.35,4.85,2.53,1.95,2.11,1.9,3.11,2.15,1.25,1.33,1.65,2.4,1.61,1.11,4.44,4.3,3.68,3.8,3.7,4.75,3.53,1.11,1.0,4.67,1.45,4.11,1.05,1.16,2.17,3.16,2.65,1.42,1.25,1.37,1.45,2.7,3.58,2.68,3.45,1.95,3.67,3.3,4.16,2.3,3.32,4.21,3.44
19-1022,Microbiologists,base_00,2.68,3.86,3.77,3.29,2.95,2.45,1.23,2.5,3.91,5.0,3.86,1.71,4.05,1.77,3.5,2.59,1.23,1.86,1.45,2.82,1.68,1.05,4.74,4.0,3.5,3.91,3.64,4.59,3.68,1.64,1.18,4.82,2.0,2.86,1.82,1.73,2.05,3.18,2.64,1.68,1.27,1.18,1.41,3.32,3.48,2.77,3.45,1.86,4.21,4.14,4.73,2.59,3.32,4.1,3.26
19-1023,Zoologists and Wildlife Biologists,base_00,2.47,2.87,4.36,4.17,3.89,2.4,1.25,1.26,4.23,4.92,2.29,1.79,1.68,2.15,1.86,2.3,1.49,2.77,1.02,2.74,2.93,1.52,4.52,4.12,3.73,3.7,3.82,4.14,3.46,3.58,2.58,4.3,3.02,3.11,3.39,2.67,1.56,3.25,2.36,2.11,1.5,1.99,1.99,2.62,3.62,2.63,2.91,2.26,4.59,3.3,3.01,1.53,3.91,4.34,2.93
19-1029,Bioinformatics Scientists,first_detail,2.3075,2.5949999999999998,3.77,3.535,2.4575,2.0324999999999998,1.1375000000000002,1.7925,4.405,4.945,2.0975,1.5074999999999998,1.9275,1.3675,2.345,1.4975,1.1425,1.585,1.4100000000000001,2.4699999999999998,1.7275,1.085,4.615,4.4475,2.935,3.1875,3.1675,4.2425,3.0975,1.785,1.3425,4.4325,1.6949999999999998,4.077500000000001,1.7475,1.4649999999999999,1.5175,2.86,2.905,1.4325,1.1175,1.275,1.23,2.8275,3.88,2.4125,2.9450000000000003,1.8224999999999998,3.68,3.24,3.3,1.73,3.4675,4.33,2.9625
19-1031,Conservation Scientists,base_00,2.6333333333333333,2.4099999999999997,4.3133333333333335,3.953333333333333,4.32,2.56,1.2633333333333334,1.79,4.116666666666666,4.95,2.44,1.6533333333333333,1.25,2.5,1.58,1.8566666666666667,1.4066666666666665,2.6466666666666665,1.1533333333333333,2.8733333333333335,3.106666666666667,1.29,4.62,4.0200000000000005,3.1566666666666667,3.3166666666666664,3.466666666666667,3.2866666666666666,2.85,3.77,2.273333333333333,4.16,3.2566666666666664,2.7566666666666664,3.89,2.9899999999999998,1.3266666666666669,3.08,3.1366666666666667,2.08,1.38,1.6600000000000001,1.9566666666666668,2.3466666666666667,3.313333333333333,2.6633333333333336,2.6366666666666667,2.3333333333333335,4.6499999999999995,3.17,2.8699999999999997,1.4566666666666668,3.1633333333333336,4.273333333333333,3.42
19-1032,Foresters,base_00,2.54,3.26,4.44,3.86,3.9,2.2,1.07,1.77,4.48,4.79,2.49,1.48,1.19,2.85,1.7,2.81,1.25,3.12,1.04,2.74,3.36,1.38,4.4,4.64,4.06,3.08,4.13,3.94,2.77,4.37,1.85,3.57,3.21,2.81,4.05,2.42,1.48,2.98,2.11,1.87,1.3,1.81,1.55,2.22,2.95,2.92,1.9,2.97,4.79,3.11,3.41,1.26,3.35,3.69,3.45
19-1041,Epidemiologists,base_00,2.68,2.28,4.21,3.89,3.42,2.22,1.21,2.21,4.53,4.95,1.63,1.16,2.39,1.21,1.16,1.06,1.0,1.17,1.11,1.68,1.32,1.0,4.67,4.58,3.22,2.89,3.56,4.68,2.61,2.05,1.11,4.74,2.0,3.42,1.63,1.42,1.16,2.74,2.95,1.17,1.05,1.05,1.11,2.21,4.21,2.33,1.89,1.84,4.67,3.58,1.78,1.56,3.21,4.5,3.76
19-1042,"Medical Scientists, Except Epidemiologists",base_00,2.79,3.43,4.67,3.83,2.44,2.38,1.05,2.2,4.15,4.94,2.53,1.31,2.94,1.24,3.52,1.31,1.0,2.13,1.09,2.28,1.32,1.07,4.84,4.41,3.27,3.7,3.88,4.57,3.96,1.18,1.0,4.81,1.16,3.99,1.14,1.07,2.3,3.1,2.45,1.57,1.02,1.45,1.21,3.0,3.28,2.83,3.71,1.94,3.91,3.69,4.14,2.04,3.29,4.81,3.07
19-2011,Astronomers,base_00,2.04,2.04,3.57,3.3,2.04,1.74,1.04,1.87,4.74,4.91,1.17,1.35,1.0,1.35,1.13,1.09,1.41,1.17,1.04,1.52,1.52,1.0,4.14,4.83,2.17,2.3,2.78,4.26,2.3,1.57,1.22,4.13,1.78,4.13,1.7,1.65,1.39,2.7,2.83,1.17,1.17,1.13,1.17,1.52,4.35,2.09,1.83,1.61,3.13,2.91,1.3,1.13,2.78,4.0,2.48
19-2012,Physicists,base_00,2.13,2.13,3.39,3.6,2.16,2.04,1.12,1.57,4.5,4.92,1.21,1.1,1.38,1.11,1.38,1.2,1.09,1.2,1.52,1.8,1.1,1.0,4.36,4.42,2.48,2.87,3.26,3.78,2.07,1.13,1.09,3.73,1.2,3.31,1.11,1.14,1.0,2.53,3.13,1.14,1.06,1.04,1.07,2.0,4.62,1.76,1.75,1.42,3.53,3.05,1.34,1.13,2.6,4.13,2.92
19-2021,Atmospheric and Space Scientists,base_00,2.4,2.25,3.9,3.5,3.5,2.45,1.25,2.6,3.85,4.9,1.25,1.15,1.05,1.4,1.25,1.15,1.15,1.1,1.15,2.21,1.85,1.05,4.6,3.95,3.35,2.45,3.53,3.95,2.63,1.5,1.15,4.37,1.8,3.6,2.2,1.85,1.47,2.6,3.05,1.26,1.3,1.2,1.15,2.8,4.4,1.95,2.1,1.6,4.3,3.95,1.42,1.1,3.2,3.95,2.8
19-2031,Chemists,base_00,2.45,3.42,3.82,3.55,2.98,2.43,1.25,2.02,4.14,4.92,3.11,1.2,1.15,1.21,3.65,1.44,1.08,1.41,1.0,2.89,1.14,1.0,4.74,4.44,3.63,3.78,3.55,4.67,3.48,1.41,1.06,4.8,1.61,3.51,1.13,1.13,2.12,3.09,1.82,1.62,1.24,1.21,1.39,2.34,3.09,2.9,2.58,2.16,3.82,3.79,4.76,1.7,3.47,3.96,2.7
19-2032,Materials Scientists,base_00,2.24,3.05,3.81,3.48,3.05,2.05,1.33,2.3,3.71,4.86,2.55,1.45,1.1,1.71,3.05,2.24,1.19,1.48,1.62,2.95,1.86,1.19,4.48,3.76,2.9,3.71,3.33,4.1,1.95,1.48,1.19,4.71,2.33,3.48,1.71,1.5,1.9,3.0,2.67,1.48,1.33,1.14,1.14,1.65,3.8,2.24,2.45,1.76,4.29,3.38,4.29,2.19,3.19,4.05,3.0
19-2041,"Environmental Scientists and Specialists, Including Health",base_00,2.6025,2.2199999999999998,3.9825,3.4699999999999998,3.3775,2.21,1.1675,1.475,4.199999999999999,4.8725000000000005,1.815,1.21,1.1475,1.6099999999999999,1.5,1.5025,1.1625,1.66,1.0275,2.0625,1.805,1.125,4.5575,4.115,2.9325,2.3775,3.275,3.7275,2.4375,2.52,1.4075,3.75,2.045,3.3625,2.3525,1.8525,1.1325,2.6625,2.66,1.3,1.115,1.1875,1.275,2.145,4.0725,2.1375,1.7349999999999999,1.8399999999999999,4.5275,3.4575,1.9125,1.2175,3.1550000000000002,4.3525,3.54
19-2042,"Geoscientists, Except Hydrologists and Geographers",base_00,2.38,2.38,3.75,3.22,2.91,2.25,1.28,1.65,4.12,4.84,2.39,1.73,1.16,1.84,2.0,2.09,1.53,2.1,1.45,2.47,2.23,1.44,4.53,4.22,2.97,3.03,3.41,3.77,2.91,3.0,1.74,3.94,2.41,3.34,3.03,2.41,1.34,2.56,2.91,1.53,1.44,1.48,1.59,2.13,3.56,2.56,2.39,2.09,4.12,3.44,2.66,1.69,2.94,4.0,3.26
19-2043,Hydrologists,base_00,2.22,2.48,3.91,3.22,3.04,1.83,1.27,1.82,4.05,4.96,2.26,1.7,1.22,1.78,1.61,1.87,1.3,1.91,1.39,2.09,2.35,1.3,4.55,4.14,2.65,2.91,3.09,4.18,2.7,3.0,1.65,4.0,2.57,3.55,3.09,2.3,1.61,2.57,2.39,1.61,1.26,1.43,1.7,2.04,3.86,2.26,2.3,2.04,4.39,3.35,2.17,1.65,3.04,4.22,3.22
19-2099,Remote Sensing Scientists and Technologists,first_detail,2.04,2.52,3.64,3.21,2.84,1.92,1.04,2.64,4.08,4.96,1.21,1.33,1.04,1.4,1.08,1.2,1.04,1.54,1.04,1.64,1.75,1.0,4.21,4.12,2.84,2.36,3.28,4.76,3.28,2.28,1.26,4.54,1.56,3.24,2.26,1.68,1.72,2.79,2.56,1.33,1.08,1.17,1.24,2.72,4.48,1.92,3.09,1.4,4.38,3.44,1.8,1.16,3.09,4.25,3.38
19-3011,Economists,base_00,2.145,2.13,3.175,2.895,2.615,1.7850000000000001,1.0950000000000002,1.885,4.49,4.865,1.1,1.0,1.065,1.08,1.0,1.0,1.0,1.0550000000000002,1.0,1.7850000000000001,1.0750000000000002,1.0,4.255,4.675000000000001,2.905,1.56,3.23,4.04,2.2,1.3399999999999999,1.04,4.475,1.15,3.865,1.225,1.155,1.04,2.38,2.9850000000000003,1.04,1.0,1.0,1.02,1.805,4.635,1.9249999999999998,1.845,1.33,3.99,3.1950000000000003,1.02,1.02,2.95,3.5,3.285
19-3022,Survey Researchers,base_00,2.32,2.84,3.92,3.81,4.0,2.44,1.08,2.23,4.0,5.0,1.0,1.04,1.08,1.12,1.0,1.0,1.0,1.0,1.0,1.65,1.15,1.0,4.38,4.08,3.19,2.12,3.62,4.58,2.92,1.38,1.08,4.77,1.44,3.08,1.54,1.36,1.08,2.46,2.35,1.08,1.0,1.04,1.04,2.19,4.54,1.84,2.27,1.54,4.35,4.0,1.19,1.15,3.69,4.46,3.04
19-3032,Industrial-Organizational Psychologists,base_00,2.73,2.88,4.23,4.12,3.23,2.35,1.12,1.77,4.58,4.96,1.16,1.08,1.0,1.23,1.08,1.19,1.04,1.08,1.0,1.62,1.19,1.04,4.76,4.42,3.62,2.35,4.23,4.23,2.5,1.54,1.04,4.38,1.5,3.27,1.2,1.31,1.04,2.77,3.08,1.04,1.0,1.0,1.04,2.3,4.42,2.04,1.65,1.42,4.56,3.73,1.19,1.04,3.6,4.5,3.08
19-3033,Clinical and Counseling Psychologists,base_00,3.28,3.64,4.52,2.56,3.44,3.48,2.28,1.48,4.68,4.64,1.24,1.16,2.32,1.28,1.08,1.0,1.08,1.04,1.08,1.92,1.24,1.08,4.8,4.64,4.12,2.88,4.04,3.56,1.84,1.52,1.08,4.46,1.52,3.32,1.33,1.38,1.0,3.44,2.44,1.2,1.0,1.12,1.21,1.68,4.78,1.78,1.67,1.67,4.4,3.56,1.08,1.08,2.56,3.08,4.0
19-3034,School Psychologists,base_00,2.87,2.18,4.38,3.46,3.65,2.88,2.38,1.66,4.48,4.91,1.07,1.23,1.66,1.12,1.1,1.07,1.1,1.48,1.07,2.44,1.23,1.1,4.84,4.62,3.59,2.02,3.58,4.1,2.4,1.35,1.09,4.97,1.16,2.16,1.38,1.19,1.03,3.23,2.22,1.28,1.06,1.06,1.54,1.67,3.68,2.0,1.99,2.06,4.25,4.1,1.03,1.03,1.99,4.57,3.05
19-3039,Neuropsychologists,first_detail,2.65,2.66,4.105,2.675,3.825,2.88,2.04,1.8199999999999998,4.470000000000001,4.82,1.08,1.165,2.94,1.06,1.06,1.04,1.0,1.06,1.04,1.75,1.0,1.0,4.695,4.775,4.08,2.7199999999999998,3.92,4.63,3.0,1.08,1.0,4.92,1.225,3.755,1.02,1.0,1.12,3.665,2.3049999999999997,1.315,1.02,1.205,1.12,2.235,4.615,1.8599999999999999,3.58,1.71,4.225,4.125,1.71,1.3849999999999998,2.8200000000000003,3.425,4.109999999999999
19-3041,Sociologists,base_00,2.89,1.89,3.65,3.16,2.65,2.74,1.65,1.84,4.65,5.0,1.32,1.3,1.53,1.2,1.0,1.0,1.0,1.0,1.0,2.0,1.21,1.05,4.5,4.7,2.74,2.1,2.85,4.0,2.21,1.25,1.05,3.89,1.1,3.89,1.21,1.2,1.0,2.95,3.75,1.11,1.0,1.0,1.0,2.21,4.3,2.32,1.9,1.58,3.74,3.3,1.05,1.05,3.0,3.42,3.68
19-3051,Urban and Regional Planners,base_00,3.17,1.92,4.04,3.83,4.28,3.0,1.46,1.4,4.12,5.0,1.24,1.08,1.08,1.2,1.08,1.24,1.16,1.12,1.0,2.0,1.46,1.0,4.88,3.79,2.96,2.12,3.32,3.28,1.64,2.72,1.0,4.46,1.92,2.84,2.24,1.44,1.0,2.8,3.28,1.04,1.0,1.0,1.0,1.6,4.08,2.0,1.36,1.62,4.76,3.52,1.32,1.0,3.12,4.44,4.16
19-3091,Anthropologists and Archeologists,base_00,2.55,2.17,4.0,3.05,3.15,2.53,1.5,1.53,4.5,4.7,2.05,1.65,1.42,2.1,1.32,1.35,1.15,1.74,1.05,2.4,2.11,1.11,4.29,4.45,2.26,2.47,3.0,4.05,2.74,2.1,1.37,3.74,2.5,3.79,2.42,2.15,1.05,3.05,3.5,1.53,1.15,1.21,1.75,2.45,3.8,2.58,2.2,1.84,3.76,3.7,1.79,1.25,2.53,3.44,3.35
19-3092,Geographers,base_00,2.4,1.8,3.4,3.05,3.1,2.2,1.15,2.0,4.45,4.9,1.3,1.2,1.15,1.2,1.21,1.26,1.1,1.35,1.05,1.9,1.4,1.0,4.3,4.4,2.65,2.05,2.9,3.75,2.45,1.85,1.1,4.55,2.15,3.55,2.2,1.9,1.3,2.7,3.0,1.11,1.05,1.15,1.15,2.9,3.85,2.35,2.1,1.65,3.9,3.5,1.25,1.05,2.8,3.75,3.25
19-3093,Historians,base_00,2.95,1.91,4.04,3.77,4.2,2.63,1.16,1.16,4.27,4.66,2.3,1.91,1.16,1.46,1.05,1.34,1.12,1.68,1.0,1.63,1.49,1.0,4.39,4.0,3.67,3.07,3.62,4.06,2.68,2.16,1.06,4.49,2.17,2.46,2.0,1.81,1.18,2.48,2.64,1.49,1.36,1.08,1.56,1.97,3.65,2.59,2.49,2.23,3.46,3.21,1.97,1.19,3.31,4.4,2.91
19-3094,Political Scientists,base_00,2.5,2.08,3.92,2.83,2.62,2.72,1.19,1.64,4.81,5.0,1.0,1.0,1.2,1.04,1.0,1.0,1.0,1.0,1.0,2.04,1.16,1.0,4.5,4.85,2.92,1.65,3.04,3.8,2.16,1.27,1.0,4.68,1.38,4.32,1.16,1.15,1.08,2.32,4.19,1.0,1.08,1.0,1.0,1.85,4.04,2.4,1.19,1.4,3.72,3.27,1.0,1.0,2.24,3.08,3.6
19-3099,Transportation Planners,first_detail,2.75,1.89,3.95,3.75,3.8,2.32,1.22,1.8,3.85,5.0,1.2,1.05,1.0,1.25,1.05,1.25,1.05,1.11,1.0,1.8,1.4,1.0,4.78,3.85,3.0,2.45,3.6,3.45,1.95,2.2,1.05,4.45,1.8,3.0,1.95,1.47,1.0,2.55,2.75,1.1,1.05,1.05,1.05,1.9,4.55,2.05,1.25,1.5,4.74,3.1,1.6,1.05,3.47,4.5,3.63
19-4012,Agricultural Technicians,base_00,2.625,3.0149999999999997,4.15,3.575,3.4749999999999996,2.325,1.15,2.54,3.79,4.55,3.39,2.505,1.21,3.29,2.605,3.085,2.0949999999999998,2.705,1.1800000000000002,3.415,3.6,1.835,4.54,4.005,3.4000000000000004,3.49,3.36,4.015000000000001,3.19,4.025,3.295,3.315,3.645,2.7,4.095000000000001,3.445,2.525,3.255,2.12,2.715,1.745,1.9649999999999999,2.475,2.7,2.915,3.0999999999999996,3.62,2.8600000000000003,4.205,3.3,3.55,1.955,3.3,3.985,2.635
19-4013,Food Science Technicians,base_00,2.46,2.94,4.56,3.65,1.79,2.02,1.0,2.31,3.76,4.71,3.59,1.82,1.0,1.83,3.38,3.37,2.94,2.14,1.0,3.9,2.8,1.0,4.93,4.15,4.37,4.04,3.95,4.55,4.49,1.06,1.02,4.91,3.41,2.31,1.29,1.13,3.57,3.47,2.0,2.48,1.65,1.43,1.53,2.74,2.25,3.91,3.97,3.93,4.04,4.37,4.78,1.65,4.05,4.58,3.34
19-4021,Biological Technicians,base_00,1.92,2.72,4.15,3.09,1.91,1.58,1.09,1.78,3.74,4.85,2.85,1.53,2.56,2.25,2.81,1.6,1.05,2.16,1.34,2.58,1.38,1.05,4.82,3.85,2.63,3.04,2.56,4.39,3.37,1.45,1.17,4.35,1.51,3.13,1.46,1.42,1.91,3.02,2.3,1.53,1.15,1.38,1.45,2.88,3.2,2.81,3.39,2.4,3.0,3.33,4.29,2.38,3.06,3.94,3.03
19-4031,Chemical Technicians,base_00,2.46,3.84,3.9,3.65,2.64,2.71,1.29,2.5,3.11,5.0,4.89,1.8,1.53,2.37,4.49,2.38,1.15,1.93,1.91,3.57,1.71,1.01,4.99,3.84,3.35,4.16,3.74,4.87,3.62,1.44,1.35,4.91,2.63,3.16,1.9,2.07,2.95,3.02,1.86,2.37,1.12,1.92,1.67,2.81,2.4,3.67,4.0,2.83,3.33,4.35,5.0,2.7,3.08,4.57,2.88
19-4042,"Environmental Science and Protection Technicians, Including Health",base_00,3.0,2.91,3.91,3.27,3.82,2.64,1.41,2.05,3.73,4.82,3.23,2.14,2.18,2.18,2.55,2.32,1.9,2.27,1.73,3.0,2.68,1.45,4.36,3.77,3.23,3.82,3.55,4.14,3.14,3.5,1.68,4.14,3.55,2.86,3.59,3.18,1.64,3.05,2.45,1.82,1.64,1.57,1.91,1.91,3.23,3.05,2.57,2.23,4.64,4.27,3.59,2.23,3.0,3.82,3.95
19-4043,"Geological Technicians, Except Hydrologic Technicians",base_00,2.41,3.02,3.59,3.2,2.73,2.3,1.4,2.67,4.04,4.66,2.75,1.9,1.07,2.21,2.54,2.45,1.68,2.17,1.83,2.83,2.29,1.53,4.49,4.17,3.32,3.09,3.5,4.51,3.7,2.55,1.79,4.39,2.54,2.91,2.5,1.96,1.89,2.75,1.8,1.74,1.4,1.5,1.59,2.68,3.46,2.75,3.0,2.12,4.27,3.52,3.28,2.02,3.21,4.0,3.21
19-4051,Nuclear Technicians,base_00,3.135,3.955,4.365,4.085,2.25,2.71,1.245,2.1950000000000003,3.48,4.67,3.64,3.21,1.455,3.56,3.67,3.3,3.1550000000000002,2.4450000000000003,4.74,4.19,3.635,1.4700000000000002,4.99,3.41,4.085,4.405,3.8850000000000002,4.6850000000000005,4.0,2.765,1.6600000000000001,4.505,4.09,2.54,3.615,2.96,1.66,3.8449999999999998,2.715,2.265,2.08,1.7349999999999999,2.115,2.335,2.755,3.04,3.335,2.855,4.805,3.5300000000000002,4.845000000000001,3.7249999999999996,3.39,4.720000000000001,3.125
19-4061,Social Science Research Assistants,base_00,1.82,1.92,3.67,3.08,2.66,1.93,1.14,1.62,3.89,4.64,1.28,1.25,1.0,1.67,1.07,1.05,1.0,1.04,1.08,2.33,1.13,1.06,4.28,3.89,2.29,1.84,2.96,3.99,3.84,1.41,1.0,4.18,1.17,2.66,1.22,1.12,1.32,2.87,1.85,1.15,1.0,1.07,1.13,2.53,4.72,1.74,1.71,1.44,3.36,2.85,1.19,1.07,2.45,4.15,2.98
19-4071,Forest and Conservation Technicians,base_00,3.04,3.56,4.41,3.91,3.83,3.09,1.54,2.31,3.95,4.66,3.46,2.18,1.6,3.17,2.54,2.87,2.06,3.68,1.1,3.85,3.69,1.95,4.98,4.14,4.21,4.11,4.23,3.98,3.59,4.17,2.71,4.0,4.19,3.31,4.41,3.27,2.31,3.7,2.76,3.1,1.49,2.37,2.36,3.38,2.58,3.5,3.73,3.42,4.56,3.86,3.98,2.24,3.63,4.87,3.66
19-4092,Forensic Science Technicians,base_00,3.14,3.81,4.2,3.78,4.33,3.17,2.62,1.53,4.21,4.8,3.95,3.44,3.1,3.63,2.52,2.31,1.95,2.19,1.53,3.44,3.64,1.43,4.79,3.89,4.7,3.25,4.51,4.67,3.45,3.9,2.05,4.72,3.48,2.85,3.93,3.63,1.24,3.94,3.2,2.47,1.72,2.0,2.39,2.67,3.12,3.02,3.28,2.58,4.21,3.92,3.69,2.11,3.4,4.11,3.95
19-4099,Quality Control Analysts,first_detail,2.74,2.925,4.01,3.17,2.3600000000000003,2.37,1.1600000000000001,2.08,3.855,4.665,2.895,1.81,1.455,1.575,2.595,2.07,1.495,1.69,1.1800000000000002,3.4450000000000003,2.205,1.145,4.495,4.0600000000000005,3.25,2.585,3.465,4.74,4.015,1.6400000000000001,1.27,4.765000000000001,2.045,2.7800000000000002,1.875,1.27,2.005,3.16,1.67,1.855,1.335,1.495,1.69,3.1950000000000003,3.41,2.69,3.885,2.42,3.57,3.83,3.0949999999999998,1.7799999999999998,2.98,3.9299999999999997,2.745
19-5011,Occupational Health and Safety Specialists,base_00,3.04,3.35,4.26,3.87,3.13,2.7,1.65,2.14,4.13,4.83,3.26,2.22,1.87,2.13,2.77,2.48,2.22,2.18,1.7,3.26,2.65,1.61,4.59,4.04,3.77,4.3,4.22,4.04,2.83,3.04,1.61,4.3,3.57,2.83,3.35,2.83,1.52,3.87,2.91,2.14,2.0,1.68,2.0,2.05,3.13,2.78,2.52,2.3,4.61,3.57,4.13,2.57,3.3,4.17,3.78
19-5012,Occupational Health and Safety Technicians,base_00,3.05,3.95,4.43,3.7,3.62,2.7,1.52,2.37,4.1,4.81,3.05,2.5,1.56,2.6,3.0,3.25,2.63,2.6,1.4,3.48,2.89,1.37,4.63,4.19,3.9,4.24,4.16,3.9,2.89,3.5,2.05,3.65,3.76,2.95,3.5,3.1,2.37,3.6,3.0,2.0,2.0,1.75,2.0,2.3,3.1,2.95,2.52,2.58,4.8,3.76,4.47,2.85,3.3,4.35,3.5
21-1011,Substance Abuse and Behavioral Disorder Counselors,base_00,3.6,3.03,4.93,3.92,4.1,3.94,3.4,1.56,3.93,4.57,1.75,1.81,3.09,1.78,1.01,1.0,1.0,1.08,1.01,2.47,1.1,1.06,4.81,3.63,2.54,4.05,2.83,3.78,4.11,1.06,1.04,4.99,1.13,2.16,1.25,1.05,1.13,3.27,3.47,1.39,1.0,1.39,1.02,1.81,4.1,1.91,1.35,1.74,4.92,4.46,1.77,1.0,3.72,4.68,3.82
21-1012,"Educational, Guidance, and Career Counselors and Advisors",base_00,4.11,2.96,4.87,4.6,4.09,3.76,2.03,1.52,4.15,4.93,1.62,1.28,2.19,1.65,1.0,1.04,1.01,1.08,1.0,2.75,1.34,1.11,4.98,4.01,3.92,2.8,4.16,3.99,3.44,1.4,1.0,4.66,1.33,2.76,1.32,1.39,1.04,3.42,2.69,1.54,1.0,1.09,1.34,2.32,4.27,2.26,2.18,2.03,4.95,3.76,1.32,1.0,2.8,4.85,3.23
21-1013,Marriage and Family Therapists,base_00,3.65,2.43,4.66,3.04,3.68,3.75,2.72,1.38,4.34,4.85,1.43,1.38,2.73,1.45,1.0,1.04,1.0,1.35,1.0,3.59,1.36,1.0,4.96,4.4,4.6,2.38,3.98,3.22,1.97,2.72,1.0,4.57,2.02,2.45,1.18,1.28,1.0,2.88,1.71,1.2,1.0,1.05,1.38,1.39,4.31,2.66,1.22,1.78,4.46,4.58,1.04,1.0,1.89,3.55,3.11
21-1014,Mental Health Counselors,base_00,3.79,3.46,4.79,2.82,3.82,3.64,2.64,1.32,4.61,4.96,1.14,1.04,2.21,1.11,1.11,1.0,1.0,1.0,1.0,2.0,1.11,1.0,4.88,4.64,4.07,2.79,4.07,3.46,2.21,1.29,1.0,4.54,1.37,2.93,1.14,1.25,1.11,3.07,2.46,1.21,1.0,1.15,1.18,1.89,4.82,1.93,1.85,1.54,4.56,3.86,1.0,1.0,2.21,3.11,3.93
21-1015,Rehabilitation Counselors,base_00,3.2,2.42,4.56,3.93,4.24,3.23,2.18,1.73,4.07,4.85,1.78,1.12,1.94,1.65,1.0,1.19,1.07,1.38,1.18,3.03,1.59,1.0,4.79,4.09,4.25,3.43,3.93,3.9,3.47,3.1,1.0,4.73,2.19,3.0,1.98,1.84,1.3,2.89,2.52,1.62,1.0,1.16,1.39,2.5,3.98,2.42,2.2,2.14,4.78,4.16,1.5,1.14,3.41,4.37,3.87
21-1021,"Child, Family, and School Social Workers",base_00,4.53,3.64,4.95,3.97,4.27,4.48,3.32,2.21,4.4,5.0,1.85,1.39,2.47,1.29,1.09,1.0,1.0,1.27,1.0,2.38,1.5,1.0,4.95,4.44,4.17,2.73,3.98,4.26,3.16,2.85,1.0,4.2,1.94,2.42,2.83,1.96,1.0,3.23,2.87,1.28,1.0,1.0,1.2,3.34,3.5,2.43,2.04,2.12,4.85,4.33,1.28,1.0,2.92,4.77,3.98
21-1022,Healthcare Social Workers,base_00,3.93,2.7,4.81,3.74,4.04,3.89,2.56,1.69,4.22,4.93,2.26,1.59,4.0,1.5,1.19,1.07,1.0,1.33,1.11,2.96,1.77,1.0,4.96,4.3,3.89,3.22,3.89,2.89,2.26,3.31,1.0,4.81,2.11,2.85,1.73,1.35,1.15,3.92,2.48,1.48,1.0,1.33,1.44,2.04,3.7,2.52,1.63,2.62,5.0,4.0,2.31,1.69,2.74,4.73,4.0
21-1023,Mental Health and Substance Abuse Social Workers,base_00,3.52,2.86,4.79,3.69,3.93,4.05,2.99,1.77,4.25,4.89,2.0,1.23,2.02,1.56,1.0,1.0,1.0,1.15,1.0,2.77,1.42,1.0,4.97,4.34,3.59,2.93,3.52,3.67,3.33,2.81,1.0,4.62,2.04,2.3,2.04,1.45,1.0,3.26,2.68,1.13,1.0,1.01,1.18,2.44,4.09,2.18,1.54,2.2,4.8,4.39,1.1,1.0,2.91,4.49,3.23
21-1091,Health Education Specialists,base_00,3.51,2.46,4.73,3.79,3.91,3.06,1.88,1.57,4.15,5.0,1.96,1.72,3.0,1.34,1.16,1.01,1.0,1.66,1.0,2.31,1.23,1.01,4.88,4.42,3.82,3.55,4.07,3.79,3.55,2.89,1.06,3.93,2.19,2.66,1.66,1.75,1.11,3.56,3.6,1.52,1.0,1.05,1.07,2.97,3.56,2.34,1.71,1.94,4.77,3.81,2.25,1.07,3.27,4.26,3.46
21-1092,Probation Officers and Correctional Treatment Specialists,base_00,4.47,3.56,4.96,3.47,4.65,4.31,3.91,2.66,3.98,4.75,3.06,2.32,3.4,2.42,1.92,1.63,1.12,2.01,1.06,3.16,2.88,1.0,4.71,4.16,4.0,3.87,4.21,4.37,4.0,3.9,1.21,4.4,3.03,2.64,3.49,1.93,1.36,3.63,2.55,1.79,1.09,1.52,1.5,2.55,3.75,2.47,2.91,2.53,4.83,4.4,2.09,1.44,2.82,4.27,3.91
21-1093,Social and Human Service Assistants,base_00,3.79,2.71,4.88,4.31,4.5,3.57,2.21,2.23,4.07,4.79,2.66,1.5,3.13,1.93,1.03,1.01,1.27,1.53,1.4,3.42,2.38,1.0,4.97,3.94,3.74,3.84,3.72,4.08,3.41,2.93,1.0,4.22,1.88,2.54,2.29,1.84,1.46,3.44,3.24,1.86,1.0,1.67,1.61,2.94,3.4,2.33,2.09,2.41,4.76,4.12,1.83,1.02,3.14,4.61,4.38
21-1094,Community Health Workers,base_00,3.03,2.44,4.58,3.67,3.88,3.07,2.1,2.21,4.09,4.77,2.14,1.96,3.13,1.55,1.62,1.01,1.0,1.18,1.08,2.46,1.79,1.0,4.76,3.97,3.86,3.41,3.84,3.93,3.03,2.3,1.04,3.85,1.73,2.48,2.03,2.01,1.19,4.03,3.42,1.93,1.0,1.35,1.57,2.39,2.94,3.2,2.93,2.63,4.37,3.42,2.22,1.19,3.24,4.2,3.56
21-2011,Clergy,base_00,3.41,2.74,4.59,4.21,3.76,2.87,1.51,1.71,4.44,4.83,1.21,1.07,1.41,1.21,1.0,1.16,1.22,1.05,1.0,2.07,1.33,1.12,4.73,4.51,3.87,3.2,4.11,3.53,2.87,2.27,1.08,4.39,1.95,2.24,1.99,1.71,1.0,3.0,3.78,1.36,1.15,1.25,1.43,2.02,4.06,2.31,1.34,1.83,4.68,3.87,1.23,1.0,3.77,4.23,3.74
21-2021,"Directors, Religious Activities and Education",base_00,2.51,1.44,4.09,3.87,3.26,2.1,1.01,1.44,4.98,4.45,1.04,1.01,1.4,1.01,1.0,1.01,1.11,1.12,1.0,1.4,1.26,1.01,4.21,4.72,3.4,2.67,3.14,2.32,1.57,1.81,1.01,4.84,1.72,1.3,1.42,1.28,1.0,3.4,3.32,1.18,1.01,1.06,1.17,1.59,3.67,2.47,1.48,1.76,4.26,2.61,1.01,1.01,2.85,4.02,2.74
23-1011,Lawyers,base_00,3.44,3.81,4.75,3.77,3.86,3.35,1.71,1.44,4.76,4.96,1.26,1.3,1.07,1.01,1.0,1.0,1.0,1.0,1.0,2.19,1.0,1.0,4.44,4.67,4.21,2.38,4.48,4.4,2.91,1.81,1.0,3.86,1.22,3.61,1.22,1.1,1.0,2.61,2.73,1.02,1.06,1.02,1.1,1.92,4.55,1.95,1.18,1.38,4.89,4.18,1.0,1.0,3.9,3.58,4.4
23-1012,Judicial Law Clerks,base_00,2.41,2.72,4.09,3.0,3.38,2.93,1.59,1.84,3.89,4.87,1.11,1.02,1.03,1.18,1.05,1.0,1.0,1.05,1.0,2.13,1.02,1.0,4.63,3.67,3.96,1.26,4.56,4.85,3.5,1.0,1.0,4.91,1.0,3.3,1.0,1.0,1.0,2.49,1.81,1.29,1.0,1.01,1.0,2.79,4.54,2.09,2.55,1.76,4.4,4.07,1.0,1.0,2.55,3.83,4.26
23-1021,"Administrative Law Judges, Adjudicators, and Hearing Officers",base_00,3.75,2.47,4.36,3.45,4.78,3.81,2.0,2.15,4.35,4.92,1.36,1.11,1.34,1.35,1.01,1.0,1.0,1.02,1.0,2.5,1.02,1.0,4.2,4.53,4.85,1.63,4.47,4.52,4.17,1.35,1.0,4.97,1.05,2.93,1.01,1.01,1.02,2.67,2.64,1.34,1.0,1.09,1.08,3.67,4.94,1.61,2.99,1.42,4.46,4.42,1.0,1.0,2.45,3.54,4.51
23-1022,"Arbitrators, Mediators, and Conciliators",base_00,3.85,2.4,3.65,2.25,2.26,2.8,1.75,2.1,4.65,4.55,1.3,1.35,1.35,1.26,1.2,1.2,1.15,1.1,1.16,1.75,1.11,1.15,3.67,4.75,3.7,2.05,4.3,4.65,2.2,1.16,1.1,3.05,1.58,3.25,1.2,1.16,1.0,3.05,2.05,1.15,1.1,1.1,1.1,1.65,4.75,1.6,1.7,1.2,3.47,3.8,1.25,1.15,2.6,2.15,3.74
23-1023,"Judges, Magistrate Judges, and Magistrates",base_00,4.68,3.65,4.68,4.41,4.68,4.31,3.37,2.13,4.91,4.85,1.28,1.0,1.64,1.22,1.05,1.0,1.11,1.0,1.0,2.38,1.7,1.0,4.89,4.99,4.61,2.66,4.89,4.75,3.31,1.87,1.0,5.0,1.31,3.1,1.31,1.21,1.0,3.43,4.24,1.15,1.0,1.0,1.0,2.68,4.79,1.59,1.95,1.36,4.24,4.73,1.0,1.0,3.6,4.75,4.21
23-2011,Paralegals and Legal Assistants,base_00,2.14,2.92,4.53,3.28,3.22,1.97,1.19,1.5,4.24,5.0,1.02,1.03,1.13,1.26,1.02,1.02,1.0,1.16,1.0,1.6,1.0,1.0,4.69,4.12,3.92,1.87,3.89,4.79,3.86,1.35,1.0,4.88,1.13,2.67,1.29,1.02,1.11,2.75,1.77,1.15,1.03,1.15,1.27,3.66,4.77,1.7,2.86,1.38,4.54,4.36,1.02,1.0,2.66,4.25,4.52
23-2093,"Title Examiners, Abstractors, and Searchers",base_00,2.59,3.46,3.65,3.89,4.18,2.6,1.21,3.03,4.69,4.96,1.32,1.31,1.04,1.3,1.05,1.05,1.04,1.45,1.0,2.78,1.46,1.0,4.73,4.64,4.39,2.26,4.33,5.0,4.36,1.36,1.0,4.82,1.0,3.39,1.45,1.0,1.14,2.99,1.43,1.59,1.04,1.27,1.51,3.53,4.45,1.91,2.83,1.83,4.32,4.41,1.0,1.0,3.41,4.29,3.26
25-1011,"Business Teachers, Postsecondary",base_00,2.63,1.82,4.11,3.75,2.78,2.67,1.41,2.22,4.7,5.0,1.38,1.01,1.11,1.2,1.0,1.0,1.0,1.01,1.0,2.61,1.19,1.0,4.14,4.74,3.65,2.32,3.49,3.25,2.63,1.4,1.0,4.55,1.54,2.98,1.22,1.24,1.03,2.92,4.25,1.21,1.0,1.02,1.1,1.41,3.77,2.64,1.68,1.67,3.72,3.68,1.02,1.0,2.62,3.52,3.02
25-1021,"Computer Science Teachers, Postsecondary",base_00,2.41,1.64,4.46,3.98,3.41,2.5,1.1,1.57,4.63,4.99,1.17,1.13,1.48,1.31,1.0,1.0,1.1,1.01,1.0,2.19,1.05,1.0,4.63,4.7,3.62,2.3,3.65,3.89,2.36,1.44,1.0,4.43,1.16,3.45,1.13,1.2,1.0,2.94,3.86,1.27,1.1,1.13,1.15,2.42,4.29,2.17,1.9,1.65,4.08,4.02,1.01,1.01,3.06,4.34,3.15
25-1022,"Mathematical Science Teachers, Postsecondary",base_00,2.39,1.44,4.31,3.05,3.24,2.64,1.16,1.62,3.94,4.91,1.64,1.14,1.59,1.28,1.0,1.0,1.0,1.07,1.02,2.21,1.36,1.0,4.59,4.34,3.47,1.72,3.07,3.95,2.51,1.19,1.0,4.7,1.21,3.31,1.02,1.03,1.02,3.31,4.54,1.25,1.0,1.15,1.19,2.21,3.25,3.12,2.24,2.01,2.91,3.6,1.0,1.0,2.23,3.71,3.16
25-1031,"Architecture Teachers, Postsecondary",base_00,2.6,1.9,4.29,4.13,2.93,2.27,1.44,1.72,4.53,4.72,1.97,1.13,1.23,1.62,1.13,1.21,1.11,1.16,1.23,2.41,1.67,1.01,4.55,4.67,2.99,2.41,3.23,3.66,1.94,1.43,1.02,4.49,2.07,3.35,1.97,1.29,1.68,4.05,4.42,1.28,1.11,1.16,1.29,2.12,3.37,2.78,2.41,1.83,3.48,3.47,1.39,1.11,3.12,3.99,3.65
25-1032,"Engineering Teachers, Postsecondary",base_00,3.03,2.53,4.25,3.6,2.47,2.17,1.11,1.32,4.64,5.0,1.62,1.24,1.36,1.03,2.04,1.49,1.31,1.25,1.03,2.08,1.21,1.0,4.8,4.58,3.19,2.86,3.36,3.53,2.22,1.46,1.03,4.55,2.32,4.21,1.32,1.24,1.41,2.31,4.16,1.22,1.12,1.0,1.13,2.13,3.96,2.2,2.18,1.87,3.84,3.55,2.03,1.0,3.46,3.67,3.68
25-1041,"Agricultural Sciences Teachers, Postsecondary",base_00,2.31,2.41,4.16,3.59,2.98,2.39,1.11,1.52,4.95,4.99,1.68,1.34,1.54,1.38,1.76,1.75,1.05,1.86,1.14,2.17,1.82,1.26,4.89,4.7,3.39,2.97,3.86,4.16,2.55,2.03,1.5,4.73,2.18,4.1,2.49,1.46,1.02,2.58,4.53,1.34,1.15,1.05,1.33,1.89,4.01,2.3,2.16,1.82,4.09,3.58,1.79,1.25,2.97,4.35,3.93
25-1042,"Biological Science Teachers, Postsecondary",base_00,2.88,2.37,4.41,4.2,3.54,2.57,1.1,1.35,4.7,4.96,2.3,1.25,2.21,1.44,2.41,1.29,1.07,1.86,1.23,2.13,1.48,1.14,4.87,4.95,4.07,3.72,3.78,4.22,2.28,1.8,1.07,4.93,1.65,3.78,1.86,1.46,1.01,2.86,4.76,1.44,1.07,1.21,1.25,1.95,3.04,2.97,2.25,1.88,3.79,4.05,2.34,1.46,3.46,4.24,3.98
25-1043,"Forestry and Conservation Science Teachers, Postsecondary",base_00,2.82,2.54,4.49,4.34,4.02,2.29,1.42,1.39,4.6,5.0,2.41,1.25,1.41,2.01,2.26,1.35,1.21,2.78,1.19,2.87,2.5,1.23,4.79,4.77,3.51,3.77,3.89,3.7,2.16,3.02,1.58,4.24,2.6,3.31,3.2,2.01,1.0,3.44,4.29,1.5,1.21,1.7,1.34,2.26,3.48,2.79,2.36,2.11,4.04,3.85,2.91,1.45,3.34,4.57,3.88
25-1051,"Atmospheric, Earth, Marine, and Space Sciences Teachers, Postsecondary",base_00,2.83,2.31,4.29,3.44,3.22,2.68,1.36,1.51,4.66,4.98,2.25,1.37,2.21,1.39,2.11,1.56,1.09,1.91,1.21,2.41,1.44,1.07,4.64,4.86,3.25,3.08,3.64,3.84,3.13,1.71,1.46,4.76,1.78,3.13,2.07,1.6,1.01,3.27,4.21,1.55,1.18,1.16,1.32,2.43,3.28,2.87,2.49,2.04,3.64,3.68,2.35,1.2,3.15,3.86,3.75
25-1052,"Chemistry Teachers, Postsecondary",base_00,2.88,2.94,4.3,3.54,2.57,2.63,1.67,1.52,4.71,4.98,3.25,1.27,1.27,1.15,3.28,1.32,1.0,1.92,1.47,2.52,1.07,1.1,4.74,4.71,3.27,4.13,3.75,4.39,3.12,1.18,1.0,4.56,1.11,3.84,1.09,1.08,1.05,2.49,4.45,1.25,1.16,1.28,1.19,1.91,3.92,2.44,1.98,1.68,3.73,3.78,3.57,1.53,4.0,4.06,3.38
25-1053,"Environmental Science Teachers, Postsecondary",base_00,2.65,2.57,4.26,4.06,3.01,2.4,1.15,1.64,4.59,4.91,2.03,1.48,1.8,1.44,2.34,1.17,1.04,1.71,1.08,2.05,1.57,1.01,4.64,4.52,3.29,3.33,3.22,4.11,2.31,1.99,1.16,4.72,1.94,3.08,2.15,1.86,1.15,2.95,4.22,1.54,1.16,1.11,1.39,2.36,3.62,2.62,2.09,1.85,3.84,3.59,2.45,1.44,3.5,4.12,3.44
25-1054,"Physics Teachers, Postsecondary",base_00,2.59,2.28,4.41,3.42,3.72,2.41,1.16,1.55,4.82,4.84,1.78,1.3,1.29,1.19,1.76,1.45,1.06,1.35,1.5,2.19,1.24,1.0,4.55,4.76,3.46,2.59,3.46,3.55,2.29,1.65,1.11,4.45,1.82,3.36,1.34,1.19,1.19,2.75,4.25,1.24,1.08,1.09,1.24,1.84,3.45,2.54,2.12,1.78,3.54,3.69,2.0,1.17,2.83,3.36,3.26
25-1061,"Anthropology and Archeology Teachers, Postsecondary",base_00,2.71,1.91,4.09,3.76,3.27,2.57,1.38,1.36,4.36,4.95,1.91,2.0,1.5,2.18,1.27,1.3,1.23,2.05,1.14,2.36,2.18,1.09,4.55,4.55,2.64,2.9,3.09,3.55,2.64,1.38,1.14,3.9,2.29,3.86,2.41,2.09,1.23,3.55,3.86,1.64,1.14,1.32,1.82,2.18,3.81,2.5,2.52,1.91,3.33,3.41,1.73,1.18,3.19,4.05,3.33
25-1062,"Area, Ethnic, and Cultural Studies Teachers, Postsecondary",base_00,2.79,2.32,4.47,4.28,3.16,2.7,1.47,1.38,4.55,4.9,1.3,1.1,1.47,1.41,1.04,1.04,1.0,1.04,1.0,2.33,1.41,1.0,4.69,4.65,3.68,2.4,3.49,3.55,1.76,1.29,1.07,4.49,1.58,4.04,1.27,1.2,1.01,2.71,4.48,1.16,1.0,1.08,1.08,1.9,3.91,2.66,1.77,1.94,3.33,4.03,1.0,1.0,2.97,4.19,3.58
25-1063,"Economics Teachers, Postsecondary",base_00,2.41,1.98,4.24,2.7,3.41,2.36,1.11,1.78,4.68,4.96,1.69,1.02,1.43,1.03,1.0,1.0,1.0,1.01,1.01,1.63,1.02,1.0,4.45,4.73,3.18,1.78,3.29,3.87,2.14,1.12,1.0,4.21,1.04,3.54,1.08,1.05,1.02,3.13,4.22,1.2,1.0,1.01,1.06,2.09,4.31,2.37,2.09,1.52,3.21,3.38,1.01,1.01,2.01,3.32,3.1
25-1064,"Geography Teachers, Postsecondary",base_00,2.7,1.91,4.35,3.85,2.94,2.72,1.28,1.54,4.67,4.99,2.01,1.26,1.43,1.56,1.13,1.26,1.06,1.41,1.06,2.32,1.6,1.0,4.79,4.93,2.93,2.24,2.97,4.0,2.3,1.94,1.09,4.64,1.94,3.85,1.91,1.47,1.07,2.71,4.36,1.22,1.0,1.34,1.2,2.4,3.91,2.45,1.86,1.84,3.48,3.76,1.11,1.07,2.84,3.91,3.28
25-1065,"Political Science Teachers, Postsecondary",base_00,2.74,1.52,4.13,3.36,3.54,2.94,1.1,1.18,4.72,5.0,1.26,1.16,1.21,1.24,1.0,1.0,1.0,1.0,1.0,1.59,1.08,1.0,4.49,4.75,4.16,1.96,3.49,3.78,1.98,1.23,1.0,4.73,1.25,3.8,1.09,1.07,1.0,2.74,4.19,1.09,1.0,1.0,1.0,2.57,4.03,2.38,1.47,1.4,3.85,3.57,1.0,1.0,2.17,3.63,3.37
25-1066,"Psychology Teachers, Postsecondary",base_00,2.45,1.98,4.37,3.44,3.26,2.47,1.03,1.95,4.66,4.85,1.6,1.1,1.57,1.34,1.0,1.0,1.0,1.02,1.0,2.31,1.32,1.0,4.96,4.89,3.36,2.22,3.68,3.61,3.0,1.02,1.0,4.83,1.1,3.08,1.01,1.01,1.0,2.61,4.02,1.32,1.0,1.12,1.22,2.39,3.96,2.31,1.95,1.69,3.19,3.39,1.0,1.0,2.7,3.87,3.7
25-1067,"Sociology Teachers, Postsecondary",base_00,2.76,2.06,4.24,3.7,2.79,2.64,1.1,1.4,4.78,4.98,1.41,1.01,1.34,1.14,1.0,1.0,1.0,1.01,1.0,1.87,1.28,1.0,4.62,4.83,3.55,2.15,3.38,3.76,3.17,1.23,1.0,4.75,1.14,3.91,1.15,1.14,1.02,2.82,4.19,1.04,1.0,1.11,1.01,2.74,3.99,2.24,1.99,1.58,3.48,3.72,1.0,1.0,2.5,3.52,3.62
25-1071,"Health Specialties Teachers, Postsecondary",base_00,3.1,2.89,4.76,3.96,3.66,2.95,1.58,1.57,4.63,4.88,1.34,1.27,2.15,1.16,1.42,1.0,1.0,1.17,1.16,2.3,1.14,1.0,4.92,4.83,3.88,3.35,3.97,3.84,2.15,1.23,1.0,4.64,1.27,3.08,1.31,1.17,1.03,3.14,4.12,1.71,1.0,1.19,1.35,2.67,3.86,2.64,2.05,1.59,4.36,3.79,1.85,1.05,3.47,4.45,3.67
25-1072,"Nursing Instructors and Teachers, Postsecondary",base_00,3.44,3.63,4.65,4.46,4.51,3.44,2.08,2.08,4.21,4.87,2.52,1.93,3.48,1.53,1.64,1.53,1.0,1.49,1.37,2.91,1.35,1.07,4.59,4.15,4.05,3.93,4.24,4.68,3.37,1.49,1.0,4.23,1.27,2.86,1.23,1.27,1.16,3.65,3.95,1.99,1.0,1.52,1.6,2.7,3.15,3.07,2.95,2.67,4.26,3.8,2.91,1.64,4.0,4.69,3.53
25-1081,"Education Teachers, Postsecondary",base_00,2.72,2.55,4.53,4.17,4.02,2.41,1.43,1.5,4.71,5.0,1.64,1.38,1.39,1.19,1.0,1.0,1.0,1.0,1.0,2.73,1.59,1.17,4.71,4.86,4.02,2.52,3.98,4.3,3.39,1.27,1.0,4.78,1.63,3.75,1.06,1.06,1.15,2.64,4.05,1.05,1.0,1.27,1.04,3.49,4.01,2.31,3.1,1.86,4.08,3.52,1.0,1.0,3.47,4.48,3.57
25-1082,"Library Science Teachers, Postsecondary",base_00,2.82,1.92,4.34,4.07,3.22,2.72,1.38,1.39,4.97,5.0,1.64,1.02,1.09,1.54,1.01,1.01,1.01,1.02,1.02,2.14,1.06,1.0,4.21,4.86,3.53,2.15,3.6,3.6,1.95,1.63,1.02,4.68,1.13,3.03,1.13,1.03,1.11,2.77,3.25,1.07,1.01,1.07,1.04,3.36,4.59,1.82,2.11,1.34,3.48,3.58,1.03,1.01,2.91,4.3,2.87
25-1111,"Criminal Justice and Law Enforcement Teachers, Postsecondary",base_00,2.87,2.14,4.46,3.98,4.19,2.71,1.52,2.05,4.68,4.97,1.63,1.58,1.79,1.49,1.22,1.17,1.05,1.24,1.02,2.06,1.6,1.02,4.49,4.64,4.07,2.8,4.12,3.71,3.03,1.65,1.02,4.93,1.71,3.13,1.53,1.4,1.04,3.26,4.15,1.39,1.05,1.3,1.28,2.41,3.34,2.98,2.04,2.2,4.25,3.72,1.61,1.27,2.87,3.46,3.14
25-1112,"Law Teachers, Postsecondary",base_00,2.67,2.52,4.51,3.36,3.02,2.25,1.13,1.53,4.92,4.81,1.32,1.04,1.25,1.09,1.06,1.09,1.03,1.13,1.02,2.01,1.07,1.01,4.45,4.75,3.7,1.99,3.87,4.12,1.83,1.22,1.04,4.42,1.18,3.42,1.15,1.2,1.04,2.62,4.2,1.04,1.03,1.02,1.04,2.01,3.69,2.56,1.84,1.67,4.18,3.45,1.09,1.02,2.66,3.17,3.41
25-1113,"Social Work Teachers, Postsecondary",base_00,2.8,2.57,4.19,4.12,3.88,2.73,1.42,1.54,4.62,5.0,1.22,1.04,1.37,1.23,1.0,1.0,1.0,1.04,1.0,1.97,1.32,1.0,4.65,4.73,3.13,2.38,3.25,3.37,2.11,2.12,1.0,3.41,1.68,2.98,1.58,1.3,1.14,2.62,3.84,1.37,1.0,1.21,1.0,2.14,3.91,2.38,1.26,1.85,4.41,3.51,1.14,1.0,2.63,4.31,3.51
25-1121,"Art, Drama, and Music Teachers, Postsecondary",base_00,2.65,1.77,4.72,4.14,3.17,2.35,1.34,1.23,4.38,4.79,2.0,1.4,1.67,1.53,1.39,1.44,1.21,1.27,1.0,2.29,1.21,1.02,4.43,4.53,3.23,2.77,3.21,3.47,2.39,1.59,1.09,4.64,1.45,3.49,1.32,1.28,1.04,3.96,4.32,1.84,1.23,1.35,1.58,2.66,2.92,3.22,2.67,1.94,3.35,3.41,1.6,1.18,2.91,4.16,3.41
25-1122,"Communications Teachers, Postsecondary",base_00,2.84,2.52,4.53,3.5,2.87,2.32,1.3,1.74,4.5,4.93,1.34,1.16,1.47,1.34,1.1,1.0,1.12,1.0,1.08,2.17,1.2,1.03,4.59,4.85,3.95,2.76,3.29,3.55,2.24,1.17,1.0,4.57,1.4,3.42,1.17,1.12,1.14,3.02,4.28,1.09,1.01,1.01,1.11,2.47,3.66,2.53,2.47,1.74,3.56,3.74,1.15,1.15,2.93,3.62,3.5
25-1123,"English Language and Literature Teachers, Postsecondary",base_00,2.25,1.61,4.42,3.92,3.29,2.58,1.12,1.62,4.66,4.76,1.39,1.0,1.34,1.09,1.0,1.0,1.0,1.0,1.0,1.67,1.21,1.0,4.2,4.59,3.21,1.75,3.23,3.7,2.62,1.02,1.0,4.59,1.45,2.86,1.01,1.03,1.04,3.0,4.33,1.09,1.0,1.01,1.0,1.74,3.5,2.74,2.25,1.67,3.15,3.78,1.0,1.0,2.52,3.63,3.49
25-1124,"Foreign Language and Literature Teachers, Postsecondary",base_00,2.8,1.78,4.0,3.41,1.88,2.39,1.15,1.37,4.45,4.92,1.04,1.03,1.48,1.03,1.0,1.0,1.0,1.01,1.0,2.14,1.01,1.0,4.11,4.28,3.67,1.52,3.05,3.27,1.42,1.05,1.0,4.74,1.22,3.28,1.0,1.0,1.05,3.09,4.26,1.03,1.0,1.05,1.01,1.5,3.8,2.72,2.24,1.62,3.08,3.27,1.0,1.0,2.29,3.65,3.4
25-1125,"History Teachers, Postsecondary",base_00,2.29,2.0,4.08,3.67,2.64,2.35,1.1,1.41,4.93,4.86,1.39,1.02,1.31,1.75,1.0,1.0,1.0,1.11,1.04,2.26,1.35,1.12,4.45,4.91,3.85,1.64,3.59,4.27,3.2,1.34,1.0,4.68,1.82,3.9,1.01,1.01,1.0,2.44,4.24,1.01,1.0,1.11,1.01,2.91,3.51,2.54,2.11,1.57,3.74,3.78,1.0,1.0,2.02,3.03,3.76
25-1126,"Philosophy and Religion Teachers, Postsecondary",base_00,2.34,2.41,4.3,3.03,2.46,2.3,1.04,1.75,4.53,4.96,1.12,1.0,1.12,1.06,1.0,1.0,1.0,1.0,1.0,1.48,1.03,1.02,4.27,4.62,3.79,1.79,3.76,4.23,2.62,1.04,1.0,4.61,1.11,3.53,1.0,1.0,1.0,2.82,4.03,1.02,1.0,1.05,1.02,2.37,3.91,2.46,1.56,1.5,3.05,3.64,1.0,1.0,2.33,3.42,3.26
25-1192,"Family and Consumer Sciences Teachers, Postsecondary",base_00,2.67,1.95,4.75,4.07,3.63,2.28,1.3,2.58,4.61,4.88,1.18,1.73,1.39,1.16,1.23,1.17,1.03,1.11,1.11,2.13,1.1,1.01,4.26,4.45,4.28,2.93,3.94,3.88,3.31,1.12,1.0,3.92,1.41,3.58,1.19,1.05,1.58,2.86,3.05,1.51,1.0,1.01,1.16,2.01,3.72,2.38,2.19,1.89,4.24,4.05,1.78,1.11,3.03,4.14,3.86
25-1193,"Recreation and Fitness Studies Teachers, Postsecondary",base_00,3.11,2.92,4.76,4.25,3.61,2.64,1.34,1.86,4.79,4.82,1.93,1.52,1.71,1.59,1.21,1.18,1.27,1.46,1.0,3.03,1.74,1.09,4.78,4.62,3.76,3.05,4.11,3.63,2.77,1.57,1.19,4.39,2.19,2.96,2.09,1.76,1.07,3.35,4.14,1.77,1.15,1.58,1.63,2.41,3.26,2.74,1.62,2.14,4.03,3.58,1.51,1.02,3.22,4.41,3.49
25-1194,"Career/Technical Education Teachers, Postsecondary",base_00,2.68,2.48,4.65,4.07,3.78,2.46,1.41,1.79,4.31,4.49,2.68,1.56,1.67,1.82,1.9,2.27,1.15,2.13,1.17,2.69,1.65,1.18,4.38,4.38,3.56,3.18,3.44,4.07,2.96,1.56,1.28,4.39,1.95,2.66,1.38,1.4,1.36,4.03,4.51,1.93,1.21,1.34,1.61,2.12,2.5,3.64,2.9,2.32,3.61,3.52,2.96,1.38,3.05,3.86,3.18
25-2011,"Preschool Teachers, Except Special Education",base_00,3.43,3.08,4.8,3.82,3.25,3.17,1.98,1.56,3.6,2.27,1.55,1.17,3.07,1.62,1.0,1.0,1.0,2.02,1.0,3.47,1.97,1.02,4.29,3.55,3.54,3.04,3.63,3.35,2.01,1.38,1.0,4.34,1.49,2.49,3.11,1.82,1.0,4.05,2.53,2.96,1.0,2.12,3.09,2.53,2.06,3.63,2.98,3.11,2.74,3.07,1.13,1.0,2.72,4.37,3.37
25-2012,"Kindergarten Teachers, Except Special Education",base_00,3.3,2.15,4.64,4.1,4.34,2.87,1.81,1.68,3.83,4.85,2.46,1.52,3.7,1.74,1.24,1.29,1.19,1.67,1.0,3.16,1.62,1.13,4.58,4.14,4.14,2.95,3.9,3.39,2.45,1.22,1.16,4.22,1.98,2.73,2.49,2.02,1.28,4.42,3.82,2.6,1.17,1.54,2.67,2.7,2.12,4.07,2.67,3.35,3.85,3.74,1.26,1.0,2.84,4.57,4.11
25-2021,"Elementary School Teachers, Except Special Education",base_00,4.05,1.86,4.89,4.67,4.53,4.04,2.38,1.91,3.93,5.0,1.49,1.22,3.33,1.0,1.0,1.11,1.03,1.62,1.0,4.28,1.78,1.03,4.87,3.99,3.97,3.82,3.96,3.36,2.42,1.21,1.0,4.42,1.68,2.62,2.52,1.05,1.03,4.86,4.59,2.0,1.09,1.54,2.4,2.22,2.32,4.21,2.2,3.16,3.6,3.76,1.1,1.0,3.94,4.97,3.61
25-2022,"Middle School Teachers, Except Special and Career/Technical Education",base_00,3.15,1.85,4.77,4.04,2.83,3.4,2.06,1.42,4.57,4.86,1.9,1.33,2.36,1.37,1.02,1.0,1.0,1.36,1.0,3.16,1.55,1.0,4.8,4.38,4.15,3.22,3.36,3.39,3.22,1.46,1.0,4.48,2.17,2.22,2.45,1.85,1.01,4.28,4.13,1.9,1.11,1.22,1.8,2.34,2.5,3.59,2.55,2.98,3.39,3.32,1.06,1.0,3.22,4.62,3.26
25-2023,"Career/Technical Education Teachers, Middle School",base_00,3.71,2.78,4.64,4.22,3.83,3.89,2.42,1.31,4.27,4.81,2.04,1.19,1.92,1.42,1.33,2.13,1.09,2.07,1.0,3.14,1.46,1.06,4.55,4.4,4.52,3.2,3.67,3.73,2.78,1.63,1.21,4.32,1.71,2.5,1.85,1.61,1.44,4.13,3.59,1.61,1.22,1.09,1.59,1.82,2.47,3.63,2.76,2.7,3.7,3.88,2.69,1.17,3.31,4.24,3.22
25-2031,"Secondary School Teachers, Except Special and Career/Technical Education",base_00,3.43,2.22,4.78,4.09,3.34,3.41,1.94,1.37,4.04,4.96,1.8,1.47,2.48,1.55,1.18,1.38,1.12,1.54,1.08,3.63,1.68,1.06,4.73,4.25,3.57,3.29,3.49,3.14,2.26,1.58,1.14,4.56,2.04,2.2,2.12,1.53,1.12,4.19,4.52,1.71,1.24,1.49,1.62,1.99,3.0,3.28,2.27,2.58,3.56,3.28,1.3,1.06,3.05,4.24,2.9
25-2032,"Career/Technical Education Teachers, Secondary School",base_00,3.51,2.86,4.53,4.01,3.06,3.8,2.41,1.41,4.13,4.79,2.4,2.27,2.57,2.13,1.66,1.6,1.62,1.88,1.26,3.59,2.16,1.14,4.4,4.07,4.36,3.77,3.88,3.62,3.13,1.96,1.4,3.69,2.83,2.77,2.23,1.85,1.66,4.04,4.45,2.2,1.29,1.49,1.87,2.43,2.78,3.24,2.71,2.82,3.54,3.95,2.62,1.61,3.26,3.8,3.37
25-2051,"Special Education Teachers, Preschool",base_00,2.89,2.39,4.98,3.42,2.91,2.72,1.68,1.55,3.64,4.58,1.7,1.78,3.08,1.2,1.0,1.0,1.13,1.68,1.0,3.51,1.58,1.0,5.0,4.09,4.32,3.29,3.59,3.14,2.41,1.45,1.0,4.37,1.27,2.11,2.83,1.95,1.07,4.49,1.67,3.29,1.0,2.26,3.39,3.06,2.76,3.38,2.7,2.71,3.56,3.09,1.86,1.0,3.21,4.66,3.38
25-2056,"Special Education Teachers, Elementary School",base_00,3.11,2.76,4.78,3.99,3.02,3.15,2.13,1.41,4.02,4.88,2.01,1.37,2.67,1.51,1.09,1.0,1.0,1.8,1.0,3.43,1.45,1.0,4.75,3.62,2.64,3.31,3.14,3.16,2.37,1.02,1.0,4.38,1.95,2.31,1.51,1.23,1.02,4.76,2.65,2.3,1.0,1.29,1.93,2.02,2.61,3.73,1.57,2.21,3.74,3.5,1.23,1.0,2.66,4.4,3.25
25-2057,"Special Education Teachers, Middle School",base_00,4.59,2.62,4.14,4.21,2.95,3.96,2.55,1.33,3.87,4.99,2.69,1.54,2.89,2.1,1.21,1.55,1.1,1.76,1.0,4.21,2.57,1.1,4.62,3.86,3.5,3.76,3.1,3.61,3.03,1.82,1.0,4.3,3.24,1.75,2.16,2.12,1.0,4.48,3.19,1.73,1.1,1.53,1.71,2.4,2.45,3.6,1.97,2.61,3.87,3.92,1.44,1.0,3.67,4.65,3.49
25-2058,"Special Education Teachers, Secondary School",base_00,4.31,2.75,4.99,4.61,3.37,3.8,2.21,1.47,4.22,4.97,2.56,1.34,1.94,1.55,1.05,1.05,1.05,1.1,1.0,3.64,1.91,1.12,4.94,4.54,4.12,3.3,4.17,3.81,2.41,1.4,1.01,4.09,2.25,1.91,1.85,1.2,1.04,4.32,3.85,1.43,1.12,1.28,1.58,2.21,3.2,2.83,2.07,2.3,4.0,3.82,1.26,1.04,2.93,4.89,3.47
25-2059,Adapted Physical Education Specialists,first_detail,3.29,2.4,4.38,3.76,3.33,3.24,3.1,1.2,4.5,4.76,1.67,1.86,2.71,2.0,1.14,1.24,1.24,2.19,1.0,3.57,2.24,1.1,4.81,4.55,3.47,3.81,3.19,2.84,2.19,2.81,1.05,3.86,3.24,2.62,3.15,2.33,1.1,4.67,3.33,3.15,1.24,2.62,2.71,2.55,1.9,4.43,2.76,3.9,3.48,3.38,1.33,1.05,3.35,4.43,3.05
25-3011,"Adult Basic Education, Adult Secondary Education, and English as a Second Language Instructors",base_00,2.6,1.97,4.27,4.33,3.22,2.29,1.6,1.54,4.37,4.58,1.95,1.32,1.76,1.32,1.1,1.0,1.0,1.3,1.13,2.24,1.36,1.0,4.41,4.24,3.66,2.83,3.63,3.88,2.7,1.0,1.0,3.96,1.6,2.82,1.19,1.19,1.09,4.18,3.59,1.71,1.0,1.07,1.15,2.36,3.07,3.27,2.34,2.03,3.47,3.21,1.3,1.0,3.2,3.75,2.92
25-3021,Self-Enrichment Teachers,base_00,2.14,1.84,4.75,3.81,3.24,2.17,1.01,1.41,4.37,3.92,1.19,1.25,1.33,1.2,1.14,1.14,1.02,1.12,1.14,2.06,1.2,1.14,4.66,4.79,3.42,2.76,3.65,3.56,2.9,1.96,1.04,4.43,1.73,2.09,1.72,1.41,1.27,4.04,2.64,1.48,1.01,1.04,1.29,1.89,3.24,2.53,2.92,1.5,2.58,2.76,1.49,1.56,2.48,3.82,2.21
25-3031,"Substitute Teachers, Short-Term",base_00,2.94,1.33,4.63,4.32,2.17,2.82,1.81,1.59,3.73,3.79,1.31,1.0,1.71,1.42,1.0,1.01,1.0,1.15,1.0,2.45,1.24,1.0,4.06,4.26,3.34,3.63,2.83,3.32,2.85,1.05,1.0,3.23,1.42,2.41,2.12,1.9,1.17,2.9,3.77,2.02,1.0,2.04,1.55,2.62,2.72,3.48,3.1,2.39,2.75,2.92,1.08,1.03,2.82,4.16,3.65
25-3041,Tutors,base_00,2.82,1.38,4.59,3.81,3.76,2.76,1.36,1.48,4.36,4.5,1.14,1.09,1.57,1.14,1.0,1.05,1.0,1.05,1.0,2.41,1.1,1.05,4.76,4.27,3.14,2.24,2.59,3.52,2.1,1.09,1.0,4.62,1.18,2.52,1.1,1.14,1.14,4.38,2.27,1.37,1.0,1.1,1.36,2.05,4.86,2.19,2.18,1.25,3.29,3.5,1.0,1.0,2.48,3.57,2.86
25-4011,Archivists,base_00,2.06,2.72,4.1,3.21,4.16,2.25,1.19,2.14,4.0,4.97,2.79,2.0,1.07,1.48,1.21,1.2,1.8,1.68,1.0,2.13,1.32,1.0,4.66,4.03,2.86,2.26,3.23,3.97,3.72,1.9,1.0,4.89,2.0,3.24,1.25,1.37,1.17,2.89,2.61,1.93,1.97,1.46,1.97,2.97,4.03,2.43,3.13,1.89,4.14,2.94,1.75,1.39,2.5,4.0,3.32
25-4012,Curators,base_00,2.69,2.28,4.31,3.82,4.09,2.31,1.05,1.38,4.68,4.73,2.41,1.5,1.19,1.61,1.52,1.44,1.39,1.42,1.0,2.33,1.75,1.0,4.56,4.48,3.61,2.89,3.81,4.08,2.53,2.23,1.47,4.47,2.34,3.42,2.03,1.58,1.1,2.75,2.92,1.73,1.57,1.36,1.53,2.45,3.54,2.46,2.42,1.91,4.64,3.24,1.81,1.22,3.71,4.3,3.59
25-4013,Museum Technicians and Conservators,base_00,2.3,2.97,3.76,3.4,3.49,2.05,1.12,1.44,4.35,4.15,2.85,2.21,1.01,1.9,2.01,2.3,1.95,1.99,1.13,2.59,2.12,1.03,4.52,4.6,3.37,3.08,3.72,4.31,3.23,1.89,1.25,4.17,2.46,1.9,1.92,1.77,1.26,3.19,2.25,2.48,1.62,1.67,2.14,2.26,2.65,3.49,3.56,2.49,3.92,3.45,3.07,1.54,3.01,4.14,2.85
25-4022,Librarians and Media Collections Specialists,base_00,3.1,2.04,4.44,3.63,3.96,3.13,1.71,2.42,4.43,4.83,2.03,1.61,1.94,1.31,1.06,1.25,1.29,1.31,1.0,2.74,1.54,1.0,4.75,4.27,3.48,2.56,3.19,3.67,2.91,1.42,1.09,4.29,1.73,2.52,1.4,1.39,1.09,3.24,3.34,2.0,1.29,1.29,1.98,2.63,3.37,2.94,2.83,2.49,4.62,3.53,1.27,1.03,2.79,4.31,3.6
25-4031,Library Technicians,base_00,3.25,2.03,4.05,3.04,3.7,2.89,1.61,2.66,4.28,4.71,2.73,1.45,1.65,1.65,1.3,1.28,1.21,1.48,1.23,3.12,1.42,1.21,4.78,4.16,3.79,2.36,3.41,3.94,4.15,1.37,1.28,4.89,1.64,2.43,1.5,1.27,1.4,3.46,2.0,2.27,1.24,1.39,2.0,3.61,3.59,2.65,3.33,2.14,4.42,3.48,1.31,1.21,2.71,4.08,3.27
25-9021,Farm and Home Management Educators,base_00,2.74,2.19,4.44,3.85,4.7,2.59,1.41,1.59,4.56,5.0,2.41,1.7,1.33,2.11,1.7,2.04,1.22,2.0,1.0,2.56,2.52,1.22,4.69,4.74,3.44,2.96,3.26,3.41,2.3,4.04,2.0,3.81,3.67,2.52,3.42,3.12,1.07,2.81,3.07,1.67,1.19,1.46,1.63,2.0,3.48,2.48,2.15,2.11,4.85,3.22,1.96,1.48,3.04,4.33,3.52
25-9031,Instructional Coordinators,base_00,3.05,1.71,4.83,4.15,3.6,2.95,1.39,1.18,4.11,5.0,1.3,1.06,1.62,1.01,1.1,1.0,1.05,1.16,1.0,2.8,1.35,1.0,4.95,4.02,3.35,2.43,3.57,3.26,2.69,1.91,1.0,4.99,1.39,2.97,1.81,1.33,1.0,3.18,3.64,1.34,1.0,1.12,1.16,2.22,3.59,2.92,1.61,2.18,4.56,3.63,1.24,1.0,3.97,4.82,3.43
25-9042,"Teaching Assistants, Preschool, Elementary, Middle, and Secondary School, Except Special Education",base_00,3.05,2.69,4.9,4.17,3.15,2.74,2.1,2.07,3.61,3.64,1.85,1.63,3.47,2.33,1.19,1.12,1.01,1.86,1.0,3.59,2.72,1.0,3.78,3.39,4.24,3.77,4.27,3.05,2.9,1.21,1.0,4.74,2.11,1.54,2.81,1.86,1.4,4.75,2.07,2.66,1.2,2.05,3.47,2.62,2.38,3.68,2.86,3.41,2.0,2.45,1.29,1.12,2.25,4.64,2.26
25-9043,"Teaching Assistants, Special Education",base_00,3.47,2.82,4.86,3.58,2.65,2.95,2.21,1.09,3.12,3.66,1.61,1.34,3.13,1.21,1.3,1.0,1.12,1.27,1.0,3.67,1.97,1.0,4.49,3.31,3.89,3.1,3.58,3.26,1.76,1.52,1.0,4.37,1.87,1.81,3.08,2.29,1.0,4.86,1.91,1.89,1.02,1.08,1.91,1.94,2.55,3.47,1.7,2.59,2.05,3.07,2.11,1.03,2.25,4.32,2.22
25-9044,"Teaching Assistants, Postsecondary",base_00,2.49,2.38,4.59,3.74,2.73,2.19,1.12,1.31,4.19,4.77,1.91,1.58,1.24,1.16,1.77,1.11,1.1,1.25,1.1,2.33,1.24,1.17,4.62,4.03,2.88,2.32,2.95,3.68,2.55,1.18,1.0,3.95,1.74,3.58,1.1,1.06,1.02,3.45,3.88,1.58,1.11,1.03,1.19,2.49,3.4,2.91,2.19,2.04,2.49,3.46,1.86,1.19,2.27,4.17,2.58
27-1011,Art Directors,base_00,2.27,1.92,4.54,3.66,2.71,2.07,1.42,1.97,4.2,4.75,1.03,1.04,1.14,1.39,1.01,1.01,1.09,1.0,1.0,2.03,1.11,1.0,5.0,4.17,3.66,1.89,3.33,4.04,3.34,1.1,1.0,4.59,1.65,3.55,1.22,1.24,2.23,2.58,1.93,1.23,1.01,1.01,1.02,3.92,4.76,1.83,3.81,1.59,4.01,4.76,1.02,1.0,3.04,4.78,2.34
27-1012,Craft Artists,base_00,1.78,1.78,2.57,1.73,3.27,2.0,1.04,1.48,4.57,4.39,2.7,1.39,1.04,1.39,1.91,2.04,1.0,2.35,1.0,2.13,1.26,1.04,3.1,4.36,2.41,2.22,2.39,3.78,3.0,1.3,1.0,3.83,1.87,3.43,1.48,1.57,1.26,1.96,2.09,1.65,1.04,1.26,1.35,3.65,3.64,2.48,4.52,1.43,3.38,2.65,2.91,1.65,2.0,1.91,2.76
27-1013,"Fine Artists, Including Painters, Sculptors, and Illustrators",base_00,1.95,2.27,3.04,2.24,2.67,1.42,1.0,1.6,4.4,3.9,2.26,1.01,1.0,1.02,1.56,2.36,1.15,1.97,1.0,2.27,1.69,1.0,3.23,4.82,3.55,1.63,2.99,4.13,2.63,1.85,1.0,4.28,1.03,2.62,1.87,1.73,1.17,1.37,1.48,2.36,1.17,1.14,1.41,3.57,3.4,3.0,4.64,1.65,3.47,3.34,3.46,1.43,1.63,2.6,2.62
27-1014,Special Effects Artists and Animators,base_00,2.16,3.13,4.06,3.58,3.62,2.11,1.0,2.04,3.69,5.0,1.16,1.05,1.0,2.15,1.16,1.06,1.18,1.04,1.0,2.6,1.25,1.02,4.6,4.27,4.32,2.27,3.67,4.42,2.78,1.6,1.0,4.49,1.13,3.81,1.61,1.29,1.99,3.12,1.97,1.05,1.02,1.02,1.04,2.97,4.56,1.72,4.27,1.44,4.09,4.45,1.2,1.02,4.12,4.49,2.01
27-1021,Commercial and Industrial Designers,base_00,2.75,2.92,4.38,3.62,4.01,2.62,1.09,1.95,3.75,5.0,2.27,1.59,1.01,2.18,1.3,3.09,1.32,1.71,1.0,3.5,1.95,1.18,4.99,3.71,4.08,2.98,4.28,4.4,3.67,2.03,1.2,4.94,2.39,3.21,1.46,1.27,1.4,2.94,2.49,1.36,1.19,1.24,1.21,2.65,4.38,2.03,2.96,2.08,4.67,4.03,3.39,1.28,3.28,4.71,2.55
27-1022,Fashion Designers,base_00,2.41,1.85,3.95,3.23,3.17,2.94,1.33,2.05,3.64,4.73,1.86,1.49,1.39,1.66,1.26,1.28,1.26,1.37,1.39,2.51,1.62,1.26,3.88,3.59,2.72,3.19,3.41,3.65,2.94,1.86,1.28,3.83,1.75,3.3,1.56,1.5,2.66,3.24,1.99,2.5,1.35,1.67,1.74,3.0,3.96,2.64,3.32,1.88,3.12,4.09,1.39,1.26,3.51,3.5,2.66
27-1023,Floral Designers,base_00,2.79,2.23,4.53,4.19,4.8,3.4,1.25,1.73,4.59,4.23,2.76,1.62,2.0,1.74,1.05,1.01,1.22,2.54,1.0,2.85,2.22,1.0,4.74,4.23,3.37,3.83,2.88,3.1,2.71,2.29,1.0,4.13,2.18,2.97,3.28,1.17,1.0,3.92,1.17,2.71,1.41,1.19,1.86,3.39,1.75,4.2,4.53,3.16,4.87,4.13,1.31,1.02,3.99,4.41,3.72
27-1024,Graphic Designers,base_00,2.45,2.0,4.25,3.42,3.05,2.32,1.25,1.67,4.1,4.9,1.11,1.05,1.06,1.16,1.05,1.05,1.05,1.16,1.05,1.6,1.05,1.05,4.26,4.1,3.26,1.75,3.25,4.39,3.58,1.4,1.11,4.32,1.42,4.32,1.37,1.35,1.37,2.79,2.65,1.22,1.05,1.11,1.1,3.74,4.79,1.89,3.58,1.47,4.47,4.65,1.11,1.05,3.11,4.44,3.16
27-1025,Interior Designers,base_00,2.92,2.29,4.52,3.78,4.0,2.62,1.04,2.04,3.92,4.96,1.46,1.16,1.17,1.61,1.29,1.32,1.5,1.17,1.0,2.6,1.61,1.17,4.75,3.88,3.75,2.96,3.44,4.16,2.88,2.8,1.0,4.43,2.12,3.88,1.79,1.92,1.12,3.46,2.68,1.57,1.28,1.21,1.58,2.36,4.08,2.75,2.4,1.78,4.88,4.16,2.25,1.08,3.38,4.46,3.83
27-1026,Merchandise Displayers and Window Trimmers,base_00,2.93,1.85,4.57,3.5,3.94,3.23,1.25,1.46,3.72,3.75,2.34,2.17,1.09,1.85,1.19,1.81,3.12,1.78,1.24,2.51,2.34,1.12,4.62,4.12,3.98,2.58,3.18,3.23,2.83,1.91,1.52,4.54,1.92,3.01,1.71,1.4,1.15,3.67,1.75,3.21,3.0,2.15,2.86,3.13,1.87,4.48,4.08,4.18,3.8,3.77,1.8,1.84,2.71,4.16,2.71
27-1027,Set and Exhibit Designers,base_00,2.81,2.33,4.05,3.48,2.76,2.33,1.38,1.71,4.19,4.86,2.67,1.9,1.1,2.29,1.86,2.67,2.52,2.0,1.0,2.9,1.48,1.24,4.58,4.24,3.0,2.62,3.48,3.95,2.33,1.86,1.24,3.9,2.29,3.9,2.0,1.9,1.05,3.1,2.95,1.81,1.76,1.48,1.76,2.29,3.67,2.62,3.67,2.14,4.26,4.19,2.7,1.81,3.05,4.67,3.11
27-2011,Actors,base_00,2.7,1.97,4.71,3.16,3.65,2.67,1.48,1.35,2.88,4.68,2.29,1.89,1.18,3.25,1.22,1.66,2.15,1.27,1.0,2.23,1.5,1.14,4.39,3.45,3.62,2.93,3.29,4.17,2.59,2.02,1.44,4.56,1.92,4.24,1.76,1.64,1.22,4.8,4.54,2.59,1.7,1.78,1.58,2.41,2.16,3.83,2.07,2.56,3.67,4.59,1.32,1.15,2.99,5.0,2.52
27-2012,Producers and Directors,base_00,3.06,2.6774999999999998,4.702500000000001,4.02,3.675,2.7575,1.1724999999999999,1.94,4.297499999999999,4.98,1.4575,1.285,1.0775000000000001,1.6424999999999998,1.2375,1.2075,1.28,1.2650000000000001,1.0075,2.7025,1.565,1.0075,4.54,4.225,4.345,2.7,4.365,4.1625,3.1225,1.9949999999999999,1.0675,4.4725,1.56,3.4975,1.8624999999999998,1.5725,1.845,3.17,2.725,1.475,1.1724999999999999,1.2850000000000001,1.33,2.685,4.04,2.2824999999999998,3.1,1.9474999999999998,4.654999999999999,4.2125,1.2025000000000001,1.06,4.07,4.5125,3.2800000000000002
27-2021,Athletes and Sports Competitors,base_00,3.1,2.51,4.32,3.38,3.33,2.98,1.73,1.63,4.03,4.03,2.4,1.62,1.23,3.27,1.35,1.51,1.22,2.32,1.21,2.98,3.43,1.42,4.75,4.14,3.67,3.54,4.21,3.76,3.68,2.76,2.13,3.19,3.03,4.44,4.2,2.66,1.59,3.37,2.54,3.23,1.33,3.12,1.5,3.92,2.32,4.07,3.75,3.28,4.11,3.87,3.41,2.16,3.38,4.47,2.65
27-2022,Coaches and Scouts,base_00,3.67,2.65,4.75,3.56,2.96,2.94,1.54,1.44,4.16,4.66,1.97,1.38,1.36,1.98,1.24,1.42,1.04,2.09,1.09,3.04,2.79,1.11,4.22,4.03,4.09,3.42,3.25,3.62,2.35,2.46,1.37,4.3,2.37,3.92,3.26,1.26,1.28,3.94,3.98,2.04,1.17,1.61,1.68,2.66,2.61,3.75,2.45,2.95,3.63,3.67,1.34,1.08,3.06,4.44,2.58
27-2023,"Umpires, Referees, and Other Sports Officials",base_00,3.19,2.19,3.9,3.05,2.9,3.14,2.05,1.43,2.86,3.76,1.9,1.24,1.48,2.2,1.2,1.35,1.1,1.71,1.0,2.58,2.65,1.05,3.95,4.52,3.29,2.62,3.33,3.95,2.62,1.3,1.1,2.14,2.67,3.48,3.45,1.8,1.32,3.85,2.43,2.29,1.05,2.19,2.1,2.48,2.1,4.0,1.52,3.43,3.43,3.05,2.33,1.19,2.63,4.0,2.24
27-2031,Dancers,base_00,3.04,2.56,4.76,3.37,3.03,3.31,2.01,1.85,3.2,2.67,2.01,2.15,1.85,2.81,1.28,1.64,1.79,2.21,1.31,3.39,1.85,1.47,4.66,3.45,3.38,2.82,3.71,4.01,3.71,1.31,1.19,4.77,1.89,4.17,1.72,1.74,1.67,4.91,2.68,4.55,1.97,4.25,2.65,4.38,2.32,4.33,2.34,3.04,1.73,2.94,1.74,1.31,2.63,4.48,1.35
27-2032,Choreographers,base_00,3.14,1.9,4.71,3.95,3.05,2.52,1.43,1.1,3.86,4.76,1.33,1.52,1.11,1.9,1.0,1.0,1.33,1.3,1.05,2.29,1.67,1.52,4.75,4.05,2.95,3.95,3.0,3.71,2.9,1.05,1.05,4.48,2.24,4.48,1.76,1.95,1.2,5.0,3.33,4.57,1.38,4.05,3.05,4.19,1.71,4.43,2.14,3.24,4.24,3.9,1.33,1.1,4.14,4.52,3.6
27-2041,Music Directors and Composers,base_00,2.7,2.06,4.17,3.81,3.92,2.42,1.29,1.35,4.55,4.58,1.89,1.11,1.63,1.32,1.08,1.04,1.1,1.15,1.0,2.62,1.3,1.0,4.34,4.7,3.64,2.38,3.81,4.47,3.35,2.02,1.0,4.37,1.55,3.55,1.5,1.29,1.15,3.28,3.84,1.64,1.01,1.27,1.12,3.37,3.44,2.89,3.3,1.73,4.21,3.92,1.24,1.02,3.55,4.2,3.61
27-2042,Musicians and Singers,base_00,2.11,2.36,4.23,3.16,2.76,2.13,1.07,1.06,2.31,3.51,1.53,1.97,1.31,2.08,1.09,1.11,1.17,1.11,1.01,3.09,1.3,1.05,3.71,3.2,3.07,1.46,2.94,4.6,3.45,1.62,1.0,3.99,1.73,3.59,1.37,1.68,1.76,4.57,1.84,1.9,1.07,1.37,1.37,3.26,4.07,2.09,4.04,1.5,2.04,3.76,1.51,1.0,2.3,4.58,2.11
27-3011,Broadcast Announcers and Radio Disc Jockeys,base_00,2.48,3.36,4.39,3.64,4.2,2.68,1.44,2.58,3.88,4.91,1.65,1.54,1.18,1.77,1.46,1.28,1.0,1.38,1.46,3.56,2.34,1.09,4.67,4.17,4.46,2.12,4.25,4.11,3.4,2.93,1.29,4.69,2.46,3.61,2.96,2.42,2.66,3.07,3.92,1.58,1.0,1.18,1.1,2.53,4.1,2.55,2.65,1.93,4.49,4.85,1.11,1.01,3.35,4.52,3.51
27-3023,"News Analysts, Reporters, and Journalists",base_00,2.8,2.62,4.63,3.17,3.71,2.98,1.43,2.04,4.32,4.83,2.07,1.76,1.38,2.5,1.15,1.33,1.31,1.33,1.27,2.78,2.28,1.1,4.49,4.56,4.36,2.02,4.0,4.54,3.04,3.17,1.43,4.43,2.41,3.89,2.66,2.17,1.7,3.39,2.78,1.4,1.21,1.15,1.34,2.91,4.15,2.17,2.65,2.08,4.53,4.89,1.3,1.14,2.92,3.88,3.3
27-3031,Public Relations Specialists,base_00,3.14,2.86,4.43,4.0,3.77,3.09,1.45,2.14,3.91,4.95,1.14,1.14,1.1,1.32,1.0,1.05,1.0,1.09,1.0,2.59,1.27,1.0,4.82,3.81,4.1,2.09,4.05,4.18,2.36,2.18,1.14,4.32,1.73,3.82,1.86,1.86,1.09,2.82,2.95,1.33,1.05,1.05,1.27,2.29,3.9,2.32,1.73,1.91,4.82,4.55,1.24,1.05,3.5,4.5,3.48
27-3041,Editors,base_00,2.9,2.43,4.55,4.24,3.71,3.17,1.14,1.77,4.21,4.89,1.32,1.17,1.0,1.15,1.0,1.0,1.09,1.03,1.0,2.96,1.73,1.0,4.81,4.07,4.33,1.96,4.15,4.44,4.05,1.88,1.0,4.9,1.05,3.26,1.63,1.3,1.05,3.14,2.44,1.2,1.09,1.17,1.17,3.38,4.4,1.88,2.87,1.55,4.53,4.57,1.0,1.0,3.36,4.58,3.4
27-3042,Technical Writers,base_00,2.75,2.37,4.13,3.3,3.19,2.2,1.08,2.07,3.51,4.74,1.03,1.02,1.0,1.13,1.02,1.02,1.09,1.04,1.0,3.09,1.18,1.0,4.39,4.4,3.58,1.73,3.43,4.55,4.52,1.98,1.23,4.17,1.66,3.02,1.15,1.15,1.23,2.68,2.16,1.14,1.0,1.0,1.08,4.01,4.55,1.68,3.51,1.28,4.15,4.23,1.02,1.0,2.58,4.58,3.46
27-3043,Writers and Authors,base_00,2.525,1.71,3.7800000000000002,2.895,2.89,2.3449999999999998,1.0899999999999999,1.32,4.14,4.725,1.53,1.475,1.025,1.525,1.0,1.0,1.0,1.025,1.0,2.65,1.105,1.025,3.6950000000000003,4.1,3.2,1.3250000000000002,3.325,3.91,3.45,1.9449999999999998,1.025,2.8200000000000003,1.71,4.390000000000001,1.71,1.18,1.0550000000000002,2.2800000000000002,2.4699999999999998,1.1099999999999999,1.0,1.0550000000000002,1.03,2.775,4.515,1.87,2.855,1.49,3.985,3.9400000000000004,1.0,1.0,2.645,2.83,3.635
27-3091,Interpreters and Translators,base_00,2.92,3.56,4.56,3.15,2.9,3.18,1.81,1.8,3.42,4.52,2.04,1.53,2.85,1.5,1.34,1.03,1.03,1.15,1.53,2.77,1.22,1.0,4.64,4.06,4.52,1.91,4.14,4.9,4.46,1.51,1.0,4.11,1.31,3.89,1.92,1.36,1.59,3.53,2.75,1.42,1.0,1.16,1.13,2.62,3.61,2.72,1.55,2.64,3.64,4.02,1.88,1.67,3.28,4.71,2.75
27-3092,Court Reporters and Simultaneous Captioners,base_00,2.57,2.29,4.81,3.01,4.28,3.47,2.38,2.35,4.4,4.63,1.49,1.36,1.34,1.2,1.03,1.03,1.04,1.15,1.13,2.42,1.0,1.0,4.8,4.2,3.42,1.87,3.31,4.96,3.85,1.27,1.0,4.82,1.04,2.85,1.0,1.0,1.83,3.5,2.46,1.44,1.04,1.07,1.04,3.72,4.79,1.72,4.13,1.22,4.39,4.43,1.0,1.06,2.12,4.47,3.74
27-4011,Audio and Video Technicians,base_00,2.8,2.25,3.86,4.69,3.78,2.85,1.11,1.68,3.93,4.56,2.53,1.93,1.18,1.63,2.2,1.7,1.67,1.59,1.04,2.17,1.41,1.07,4.85,4.45,3.62,3.09,3.96,4.57,4.1,1.51,1.37,4.82,1.79,2.72,1.43,1.38,2.45,3.41,2.3,1.91,1.78,1.62,2.21,3.12,3.7,2.45,4.44,2.02,4.34,3.88,1.76,1.46,4.05,4.61,2.15
27-4012,Broadcast Technicians,base_00,2.37,3.17,4.2,2.82,3.01,2.57,1.1,2.69,3.87,4.97,1.75,2.29,1.11,1.86,1.76,2.0,2.17,1.82,1.65,3.32,1.82,1.07,4.79,3.84,3.92,2.65,4.15,4.15,3.07,2.56,1.21,4.95,2.02,2.71,2.43,1.98,2.24,3.05,1.98,1.78,1.57,1.44,1.77,2.21,4.09,2.43,3.5,2.02,4.56,3.92,1.94,1.17,3.68,4.53,3.2
27-4014,Sound Engineering Technicians,base_00,2.83,2.62,4.08,3.52,2.48,2.74,1.42,2.0,3.72,4.88,1.67,1.76,1.46,2.32,1.33,1.12,1.28,1.21,1.0,3.44,1.62,1.26,4.43,4.24,3.29,2.4,3.56,4.6,3.25,1.71,1.21,4.74,2.08,4.48,1.96,2.08,1.52,3.62,1.88,1.58,1.36,1.26,1.64,3.56,4.28,2.21,4.4,1.62,4.24,4.2,1.92,1.12,3.41,4.0,2.67
27-4021,Photographers,base_00,2.5,2.27,4.45,3.32,4.32,2.41,1.27,1.86,4.09,4.95,1.43,1.81,1.32,2.55,1.27,1.32,1.55,1.73,1.05,2.09,2.45,1.14,4.43,4.14,3.5,2.91,3.27,3.82,3.05,2.14,1.36,3.82,2.77,4.24,3.27,2.73,1.45,3.9,1.95,2.45,1.82,2.0,2.45,3.05,3.29,2.95,3.91,2.27,4.86,3.91,1.41,1.32,3.32,3.36,3.36
27-4031,"Camera Operators, Television, Video, and Film",base_00,2.97,3.44,4.7,3.68,3.54,2.91,1.37,1.8,3.61,4.75,1.94,2.39,1.17,3.39,1.59,2.13,1.59,1.66,1.2,3.44,2.9,1.2,4.95,3.45,3.34,2.81,3.58,4.37,3.54,3.09,1.78,4.18,2.64,2.99,3.1,2.23,2.03,3.72,1.74,2.09,1.3,1.91,1.79,3.32,2.91,3.1,4.5,2.36,3.81,3.91,1.72,1.07,3.34,4.59,2.88
27-4032,Film and Video Editors,base_00,2.68,2.57,4.1,3.36,3.0,2.51,1.14,2.09,3.41,5.0,1.52,1.35,1.08,1.27,1.03,1.2,1.2,1.09,1.01,2.89,1.44,1.04,4.87,4.06,2.74,1.67,2.78,4.43,2.76,2.21,1.18,4.98,1.76,3.58,2.07,1.69,1.19,3.16,2.2,1.5,1.26,1.17,1.57,2.24,4.56,1.84,2.91,1.7,4.46,4.7,1.22,1.05,2.73,4.5,3.1
29-1011,Chiropractors,base_00,2.99,3.66,5.0,3.37,3.6,2.7,1.1,2.07,4.96,4.27,1.37,1.04,3.13,1.07,1.35,1.37,1.0,1.04,2.41,1.21,1.07,1.07,4.98,4.96,4.55,3.5,4.58,4.73,4.26,1.28,1.0,4.94,1.14,3.2,1.09,1.07,1.13,4.84,1.97,3.43,1.0,1.34,1.65,3.7,2.51,3.55,4.25,2.09,4.82,3.58,1.09,1.07,3.91,3.97,4.07
29-1021,"Dentists, General",base_00,3.53,4.21,4.75,4.26,4.48,3.43,1.56,2.03,4.81,4.03,3.89,3.36,4.78,1.79,2.57,2.41,1.04,2.77,4.4,3.83,1.25,1.12,5.0,4.67,4.89,4.6,4.84,4.81,4.26,1.07,1.07,4.75,1.83,3.83,1.07,1.05,1.78,4.97,1.92,3.65,1.04,1.74,1.3,4.61,4.26,2.3,4.67,1.8,4.61,3.78,4.65,3.08,4.77,4.87,3.68
29-1022,Oral and Maxillofacial Surgeons,base_00,3.51,4.1,4.84,4.65,4.44,3.42,1.66,1.72,4.6,4.09,3.22,2.28,4.97,1.63,2.3,2.79,1.0,1.94,3.01,2.52,1.0,1.32,4.94,4.93,4.8,4.85,4.94,4.83,3.29,1.0,1.0,4.75,1.41,4.05,1.0,1.0,1.26,4.96,2.66,3.27,1.0,1.75,1.23,3.4,1.92,4.26,4.27,2.16,4.94,3.58,4.94,2.25,4.76,4.75,4.67
29-1023,Orthodontists,base_00,2.97,2.71,4.96,4.79,4.65,3.07,1.31,2.11,4.67,4.35,2.15,1.11,4.13,1.16,1.68,1.03,1.0,1.55,3.51,2.5,1.07,1.0,5.0,4.81,4.62,4.71,4.65,4.83,3.68,1.0,1.0,4.7,1.05,4.18,1.02,1.17,2.17,4.84,2.25,3.0,1.0,1.07,1.19,3.39,3.46,2.64,4.57,2.11,4.25,4.34,5.0,2.1,4.86,4.99,4.27
29-1024,Prosthodontists,base_00,3.2,3.72,4.84,4.67,3.98,3.26,1.45,1.74,4.95,4.64,3.17,2.11,4.3,1.77,2.96,2.66,1.0,2.26,2.92,3.18,1.68,1.0,4.95,4.95,4.55,4.82,4.56,4.95,3.96,1.08,1.0,4.66,1.0,3.66,1.0,1.0,1.41,4.96,1.68,4.19,1.0,1.74,1.27,4.22,4.09,2.44,4.48,2.01,4.47,3.85,4.91,2.32,4.92,4.7,4.36
29-1031,Dietitians and Nutritionists,base_00,2.57,2.34,4.59,3.2,3.7,3.13,1.73,1.72,4.2,4.9,1.73,1.2,3.6,1.1,1.27,1.33,1.0,1.47,1.24,2.62,1.1,1.0,4.89,4.55,3.31,3.3,3.03,4.0,2.5,1.66,1.03,4.6,1.33,3.23,1.17,1.25,1.1,3.45,2.76,1.25,1.0,1.07,1.3,1.72,3.63,2.43,1.48,2.03,4.63,3.83,1.93,1.55,2.93,3.87,3.7
29-1041,Optometrists,base_00,3.43,3.2,4.76,3.79,4.43,3.45,1.67,2.3,4.38,4.9,1.3,1.75,4.0,1.71,1.1,1.0,1.0,1.5,1.0,1.52,1.0,1.0,5.0,4.71,4.55,3.85,4.33,4.76,3.95,1.05,1.0,5.0,1.1,3.55,1.0,1.14,1.35,4.6,2.05,1.84,1.0,1.4,1.52,3.65,3.71,2.5,4.35,2.0,4.2,4.05,2.55,1.1,3.58,4.32,4.45
29-1051,Pharmacists,base_00,3.52,4.83,4.91,4.12,4.68,3.7,1.61,2.64,3.91,4.64,1.84,1.19,4.44,1.03,1.69,1.1,1.1,1.45,1.0,2.27,1.0,1.0,4.99,4.59,4.78,3.7,4.7,4.99,4.49,1.01,1.0,5.0,1.02,3.68,1.03,1.03,1.53,4.16,1.28,2.11,1.15,1.13,1.42,4.05,1.78,4.36,3.08,2.5,5.0,4.67,2.59,1.23,4.52,4.98,3.07
29-1071,Physician Assistants,base_00,3.51,4.16,4.595,4.18,4.1450000000000005,3.505,2.34,1.53,4.380000000000001,4.18,3.35,2.245,4.8,2.18,2.5300000000000002,1.855,1.0,2.495,3.29,2.855,1.68,1.15,4.85,4.4350000000000005,4.06,4.15,4.11,4.82,3.5250000000000004,1.1,1.04,4.745,1.255,3.6900000000000004,1.19,1.12,1.705,4.529999999999999,2.29,2.255,1.0150000000000001,1.69,2.0,2.84,2.575,3.615,3.615,3.075,4.605,4.074999999999999,4.515000000000001,3.46,3.685,4.630000000000001,3.43
29-1081,Podiatrists,base_00,3.55,3.68,4.84,4.13,3.86,3.71,1.92,1.82,4.99,4.62,2.84,1.96,4.69,1.53,2.15,2.03,1.0,2.65,3.3,1.83,1.43,1.0,4.99,5.0,4.73,4.22,4.68,4.77,3.45,1.83,1.0,3.77,1.63,4.02,1.1,1.01,1.02,4.55,2.28,2.45,1.1,1.34,2.01,2.88,3.38,3.18,4.2,2.29,4.55,4.38,3.27,2.44,4.53,4.42,4.49
29-1122,Occupational Therapists,base_00,2.4299999999999997,2.95,4.5600000000000005,3.25,3.645,2.68,1.8649999999999998,1.22,4.6,4.735,2.105,1.69,3.09,2.225,1.0,1.835,1.1099999999999999,1.71,1.1099999999999999,2.79,2.205,1.0,4.805,4.57,4.005,3.365,3.8549999999999995,3.425,2.3600000000000003,3.135,1.0,4.1,2.19,2.66,2.91,1.9249999999999998,1.0,4.4399999999999995,2.245,2.335,1.045,1.78,2.1,2.025,2.5599999999999996,3.26,3.0250000000000004,2.95,4.245,3.455,1.77,1.21,2.5149999999999997,4.03,3.58
29-1123,Physical Therapists,base_00,3.2,3.75,4.94,4.29,4.63,3.75,2.0,1.31,4.41,3.82,1.8,1.77,3.68,1.17,1.29,1.1,1.03,1.86,1.06,2.25,1.16,1.01,4.78,4.75,4.59,4.12,4.51,3.69,3.75,1.57,1.0,4.88,1.16,2.57,1.34,1.11,1.15,4.92,2.16,3.08,1.0,2.01,2.22,3.04,2.34,3.8,3.44,2.74,4.48,4.24,3.01,1.57,4.12,4.54,3.72
29-1124,Radiation Therapists,base_00,3.43,4.53,4.97,3.71,3.38,3.72,1.99,2.92,3.85,4.72,2.81,2.72,4.78,1.67,2.48,2.69,1.01,1.83,3.25,2.54,1.19,1.12,4.72,4.14,4.17,3.83,4.3,4.86,4.68,1.04,1.22,4.57,1.06,3.92,1.05,1.05,3.8,4.92,1.75,3.38,1.03,2.0,2.17,4.01,2.27,3.89,4.42,3.97,4.71,4.46,3.21,2.7,3.73,4.39,3.34
29-1125,Recreational Therapists,base_00,3.45,2.47,4.82,4.0,3.95,3.51,2.59,1.61,4.32,4.79,1.92,1.65,3.95,1.63,1.27,1.41,1.28,1.97,1.05,2.84,1.76,1.03,4.95,4.26,3.21,3.87,3.16,3.05,2.63,2.92,1.24,4.47,2.26,2.55,2.84,2.51,1.24,4.37,3.5,2.34,1.24,1.78,1.92,2.34,2.51,3.23,2.79,2.92,4.22,3.68,2.16,1.45,3.0,4.65,3.46
29-1126,Respiratory Therapists,base_00,3.4,4.52,4.85,3.95,4.24,3.5,2.46,2.38,3.96,4.14,3.74,3.23,4.9,2.07,2.8,1.43,1.03,1.62,3.21,2.86,1.04,1.02,4.91,3.89,4.66,3.79,4.4,4.64,3.63,1.09,1.0,4.79,1.23,2.92,1.05,1.01,1.96,4.73,1.93,2.96,1.04,1.62,1.83,2.81,2.11,3.99,4.04,3.99,4.93,4.09,4.28,3.1,3.07,4.55,3.07
29-1127,Speech-Language Pathologists,base_00,2.78,3.18,4.99,3.65,3.8,2.65,1.83,1.57,4.62,4.18,2.2,1.36,3.47,1.0,1.1,1.0,1.0,1.11,1.28,3.34,1.59,1.0,5.0,4.61,4.25,2.98,4.01,3.95,2.63,1.0,1.0,4.19,1.54,2.67,1.37,1.0,1.46,4.78,2.06,1.6,1.0,1.13,1.56,1.91,3.88,2.69,2.81,2.44,3.79,4.59,2.73,1.34,2.61,4.89,3.38
29-1128,Exercise Physiologists,base_00,2.68,2.86,4.82,3.32,4.05,3.18,1.64,1.64,4.23,4.64,1.64,1.64,3.32,1.77,1.23,1.14,1.05,1.36,1.55,2.59,1.59,1.0,4.95,4.25,3.55,3.36,3.36,3.86,2.95,1.18,1.05,4.95,1.77,3.27,2.0,1.73,1.41,4.14,2.82,2.59,1.0,2.0,2.09,2.59,2.55,3.59,2.45,2.73,4.59,3.14,2.0,1.18,2.82,4.45,3.41
29-1129,Art Therapists,first_detail,3.23,2.56,4.640000000000001,3.285,3.325,3.755,3.1399999999999997,1.255,4.415,4.65,1.91,1.77,3.4050000000000002,1.545,1.17,1.125,1.02,1.6099999999999999,1.0750000000000002,2.865,1.29,1.0,4.875,4.5,3.475,2.855,3.395,2.935,2.52,1.685,1.0,4.62,1.665,2.7800000000000002,1.465,1.5899999999999999,1.13,4.225,2.54,1.945,1.065,1.3599999999999999,1.965,2.69,3.605,2.575,3.675,2.02,4.145,3.55,1.78,1.28,2.16,4.26,3.535
29-1131,Veterinarians,base_00,3.59,4.09,4.86,4.54,4.65,3.61,1.49,1.79,4.29,4.5,4.06,2.92,4.21,1.71,3.15,1.84,1.09,4.09,3.98,3.84,1.49,1.1,5.0,4.76,4.78,4.2,4.55,4.55,3.17,1.6,1.37,4.92,1.5,3.27,1.55,1.56,1.64,4.43,2.29,3.02,1.1,1.94,2.89,2.96,2.3,3.96,4.04,2.73,4.97,4.21,3.7,3.61,4.09,4.82,3.89
29-1141,Registered Nurses,base_00,3.7840000000000003,4.1339999999999995,4.654,4.1240000000000006,3.968,4.004,2.93,1.798,4.116,4.524,2.906,2.478,4.432,1.9560000000000002,2.178,1.364,1.084,1.5779999999999998,2.096,3.566,1.404,1.068,4.95,4.232,4.134,3.896,4.228,4.554,3.412,1.402,1.03,4.624,1.3519999999999999,3.066,1.158,1.212,1.512,4.046,2.552,2.496,1.058,1.752,1.732,2.742,3.0,3.1559999999999997,3.0740000000000003,2.952,4.894,4.118,3.896,2.494,3.5379999999999994,4.612,3.162
29-1151,Nurse Anesthetists,base_00,3.78,4.77,4.67,4.36,4.04,3.85,2.33,2.23,4.44,4.04,4.69,3.22,4.85,2.96,2.72,1.96,1.0,1.62,3.89,4.33,1.23,1.08,5.0,4.7,4.19,4.48,4.44,4.81,4.15,1.22,1.12,5.0,1.48,4.5,1.19,1.11,1.85,4.54,2.37,2.42,1.0,1.36,1.93,3.07,3.11,3.2,4.11,2.4,4.31,4.11,4.85,4.04,3.5,4.85,2.88
29-1161,Nurse Midwives,base_00,3.73,4.69,4.91,4.19,4.48,3.53,2.03,1.62,4.12,4.85,3.5,3.03,4.56,2.21,1.97,1.12,1.0,1.39,1.3,3.61,1.19,1.0,5.0,4.67,4.75,4.0,4.52,4.48,3.09,1.06,1.0,4.72,1.18,2.94,1.06,1.03,1.09,4.94,2.06,2.59,1.03,1.53,2.03,2.52,2.88,3.16,3.61,2.41,4.81,3.82,4.71,2.33,3.38,4.59,3.72
29-1171,Nurse Practitioners,base_00,3.3,4.39,4.74,4.09,4.26,3.52,2.83,2.04,4.3,4.96,2.74,2.29,4.78,1.74,2.17,1.65,1.09,2.22,2.04,3.17,1.35,1.09,5.0,4.7,4.57,3.91,4.35,4.57,3.48,1.74,1.14,4.43,1.52,3.3,1.3,1.35,1.18,4.35,2.22,2.48,1.13,1.48,1.65,2.73,2.83,3.13,3.3,2.74,5.0,4.09,4.35,2.22,3.52,4.75,3.73
29-1181,Audiologists,base_00,2.95,2.59,4.73,3.45,4.64,3.35,1.38,2.14,4.18,4.95,1.67,1.55,3.9,1.23,1.0,1.14,1.0,1.14,1.0,1.55,1.0,1.0,4.95,4.59,4.45,3.43,4.14,4.64,2.41,1.62,1.0,4.6,1.25,3.32,1.0,1.05,1.23,4.5,2.59,1.67,1.0,1.27,1.77,2.29,3.82,2.43,3.67,1.73,4.9,3.55,1.9,1.18,3.05,4.25,4.4
29-1211,Anesthesiologists,base_00,3.21,4.53,4.8,4.28,3.7,3.03,2.04,2.35,4.45,4.39,4.24,2.91,4.58,2.61,2.8,2.23,1.14,2.14,3.87,3.13,1.48,1.0,4.93,4.73,4.71,4.22,4.73,4.85,3.78,1.1,1.01,4.91,1.2,3.81,1.01,1.01,1.99,4.74,2.51,2.06,1.01,1.21,1.56,2.26,3.16,3.21,3.83,2.15,4.61,4.0,4.66,4.04,3.85,4.65,3.42
29-1213,Dermatologists,base_00,2.89,4.19,4.88,4.31,4.79,3.49,1.22,1.69,4.76,4.7,2.06,1.79,4.63,1.49,2.14,1.85,1.0,2.07,1.08,2.14,1.0,1.0,4.97,4.99,4.48,4.64,4.3,4.72,2.47,1.07,1.0,4.25,1.08,3.69,1.0,1.07,1.04,4.47,2.34,2.15,1.0,1.56,1.55,2.39,2.44,4.08,3.48,2.24,4.59,3.81,4.78,1.59,4.2,4.5,4.34
29-1214,Emergency Medicine Physicians,base_00,4.5,4.93,4.97,4.43,4.73,4.77,4.13,1.7,4.2,4.69,3.2,2.53,5.0,2.11,2.03,1.9,1.0,2.27,3.0,4.47,1.1,1.07,4.93,4.93,4.6,4.28,4.73,4.9,3.6,1.13,1.03,5.0,1.2,4.37,1.2,1.28,1.2,4.8,2.47,2.03,1.0,1.53,1.63,2.67,2.93,3.2,3.3,2.67,4.93,4.2,4.67,3.13,3.9,4.83,3.0
29-1215,Family Medicine Physicians,base_00,3.57,4.97,5.0,4.29,4.6,3.64,1.67,2.33,4.47,3.98,1.71,1.01,4.78,1.0,1.96,1.04,1.0,2.3,1.18,1.21,1.0,1.0,5.0,4.98,5.0,3.71,4.99,4.76,2.77,1.01,1.0,4.93,1.0,2.16,1.0,1.0,1.04,4.97,1.26,1.51,1.0,1.02,1.18,1.5,3.05,2.92,3.84,1.99,4.66,4.72,3.43,1.4,4.23,4.98,4.06
29-1216,General Internal Medicine Physicians,base_00,2.76,4.32,4.59,3.72,4.07,3.3,2.29,2.22,4.42,4.67,2.74,1.58,5.0,1.75,1.29,1.27,1.0,2.17,2.35,2.35,1.21,1.0,4.58,4.84,4.39,4.04,4.18,4.42,3.64,1.76,1.0,4.97,1.14,2.71,1.0,1.0,1.68,4.73,2.16,2.0,1.14,1.26,1.42,2.36,2.92,3.14,3.95,2.23,4.59,4.08,3.52,1.72,3.58,3.96,3.61
29-1217,Neurologists,base_00,3.02,4.56,4.91,4.2,4.24,3.33,1.72,1.7,4.85,4.73,1.4,1.23,4.09,1.02,1.07,1.1,1.0,1.34,1.19,1.9,1.08,1.02,5.0,4.92,4.78,3.97,4.86,4.98,3.1,1.21,1.0,4.31,1.05,3.65,1.08,1.0,1.36,4.17,2.34,1.75,1.0,1.12,1.29,1.94,3.5,2.69,2.08,2.01,4.82,4.27,2.75,1.54,4.04,4.57,4.49
29-1218,Obstetricians and Gynecologists,base_00,3.27,3.85,4.98,4.62,4.44,3.09,2.09,1.96,4.73,4.7,1.88,1.97,4.62,1.18,1.74,1.37,1.0,2.31,1.91,1.45,1.1,1.0,5.0,4.82,4.65,3.86,4.8,4.79,3.02,1.0,1.0,5.0,1.02,2.95,1.0,1.0,1.4,4.34,2.35,1.83,1.03,1.76,1.28,2.34,2.6,3.52,3.75,2.84,4.93,3.92,4.79,2.17,4.46,4.84,3.54
29-1221,"Pediatricians, General",base_00,3.18,3.64,4.95,4.39,3.75,3.76,1.67,1.56,4.57,4.03,2.99,1.5,4.99,1.04,1.75,1.63,1.0,2.17,1.4,3.21,1.0,1.0,4.56,4.85,4.67,3.84,4.65,4.68,2.68,1.0,1.0,4.32,1.0,3.23,1.0,1.0,1.02,4.48,2.41,2.22,1.0,1.34,1.68,2.58,2.75,3.74,3.58,2.62,4.62,3.14,4.0,1.38,4.11,4.92,3.5
29-1222,"Physicians, Pathologists",base_00,2.71,4.42,4.1,3.72,2.35,2.5,1.14,2.23,4.36,4.92,3.03,1.35,3.8,1.47,3.02,2.16,1.06,2.31,1.38,2.71,1.22,1.01,4.98,4.61,4.61,2.69,4.76,4.87,4.1,1.35,1.01,4.58,1.01,3.99,1.01,1.01,2.27,2.31,2.58,1.47,1.03,1.04,1.07,3.88,4.56,2.1,4.26,2.02,4.78,4.9,3.53,1.9,3.32,4.34,3.61
29-1223,Psychiatrists,base_00,3.89,3.9,4.47,4.31,3.8,4.28,3.48,1.64,4.4,4.83,1.81,1.22,3.81,1.11,1.05,1.03,1.0,1.17,1.05,2.72,1.02,1.03,4.92,4.87,4.42,3.0,4.17,3.9,2.41,1.08,1.0,4.99,1.04,3.09,1.04,1.02,1.07,3.67,2.04,1.27,1.0,1.01,1.12,1.92,4.08,2.07,1.3,1.72,4.91,4.05,1.51,1.09,3.24,4.81,4.4
29-1224,Radiologists,base_00,2.84,3.85,4.04,4.25,4.48,3.29,1.51,2.26,4.32,4.15,1.14,1.3,4.26,1.01,1.36,1.05,1.0,1.03,4.14,1.66,1.0,1.0,4.6,4.49,4.57,3.6,4.33,4.89,4.43,1.0,1.0,4.52,1.04,3.75,1.0,1.0,1.19,3.59,1.73,1.33,1.0,1.2,1.2,4.21,3.52,2.83,4.28,1.99,4.94,4.43,3.71,4.14,3.82,4.45,3.35
29-1229,Allergists and Immunologists,first_detail,3.525,4.18,4.788333333333333,4.198333333333333,4.196666666666666,3.5283333333333338,1.985,1.8266666666666669,4.5616666666666665,4.786666666666666,2.1233333333333335,1.78,4.361666666666667,1.4383333333333335,1.5966666666666667,1.5,1.08,1.866666666666667,2.19,2.285,1.2466666666666668,1.035,4.886666666666667,4.81,4.591666666666667,3.965,4.566666666666666,4.706666666666667,3.1766666666666663,1.4033333333333333,1.11,4.705,1.53,3.5416666666666665,1.4166666666666667,1.235,1.4633333333333336,4.375,2.486666666666667,1.9649999999999999,1.0516666666666667,1.2833333333333334,1.4799999999999998,2.155,3.043333333333333,3.098333333333333,3.1016666666666666,2.24,4.803333333333334,4.183333333333334,3.4233333333333333,2.3733333333333335,4.205,4.631666666666667,4.046666666666667
29-1241,"Ophthalmologists, Except Pediatric",base_00,3.52,4.91,4.99,4.45,4.7,3.42,1.46,1.27,4.55,4.97,1.78,2.88,4.86,1.83,2.41,1.05,1.0,1.21,1.4,1.39,1.0,1.0,5.0,5.0,4.99,3.67,4.94,4.92,4.13,1.0,1.0,4.92,1.0,4.42,1.0,1.0,1.0,4.92,1.65,2.56,1.0,1.61,1.27,3.7,4.12,3.17,4.64,2.57,4.54,4.61,3.6,1.89,4.13,4.24,4.81
29-1291,Acupuncturists,base_00,2.31,3.29,4.59,2.21,3.83,2.64,1.59,1.18,4.7,4.66,1.71,1.93,4.21,1.21,1.11,1.14,1.14,1.64,1.04,1.66,1.14,1.0,4.67,4.79,3.86,3.61,3.55,4.0,3.04,1.0,1.0,4.57,1.28,3.14,1.07,1.14,1.04,4.89,2.17,2.67,1.14,1.59,1.79,3.21,2.39,3.78,4.46,2.32,4.41,3.03,2.54,1.21,2.18,2.78,3.11
29-1292,Dental Hygienists,base_00,2.06,3.34,4.97,2.95,3.89,3.25,1.29,1.71,4.1,2.68,3.17,2.11,4.97,1.67,2.13,1.16,1.0,1.74,4.09,2.73,1.35,1.0,4.97,3.98,4.35,3.1,4.33,4.39,4.3,1.0,1.0,5.0,1.21,2.98,1.0,1.0,1.41,4.54,1.06,4.01,1.0,1.86,1.37,5.0,4.09,2.24,5.0,1.96,3.39,3.74,5.0,2.04,2.2,3.97,1.54
29-1299,Naturopathic Physicians,first_detail,2.92,3.185,4.71,3.43,4.225,3.1399999999999997,1.67,1.56,4.24,4.765000000000001,1.6099999999999999,1.3399999999999999,4.29,1.3599999999999999,1.2200000000000002,1.175,1.04,1.44,1.1400000000000001,2.375,1.1150000000000002,1.0,4.98,4.41,4.24,3.205,3.995,4.485,3.005,1.27,1.075,4.5600000000000005,1.04,2.71,1.04,1.02,1.0950000000000002,4.17,2.0549999999999997,2.07,1.02,1.18,1.665,2.615,3.7,2.355,3.505,2.045,4.67,3.7199999999999998,2.365,1.0899999999999999,2.92,3.955,3.9850000000000003
29-2011,Medical and Clinical Laboratory Technologists,base_00,2.5374999999999996,4.135,3.785,3.0175,2.6225,2.4625,1.1575,2.8225,3.66,4.7275,3.42,1.625,4.045,1.6,3.8899999999999997,1.75,1.0125,1.6675,1.2850000000000001,2.54,1.1825,1.0775000000000001,4.615,4.025,4.2075,3.4675,3.9825,4.7625,4.51,1.0825,1.025,4.9025,1.05,2.5375,1.0125,1.0125,2.275,3.455,1.5925,1.9975,1.05,1.2225000000000001,1.3900000000000001,4.29,3.835,2.4450000000000003,4.355,2.0975,4.34,4.45,4.6675,1.9175,3.0175,3.955,2.7725
29-2012,Medical and Clinical Laboratory Technicians,base_00,2.715,4.04,4.15,3.245,2.48,2.85,1.27,3.08,3.615,4.295,4.125,2.175,3.8150000000000004,1.3900000000000001,4.12,2.865,1.02,2.34,1.545,2.74,1.615,1.0899999999999999,4.725,3.76,3.375,3.67,3.38,4.890000000000001,4.33,1.06,1.0,4.79,1.175,2.26,1.105,1.08,2.89,3.485,1.5150000000000001,2.185,1.04,1.365,1.445,4.325,3.5149999999999997,2.86,4.195,2.35,4.335,4.12,4.83,1.83,2.875,4.145,2.9699999999999998
29-2031,Cardiovascular Technologists and Technicians,base_00,3.38,3.77,4.94,3.62,4.23,3.73,1.92,2.07,4.07,3.98,2.5,2.73,3.95,1.86,1.64,1.43,1.0,1.33,3.57,2.26,1.0,1.0,4.74,3.9,4.32,3.58,4.28,4.68,4.11,1.08,1.0,4.58,1.0,2.72,1.0,1.0,2.68,4.88,1.5,3.53,1.0,1.73,1.5,4.03,3.24,3.08,4.4,2.95,4.37,4.3,4.2,2.78,3.29,4.64,2.93
29-2032,Diagnostic Medical Sonographers,base_00,2.95,3.5,4.85,3.42,4.23,3.61,1.83,2.02,3.79,3.39,2.63,2.85,4.46,1.6,1.52,1.08,1.0,1.28,2.3,1.9,1.14,1.26,4.31,4.18,4.28,3.2,4.04,4.87,4.66,1.14,1.0,4.71,1.17,2.99,1.05,1.0,1.74,4.81,1.37,3.53,1.01,1.56,1.69,4.72,3.36,3.04,4.8,2.83,4.49,4.02,3.99,1.85,2.7,4.43,2.69
29-2033,Nuclear Medicine Technologists,base_00,3.22,4.41,4.83,3.9,4.65,3.68,2.17,2.49,4.3,4.07,2.74,2.12,4.7,1.66,2.24,1.36,1.01,1.31,5.0,2.16,1.11,1.01,4.65,4.45,4.47,3.56,4.24,4.66,3.48,1.08,1.0,4.36,1.02,3.83,1.02,1.1,3.23,4.42,1.52,2.41,1.0,1.44,1.63,2.53,2.69,3.16,3.94,2.9,4.8,4.1,3.75,3.65,3.29,4.37,3.16
29-2034,Radiologic Technologists and Technicians,base_00,3.13,3.4,4.97,3.73,4.55,3.97,2.66,2.39,3.87,4.42,2.97,2.39,4.88,2.01,2.37,1.13,1.0,1.3,4.4,2.96,1.13,1.12,4.5,4.01,4.78,4.0,4.32,4.67,3.89,1.18,1.0,4.5,1.02,3.22,1.05,1.05,2.13,4.72,1.94,3.42,1.02,1.58,1.97,3.69,2.59,3.63,4.46,3.64,4.83,3.66,3.78,4.17,3.3,4.65,3.08
29-2035,Magnetic Resonance Imaging Technologists,base_00,3.09,4.0,4.61,3.26,3.48,4.0,2.26,2.59,4.04,4.52,1.64,1.57,4.09,1.52,1.91,2.52,1.26,1.68,1.35,4.26,1.09,1.78,4.61,4.3,3.61,4.65,3.65,4.83,4.0,1.43,1.17,4.74,1.39,3.17,1.26,1.35,3.73,3.91,2.13,2.57,1.04,1.74,1.96,3.36,3.74,2.57,3.57,2.65,4.65,3.91,3.91,1.74,3.43,3.87,3.04
29-2036,Medical Dosimetrists,base_00,2.6,4.5,3.9,3.47,2.45,1.95,1.2,2.65,4.2,4.8,1.5,1.05,2.58,1.0,1.42,1.25,1.05,1.0,2.5,1.9,1.0,1.0,4.8,3.9,4.05,3.15,4.15,4.85,4.21,1.05,1.0,4.75,1.05,3.4,1.0,1.0,2.45,2.6,1.65,1.35,1.0,1.05,1.0,3.85,4.79,1.8,4.0,1.45,4.8,5.0,1.65,1.75,3.15,4.1,2.4
29-2051,Dietetic Technicians,base_00,3.74,3.0,4.78,4.39,4.1,3.57,1.62,2.75,4.19,3.22,3.1,2.46,4.43,2.49,2.4,1.58,1.58,3.15,1.0,4.05,3.08,1.08,4.64,4.15,3.8,4.54,3.59,4.45,3.37,1.31,1.06,4.73,1.63,3.42,1.17,1.24,1.41,4.08,2.51,3.05,1.0,2.41,2.61,3.19,2.5,3.85,2.93,3.65,3.79,4.31,3.85,1.24,4.15,4.72,2.95
29-2052,Pharmacy Technicians,base_00,3.63,4.01,4.84,3.79,3.75,4.3,1.68,2.44,3.51,4.66,3.06,1.73,3.39,1.33,1.83,1.38,1.1,1.7,1.01,3.05,1.25,1.0,4.56,3.28,3.86,3.4,3.99,4.98,4.39,1.47,1.0,4.93,1.11,2.95,1.05,1.06,2.29,4.07,1.68,2.68,1.26,1.36,2.03,4.06,1.86,4.54,3.67,3.83,5.0,4.26,2.52,1.78,3.39,4.45,2.89
29-2053,Psychiatric Technicians,base_00,4.17,2.77,4.68,4.25,1.96,4.47,3.51,2.16,3.83,4.12,2.48,1.5,3.5,1.98,1.15,1.0,1.0,1.95,1.0,3.59,1.39,1.0,4.88,3.76,3.48,3.54,2.38,3.54,2.95,2.27,1.02,3.96,1.57,2.48,2.52,1.88,1.2,4.62,2.35,1.91,1.17,1.68,1.7,2.32,2.98,3.62,2.56,2.89,4.67,3.46,3.01,1.24,3.06,4.42,3.78
29-2055,Surgical Technologists,base_00,2.99,4.26,4.67,3.97,4.05,3.13,1.52,1.89,4.1,3.1,4.22,3.09,4.29,2.45,3.35,2.86,1.0,2.99,2.72,2.62,1.47,1.0,4.5,3.78,4.66,4.35,4.51,4.87,4.01,1.07,1.0,4.61,1.14,3.19,1.01,1.12,1.89,4.95,1.57,3.05,1.03,2.28,1.81,3.68,2.15,4.27,4.66,3.16,3.97,3.82,4.57,3.62,3.98,4.82,2.59
29-2056,Veterinary Technologists and Technicians,base_00,2.98,3.84,4.67,4.0,3.86,3.35,1.36,1.98,3.85,3.62,3.71,3.1,4.16,1.49,3.05,1.25,1.35,4.17,4.05,3.75,1.33,1.14,4.31,3.6,4.1,3.88,4.13,4.34,3.4,1.36,1.11,4.4,1.41,2.64,2.03,1.25,1.52,4.53,1.49,3.33,1.18,2.29,3.1,2.83,2.08,4.26,3.97,3.59,4.3,3.96,3.59,3.94,3.27,4.57,2.39
29-2057,Ophthalmic Medical Technicians,base_00,2.76,3.14,4.91,3.64,4.55,3.5,1.73,2.73,3.59,4.5,1.95,1.64,4.27,1.73,1.82,1.0,1.05,1.64,1.27,1.23,1.0,1.0,4.68,3.91,4.45,3.68,4.09,4.73,3.62,1.18,1.0,4.82,1.09,2.73,1.0,1.05,1.23,4.59,1.59,1.91,1.0,1.41,1.32,3.82,2.73,3.23,3.82,3.14,4.82,3.32,2.45,1.36,3.09,4.82,3.5
29-2061,Licensed Practical and Licensed Vocational Nurses,base_00,3.48,3.42,4.83,4.04,3.62,4.0,2.88,2.21,3.94,3.78,2.69,1.65,4.67,1.35,1.69,1.05,1.0,2.13,1.41,2.96,1.25,1.04,4.62,3.77,4.33,4.24,4.21,4.71,3.9,1.09,1.0,4.14,1.25,2.69,1.16,1.02,1.77,4.67,1.76,3.24,1.0,1.89,2.04,3.27,2.42,3.75,3.38,3.58,4.72,4.38,3.99,2.0,3.85,4.69,3.52
29-2081,"Opticians, Dispensing",base_00,3.0,2.21,4.79,3.26,4.79,3.71,1.62,2.29,3.96,4.75,2.09,1.33,2.65,1.08,1.33,1.46,1.04,2.17,1.0,2.13,1.04,1.0,5.0,4.42,4.42,3.29,3.96,4.83,3.88,1.04,1.0,4.17,1.17,3.54,1.12,1.04,1.92,4.46,2.0,1.88,1.0,1.21,1.61,2.71,3.17,2.92,3.62,2.05,5.0,4.04,2.0,1.0,3.17,3.83,3.79
29-2091,Orthotists and Prosthetists,base_00,2.86,2.81,4.52,3.42,3.86,3.19,1.71,1.71,4.19,5.0,4.48,2.05,3.67,1.33,3.67,4.38,1.05,3.33,1.1,3.81,1.48,1.48,4.9,4.52,4.62,4.0,3.9,4.19,3.0,2.19,1.19,4.43,1.67,3.57,1.29,1.33,1.71,4.67,2.33,2.3,1.24,1.62,2.52,2.43,2.67,3.43,4.15,2.62,4.9,4.29,4.55,2.57,3.76,4.1,4.1
29-2092,Hearing Aid Specialists,base_00,3.09,2.37,4.68,3.27,4.9,3.23,1.1,1.98,4.26,4.87,1.1,1.3,2.98,1.29,1.0,1.21,1.0,1.12,1.0,2.03,1.0,1.0,4.1,4.54,4.69,3.03,4.31,4.19,3.02,1.36,1.0,4.69,1.0,3.51,1.0,1.0,1.4,4.05,2.33,1.69,1.0,1.23,1.55,2.24,4.11,2.24,3.5,1.83,4.65,3.94,3.0,1.0,3.34,3.98,3.45
29-2099,Neurodiagnostic Technologists,first_detail,3.206666666666667,3.08,4.753333333333334,3.53,4.43,3.763333333333333,2.1633333333333336,2.4266666666666667,3.6166666666666667,4.716666666666667,2.39,2.34,4.136666666666667,1.8,1.6833333333333333,1.16,1.0,1.2333333333333334,1.7700000000000002,2.75,1.29,1.0433333333333332,4.8999999999999995,4.126666666666666,3.9166666666666665,3.1133333333333333,3.813333333333334,4.54,3.846666666666667,1.2,1.0,4.77,1.1466666666666667,2.606666666666667,1.0999999999999999,1.09,1.5533333333333335,4.303333333333334,1.78,2.236666666666667,1.0166666666666666,1.2966666666666666,1.7433333333333334,3.1133333333333333,3.533333333333333,2.74,3.526666666666667,2.69,4.676666666666667,3.6,3.1466666666666665,1.8,3.0,4.593333333333333,3.42
29-9091,Athletic Trainers,base_00,3.59,3.89,4.87,3.59,3.94,3.63,2.29,2.14,4.05,4.73,2.55,2.3,3.87,2.26,1.36,1.48,1.83,2.75,1.25,3.89,3.12,1.36,4.88,4.43,4.69,4.42,4.29,4.32,3.63,2.69,2.27,4.58,3.42,3.82,4.18,2.82,1.26,4.08,3.38,2.23,1.24,1.69,1.94,2.71,2.61,3.6,2.98,2.64,4.38,3.6,1.88,1.01,3.56,4.8,3.92
29-9092,Genetic Counselors,base_00,2.65,3.26,4.57,2.77,4.17,2.91,1.3,1.57,3.96,5.0,1.04,1.04,2.52,1.09,1.22,1.0,1.0,1.0,1.04,1.91,1.0,1.0,5.0,4.04,4.04,2.36,3.74,4.43,2.57,1.04,1.0,4.3,1.05,3.26,1.0,1.0,1.0,2.87,2.61,1.13,1.0,1.0,1.09,1.74,4.3,1.78,1.52,1.7,5.0,3.91,1.39,1.13,2.45,3.91,4.64
29-9093,Surgical Assistants,base_00,3.33,4.26,4.76,4.25,3.99,3.15,1.98,2.0,4.12,4.23,3.74,3.07,4.46,2.71,3.79,2.77,1.02,2.32,3.55,3.42,1.18,1.07,4.43,3.51,3.59,3.99,3.49,4.6,3.69,1.02,1.01,4.91,1.34,3.0,1.01,1.01,1.82,4.87,1.96,2.88,1.05,1.58,1.64,2.98,1.96,4.32,4.49,2.63,3.72,3.33,4.99,3.56,3.95,4.7,2.66
29-9099,Midwives,first_detail,2.71,4.13,4.52,3.7,4.25,2.69,1.37,1.23,4.13,4.6,2.47,2.87,4.07,1.95,1.63,1.0,1.0,1.01,1.0,1.88,1.14,1.0,4.71,4.54,4.21,3.23,4.55,4.41,2.75,1.98,1.0,4.44,1.55,2.79,1.15,1.18,1.01,4.8,2.52,2.17,1.0,1.4,2.01,1.74,3.3,2.54,2.83,1.96,4.66,2.8,4.1,1.05,3.34,4.59,3.81
31-1121,Home Health Aides,base_00,2.82,3.68,4.37,3.76,3.33,2.96,2.13,1.79,3.62,1.79,2.19,1.88,3.52,1.44,1.11,1.13,1.0,1.7,1.07,2.01,1.4,1.03,4.21,3.47,3.71,3.56,3.96,4.3,2.81,2.14,1.0,3.17,1.23,2.47,1.27,1.11,1.73,4.36,1.63,3.54,1.03,2.06,2.12,3.24,2.22,3.61,3.05,2.89,3.85,3.43,4.2,1.32,3.29,4.21,3.07
31-1122,Personal Care Aides,base_00,3.0,3.74,4.3,3.14,3.62,2.74,1.93,2.22,3.12,2.2,2.44,2.68,4.13,1.32,1.23,1.15,1.13,1.49,1.19,2.91,2.63,1.1,4.27,3.16,4.07,3.76,4.07,3.74,3.55,2.18,1.13,3.19,1.61,2.49,1.41,1.3,1.63,4.85,1.94,3.49,1.19,2.34,3.34,3.12,2.12,4.05,2.31,4.02,3.74,4.08,3.23,2.24,2.82,3.95,2.71
31-1131,Nursing Assistants,base_00,3.18,3.4,4.83,4.16,3.67,4.04,3.49,1.77,3.64,2.61,2.35,2.54,4.25,1.69,1.45,1.11,1.0,1.77,1.23,3.23,1.74,1.0,3.85,3.11,3.68,4.38,3.73,4.54,3.46,1.8,1.0,3.97,1.74,3.01,1.84,1.71,2.31,4.36,2.23,3.59,1.11,2.97,2.5,3.48,1.69,4.41,2.85,4.54,2.94,3.71,4.36,2.12,3.89,4.66,2.75
31-1132,Orderlies,base_00,3.72,3.85,4.91,3.96,3.39,4.05,2.84,2.66,3.81,2.92,3.35,3.3,4.86,1.58,2.46,2.05,1.0,2.14,2.23,1.84,1.6,1.0,4.42,4.07,4.42,4.51,4.15,4.51,4.13,1.13,1.06,4.63,1.67,3.12,2.05,2.03,2.49,4.86,2.33,4.35,1.0,2.09,2.57,4.25,1.9,4.6,4.62,4.62,4.81,4.23,4.74,3.79,3.1,4.51,2.41
31-1133,Psychiatric Aides,base_00,4.06,3.79,4.81,4.03,3.19,4.08,3.69,1.89,3.75,3.87,2.96,2.29,4.17,1.78,1.1,1.07,1.0,2.0,1.27,3.38,1.77,1.0,4.5,3.65,3.46,3.85,3.63,3.72,3.72,2.61,1.0,3.77,1.51,1.91,2.79,1.6,1.07,4.55,2.81,3.11,1.03,1.7,1.78,2.9,3.05,3.22,2.75,3.12,3.75,3.71,3.69,1.97,3.35,4.52,3.09
31-2011,Occupational Therapy Assistants,base_00,3.37,2.72,4.85,4.25,2.97,4.05,2.81,2.0,4.64,3.53,2.61,2.61,4.94,1.8,1.39,1.13,1.0,2.11,1.0,2.87,1.42,1.0,4.67,4.55,4.68,4.49,4.3,4.47,4.07,1.15,1.02,4.49,1.15,2.81,1.29,1.3,1.56,4.83,2.24,3.29,1.0,2.29,2.21,3.55,2.15,4.16,3.2,4.1,2.99,4.7,3.4,1.93,3.93,4.6,2.56
31-2012,Occupational Therapy Aides,base_00,2.87,3.2,4.95,3.8,3.05,3.95,2.45,1.46,3.62,3.49,2.38,2.11,4.13,1.1,1.42,1.36,1.0,2.29,1.02,2.81,1.04,1.0,4.77,3.77,3.83,4.39,3.98,3.82,3.13,1.59,1.0,4.94,1.43,2.21,2.07,1.85,1.17,4.49,1.91,2.63,1.05,2.66,2.49,2.97,2.55,3.74,2.49,3.4,3.82,4.11,3.18,1.84,3.44,4.55,3.14
31-2021,Physical Therapist Assistants,base_00,3.25,3.85,4.95,4.11,4.09,3.37,2.16,1.43,4.46,2.86,2.78,2.1,4.3,1.02,1.77,1.06,1.01,1.84,1.0,1.96,1.08,1.0,4.92,3.91,4.9,3.01,4.61,3.36,3.21,1.03,1.0,4.94,1.02,2.49,1.08,1.0,1.02,4.97,2.46,3.59,1.0,1.78,2.31,3.6,2.23,3.82,3.57,3.29,4.26,3.52,3.57,1.64,2.46,4.62,3.21
31-2022,Physical Therapist Aides,base_00,2.53,2.97,4.8,3.57,3.64,3.09,1.61,1.64,3.48,3.81,2.34,2.29,3.84,1.39,1.61,1.4,1.0,1.77,1.0,3.25,1.75,1.0,4.55,3.85,3.68,4.13,3.77,3.39,2.82,1.46,1.0,4.11,1.07,2.3,1.01,1.01,1.42,4.49,1.53,3.33,1.0,1.96,2.55,3.21,2.01,4.09,3.36,3.89,4.07,3.04,3.41,1.19,3.09,4.69,2.99
31-9011,Massage Therapists,base_00,2.31,2.62,4.62,1.73,4.15,2.19,1.35,1.31,4.58,3.62,1.28,1.69,2.23,1.92,1.04,1.04,1.08,1.5,1.04,1.58,1.12,1.04,4.77,4.54,4.32,2.81,3.73,3.04,3.23,1.0,1.0,4.69,1.42,3.27,1.2,1.36,1.08,4.31,1.4,3.96,1.08,2.71,1.88,4.35,2.04,4.23,3.54,1.62,4.23,2.28,1.58,1.0,1.65,2.5,2.69
31-9091,Dental Assistants,base_00,3.54,3.0,4.81,4.3,3.82,3.68,1.8,1.93,3.44,3.86,3.11,2.6,3.69,2.11,3.05,1.64,1.0,2.45,4.46,3.1,1.56,1.05,4.42,3.52,3.73,4.47,3.34,4.37,3.93,1.0,1.0,3.96,1.48,2.35,1.0,1.12,2.02,4.77,3.19,3.8,1.01,1.6,1.85,3.85,2.58,3.69,4.31,3.68,4.5,3.44,4.88,3.32,3.32,4.6,2.83
31-9092,Medical Assistants,base_00,3.19,4.0,5.0,3.61,4.0,3.97,1.65,2.06,3.68,3.55,1.49,1.33,4.68,1.0,2.06,1.43,1.0,2.67,1.43,2.79,1.0,1.0,4.27,3.22,3.85,3.63,3.5,4.38,4.04,1.0,1.0,4.64,1.01,2.07,1.0,1.0,1.05,4.32,2.09,2.3,1.0,1.21,1.5,3.31,3.1,2.94,2.51,2.93,4.37,3.8,4.62,1.56,3.09,4.46,4.24
31-9093,Medical Equipment Preparers,base_00,3.04,3.76,4.54,3.52,4.04,3.69,1.28,2.05,3.81,4.12,4.76,2.13,4.68,2.07,3.55,2.61,1.0,2.79,1.68,4.14,2.13,1.0,4.68,4.03,4.1,4.21,4.09,4.6,4.43,1.0,1.0,5.0,1.03,1.96,1.0,1.09,3.36,4.09,1.55,3.47,1.05,2.06,2.29,4.49,1.87,4.13,4.33,4.05,5.0,4.28,4.97,3.55,4.05,4.33,2.84
31-9094,Medical Transcriptionists,base_00,2.46,2.61,4.38,3.64,3.74,2.83,1.44,2.73,4.25,4.41,1.6,2.11,3.39,1.32,1.98,1.0,1.0,1.88,1.08,2.13,1.39,1.0,4.92,3.76,3.78,3.92,3.53,4.8,4.48,1.15,1.0,4.98,1.0,2.42,1.23,1.08,1.94,3.13,1.39,1.92,1.0,1.0,1.44,2.97,3.61,2.79,4.14,2.69,4.34,4.11,1.93,1.08,3.6,4.56,3.3
31-9095,Pharmacy Aides,base_00,3.22,3.74,4.85,3.79,4.53,3.93,1.84,2.89,3.94,3.71,1.65,1.44,4.13,2.34,1.42,1.11,1.69,1.27,1.03,2.53,1.82,1.01,4.36,3.68,3.43,3.47,3.17,4.49,3.79,1.92,1.0,4.92,1.38,2.62,1.39,1.36,1.95,4.26,1.24,2.07,1.36,1.05,1.98,3.63,1.65,4.89,3.67,2.35,4.91,3.47,1.29,1.1,3.12,4.66,3.5
31-9096,Veterinary Assistants and Laboratory Animal Caretakers,base_00,3.24,3.75,4.48,3.46,3.73,3.17,1.61,1.67,3.51,3.64,4.17,3.58,4.41,2.15,2.99,1.6,1.62,4.26,3.77,4.15,1.92,1.01,4.52,3.46,4.18,3.03,3.97,4.7,4.0,1.27,1.26,4.93,1.92,2.54,2.66,2.1,1.12,4.35,2.06,3.32,1.29,2.61,3.56,3.26,1.86,4.78,3.92,4.09,4.4,3.78,4.38,3.71,3.31,4.3,3.03
31-9097,Phlebotomists,base_00,3.64,4.48,4.82,3.82,4.27,4.14,3.05,2.33,3.73,4.27,2.86,2.77,4.5,1.9,2.86,1.95,1.14,2.14,2.09,3.32,1.5,1.09,4.82,3.82,4.14,4.36,4.0,4.81,4.23,1.45,1.0,4.09,1.55,3.14,1.27,1.14,2.5,4.05,2.45,3.32,1.18,2.0,2.68,4.45,2.23,4.27,4.27,3.73,4.68,4.45,4.82,3.23,3.86,4.59,3.32
31-9099,Speech-Language Pathology Assistants,first_detail,2.245,3.185,4.75,3.6100000000000003,3.4299999999999997,2.545,1.6800000000000002,2.225,3.78,4.065,2.81,1.785,3.455,1.33,2.08,1.25,1.0,1.37,1.75,2.035,1.17,1.0,4.805,3.465,3.92,3.8950000000000005,3.5300000000000002,4.4,3.375,1.59,1.0,3.9050000000000002,1.0150000000000001,2.59,1.03,1.0,2.06,4.43,1.715,2.37,1.02,1.56,1.995,3.005,2.665,3.58,3.665,2.935,3.755,3.5949999999999998,3.17,2.075,2.505,4.32,3.0
33-1011,First-Line Supervisors of Correctional Officers,base_00,4.51,3.25,4.77,4.04,3.38,4.57,4.31,1.89,3.91,4.95,3.18,2.25,3.84,2.76,2.08,1.62,1.71,3.07,1.65,4.01,2.94,1.05,4.72,4.13,4.68,4.77,4.43,3.84,3.63,2.66,1.26,4.76,3.02,2.97,3.59,1.93,1.11,4.03,3.96,2.32,1.39,1.81,1.84,2.41,2.58,3.33,2.4,3.51,4.92,4.16,3.19,1.55,4.47,4.66,4.07
33-1012,First-Line Supervisors of Police and Detectives,base_00,4.23,3.85,4.7,4.1,4.79,4.37,3.44,1.94,4.08,4.95,3.0,2.15,3.54,3.35,2.47,3.83,2.06,2.52,1.27,3.77,3.52,1.33,4.95,4.43,4.46,4.26,4.61,4.25,3.4,4.6,1.55,4.03,3.13,3.19,4.32,2.78,1.25,4.19,3.09,2.48,1.58,1.74,2.01,2.77,3.48,2.82,3.24,2.55,5.0,3.5,3.67,3.06,4.21,4.35,3.72
33-1021,First-Line Supervisors of Firefighting and Prevention Workers,base_00,3.28,4.44,4.74,4.51,4.59,3.28,2.6,1.66,4.34,4.55,3.96,3.35,3.73,3.71,3.78,3.9,3.21,3.42,1.44,4.29,4.05,2.31,4.65,4.49,4.32,4.8,4.63,4.33,3.13,4.54,2.89,3.8,4.01,3.51,4.54,3.0,1.62,4.23,3.13,2.8,2.27,2.25,2.42,2.62,2.5,3.16,3.22,2.84,4.62,3.53,4.27,3.89,4.62,4.74,3.66
33-1091,First-Line Supervisors of Security Workers,base_00,3.84,3.21,4.98,4.47,4.77,3.25,2.23,3.24,4.63,4.91,3.15,2.11,1.59,1.98,1.39,2.07,1.26,1.79,1.09,3.1,3.37,1.09,4.57,4.63,4.71,4.62,4.73,4.7,3.68,3.63,1.53,3.47,2.78,3.17,3.66,2.61,1.17,3.75,2.41,1.77,1.26,2.5,1.61,2.92,2.95,2.78,2.75,2.5,4.95,3.41,3.22,1.3,4.82,4.86,3.55
33-2011,Firefighters,base_00,3.39,4.19,4.73,4.15,4.52,3.52,2.88,1.74,3.88,3.95,4.28,3.63,4.07,4.08,3.79,4.19,3.57,3.21,1.71,4.27,3.7,2.51,4.85,3.94,4.13,4.47,4.27,4.27,3.44,4.26,3.01,3.4,3.64,3.61,4.47,3.32,1.81,4.62,2.76,3.12,2.43,2.35,2.68,2.76,2.49,3.43,3.64,2.91,4.24,3.6,4.6,3.83,3.96,4.71,3.02
33-2021,Fire Inspectors and Investigators,base_00,3.43,3.11,4.92,3.89,4.68,3.23,1.79,2.01,4.68,4.9,3.43,2.52,2.65,3.23,2.54,2.67,2.52,2.27,1.32,3.54,3.43,1.38,4.95,4.54,4.4,3.66,4.44,4.53,3.08,4.68,1.57,4.12,3.53,3.13,4.33,3.03,1.13,3.5,2.58,2.45,2.03,1.75,1.91,2.65,2.51,3.25,2.52,3.15,4.92,3.94,3.82,2.18,3.46,4.19,3.86
33-2022,Forest Fire Inspectors and Prevention Specialists,base_00,3.33,3.79,4.79,4.4,4.36,3.47,2.22,2.28,4.15,4.73,4.25,2.62,2.45,3.75,3.26,3.51,2.67,3.77,1.94,4.32,3.93,2.51,4.87,4.56,4.32,4.5,4.87,4.05,3.56,4.69,2.45,3.49,4.5,4.37,4.63,3.23,2.14,3.15,3.21,3.21,1.9,2.42,2.43,3.37,2.72,3.45,3.48,3.31,4.77,3.81,4.14,3.03,4.11,4.86,3.44
33-3011,Bailiffs,base_00,3.4,2.97,4.62,3.68,4.4,3.97,3.02,1.64,3.3,3.62,1.85,1.41,1.94,1.81,1.2,1.18,1.0,1.32,1.16,2.35,1.56,1.0,4.37,3.76,3.78,3.45,3.27,4.08,3.04,2.16,1.0,4.24,1.98,2.47,2.11,1.41,1.0,3.93,2.66,1.87,1.06,1.86,1.5,2.22,2.91,3.41,2.17,2.54,3.75,3.24,2.31,1.1,2.44,4.42,3.03
33-3012,Correctional Officers and Jailers,base_00,4.37,3.79,4.67,3.88,4.17,4.75,4.33,2.17,4.01,4.49,3.04,2.38,4.08,3.19,2.01,1.89,1.76,2.42,1.85,4.12,2.35,1.17,4.93,4.22,4.29,4.34,4.25,4.5,4.25,3.23,1.39,4.49,2.33,3.22,2.87,1.9,1.63,4.17,3.27,2.07,1.13,2.08,1.72,2.59,3.28,3.43,3.67,3.13,4.85,4.45,4.07,2.44,3.8,4.57,4.05
33-3021,Detectives and Criminal Investigators,base_00,3.063333333333333,3.276666666666667,4.276666666666666,3.6966666666666668,3.8266666666666667,3.1199999999999997,2.3833333333333333,2.1366666666666667,4.31,4.883333333333333,2.6,2.03,2.21,2.4933333333333336,2.12,2.06,1.53,1.9366666666666668,1.23,2.9166666666666665,2.56,1.1533333333333333,4.573333333333333,4.443333333333333,3.8200000000000003,3.143333333333333,3.78,4.506666666666667,3.6300000000000003,3.466666666666667,1.4166666666666667,4.616666666666667,2.8000000000000003,2.966666666666667,3.0533333333333332,2.4633333333333334,1.2533333333333332,3.4566666666666666,2.41,1.9266666666666667,1.28,1.5366666666666664,1.7,2.7266666666666666,3.9166666666666665,2.4433333333333334,2.83,2.1366666666666667,4.646666666666667,3.5766666666666667,2.4233333333333333,1.8666666666666665,3.1333333333333333,4.343333333333333,3.6633333333333336
33-3031,Fish and Game Wardens,base_00,3.94,4.26,4.67,4.0,4.84,3.79,2.56,2.5,4.57,4.84,3.32,2.48,2.25,3.49,2.19,3.4,1.78,3.59,1.19,3.23,3.86,1.92,4.68,4.76,4.08,4.23,4.42,4.14,2.84,4.98,2.71,3.01,3.34,3.67,4.87,3.35,1.06,4.03,2.93,2.48,1.52,2.28,2.12,2.48,3.16,3.0,3.26,2.65,4.9,3.94,3.47,2.26,3.18,4.06,3.54
33-3041,Parking Enforcement Workers,base_00,3.73,2.6,3.92,3.16,4.45,4.47,2.76,2.53,3.47,2.82,3.29,1.86,1.4,2.67,1.03,2.71,1.04,1.81,1.05,2.61,4.0,1.01,4.09,3.74,4.87,2.95,3.84,4.01,3.45,4.63,1.07,1.92,1.74,2.49,4.98,2.57,2.94,2.48,1.58,2.74,1.0,1.12,1.08,3.97,3.49,3.22,4.68,3.38,2.83,2.83,1.35,1.02,2.19,4.11,2.51
33-3051,Police and Sheriff's Patrol Officers,base_00,4.125,3.92,4.795,4.015000000000001,4.824999999999999,4.484999999999999,3.475,2.65,3.965,4.609999999999999,3.78,2.9050000000000002,3.46,3.87,2.9050000000000002,3.6550000000000002,1.79,2.965,2.45,3.8200000000000003,3.79,1.2999999999999998,4.699999999999999,4.35,4.65,3.985,4.529999999999999,4.635,3.9,4.045,1.58,3.87,3.3899999999999997,3.205,4.275,2.9699999999999998,1.57,4.095000000000001,2.47,2.54,1.4300000000000002,2.01,2.215,3.0949999999999998,3.345,3.085,3.315,2.58,4.6899999999999995,3.91,3.44,2.475,3.165,4.58,3.805
33-3052,Transit and Railroad Police,base_00,4.21,3.7,4.7,4.33,4.71,4.11,3.64,1.92,4.17,4.96,4.03,2.6,3.23,2.96,3.74,3.4,2.6,2.71,1.66,3.63,3.2,1.53,4.29,4.41,4.43,4.57,3.99,4.35,3.28,4.93,1.12,2.66,4.13,3.12,4.73,2.12,1.78,4.14,2.66,2.49,1.57,1.79,2.32,2.97,3.03,3.04,3.11,2.66,4.48,3.8,4.24,2.82,3.6,4.1,3.96
33-9011,Animal Control Workers,base_00,4.35,3.96,4.58,3.27,4.77,4.64,3.0,1.35,4.27,4.92,4.58,3.5,4.42,3.85,2.96,3.12,1.96,4.19,1.15,4.58,4.0,1.31,4.96,4.54,4.58,3.69,4.31,4.08,3.54,4.96,1.4,3.96,4.15,2.27,4.92,3.81,1.15,3.81,2.69,2.88,1.38,2.62,2.54,2.81,2.92,3.15,3.77,2.81,5.0,3.96,4.44,2.42,2.8,4.0,4.38
33-9021,Private Detectives and Investigators,base_00,2.82,2.83,4.33,3.09,4.19,3.02,1.69,2.01,4.39,4.8,1.48,1.63,1.3,1.9,1.29,1.35,1.22,1.43,1.0,2.0,2.23,1.09,4.16,4.61,3.98,2.3,4.13,4.74,3.43,3.25,1.39,3.87,2.23,2.88,2.72,1.94,1.41,3.05,2.0,1.76,1.05,1.37,1.47,2.74,4.2,1.9,2.66,1.83,4.93,4.32,1.27,1.05,3.18,3.31,3.9
33-9031,Gambling Surveillance Officers and Gambling Investigators,base_00,3.87,3.63,4.65,3.75,3.32,2.97,2.24,2.16,3.97,4.66,2.74,1.77,2.12,2.12,1.55,1.54,1.22,1.44,1.38,3.42,1.66,1.38,4.7,4.39,4.44,3.4,4.44,4.83,4.53,1.95,1.54,4.95,1.62,2.56,1.65,1.43,2.14,4.1,1.76,1.81,1.47,1.4,1.54,3.43,4.77,1.83,4.62,1.91,4.89,3.14,1.42,1.49,3.41,4.46,3.66
33-9032,Security Guards,base_00,4.04,3.2,4.89,3.5,4.91,3.28,2.35,2.2,4.37,4.33,2.38,1.35,3.34,2.06,2.49,1.4,1.32,1.16,1.07,2.22,2.76,1.07,4.42,4.44,3.68,4.95,3.44,4.41,4.42,1.31,1.04,4.36,1.37,2.33,3.3,1.4,2.53,3.38,1.96,1.9,1.09,1.48,1.67,2.17,3.21,3.42,2.32,2.6,4.63,3.05,2.4,1.21,3.48,4.21,2.9
33-9091,Crossing Guards and Flaggers,base_00,2.53,4.09,4.1,2.32,4.46,3.29,1.46,1.44,3.74,1.92,4.4,1.01,1.73,2.8,1.16,2.84,1.0,2.13,1.2,4.07,4.42,1.0,3.72,4.25,4.22,2.91,3.67,3.9,2.09,1.67,1.02,1.44,2.87,1.26,4.99,1.63,1.13,4.12,1.18,2.34,1.01,2.17,1.2,3.79,1.19,4.82,3.73,4.1,2.03,2.21,4.03,1.1,2.06,3.33,1.77
33-9092,"Lifeguards, Ski Patrol, and Other Recreational Protective Service Workers",base_00,2.98,4.06,4.5,3.21,3.94,3.42,1.43,1.99,3.67,4.18,3.14,2.46,3.49,2.98,2.75,1.81,1.93,2.89,1.7,3.38,3.54,2.06,4.55,3.82,4.11,4.24,4.08,3.65,2.77,2.35,1.7,3.89,3.4,2.43,3.69,3.08,1.64,3.99,2.4,2.19,1.19,2.17,1.85,2.56,3.2,3.08,2.6,2.97,3.54,2.98,3.33,1.44,3.35,4.59,2.35
33-9093,Transportation Security Screeners,base_00,3.74,3.85,4.54,3.07,4.22,4.63,2.78,2.63,2.63,3.85,4.04,2.56,3.19,3.15,2.63,2.52,1.26,2.44,3.74,4.41,2.67,1.19,4.41,3.0,3.81,3.3,3.63,4.33,3.7,1.3,1.04,4.7,2.81,2.48,1.89,2.04,2.88,4.44,2.59,3.3,1.22,1.96,2.41,4.07,1.96,4.3,4.26,3.48,2.96,3.41,4.74,1.11,2.89,4.58,2.67
33-9099,Retail Loss Prevention Specialists,first_detail,3.63,3.5,4.76,3.56,4.25,3.74,3.21,2.2,3.87,4.38,1.9,1.36,1.46,1.41,1.22,1.24,1.64,1.48,1.13,1.93,1.28,1.1,4.56,4.51,4.09,3.9,4.16,4.3,3.78,1.62,1.04,4.55,1.36,3.55,1.5,1.25,1.89,3.9,3.0,1.98,1.6,1.39,1.79,2.33,3.09,2.73,3.18,2.57,4.75,3.45,1.6,1.12,3.05,4.76,2.62
35-1011,Chefs and Head Cooks,base_00,3.75,2.96,4.58,3.88,3.79,3.88,2.04,1.78,3.62,4.88,3.75,3.04,2.17,3.25,3.33,3.88,1.17,4.54,1.0,4.39,4.39,1.33,4.87,3.67,4.61,4.04,4.12,3.62,3.79,2.04,1.54,4.79,3.04,3.88,1.96,2.08,1.96,4.21,3.21,3.12,1.33,2.33,2.17,4.38,1.71,4.62,4.5,3.35,4.54,4.75,4.67,1.87,3.91,4.46,3.79
35-1012,First-Line Supervisors of Food Preparation and Serving Workers,base_00,3.16,2.93,4.58,3.92,4.1,3.46,1.98,2.71,3.66,3.07,1.28,1.1,1.12,1.14,1.08,1.08,1.0,2.64,1.0,1.61,1.37,1.07,3.85,3.74,3.27,3.85,2.81,4.1,3.58,1.15,1.15,4.68,1.72,2.69,1.21,1.17,1.82,4.36,3.58,2.52,1.05,1.5,1.88,3.72,1.87,3.75,3.17,3.48,4.7,3.44,2.98,1.3,3.7,4.43,1.99
35-2011,"Cooks, Fast Food",base_00,2.94,3.9,3.27,3.16,3.54,3.68,2.27,2.18,2.19,1.63,1.38,1.64,1.43,1.05,1.43,1.43,1.43,2.6,1.21,2.27,3.15,1.21,4.93,3.09,3.49,3.27,3.75,3.9,2.1,1.01,1.0,2.97,1.73,2.28,1.05,1.0,2.05,3.58,3.41,1.87,1.21,1.22,1.54,2.42,1.42,4.37,2.37,2.11,3.56,3.26,2.42,1.0,3.15,3.87,1.83
35-2012,"Cooks, Institution and Cafeteria",base_00,2.81,3.25,4.62,3.73,3.21,3.31,1.54,2.0,3.86,2.07,2.6,1.81,2.7,1.41,1.81,1.57,1.0,4.23,1.0,3.61,2.44,1.0,4.8,3.65,3.78,4.01,3.34,3.92,2.61,1.22,1.0,4.62,1.55,1.97,1.09,1.27,2.23,3.79,1.79,3.21,1.06,1.83,2.05,3.72,1.52,4.72,4.29,4.06,3.17,4.4,3.84,1.17,3.78,4.47,2.35
35-2013,"Cooks, Private Household",base_00,2.19,2.46,3.62,2.04,2.96,1.88,1.04,1.54,3.88,4.42,1.77,1.64,1.12,1.54,1.46,2.04,1.04,3.27,1.0,2.38,2.0,1.0,3.62,4.04,3.38,3.23,3.58,3.58,2.77,2.65,1.0,4.0,1.88,3.12,1.73,1.81,1.31,2.5,1.88,2.27,1.15,1.46,1.96,3.65,1.5,4.77,4.62,2.31,3.73,4.15,3.16,1.04,2.77,2.42,2.46
35-2014,"Cooks, Restaurant",base_00,2.48,2.59,4.11,3.63,2.67,2.59,1.19,2.3,3.81,1.73,1.86,1.81,1.0,1.59,1.84,1.52,1.11,3.8,1.0,2.53,3.01,1.0,3.42,3.78,4.01,3.87,3.96,4.1,3.26,1.44,1.18,4.71,1.57,2.59,2.07,1.49,2.42,3.97,1.34,2.72,1.31,2.2,1.94,4.06,1.23,4.76,4.55,3.49,2.05,3.03,4.81,1.27,3.67,4.08,1.35
35-2015,"Cooks, Short Order",base_00,2.0,1.86,3.66,3.52,2.42,2.35,1.11,1.42,3.27,1.14,2.89,2.63,1.06,1.14,2.03,1.63,1.08,4.02,1.0,2.26,3.76,1.0,4.66,4.11,3.43,3.13,3.17,3.33,2.55,1.01,1.01,4.45,2.36,2.57,1.84,1.13,1.84,4.06,1.38,2.87,1.59,1.86,2.16,3.81,1.3,4.75,3.25,3.48,2.59,3.52,3.34,1.1,3.31,3.92,2.0
35-2021,Food Preparation Workers,base_00,1.65,3.11,4.18,3.61,2.27,1.94,1.28,2.5,2.74,1.99,1.37,1.22,1.81,1.21,2.27,1.3,1.17,2.6,1.17,1.36,1.96,1.21,4.1,2.93,3.17,3.36,3.01,4.15,3.27,1.17,1.21,4.68,1.26,1.95,1.7,1.61,2.17,3.29,1.78,2.5,1.37,1.8,1.69,3.25,1.59,4.42,3.59,3.43,3.01,3.91,4.18,1.34,2.74,3.89,2.13
35-3011,Bartenders,base_00,2.89,1.42,4.7,3.21,4.25,3.93,2.31,2.03,3.46,1.97,1.94,2.08,1.14,2.16,1.43,1.04,1.34,2.71,1.0,2.7,1.56,1.0,4.2,4.03,3.65,2.78,3.28,3.88,3.09,1.02,1.02,3.95,1.43,2.36,1.19,1.18,1.16,4.14,1.69,3.23,1.11,1.45,2.17,3.73,1.44,4.57,3.69,3.7,2.87,1.75,1.16,1.0,2.11,3.64,2.86
35-3023,Fast Food and Counter Workers,base_00,3.2,2.0549999999999997,4.779999999999999,3.43,4.385,4.135,2.12,2.54,3.82,2.26,2.005,2.4450000000000003,1.375,2.08,1.085,1.2149999999999999,1.0699999999999998,3.315,1.065,3.13,3.05,1.065,4.32,4.22,3.4850000000000003,3.085,3.115,3.88,3.4050000000000002,2.065,1.325,4.025,1.8250000000000002,2.23,1.795,1.69,1.975,4.18,2.41,2.985,1.48,1.675,2.44,4.105,1.605,4.605,3.76,3.165,3.4450000000000003,2.27,2.1550000000000002,1.1349999999999998,2.9850000000000003,4.41,2.03
35-3031,Waiters and Waitresses,base_00,2.65,1.72,4.82,3.91,3.46,3.12,1.23,2.64,3.45,1.81,1.63,1.32,1.09,1.23,1.08,1.0,1.09,1.64,1.0,1.92,1.37,1.0,4.52,3.4,3.39,3.9,3.05,3.54,3.05,1.0,1.02,4.3,1.49,2.45,2.31,1.51,1.24,3.91,2.83,2.29,1.02,1.86,1.64,3.63,1.27,4.67,3.77,4.47,3.61,2.79,3.38,1.0,3.08,4.46,1.79
35-3041,"Food Servers, Nonrestaurant",base_00,2.9,2.64,4.31,3.92,3.66,3.83,1.97,2.09,3.89,2.73,1.85,1.59,2.48,1.48,1.34,1.16,1.27,2.28,1.0,3.18,2.96,1.12,4.68,3.78,3.91,3.99,3.65,3.93,3.67,1.09,1.0,3.52,1.52,3.23,1.38,1.35,2.55,4.41,2.45,4.21,1.81,2.53,2.5,3.59,1.37,4.7,4.14,4.56,3.32,4.43,3.06,1.12,3.64,4.36,2.36
35-9011,Dining Room and Cafeteria Attendants and Bartender Helpers,base_00,2.96,1.88,4.76,2.78,3.94,3.57,1.52,1.69,3.14,1.77,1.67,1.31,1.73,1.86,1.14,1.02,1.0,2.71,1.0,1.88,2.26,1.0,4.46,3.12,3.28,3.41,3.6,3.88,2.25,1.0,1.0,3.8,1.2,2.83,1.31,1.24,1.66,4.42,2.71,3.62,1.04,2.73,1.89,4.15,1.27,4.84,4.52,4.86,3.57,2.87,3.46,1.04,2.79,4.62,1.82
35-9021,Dishwashers,base_00,2.09,1.81,3.85,3.38,2.3,1.54,1.28,1.6,3.38,2.14,1.42,1.98,1.38,1.31,1.29,1.22,1.24,2.48,1.21,1.84,1.77,1.25,4.39,2.69,2.34,4.08,2.31,3.24,1.89,1.38,1.22,4.64,1.75,2.01,1.93,1.84,2.68,3.38,1.96,2.29,1.4,1.48,1.55,3.38,1.86,4.2,3.61,3.16,2.22,3.35,3.45,1.21,2.49,3.77,1.79
35-9031,"Hosts and Hostesses, Restaurant, Lounge, and Coffee Shop",base_00,2.97,2.05,4.81,3.61,3.93,3.6,1.4,2.08,3.73,1.58,1.67,1.42,1.03,1.13,1.07,1.0,1.07,2.53,1.0,2.35,1.48,1.0,4.72,4.16,4.19,3.03,3.48,3.84,2.71,1.11,1.0,4.67,1.16,2.2,1.48,1.45,1.23,4.21,2.1,2.49,1.04,1.16,2.12,4.2,1.74,4.82,3.42,4.47,4.24,2.18,3.01,1.0,2.8,4.66,2.38
37-1011,First-Line Supervisors of Housekeeping and Janitorial Workers,base_00,3.19,2.87,4.45,4.07,3.08,2.41,1.65,2.13,3.76,4.61,2.91,2.12,2.82,2.0,3.3,1.56,1.59,2.14,1.05,3.46,1.67,1.19,4.81,3.63,3.75,4.33,3.78,4.01,3.43,1.73,1.65,4.59,2.39,3.0,2.38,1.63,2.44,3.07,3.0,3.14,1.33,1.55,2.86,3.33,2.41,3.76,3.24,3.7,4.54,4.36,3.39,1.2,4.52,4.62,3.06
37-1012,"First-Line Supervisors of Landscaping, Lawn Service, and Groundskeeping Workers",base_00,3.51,3.53,4.57,4.53,4.1,3.29,1.79,2.37,4.33,4.1,3.94,2.55,1.51,2.43,2.89,4.13,2.12,4.45,1.11,4.33,4.18,2.41,4.78,4.11,4.44,4.49,4.13,4.01,2.95,4.23,3.36,2.86,3.44,3.45,4.95,3.09,2.67,3.52,1.91,3.39,1.94,2.44,2.74,2.76,2.34,3.72,4.08,3.67,4.53,4.29,4.31,2.45,4.43,4.65,3.42
37-2011,"Janitors and Cleaners, Except Maids and Housekeeping Cleaners",base_00,1.98,2.38,3.71,3.02,2.22,2.7,1.79,1.8,4.52,3.37,2.88,2.02,3.22,1.74,1.71,1.6,1.55,2.29,1.0,2.32,2.64,1.02,4.4,4.43,3.03,3.9,2.72,3.23,2.84,1.66,1.57,4.23,2.18,1.85,2.68,1.71,1.64,3.0,1.54,2.96,1.55,2.47,3.0,3.29,1.81,4.03,4.11,4.52,2.91,2.96,4.63,2.11,2.9,3.15,2.73
37-2012,Maids and Housekeeping Cleaners,base_00,2.06,1.76,3.76,2.9,3.29,2.97,1.44,2.06,3.34,1.59,3.74,1.26,2.79,1.26,2.2,1.29,1.18,1.6,1.04,1.83,1.1,1.11,4.41,3.21,2.67,3.17,2.52,3.63,2.74,1.2,1.04,4.29,1.31,2.62,1.31,1.38,1.8,3.01,1.5,4.49,1.15,1.95,3.57,4.77,1.31,4.79,4.04,4.49,2.48,3.9,4.09,1.52,2.6,3.91,1.88
37-2021,Pest Control Workers,base_00,2.72,3.27,4.38,2.48,4.0,2.89,1.52,2.04,4.35,1.66,4.54,3.52,2.05,3.2,3.49,2.09,2.62,3.6,1.47,2.93,3.62,1.46,4.7,4.48,4.38,2.84,4.19,4.11,3.42,4.95,1.3,3.21,3.18,3.04,4.67,2.88,1.87,2.88,1.56,3.19,2.02,2.41,2.86,3.72,2.31,3.85,4.13,3.97,4.64,4.14,4.06,2.99,2.15,3.17,2.67
37-3011,Landscaping and Groundskeeping Workers,base_00,3.2,2.91,3.19,2.89,2.26,3.3,1.77,2.49,3.17,1.5,4.2,2.67,1.34,1.92,2.12,4.47,2.1,3.51,1.68,4.74,4.74,2.36,3.98,2.53,2.72,3.31,3.17,3.19,2.28,3.22,3.86,1.58,2.01,2.75,4.98,1.65,3.85,4.03,1.29,3.01,1.71,2.12,2.71,3.18,1.83,4.33,4.27,4.01,2.41,3.28,4.54,2.05,3.16,3.98,1.72
37-3012,"Pesticide Handlers, Sprayers, and Applicators, Vegetation",base_00,2.77,3.82,3.62,3.58,3.99,3.04,1.51,1.7,3.79,2.64,4.39,2.77,1.36,2.72,4.12,3.5,1.81,3.86,1.28,3.67,3.61,2.51,4.23,4.28,4.53,3.3,4.37,4.21,3.16,4.67,2.83,2.14,3.19,2.91,4.76,1.29,2.34,2.14,2.0,2.86,1.43,2.07,1.81,3.42,2.53,3.37,4.21,3.2,4.2,4.17,4.66,2.37,3.12,3.6,2.87
37-3013,Tree Trimmers and Pruners,base_00,2.52,3.79,4.22,3.04,3.43,2.38,1.56,1.43,4.37,1.93,3.56,2.66,1.02,2.9,2.92,4.41,3.82,3.73,1.08,4.67,4.19,1.71,4.72,4.39,4.49,3.96,4.32,3.82,3.02,4.19,3.05,1.08,2.14,3.51,4.91,1.83,2.03,3.36,1.46,3.57,2.74,2.52,2.59,3.53,2.03,4.22,3.75,3.38,3.9,3.71,5.0,2.96,3.95,4.23,1.83
39-1013,First-Line Supervisors of Gambling Services Workers,base_00,4.28,3.38,4.85,3.78,4.9,4.4,2.48,2.55,3.64,4.6,3.64,1.85,2.06,2.57,1.03,1.33,1.05,1.6,1.0,4.42,1.21,1.22,4.42,3.69,4.24,3.59,4.34,4.54,4.35,1.03,1.02,4.84,1.36,3.55,1.25,1.63,2.44,4.46,2.12,2.12,1.05,1.6,1.82,3.14,1.87,4.23,2.85,3.94,3.73,4.0,1.42,1.07,4.29,4.73,3.47
39-1022,First-Line Supervisors of Personal Service Workers,base_00,3.64,3.67,5.0,4.7,4.0,3.77,1.75,1.99,4.81,4.43,2.5,1.79,3.13,1.98,1.82,1.64,1.0,2.17,1.02,4.26,1.99,1.0,4.53,4.57,4.51,4.52,4.66,4.73,3.54,2.97,1.59,4.72,2.45,2.8,2.78,1.33,1.27,3.96,2.39,2.7,1.28,1.58,2.78,2.88,3.12,3.04,2.5,2.75,4.84,4.4,2.92,1.87,4.92,4.83,3.61
39-2011,Animal Trainers,base_00,2.97,2.75,4.23,3.73,3.9,2.71,1.5,1.34,4.51,3.81,2.53,1.58,1.73,1.94,1.5,1.75,1.18,3.23,1.37,3.19,3.48,1.28,4.52,4.78,3.72,3.6,4.0,3.45,2.57,2.57,2.07,2.96,3.15,2.81,4.19,3.5,1.06,3.48,2.87,3.21,1.04,1.93,2.21,3.4,1.86,4.3,3.15,3.63,4.03,2.89,2.43,1.1,3.31,3.62,2.99
39-2021,Animal Caretakers,base_00,3.21,3.32,4.76,3.36,3.62,3.23,1.37,1.12,3.79,3.37,3.89,2.93,3.57,1.89,2.32,1.7,1.51,3.87,1.04,4.6,3.04,1.13,4.88,3.64,4.19,3.2,3.86,3.53,3.15,3.07,1.11,4.77,2.86,2.2,4.03,2.66,1.08,3.65,2.28,3.28,1.49,2.29,2.73,3.1,1.54,4.31,3.46,3.52,3.98,3.32,2.89,1.32,2.98,4.56,3.08
39-3011,Gambling Dealers,base_00,3.1,2.53,4.62,3.2,4.41,4.33,2.16,1.43,2.56,2.01,2.82,1.39,2.06,1.9,1.07,1.0,1.0,1.0,1.0,3.62,1.44,1.0,4.53,2.38,4.25,2.57,3.63,4.65,3.72,1.0,1.0,4.63,1.1,3.53,1.0,1.01,1.78,4.51,2.76,3.1,1.0,2.27,1.13,4.14,1.67,4.57,4.54,2.42,1.41,2.32,1.07,1.0,2.32,4.39,1.91
39-3012,Gambling and Sports Book Writers and Runners,base_00,2.45,2.1,4.62,3.15,4.14,3.34,1.41,2.76,3.23,1.51,3.22,1.3,1.49,2.24,1.0,1.12,1.05,1.14,1.0,3.68,1.21,1.0,4.21,3.06,3.3,2.98,3.53,4.34,4.28,1.0,1.0,4.71,1.33,3.09,1.0,1.0,2.57,4.4,2.82,2.42,1.08,1.6,1.36,4.04,2.07,3.96,3.96,3.23,2.74,2.71,1.78,1.0,2.69,4.44,2.06
39-3021,Motion Picture Projectionists,base_00,2.55,2.5,3.52,2.56,2.87,2.47,1.13,3.34,3.55,3.55,2.21,1.66,1.06,2.39,1.35,1.33,1.6,1.57,1.01,2.56,1.46,1.01,4.33,3.98,3.68,2.36,3.42,4.3,2.61,1.46,1.11,4.73,1.39,2.13,1.81,1.17,2.7,2.36,1.53,1.45,1.44,1.4,1.5,2.57,2.86,2.84,3.39,2.52,3.85,3.56,1.52,1.12,2.71,3.46,2.8
39-3031,"Ushers, Lobby Attendants, and Ticket Takers",base_00,3.32,1.72,4.86,3.14,4.54,3.93,2.61,2.19,2.67,2.28,2.19,1.22,1.64,2.03,1.08,1.13,1.85,1.97,1.53,3.89,1.96,1.01,4.69,3.68,3.28,1.84,3.08,3.74,2.91,1.17,1.0,4.78,1.4,1.8,1.63,1.28,1.88,4.26,1.97,2.05,1.07,1.24,1.3,3.31,2.04,4.12,2.95,3.19,3.7,2.46,1.65,1.0,1.96,3.95,2.37
39-3091,Amusement and Recreation Attendants,base_00,2.82,2.12,4.94,3.64,4.85,3.48,1.61,1.79,3.11,2.45,1.96,1.58,1.3,1.94,1.11,1.16,1.32,1.66,1.0,2.87,3.09,1.14,4.99,3.47,3.2,2.87,3.31,2.89,3.09,1.18,2.11,2.64,3.17,1.3,3.78,3.33,1.78,3.86,3.47,2.77,1.07,1.73,1.9,3.39,2.26,4.1,3.2,3.55,2.33,1.98,1.62,1.17,2.51,4.18,1.84
39-3092,Costume Attendants,base_00,2.59,2.18,4.47,3.82,2.75,2.42,1.29,1.51,4.14,3.84,3.39,2.58,1.3,2.78,1.77,1.8,1.44,2.81,1.0,3.06,1.24,1.05,4.73,4.2,3.53,2.87,3.33,4.08,3.18,2.01,1.0,4.78,2.11,2.52,1.46,1.39,1.72,4.05,1.76,2.76,1.46,1.33,2.17,3.67,3.02,3.16,4.86,2.51,3.48,4.21,1.98,1.53,3.68,4.83,2.63
39-3093,"Locker Room, Coatroom, and Dressing Room Attendants",base_00,2.76,1.69,4.73,3.06,4.42,3.46,1.39,1.65,3.63,1.18,2.82,1.22,1.5,1.25,1.17,1.28,1.01,1.57,1.2,1.99,1.69,1.02,4.43,3.87,3.31,3.31,2.88,3.22,2.78,1.06,1.14,4.7,1.47,1.56,1.65,1.3,1.25,3.56,1.19,2.63,1.1,1.53,1.89,3.38,1.96,4.16,3.97,3.25,3.54,3.24,1.78,1.15,2.98,3.95,2.11
39-4011,Embalmers,base_00,4.02,4.06,4.56,4.39,4.62,3.38,1.67,1.73,4.31,4.65,4.34,2.1,4.4,2.36,4.27,1.96,1.28,1.59,1.14,2.49,3.0,1.0,4.97,4.49,4.68,3.74,4.66,4.57,3.54,4.07,1.26,4.86,2.7,2.57,3.7,2.69,1.58,4.25,3.39,2.77,1.26,1.02,1.79,2.59,2.56,3.32,3.67,2.69,4.94,4.74,3.93,3.05,3.73,4.14,4.23
39-4021,Funeral Attendants,base_00,2.02,2.55,4.21,3.21,4.0,2.2,1.31,1.68,3.16,3.28,1.71,1.06,2.07,1.18,1.52,1.01,1.05,1.15,1.0,1.57,2.1,1.0,4.53,3.6,3.52,2.0,3.26,4.05,2.5,3.59,1.04,3.8,2.32,1.47,3.23,2.0,1.27,3.25,2.2,1.65,1.13,1.3,1.51,2.06,2.76,3.3,1.91,2.56,3.75,3.66,1.63,1.47,2.11,4.22,2.67
39-4031,"Morticians, Undertakers, and Funeral Arrangers",base_00,2.85,3.28,4.73,3.85,4.56,2.89,1.65,1.28,4.27,3.67,3.84,1.67,3.19,1.58,2.8,1.25,1.06,1.2,1.01,2.01,2.64,1.01,4.78,4.24,4.4,3.74,4.65,4.54,3.41,4.05,1.04,4.56,2.48,2.54,3.49,2.46,1.08,3.76,2.9,1.82,1.14,1.15,1.64,2.02,2.81,3.12,2.99,2.31,4.79,3.74,3.26,1.87,3.8,4.25,3.72
39-5011,Barbers,base_00,2.24,2.44,4.81,2.94,3.37,2.56,1.68,2.12,4.24,1.6,2.64,1.54,3.35,1.49,1.0,1.04,1.0,3.31,1.0,2.53,1.03,1.07,4.29,4.79,2.92,3.33,4.36,4.37,2.83,1.34,1.0,3.66,1.05,4.37,1.0,1.0,1.69,4.79,2.28,3.02,1.0,2.93,1.51,4.38,1.88,4.62,4.92,2.44,4.59,2.39,2.48,1.02,2.53,3.23,1.73
39-5012,"Hairdressers, Hairstylists, and Cosmetologists",base_00,2.64,2.26,4.82,3.42,4.48,2.71,1.07,1.6,4.7,2.2,3.19,1.07,2.28,1.22,2.26,1.18,1.0,2.94,1.0,2.23,1.18,1.08,4.83,4.76,3.86,3.52,3.72,4.27,3.61,1.0,1.0,4.41,1.2,3.57,1.0,1.0,1.49,4.69,1.85,3.97,1.0,2.21,1.88,4.71,1.77,4.61,5.0,2.63,4.97,3.41,3.45,1.0,2.94,3.91,2.19
39-5091,"Makeup Artists, Theatrical and Performance",base_00,2.48,2.43,4.62,3.19,3.05,2.67,1.33,1.29,4.15,4.79,2.67,3.25,1.81,3.6,1.86,1.95,1.48,2.19,1.0,3.29,3.19,1.15,4.86,4.15,3.19,4.48,3.3,3.9,2.38,2.1,1.38,4.29,3.52,4.3,3.67,3.57,1.33,4.95,1.95,3.24,1.33,2.1,1.86,3.76,2.29,4.05,4.48,2.62,4.2,4.5,2.38,1.7,3.19,4.57,3.05
39-5092,Manicurists and Pedicurists,base_00,1.44,1.69,4.5,2.88,2.4,1.95,1.18,1.07,3.46,1.25,4.65,1.24,2.07,1.23,1.82,1.0,1.0,2.49,1.0,1.28,1.01,1.0,3.84,3.9,2.03,3.55,1.96,3.78,1.85,1.0,1.0,4.17,1.0,2.56,1.0,1.0,1.68,4.58,1.11,2.42,1.0,1.09,1.35,4.54,4.05,2.1,4.04,1.59,2.9,2.23,3.45,1.08,2.91,3.47,1.64
39-5093,Shampooers,base_00,1.9,1.82,4.92,3.38,4.03,2.89,1.24,1.8,3.42,1.29,2.49,1.78,1.4,1.09,1.42,1.07,1.02,1.45,1.05,1.54,1.21,1.03,4.54,3.62,4.11,2.98,4.36,4.73,2.54,1.21,1.02,4.95,1.51,2.71,1.32,1.18,1.79,4.63,1.38,2.66,1.04,1.62,1.43,4.42,1.46,4.79,4.57,3.16,3.88,3.33,3.04,1.06,2.8,4.45,2.33
39-5094,Skincare Specialists,base_00,2.45,2.49,4.99,3.3,4.58,2.41,1.25,1.42,3.97,3.29,2.49,2.22,3.62,1.66,2.13,1.44,1.01,2.15,1.24,1.48,1.0,1.11,5.0,4.34,4.68,3.26,4.05,3.86,3.14,1.01,1.01,4.99,1.12,3.59,1.01,1.01,2.18,4.67,1.71,2.65,1.01,1.23,1.92,3.49,2.83,3.2,4.15,1.94,4.1,2.59,3.9,1.76,2.65,3.9,2.61
39-6011,Baggage Porters and Bellhops,base_00,2.98,3.01,4.41,3.27,4.35,3.64,1.67,1.91,3.83,2.71,2.66,1.6,1.38,2.36,1.0,1.49,1.35,2.01,1.0,2.77,2.95,1.42,4.15,4.33,3.9,3.72,3.51,3.29,3.12,4.75,1.48,4.73,2.57,1.98,4.78,3.48,1.99,4.13,1.55,2.58,1.1,2.34,1.7,2.54,1.79,4.18,3.06,4.01,4.23,2.38,1.54,1.3,3.28,4.28,1.95
39-6012,Concierges,base_00,3.14,1.95,4.73,3.5,4.27,3.27,1.82,2.0,4.5,5.0,1.76,1.36,1.29,1.41,1.18,1.09,1.23,1.32,1.0,2.73,1.55,1.05,4.82,4.41,3.23,3.05,3.27,3.76,2.45,2.05,1.27,4.64,1.77,2.77,1.57,1.64,1.09,3.64,2.91,1.77,1.23,1.68,1.68,2.24,2.91,3.36,2.18,2.45,4.91,3.86,1.41,1.09,3.18,4.0,3.81
39-7011,Tour Guides and Escorts,base_00,2.3,1.9,4.45,3.99,4.37,2.34,1.4,1.42,3.91,3.27,1.92,1.75,1.07,1.5,1.65,1.65,1.27,1.94,1.04,2.12,2.45,1.12,4.49,4.06,3.64,2.54,3.25,3.82,2.09,2.29,1.71,3.43,2.09,2.2,2.76,2.19,1.59,4.14,4.49,1.85,1.28,1.7,1.32,1.96,2.05,3.8,2.14,3.55,3.09,3.41,1.36,1.04,2.38,4.21,2.41
39-7012,Travel Guides,base_00,2.76,2.49,4.81,4.16,4.34,2.96,1.61,2.29,4.88,4.72,1.79,1.62,1.77,1.72,1.59,1.87,1.75,1.99,1.28,2.36,2.44,1.57,4.41,4.77,4.61,4.01,4.2,4.29,3.15,3.07,2.32,3.69,2.41,2.67,3.2,2.4,2.01,3.38,2.87,1.85,1.3,1.69,1.75,2.51,3.54,2.8,2.87,2.4,4.91,4.07,2.03,1.97,4.06,4.38,3.7
39-9011,Childcare Workers,base_00,3.29,3.065,4.57,3.285,2.675,2.925,1.9900000000000002,1.495,4.175000000000001,3.02,1.975,1.79,2.79,1.475,1.35,1.0,1.02,2.51,1.0,3.1449999999999996,1.905,1.0150000000000001,4.609999999999999,4.255000000000001,3.4,3.575,3.4850000000000003,3.27,2.565,2.785,1.02,3.92,1.4100000000000001,2.45,3.08,2.4400000000000004,1.13,4.414999999999999,1.585,3.19,1.06,1.9949999999999999,3.2,2.9,2.495,3.715,2.86,3.105,3.4000000000000004,3.185,2.08,1.0,3.0949999999999998,3.85,2.965
39-9031,Exercise Trainers and Group Fitness Instructors,base_00,2.67,2.48,4.76,3.71,4.38,2.95,1.45,1.48,4.33,4.14,2.19,1.7,2.05,2.14,1.0,1.14,1.1,1.71,1.0,3.62,2.1,1.14,4.76,4.62,3.76,3.57,3.75,2.95,3.1,1.52,1.33,5.0,2.29,3.57,2.29,1.86,1.43,4.19,3.67,3.76,1.05,3.35,2.52,3.62,1.86,4.45,3.48,3.52,3.62,2.95,1.43,1.21,2.33,3.52,2.57
39-9032,Recreation Workers,base_00,3.02,3.4,4.81,3.88,3.54,3.54,2.28,1.77,4.34,3.47,2.59,2.04,2.47,1.45,1.51,1.14,1.14,1.64,1.0,3.56,1.45,1.0,4.59,4.1,3.65,3.59,3.57,3.29,3.44,2.28,1.06,4.32,1.85,2.38,2.18,1.75,1.08,3.86,2.94,2.19,1.18,1.72,1.66,2.24,2.91,2.94,2.24,2.58,4.54,3.3,2.27,1.44,2.85,4.49,3.21
39-9041,Residential Advisors,base_00,4.13,3.48,4.57,3.62,3.43,3.42,2.55,1.55,4.09,4.6,1.52,1.38,1.97,1.81,1.11,1.03,1.03,1.53,1.02,2.77,2.04,1.02,4.49,3.85,3.55,4.18,3.67,3.52,3.24,2.78,1.25,3.81,1.59,2.32,2.86,2.19,1.02,3.46,2.81,1.45,1.03,1.41,1.38,1.84,3.19,2.75,1.94,2.83,4.19,3.67,2.48,1.37,3.78,4.33,2.9
41-1011,First-Line Supervisors of Retail Sales Workers,base_00,3.55,1.67,4.85,4.38,4.55,3.59,1.37,1.95,4.15,4.09,2.38,1.82,1.38,1.2,1.4,1.27,2.15,1.78,1.0,2.46,1.84,1.0,4.95,4.3,4.22,3.79,3.95,3.99,3.59,1.62,1.17,4.68,1.77,2.86,2.05,1.38,1.22,3.63,1.95,2.34,1.41,1.38,2.49,2.71,2.31,3.86,3.49,3.11,4.74,4.22,1.67,1.0,3.71,4.76,3.58
41-1012,First-Line Supervisors of Non-Retail Sales Workers,base_00,3.51,2.24,4.7,4.56,4.23,3.14,1.25,2.11,4.19,5.0,2.07,1.86,1.02,2.09,1.23,1.54,1.51,1.55,1.0,3.15,2.7,1.05,4.91,4.05,4.54,3.55,4.61,4.22,3.69,3.33,1.29,4.65,2.37,3.54,2.87,2.33,1.78,3.05,3.45,2.24,1.34,1.37,1.88,3.23,3.71,2.49,2.96,2.57,4.97,4.64,1.54,1.11,4.44,4.66,3.91
41-2011,Cashiers,base_00,2.43,1.93,4.96,3.51,3.72,4.11,1.74,1.82,3.2,2.76,2.19,1.74,1.72,1.61,1.0,1.43,1.13,1.28,1.0,2.94,1.8,1.03,4.56,3.45,4.06,2.68,3.09,3.9,3.34,1.5,1.0,3.92,1.61,2.29,2.21,1.92,1.86,3.35,2.83,2.73,1.16,1.76,2.23,3.22,1.98,4.08,3.55,2.6,4.53,3.06,1.66,1.0,2.82,4.02,2.17
41-2012,Gambling Change Persons and Booth Cashiers,base_00,3.35,2.55,4.87,2.82,4.28,4.61,2.27,2.03,3.26,1.85,3.56,1.61,2.08,2.1,1.48,1.36,1.0,1.66,1.0,4.55,1.25,1.2,4.71,3.11,4.23,2.58,4.23,4.84,4.46,1.0,1.36,4.05,1.14,2.86,1.36,1.37,1.99,3.8,1.86,2.76,1.01,1.81,1.62,4.56,1.85,4.43,3.17,2.72,4.0,3.38,1.5,1.0,2.63,3.67,2.99
41-2021,Counter and Rental Clerks,base_00,3.8,1.93,4.91,3.53,4.43,4.03,1.63,2.12,3.61,3.99,3.4,1.52,1.41,1.56,1.37,1.16,1.01,2.07,1.0,3.63,2.45,1.0,5.0,3.94,4.04,2.64,3.36,4.0,3.68,2.94,1.0,4.64,1.85,2.66,2.83,1.96,1.45,3.7,1.66,1.61,1.13,1.28,1.65,2.82,3.06,3.19,3.12,2.44,5.0,3.27,1.67,1.0,3.33,4.52,2.48
41-2022,Parts Salespersons,base_00,3.72,2.54,5.0,3.96,4.84,3.99,1.97,1.8,4.13,4.45,3.92,2.87,1.04,3.11,1.86,2.56,2.22,2.16,1.0,4.28,3.81,1.01,4.24,4.55,3.99,3.33,4.12,4.02,4.01,2.52,2.75,4.24,4.38,2.57,3.3,2.03,1.36,3.95,1.91,2.64,1.92,1.58,1.83,3.1,2.6,3.83,2.48,3.35,4.78,4.07,2.9,1.01,4.16,4.88,2.92
41-2031,Retail Salespersons,base_00,3.08,2.36,4.89,3.61,4.6,3.88,1.55,2.16,4.08,3.89,2.26,1.43,1.76,1.78,1.22,1.34,1.56,1.7,1.0,2.12,1.94,1.0,4.88,3.43,4.15,2.7,4.03,4.15,3.53,2.37,1.24,4.16,1.61,3.7,2.58,1.7,1.14,3.74,1.98,2.12,1.45,1.33,1.78,2.76,2.14,4.07,3.12,3.76,4.61,3.42,1.5,1.0,2.85,4.35,2.66
41-3011,Advertising Sales Agents,base_00,3.01,2.0,4.79,3.04,4.81,3.15,1.08,1.7,4.66,5.0,1.2,1.24,1.13,1.52,1.0,1.0,1.11,1.04,1.0,2.23,2.39,1.0,4.71,4.55,4.33,1.51,4.19,4.03,2.67,4.06,1.06,3.37,1.93,4.49,2.74,1.64,1.28,3.2,2.91,1.11,1.0,1.08,1.13,1.99,3.59,2.4,1.99,2.15,5.0,4.46,1.02,1.01,2.4,4.34,4.12
41-3021,Insurance Sales Agents,base_00,3.45,2.98,4.73,3.26,4.97,3.14,1.13,2.76,4.11,5.0,1.71,1.77,1.38,1.69,1.06,1.0,1.12,1.18,1.13,2.14,1.39,1.0,4.93,3.88,4.81,1.82,4.43,4.7,3.79,3.5,1.0,4.06,2.06,3.85,2.35,1.64,1.0,3.44,2.22,1.25,1.0,1.19,1.19,2.16,4.6,1.92,1.91,1.74,5.0,4.52,1.37,1.0,2.14,3.67,3.87
41-3031,"Securities, Commodities, and Financial Services Sales Agents",base_00,2.9,3.33,4.69,3.07,4.28,2.81,1.23,2.59,4.43,4.96,1.14,1.0,1.04,1.16,1.0,1.0,1.03,1.05,1.0,2.14,1.2,1.01,4.71,4.33,4.3,2.1,4.3,4.55,3.17,1.96,1.01,4.16,1.57,3.9,1.19,1.26,1.24,2.98,2.27,1.2,1.03,1.0,1.11,2.2,4.27,1.95,2.31,1.55,4.93,3.86,1.03,1.01,3.01,4.11,3.35
41-3041,Travel Agents,base_00,3.07,3.38,4.45,3.19,4.43,2.6,1.31,3.8,4.32,4.98,1.16,1.0,1.01,1.11,1.0,1.0,1.0,1.0,1.0,2.17,1.04,1.0,4.05,4.03,3.74,2.55,3.88,4.78,3.12,1.11,1.0,3.13,1.06,3.87,1.06,1.0,1.22,3.19,1.54,1.6,1.0,1.14,1.2,3.08,4.86,1.67,3.71,1.02,5.0,3.73,1.0,1.0,3.41,3.43,4.06
41-4011,"Sales Representatives, Wholesale and Manufacturing, Technical and Scientific Products",base_00,2.9850000000000003,2.635,4.76,3.82,4.375,2.925,1.2650000000000001,2.14,4.62,4.99,2.225,1.62,1.115,1.82,1.7349999999999999,1.7550000000000001,1.74,1.4100000000000001,1.13,2.8550000000000004,1.92,1.1,4.17,4.145,4.24,2.395,4.005,4.26,2.885,3.385,1.67,3.76,2.61,3.835,2.425,1.58,1.46,2.83,1.91,1.5550000000000002,1.29,1.19,1.275,2.0549999999999997,3.815,2.425,2.03,1.955,4.995,3.575,1.955,1.145,2.8449999999999998,4.415,3.305
41-4012,"Sales Representatives, Wholesale and Manufacturing, Except Technical and Scientific Products",base_00,3.31,1.88,5.0,4.32,4.91,3.58,1.11,2.43,4.61,4.77,3.03,1.66,1.07,1.74,1.07,1.33,1.09,1.52,1.0,2.17,2.53,1.0,4.65,4.51,4.72,2.29,4.32,3.75,3.44,4.33,1.5,4.63,1.69,4.04,2.74,1.17,1.14,3.07,2.08,2.31,1.17,1.4,1.88,2.49,3.35,2.74,2.38,2.52,4.99,3.78,1.82,1.0,3.22,4.91,3.37
41-9011,Demonstrators and Product Promoters,base_00,2.87,2.19,4.82,3.2,4.44,3.45,1.14,1.45,3.62,3.64,1.79,1.86,1.0,1.35,1.0,1.41,1.12,1.72,1.0,2.31,1.41,1.0,4.27,4.04,3.77,2.78,3.69,3.34,2.91,1.3,1.01,4.11,1.24,3.1,1.32,1.41,1.48,3.69,3.0,2.77,1.11,1.91,2.01,3.68,1.6,4.51,4.06,2.11,3.33,3.82,2.56,1.0,2.4,3.85,3.17
41-9012,Models,base_00,1.73,2.22,4.69,2.66,2.16,1.6,1.17,1.33,2.67,3.45,2.49,2.3,1.07,3.0,1.23,1.01,1.02,1.17,1.07,1.71,1.42,1.0,3.98,3.73,2.94,1.2,2.95,2.76,2.57,1.34,1.01,4.77,1.44,1.65,1.38,1.47,1.09,3.34,2.12,2.83,1.02,3.04,1.74,1.93,3.38,2.6,1.51,1.14,3.0,1.67,1.02,1.01,1.95,3.32,1.77
41-9021,Real Estate Brokers,base_00,3.14,3.15,4.69,3.9,4.46,3.2,1.24,2.7,4.84,5.0,1.48,1.16,1.22,1.6,1.29,1.03,1.33,1.07,1.0,2.06,2.51,1.03,4.78,4.89,4.59,2.23,4.39,4.03,3.04,4.63,1.21,4.75,2.27,4.6,3.87,2.01,1.37,3.16,2.76,1.11,1.03,1.08,1.1,1.92,3.67,2.37,1.92,1.93,5.0,3.92,1.13,1.0,3.16,4.26,4.16
41-9022,Real Estate Sales Agents,base_00,3.29,3.4,4.95,3.84,3.86,3.21,1.62,2.25,4.71,5.0,1.79,1.43,1.16,1.76,1.16,1.14,1.24,1.47,1.0,2.14,2.37,1.0,4.72,4.57,4.35,2.14,4.43,4.05,2.9,4.48,1.05,3.95,2.29,4.85,3.32,2.95,1.15,3.84,2.67,1.42,1.33,1.11,1.67,1.95,3.24,2.74,1.9,2.32,4.95,4.52,1.3,1.24,2.89,3.63,4.26
41-9031,Sales Engineers,base_00,2.95,2.66,4.56,4.01,4.57,2.31,1.0,1.62,4.42,5.0,1.35,1.06,1.0,1.16,1.39,1.68,1.03,1.0,1.0,1.87,1.18,1.06,4.46,4.46,4.56,2.69,4.48,3.97,2.93,1.89,1.18,4.65,1.57,3.72,1.18,1.4,1.11,2.13,2.69,1.08,1.0,1.06,1.06,2.06,3.72,2.05,1.56,1.53,4.87,4.02,1.82,1.03,3.56,4.19,2.76
41-9041,Telemarketers,base_00,2.51,1.88,4.88,2.54,4.45,4.17,1.25,3.09,3.43,3.82,1.34,1.22,1.0,1.4,1.0,1.0,1.05,1.0,1.0,3.86,1.4,1.0,3.62,3.53,3.25,2.2,3.2,4.58,4.17,1.14,1.05,4.51,1.21,3.94,1.28,1.09,1.94,3.38,1.79,1.23,1.0,1.0,1.02,3.54,4.85,1.54,3.47,1.29,4.93,3.74,1.0,1.0,2.44,3.28,2.49
41-9091,"Door-to-Door Sales Workers, News and Street Vendors, and Related Workers",base_00,2.54,1.46,4.48,2.92,4.7,2.71,1.25,1.88,4.75,4.48,1.46,1.46,1.29,1.62,1.17,1.17,1.08,1.5,1.04,1.83,1.71,1.0,4.14,4.79,2.92,1.67,2.58,2.96,2.04,2.79,1.0,2.83,1.83,3.21,1.62,1.79,1.04,3.67,3.7,1.54,1.04,1.26,1.25,1.79,2.96,3.08,2.43,1.71,4.55,3.04,1.38,1.0,2.21,3.05,3.14
43-1011,First-Line Supervisors of Office and Administrative Support Workers,base_00,3.44,2.92,4.7,4.07,4.0,3.15,1.24,2.33,4.41,4.55,1.73,1.11,1.37,1.12,1.16,1.15,1.18,1.14,1.0,2.39,1.21,1.03,4.93,4.03,3.96,2.61,3.97,4.23,3.07,1.3,1.01,3.83,1.35,2.94,1.21,1.09,1.1,2.89,2.04,1.5,1.05,1.11,1.22,3.17,4.3,2.14,2.39,1.68,4.93,4.04,1.4,1.04,4.36,4.53,3.6
43-2011,"Switchboard Operators, Including Answering Service",base_00,3.59,2.03,4.98,3.31,4.39,4.34,1.75,2.31,3.55,4.61,2.06,1.28,1.67,1.47,1.01,1.06,1.0,1.13,1.28,2.54,1.08,1.0,4.6,3.71,4.49,2.72,3.48,3.93,3.58,1.23,1.04,4.33,1.22,2.44,1.3,1.05,1.08,3.75,1.61,1.88,1.0,1.0,1.33,3.61,3.69,2.34,2.92,2.21,5.0,3.22,1.06,1.0,2.55,4.35,3.8
43-2021,Telephone Operators,base_00,3.14,2.32,5.0,3.92,4.68,3.9,1.72,2.63,3.69,4.48,1.68,1.06,1.42,1.65,1.0,1.0,1.0,1.0,1.42,3.52,1.61,1.42,4.6,3.72,4.18,3.27,3.74,4.17,3.86,1.0,1.0,4.27,1.02,2.7,1.0,1.08,2.69,2.9,2.69,2.28,1.0,1.44,1.0,4.11,3.82,2.46,3.48,1.7,5.0,3.69,1.64,1.08,3.12,4.67,2.97
43-3011,Bill and Account Collectors,base_00,3.57,3.1,4.9,3.34,3.97,4.63,1.38,2.86,3.37,3.96,1.46,1.0,1.31,1.06,1.0,1.03,1.01,1.17,1.0,2.96,1.12,1.0,3.8,3.24,4.27,2.25,4.16,4.04,4.3,1.5,1.0,4.83,1.09,3.52,1.17,1.0,1.09,2.79,1.77,1.29,1.0,1.0,1.01,2.66,4.64,1.76,2.12,1.69,4.62,3.9,1.0,1.0,2.61,3.5,3.75
43-3021,Billing and Posting Clerks,base_00,2.26,1.93,4.32,2.58,3.33,2.96,1.26,2.19,4.18,4.73,2.5,1.06,1.59,2.08,1.02,1.0,1.0,1.05,1.05,3.25,1.21,1.0,4.0,4.09,3.61,1.81,3.37,4.29,4.34,1.88,1.0,4.1,1.0,2.02,1.27,1.05,1.65,2.59,1.07,1.51,1.05,1.31,1.28,3.45,4.63,2.07,3.09,1.82,4.72,3.93,1.21,1.0,2.3,4.03,3.71
43-3031,"Bookkeeping, Accounting, and Auditing Clerks",base_00,2.99,2.44,4.48,3.38,3.61,2.68,1.09,2.36,3.8,4.92,1.5,1.45,1.17,1.44,1.0,1.01,1.02,1.02,1.0,3.21,1.54,1.0,4.55,3.75,3.92,2.05,3.68,4.68,4.65,1.53,1.0,4.81,1.34,2.76,1.4,1.11,1.28,2.77,1.89,1.51,1.0,1.02,1.21,4.14,4.46,2.07,2.96,1.98,4.79,3.87,1.11,1.0,2.97,3.92,3.79
43-3041,Gambling Cage Workers,base_00,3.22,3.98,4.96,3.63,4.6,4.07,1.63,2.36,3.0,2.4,2.78,1.34,1.6,2.0,1.0,1.0,1.0,1.11,1.0,3.73,1.51,1.0,3.88,3.26,3.98,3.01,3.86,4.97,4.84,1.0,1.0,4.93,1.25,2.94,1.29,1.02,2.34,4.06,1.95,2.55,1.04,1.56,1.67,4.11,2.33,4.05,4.23,2.72,3.34,4.07,1.14,1.0,3.05,4.28,2.97
43-3051,Payroll and Timekeeping Clerks,base_00,2.35,2.25,3.82,2.36,2.29,2.73,1.32,2.79,3.64,4.65,1.41,1.1,1.23,1.12,1.0,1.0,1.02,1.03,1.0,2.33,1.03,1.0,4.83,3.49,3.86,1.81,3.88,4.91,4.57,1.28,1.0,4.43,1.14,2.42,1.12,1.06,1.32,2.7,1.88,1.39,1.04,1.17,1.15,3.0,4.79,1.99,2.98,1.63,4.69,4.25,1.23,1.0,2.23,4.5,4.0
43-3061,Procurement Clerks,base_00,2.55,2.08,4.58,3.13,3.4,2.37,1.0,1.99,4.36,5.0,2.46,1.4,1.12,1.38,1.02,1.01,1.01,1.06,1.05,2.79,2.25,1.0,4.29,4.35,4.46,2.47,3.98,4.85,4.57,1.48,1.15,3.8,2.13,1.76,1.33,1.29,1.18,3.01,1.22,1.38,1.14,1.39,1.36,2.62,4.23,2.07,1.75,2.03,4.94,3.42,1.7,1.01,2.61,4.26,3.14
43-3071,Tellers,base_00,3.36,3.2,4.96,3.8,4.06,3.91,2.29,2.45,3.77,4.83,1.75,1.55,2.35,1.74,1.22,1.11,1.38,1.2,1.18,2.38,1.08,1.07,4.88,3.67,4.33,3.56,4.15,4.8,4.72,1.25,1.1,4.69,1.16,3.31,1.22,1.19,1.86,4.02,2.42,2.2,1.02,1.54,1.5,4.57,3.13,3.55,4.11,2.26,4.88,3.53,1.05,1.06,3.2,4.53,3.42
43-4011,Brokerage Clerks,base_00,3.21,3.16,4.84,3.12,4.44,2.82,1.11,3.28,4.11,5.0,1.74,1.28,1.03,1.31,1.0,1.0,1.0,1.0,1.11,3.43,1.15,1.0,4.67,3.88,3.89,1.41,3.87,4.73,4.51,1.0,1.0,4.54,1.0,2.81,1.0,1.0,1.71,3.71,1.32,1.31,1.0,1.11,1.08,3.44,4.11,2.36,3.21,1.73,5.0,4.61,1.0,1.0,2.69,4.35,2.76
43-4021,Correspondence Clerks,base_00,3.17,2.39,4.79,3.32,3.82,3.04,1.17,3.04,4.59,5.0,1.24,1.1,1.21,1.1,1.0,1.0,1.0,1.0,1.05,3.29,1.0,1.0,4.76,4.16,3.94,2.61,4.0,4.52,4.6,1.19,1.0,4.3,1.0,2.41,1.05,1.0,1.84,2.96,1.49,1.67,1.0,1.36,1.21,3.62,4.63,1.97,2.45,1.98,4.74,3.83,1.19,1.0,3.15,4.38,4.04
43-4031,"Court, Municipal, and License Clerks",base_00,3.2,2.62,4.79,3.44,4.41,3.88,2.02,2.57,4.21,4.65,1.66,1.59,1.29,1.46,1.03,1.01,1.0,1.17,1.01,2.49,1.31,1.01,4.74,3.88,3.63,2.65,3.49,4.36,4.24,1.26,1.02,4.21,1.2,2.05,1.19,1.13,1.43,3.27,2.34,2.04,1.08,1.28,1.41,3.53,4.24,2.26,3.04,1.81,4.85,4.08,1.12,1.0,2.62,4.2,4.24
43-4041,"Credit Authorizers, Checkers, and Clerks",base_00,4.13,3.16,4.88,3.77,4.66,3.84,1.4,2.97,4.53,4.82,1.71,1.58,1.01,2.94,1.0,1.17,1.0,1.26,1.0,3.15,1.8,1.07,4.7,4.38,4.51,2.58,4.52,4.7,4.33,1.42,1.0,4.12,2.04,3.24,1.15,1.14,1.33,3.48,1.63,1.59,1.0,1.06,1.28,3.88,4.67,1.86,2.34,1.88,5.0,4.67,1.02,1.0,3.73,4.63,4.5
43-4051,Customer Service Representatives,base_00,3.32,2.16,4.85,3.6,4.79,4.21,1.71,2.26,3.37,4.33,1.44,1.08,1.68,1.11,1.25,1.16,1.43,1.26,1.0,2.65,1.21,1.02,3.61,3.05,3.89,2.36,3.86,4.53,4.45,1.15,1.12,4.83,1.2,2.91,1.29,1.12,1.4,3.24,1.65,2.12,1.08,1.13,1.52,4.2,4.0,3.23,3.99,1.94,5.0,4.55,1.48,1.06,2.91,4.03,2.57
43-4061,"Eligibility Interviewers, Government Programs",base_00,2.38,2.67,4.42,3.01,4.28,2.96,1.63,1.96,3.65,5.0,1.35,1.0,1.17,1.08,1.05,1.0,1.0,1.0,1.0,2.41,1.15,1.0,3.95,3.63,4.37,2.71,3.77,4.64,4.36,1.61,1.0,3.96,1.26,2.26,1.38,1.16,1.16,2.6,1.83,1.53,1.0,1.09,1.18,3.54,4.68,1.88,3.02,1.63,4.75,4.28,1.36,1.38,2.76,4.25,4.08
43-4071,File Clerks,base_00,2.86,2.91,4.65,3.19,3.89,2.88,1.43,2.02,3.76,4.21,1.44,1.14,1.58,1.06,1.09,1.0,1.07,1.24,1.19,1.98,1.12,1.0,4.78,3.43,3.2,2.45,2.92,4.16,4.06,1.19,1.05,4.02,1.22,1.9,1.19,1.16,1.83,2.97,1.66,1.77,1.09,1.1,1.79,3.06,4.18,2.37,2.58,2.49,5.0,4.15,1.52,1.17,2.63,4.11,3.39
43-4081,"Hotel, Motel, and Resort Desk Clerks",base_00,3.81,2.3,4.95,3.97,4.72,4.27,1.84,2.64,3.98,4.67,1.56,1.15,1.1,1.22,1.0,1.15,1.15,1.17,1.17,2.56,1.31,1.16,4.84,4.2,4.31,3.29,3.95,4.14,3.88,1.42,1.2,4.37,1.16,2.63,1.42,1.25,1.45,3.54,2.43,2.15,1.05,1.69,1.34,3.79,2.26,3.95,3.28,2.3,4.84,3.2,1.38,1.0,3.77,4.8,3.73
43-4111,"Interviewers, Except Eligibility and Loan",base_00,3.8,2.34,5.0,3.85,4.36,3.97,1.98,2.63,3.76,4.92,2.74,2.5,3.48,2.5,1.41,1.03,1.0,1.28,1.01,4.14,1.27,1.13,4.78,3.76,4.13,3.53,4.14,4.67,4.63,1.42,1.0,4.23,1.33,3.08,1.28,1.28,1.93,4.16,2.14,1.87,1.0,1.24,1.75,3.91,4.59,1.81,2.92,2.0,4.73,4.2,1.16,1.09,3.55,4.92,3.36
43-4121,"Library Assistants, Clerical",base_00,3.12,1.55,4.54,3.28,3.84,3.15,1.37,2.26,4.0,4.77,1.86,1.23,2.35,2.0,1.01,1.0,1.13,1.63,1.0,3.05,1.31,1.0,4.82,3.9,3.9,2.65,3.49,4.17,3.7,1.1,1.01,4.44,1.67,2.44,1.45,1.3,1.49,3.9,2.78,2.76,1.35,1.33,2.16,3.52,3.12,2.78,3.51,2.5,4.58,3.38,1.43,1.1,2.68,4.35,3.38
43-4131,Loan Interviewers and Clerks,base_00,3.63,2.43,4.97,3.74,4.73,3.72,1.27,2.96,4.46,4.32,1.85,1.12,1.66,1.08,1.0,1.03,1.0,1.01,1.02,2.73,1.01,1.0,4.64,4.42,4.62,2.25,4.07,4.7,4.31,1.91,1.0,4.91,1.25,3.99,1.05,1.04,1.51,2.78,2.16,1.52,1.0,1.0,1.24,3.15,4.69,2.0,2.85,1.82,5.0,4.53,1.0,1.0,3.6,4.11,4.53
43-4141,New Accounts Clerks,base_00,3.08,3.07,4.89,3.83,4.47,3.25,1.31,3.05,3.46,4.87,1.75,1.34,1.1,1.63,1.0,1.0,1.0,1.0,1.0,2.54,1.0,1.0,4.69,3.32,3.96,2.41,3.85,4.67,4.43,1.0,1.0,4.16,1.14,3.02,1.46,1.16,1.1,3.86,1.8,2.46,1.0,1.08,1.49,3.58,3.42,2.97,3.32,2.62,4.9,3.97,1.0,1.0,2.68,4.1,3.48
43-4151,Order Clerks,base_00,2.81,1.61,4.32,3.67,4.01,2.96,1.21,2.48,4.39,4.78,2.27,1.42,1.0,1.88,1.63,1.25,1.47,1.02,1.0,3.46,1.49,1.0,4.6,3.81,3.52,2.61,3.34,4.11,3.47,1.93,1.04,4.98,1.56,2.54,1.65,1.0,1.61,3.48,1.32,2.05,1.02,1.17,1.13,3.14,4.19,2.45,1.64,2.33,4.53,4.16,2.32,1.45,3.39,4.01,3.1
43-4161,"Human Resources Assistants, Except Payroll and Timekeeping",base_00,3.76,2.27,4.91,3.89,3.99,3.5,1.94,2.55,4.22,5.0,1.84,1.28,1.54,1.45,1.05,1.05,1.03,1.29,1.0,2.29,1.22,1.02,4.53,3.98,3.41,2.91,3.73,4.72,4.36,1.33,1.0,3.75,1.38,2.91,1.06,1.02,1.13,3.13,1.77,1.63,1.02,1.04,1.52,3.46,4.27,2.08,2.44,2.1,4.93,4.27,1.12,1.0,3.12,4.63,3.51
43-4171,Receptionists and Information Clerks,base_00,3.25,1.96,4.88,2.67,4.32,3.45,1.57,2.32,3.86,4.49,2.43,1.08,2.88,1.01,1.0,1.0,1.0,1.32,1.0,2.82,1.21,1.0,4.38,3.95,4.56,1.92,4.3,3.72,3.74,1.02,1.0,4.34,1.12,1.51,1.02,1.01,1.47,3.3,2.05,1.93,1.0,1.3,1.48,3.79,4.06,2.39,3.64,2.05,5.0,2.71,1.27,1.07,2.16,4.13,2.99
43-4181,Reservation and Transportation Ticket Agents and Travel Clerks,base_00,3.64,3.45,4.99,3.23,4.62,4.02,1.54,3.61,2.68,3.13,3.04,1.24,1.49,1.54,1.04,1.21,1.16,1.82,1.06,3.82,2.04,1.0,4.6,4.05,4.61,2.64,3.97,4.68,4.92,2.17,1.71,4.75,1.15,2.24,2.94,1.12,2.62,4.24,3.47,1.89,1.0,1.9,1.44,3.52,3.03,3.26,3.04,2.56,4.56,4.49,2.76,1.16,2.35,4.44,2.7
43-5011,Cargo and Freight Agents,base_00,3.3499999999999996,3.01,4.585000000000001,3.235,3.935,3.545,1.5499999999999998,2.0300000000000002,3.97,4.62,1.9249999999999998,1.295,1.185,1.6800000000000002,1.42,1.76,1.3900000000000001,1.33,1.25,2.56,2.05,1.62,4.455,3.865,3.9749999999999996,2.545,3.83,4.0,3.58,1.93,1.51,4.21,1.935,3.465,1.7599999999999998,1.51,1.9849999999999999,3.08,2.1,1.7349999999999999,1.4449999999999998,1.335,1.625,2.59,4.355,1.94,2.795,1.73,4.775,4.455,2.13,1.69,3.5,4.01,3.42
43-5021,Couriers and Messengers,base_00,2.98,2.73,4.69,3.01,3.37,3.42,2.35,2.37,4.15,4.42,3.81,1.85,3.92,3.01,2.0,1.4,1.2,2.69,1.82,2.86,2.76,1.18,4.72,4.79,3.44,3.52,3.33,4.14,3.48,4.07,2.21,3.93,2.49,2.98,3.65,1.63,1.44,2.81,1.62,2.07,1.21,1.38,1.85,3.7,4.23,2.43,3.64,2.68,4.96,4.71,3.47,1.0,3.44,4.11,3.14
43-5031,Public Safety Telecommunicators,base_00,4.68,3.81,4.99,3.95,4.99,4.71,3.33,2.13,3.8,4.71,2.7,1.04,1.38,2.26,1.03,1.01,1.01,1.02,1.02,3.59,1.04,1.0,4.17,4.33,4.78,3.72,4.73,4.82,4.87,1.06,1.02,5.0,1.16,2.41,1.03,1.03,1.79,2.78,1.18,1.14,1.01,1.01,1.02,4.38,4.99,1.74,4.61,1.41,5.0,4.22,1.02,1.0,3.66,4.82,3.5
43-5032,"Dispatchers, Except Police, Fire, and Ambulance",base_00,3.86,2.3,4.92,4.79,3.86,4.44,1.91,2.43,4.29,4.61,2.21,1.46,1.11,1.5,1.34,1.37,1.28,1.34,1.01,2.62,1.76,1.27,4.97,4.51,4.85,4.25,4.7,4.58,4.5,3.25,1.34,3.72,2.03,3.01,2.12,1.39,2.0,3.48,1.7,1.73,1.17,1.32,1.4,3.83,4.18,2.29,3.38,2.14,5.0,4.48,1.71,1.31,4.69,4.69,3.93
43-5041,"Meter Readers, Utilities",base_00,3.26,3.0,3.76,3.4,4.06,3.92,2.44,2.63,3.57,2.18,4.18,3.52,2.08,4.0,2.7,3.54,1.88,3.49,1.65,3.77,4.64,2.2,3.58,3.82,3.83,3.63,3.61,4.33,3.9,4.39,2.24,1.62,3.03,2.42,5.0,1.37,3.12,2.46,1.39,3.82,1.73,2.83,3.42,4.09,2.42,3.79,4.57,3.64,3.77,3.97,3.86,1.28,3.42,3.91,2.4
43-5051,Postal Service Clerks,base_00,3.45,2.28,4.61,2.98,4.43,3.96,2.1,2.57,2.91,2.69,3.19,2.71,1.69,2.16,1.56,1.79,1.21,2.07,1.13,3.8,1.69,1.29,3.73,3.13,3.48,2.96,3.58,4.28,3.96,1.63,1.36,4.44,2.07,2.17,1.8,1.75,1.77,4.28,1.92,3.34,1.08,1.49,2.04,3.97,1.84,4.34,3.86,2.83,3.89,3.67,2.05,1.01,3.0,4.06,2.55
43-5052,Postal Service Mail Carriers,base_00,2.73,2.93,3.78,1.96,4.05,3.01,1.44,2.42,2.67,1.22,3.18,1.78,1.33,2.75,1.33,1.83,1.01,3.16,1.04,3.07,4.06,1.0,4.24,3.38,3.93,2.69,3.73,4.5,4.26,4.77,2.15,4.1,2.99,2.24,4.91,2.31,1.13,3.29,1.5,3.36,1.01,1.85,1.71,4.64,2.71,3.48,4.18,3.12,2.6,4.12,2.06,1.0,1.75,2.87,2.47
43-5053,"Postal Service Mail Sorters, Processors, and Processing Machine Operators",base_00,2.95,2.33,3.8,3.02,1.41,3.43,1.47,3.73,3.1,1.74,4.11,2.45,1.19,2.16,1.21,2.51,1.05,2.6,1.02,4.4,1.77,1.0,4.25,3.24,3.36,3.11,3.09,4.04,3.66,1.14,1.07,4.99,2.02,2.57,1.37,1.26,3.93,3.5,1.29,3.66,1.08,1.78,2.49,4.54,1.85,4.31,4.51,3.75,1.93,4.69,3.6,1.01,2.55,4.04,2.09
43-5061,"Production, Planning, and Expediting Clerks",base_00,3.07,3.19,4.29,3.56,3.46,2.91,1.4,1.91,4.41,4.52,2.31,1.12,1.04,1.61,1.29,1.69,1.05,1.08,1.42,3.52,2.12,1.08,4.92,4.59,4.23,3.07,4.03,4.46,3.48,1.44,1.61,4.25,2.33,2.42,1.9,1.27,3.39,2.75,2.18,1.63,1.16,1.04,1.27,3.19,4.15,2.19,2.83,2.17,4.76,4.55,4.23,1.19,3.34,4.72,2.98
43-5071,"Shipping, Receiving, and Inventory Clerks",base_00,3.32,2.46,4.48,3.96,4.19,2.86,1.25,2.74,4.37,4.83,2.47,1.74,1.17,1.97,1.9,1.63,1.62,2.77,1.02,2.96,2.79,1.49,4.86,4.14,3.48,4.07,3.36,4.44,4.37,1.82,1.58,2.61,4.55,3.03,2.17,1.46,3.08,2.82,1.64,2.73,1.89,1.58,2.25,2.7,2.91,3.25,3.2,3.05,4.45,4.57,3.54,1.73,4.02,4.26,3.27
43-5111,"Weighers, Measurers, Checkers, and Samplers, Recordkeeping",base_00,2.87,3.01,4.42,3.55,3.24,2.58,1.26,2.34,3.52,3.13,3.09,1.89,1.04,2.91,2.09,3.45,1.94,2.07,1.03,3.98,3.44,1.49,4.61,3.52,3.11,3.54,3.05,4.52,4.17,1.86,1.78,3.62,2.73,2.09,1.65,1.81,3.8,3.33,2.48,2.87,1.5,1.9,1.77,3.41,2.36,3.83,4.19,2.95,3.7,4.26,4.03,1.47,3.02,4.11,2.68
43-6011,Executive Secretaries and Executive Administrative Assistants,base_00,2.89,2.07,4.7,4.23,3.86,2.54,1.23,2.06,4.68,4.96,1.84,1.15,1.32,1.39,1.01,1.0,1.01,1.09,1.0,2.68,1.3,1.0,4.65,4.26,3.26,2.11,3.35,4.5,3.83,1.21,1.0,4.36,1.13,2.41,1.15,1.15,1.13,2.55,1.41,1.59,1.0,1.08,1.19,3.28,4.42,1.96,3.43,1.85,4.99,3.86,1.07,1.0,2.32,4.6,4.07
43-6012,Legal Secretaries and Administrative Assistants,base_00,2.74,2.44,4.38,2.9,3.56,3.06,1.41,1.94,3.82,5.0,1.48,1.17,1.0,1.39,1.0,1.0,1.0,1.06,1.0,3.39,1.22,1.0,4.06,3.61,3.38,2.42,3.3,4.43,4.19,1.75,1.0,3.8,1.1,1.92,1.02,1.08,1.53,2.48,1.33,1.55,1.17,1.09,1.42,3.06,4.14,2.41,2.56,2.26,4.25,4.01,1.0,1.0,1.92,3.71,3.94
43-6013,Medical Secretaries and Administrative Assistants,base_00,3.45,2.09,4.73,3.89,3.6,3.93,1.53,2.11,4.04,4.83,1.87,1.58,3.42,1.22,1.05,1.02,1.0,1.02,1.45,2.25,1.09,1.0,4.84,3.81,3.51,2.76,3.52,4.53,4.6,1.07,1.0,4.04,1.0,2.35,1.0,1.0,1.39,3.34,2.21,1.68,1.0,1.09,1.2,3.04,4.59,1.81,3.43,1.69,4.9,3.95,1.81,1.37,3.0,4.4,4.15
43-6014,"Secretaries and Administrative Assistants, Except Legal, Medical, and Executive",base_00,3.02,2.1,4.87,3.67,3.98,3.35,1.4,1.79,4.28,4.76,1.66,1.24,2.16,1.45,1.02,1.02,1.0,1.11,1.0,2.69,1.17,1.0,4.65,3.78,3.47,2.39,3.6,4.22,4.3,1.42,1.02,4.01,1.07,2.31,1.36,1.07,1.19,2.7,1.58,1.53,1.06,1.21,1.15,3.03,4.57,1.98,2.91,1.95,4.93,4.09,1.04,1.0,2.97,4.59,4.23
43-9021,Data Entry Keyers,base_00,2.78,3.04,4.24,2.75,2.34,3.15,1.28,2.85,4.25,4.3,1.89,1.78,1.45,1.44,1.0,1.0,1.0,1.36,1.0,3.13,1.0,1.0,4.44,4.52,3.33,2.42,3.32,4.87,4.81,1.0,1.0,4.1,1.0,2.89,1.0,1.0,1.85,3.26,1.46,1.73,1.0,1.0,1.08,4.58,4.89,1.49,2.96,2.02,4.18,4.21,1.0,1.0,2.92,4.05,2.29
43-9022,Word Processors and Typists,base_00,2.96,2.16,4.69,3.71,4.46,3.47,1.94,2.33,4.26,4.86,2.1,1.41,1.86,1.51,1.0,1.0,1.0,1.15,1.02,2.65,1.54,1.0,4.61,3.67,2.6,2.46,2.72,4.68,4.62,1.33,1.12,4.11,1.08,2.94,1.06,1.09,1.52,2.86,1.34,1.61,1.12,1.06,1.44,4.16,4.9,1.83,2.76,1.97,5.0,3.96,1.0,1.0,2.5,4.05,3.7
43-9031,Desktop Publishers,base_00,2.5,2.28,4.14,3.06,3.08,2.1,1.0,2.24,4.04,5.0,1.64,1.03,1.02,1.23,1.08,1.14,1.0,1.17,1.0,2.9,1.34,1.0,4.69,3.9,3.14,1.7,2.9,4.43,3.26,1.51,1.0,4.76,1.02,2.31,1.48,1.09,1.45,3.02,1.51,1.19,1.0,1.12,1.04,3.55,4.63,1.55,3.75,1.52,4.06,4.52,1.0,1.0,2.66,3.9,2.39
43-9041,Insurance Claims and Policy Processing Clerks,base_00,2.82,2.32,4.33,3.03,3.58,3.04,1.27,3.19,4.15,5.0,1.03,1.19,1.01,1.26,1.0,1.0,1.0,1.0,1.0,2.67,1.08,1.01,3.87,3.76,3.79,2.12,3.6,4.52,4.48,1.16,1.0,4.42,1.19,2.61,1.04,1.01,1.62,2.88,1.35,1.18,1.0,1.0,1.21,3.88,4.89,1.54,2.89,1.48,4.82,3.94,1.0,1.0,2.43,4.05,4.07
43-9051,"Mail Clerks and Mail Machine Operators, Except Postal Service",base_00,2.81,3.46,4.63,3.39,3.64,3.41,1.32,2.96,4.38,4.72,2.12,1.33,1.03,1.82,1.16,1.77,1.0,1.3,1.01,2.39,1.74,1.0,4.49,4.04,4.7,3.2,4.1,4.48,4.25,1.39,1.04,4.97,2.09,2.96,1.16,1.01,3.41,3.9,2.04,3.0,1.02,1.61,1.95,3.98,3.26,3.84,4.29,3.0,4.86,4.11,1.51,1.14,3.73,4.34,3.66
43-9061,"Office Clerks, General",base_00,2.74,2.43,4.73,3.37,4.29,3.09,1.64,2.1,3.72,4.76,2.2,1.42,2.12,1.38,1.06,1.16,1.06,1.22,1.03,2.87,1.31,1.03,4.63,3.28,3.08,2.45,3.75,4.6,4.22,1.26,1.06,4.66,1.17,2.09,1.16,1.06,1.45,3.57,1.83,1.81,1.03,1.23,1.37,3.64,4.38,2.19,3.03,2.17,4.88,3.77,1.29,1.06,2.74,4.46,3.66
43-9071,"Office Machine Operators, Except Computer",base_00,2.25,1.95,4.06,3.32,3.67,2.66,1.08,2.42,3.29,4.53,2.51,1.27,1.16,1.16,1.56,1.28,1.11,1.49,1.16,3.01,1.16,1.16,3.82,3.61,2.85,2.15,2.77,3.77,3.19,1.28,1.16,3.93,1.39,2.14,1.73,1.24,3.21,3.22,1.28,1.99,1.16,1.3,1.49,2.68,2.56,3.25,2.98,2.22,4.12,4.38,1.69,1.08,2.93,3.78,2.97
43-9081,Proofreaders and Copy Markers,base_00,2.39,2.19,4.73,3.04,2.6,2.22,1.0,2.41,3.22,4.7,1.81,1.12,1.01,1.25,1.0,1.0,1.0,1.0,1.0,3.78,1.25,1.0,4.24,3.99,3.59,1.28,2.66,4.89,4.67,1.29,1.0,4.74,1.13,1.97,1.21,1.08,1.02,3.12,1.31,1.17,1.0,1.0,1.01,4.48,4.85,1.46,3.74,1.47,3.65,4.7,1.0,1.0,2.37,4.53,2.38
43-9111,Statistical Assistants,base_00,2.28,2.29,4.02,3.45,3.0,2.66,1.13,2.65,3.97,4.99,1.35,1.75,1.27,1.95,1.12,1.04,1.0,1.04,1.0,2.92,1.38,1.0,4.73,4.03,3.22,2.0,3.46,4.46,3.44,1.41,1.0,4.39,1.6,2.99,1.22,1.22,1.11,2.81,2.19,1.17,1.0,1.11,1.12,3.66,4.79,1.68,1.79,1.79,4.39,3.63,1.07,1.0,2.78,4.09,2.77
45-1011,"First-Line Supervisors of Farming, Fishing, and Forestry Workers",base_00,2.75,3.44,4.34,3.6,3.23,2.57,1.42,2.2,4.12,3.66,3.75,2.35,1.4,2.53,2.36,3.23,2.22,3.21,1.25,3.28,3.84,2.05,4.64,4.45,4.2,3.98,4.08,3.96,2.97,4.27,3.22,3.39,3.17,2.93,4.49,3.1,2.56,2.87,2.15,2.82,1.88,2.0,2.06,3.03,2.66,3.2,3.55,2.84,4.56,3.88,3.83,2.23,4.24,4.13,2.84
45-2011,Agricultural Inspectors,base_00,2.76,3.11,4.61,3.61,4.29,3.16,1.67,2.36,3.96,3.56,4.1,2.43,1.72,2.47,2.23,2.25,2.1,2.69,1.12,3.97,3.7,1.1,4.34,4.17,3.93,3.43,4.18,4.62,3.92,2.67,1.12,3.93,3.84,2.51,3.92,3.34,2.79,3.7,1.67,3.08,1.79,1.93,1.67,3.41,2.74,3.63,3.64,3.27,4.0,3.9,3.68,1.77,3.41,3.96,2.82
45-2021,Animal Breeders,base_00,1.65,3.67,3.33,1.58,2.88,1.5,1.16,1.31,4.76,2.95,3.1,2.22,2.07,1.99,1.55,1.41,1.14,2.95,1.13,1.86,2.54,1.13,3.14,4.94,3.16,2.56,3.42,3.34,2.3,3.16,2.55,1.68,3.08,3.06,4.25,3.62,1.27,2.3,1.33,2.83,1.18,1.8,2.54,3.25,2.31,3.45,2.85,2.86,3.46,2.44,2.93,1.03,2.72,2.77,1.94
45-2041,"Graders and Sorters, Agricultural Products",base_00,2.33,2.21,3.6,2.35,1.75,2.71,1.18,2.32,2.62,1.76,2.7,1.32,1.26,1.46,1.12,1.53,1.71,1.54,1.04,2.56,2.1,1.0,4.57,2.91,3.07,2.58,2.99,3.57,2.03,1.38,1.54,4.32,1.65,2.39,1.65,1.65,4.04,4.36,1.49,2.79,1.78,1.65,1.41,4.42,1.37,4.65,4.46,2.47,1.79,4.18,4.15,1.7,3.0,3.79,1.59
45-2091,Agricultural Equipment Operators,base_00,2.2,2.76,3.68,2.85,1.88,1.86,1.62,2.04,3.87,2.22,3.65,1.35,1.16,1.5,1.37,2.41,1.12,2.37,1.12,2.17,3.9,1.56,4.17,3.18,2.72,2.98,3.04,3.72,2.41,4.07,3.68,2.12,2.54,2.99,4.3,3.12,3.59,2.57,1.42,2.1,1.23,1.65,1.93,2.11,3.12,2.94,3.41,2.88,3.44,3.4,3.13,1.57,3.13,3.79,1.82
45-2092,"Farmworkers and Laborers, Crop, Nursery, and Greenhouse",base_00,1.84,2.59,3.48,2.8,2.39,2.53,1.34,1.87,3.3,1.97,3.02,1.82,1.29,2.18,1.76,2.6,2.23,3.22,1.38,2.4,3.77,1.36,4.62,3.04,2.41,3.02,2.85,3.27,2.23,2.93,2.93,2.19,2.95,2.59,4.45,2.7,2.81,3.03,1.54,3.59,1.65,2.15,2.92,3.97,1.59,3.61,3.85,3.57,2.38,3.74,3.12,1.5,2.84,3.43,1.35
45-2093,"Farmworkers, Farm, Ranch, and Aquacultural Animals",base_00,2.42,3.09,4.12,3.04,3.07,2.25,1.35,1.82,3.93,2.38,4.3,1.69,2.51,3.1,1.51,2.08,1.36,3.61,1.04,3.52,3.85,1.64,4.19,3.97,3.57,3.55,3.23,3.37,2.76,3.63,3.12,1.49,3.03,2.12,4.12,3.74,1.52,3.57,1.16,2.96,1.15,2.14,1.68,3.0,1.84,4.13,3.18,3.89,3.98,2.37,2.56,1.33,3.12,3.65,1.52
45-3031,Fishing and Hunting Workers,base_00,2.67,3.26,4.1,3.15,3.19,2.35,1.48,1.45,3.81,3.48,2.75,2.52,2.2,4.05,2.15,2.57,2.1,3.75,1.19,3.63,3.95,1.85,4.42,4.4,3.32,3.38,3.45,3.24,2.5,2.85,3.42,1.5,3.6,3.95,4.89,3.05,2.0,3.61,2.24,3.26,1.62,3.4,2.43,3.6,2.19,4.0,3.86,3.05,3.95,3.05,4.05,1.95,3.15,3.25,2.5
45-4011,Forest and Conservation Workers,base_00,2.25,3.38,4.32,3.95,3.91,2.35,1.36,1.34,4.2,4.89,3.94,1.87,1.56,2.63,2.91,3.69,1.54,4.4,1.0,3.52,4.05,2.62,4.78,4.21,4.09,3.84,3.94,3.37,2.54,4.57,2.7,3.02,4.02,3.05,4.7,2.68,2.18,3.05,2.39,2.62,1.53,2.49,2.22,2.85,2.53,3.39,3.08,3.26,4.58,3.0,4.31,2.1,3.5,4.33,3.13
45-4021,Fallers,base_00,1.77,3.44,2.84,2.88,1.84,1.62,1.09,1.47,4.59,1.33,4.31,3.06,1.05,2.45,2.56,4.88,1.92,3.84,1.0,3.66,3.41,4.2,3.79,4.82,4.26,3.76,4.26,4.1,2.53,2.56,2.52,1.1,1.66,3.02,4.94,1.3,2.76,1.29,1.27,4.13,1.67,3.42,3.33,3.72,1.78,4.4,4.84,4.02,2.72,2.83,4.97,1.85,2.48,3.38,1.27
45-4022,Logging Equipment Operators,base_00,2.39,4.08,4.13,3.04,2.49,2.96,1.6,2.15,3.83,1.94,3.64,2.27,1.0,2.53,1.37,3.67,2.4,2.76,1.0,3.82,2.92,3.93,4.42,4.03,4.55,4.43,4.42,3.79,3.7,4.87,3.09,1.87,1.92,2.86,4.23,2.01,4.45,1.55,1.4,2.4,1.7,1.34,1.43,4.09,4.36,2.0,4.98,1.85,4.04,3.19,4.59,1.44,3.89,4.36,2.32
45-4023,Log Graders and Scalers,base_00,2.66,2.99,3.8,3.01,3.29,2.47,1.05,2.02,3.77,2.98,3.66,1.84,1.04,2.33,1.34,3.98,1.79,3.01,1.03,3.68,3.92,1.81,4.55,4.35,4.63,3.13,4.19,4.12,3.66,3.42,2.49,2.19,3.54,2.73,4.96,2.4,3.45,2.9,1.63,2.75,1.32,1.94,2.39,3.58,3.04,3.35,4.26,3.07,3.53,3.81,4.83,1.72,2.99,3.5,2.49
47-1011,First-Line Supervisors of Construction Trades and Extraction Workers,base_00,3.33,3.42,4.904999999999999,4.225,3.845,3.06,1.36,1.6800000000000002,4.41,4.68,3.74,2.66,1.05,3.175,3.34,3.7699999999999996,3.375,3.315,1.1,3.705,4.140000000000001,2.35,4.695,4.6,4.8,4.4399999999999995,4.5,4.395,3.145,4.285,2.875,2.995,3.15,3.705,4.425,2.82,2.2,3.9299999999999997,2.5149999999999997,2.7800000000000002,2.4050000000000002,2.0700000000000003,2.585,3.115,2.505,3.77,3.4050000000000002,3.16,4.85,4.15,4.43,2.75,4.385,4.37,3.51
47-2011,Boilermakers,base_00,2.29,3.99,4.67,4.25,3.78,2.95,1.9,1.69,3.97,4.25,3.22,3.37,1.4,2.99,3.18,3.27,3.06,3.61,1.47,3.44,4.21,1.95,4.9,4.11,4.18,3.22,4.04,4.53,2.87,3.42,2.29,4.29,3.9,3.37,3.27,2.51,2.15,3.57,2.13,2.86,2.83,2.63,3.1,3.32,2.09,4.09,3.42,3.39,4.95,4.09,4.62,3.43,3.72,4.43,1.92
47-2021,Brickmasons and Blockmasons,base_00,3.13,3.06,3.92,3.25,2.74,3.35,2.0,1.6,3.98,2.53,4.15,3.2,1.14,3.55,3.4,4.59,4.27,3.61,1.25,4.54,4.42,2.39,4.04,3.97,3.64,3.74,3.53,4.12,2.6,2.18,3.04,1.68,3.96,3.36,4.97,3.02,2.11,4.31,2.23,4.11,4.15,3.05,2.91,4.56,1.38,4.86,4.37,3.39,4.13,4.08,5.0,3.51,3.66,4.27,2.76
47-2022,Stonemasons,base_00,2.6,3.74,4.18,4.43,4.11,2.72,1.27,1.48,4.07,3.4,4.45,3.36,1.1,3.38,2.22,4.31,3.19,2.97,1.02,4.33,3.83,3.13,4.53,4.34,4.36,4.42,4.56,4.6,3.3,2.86,2.95,1.72,2.16,3.09,4.76,2.66,2.24,4.1,2.67,4.23,2.49,2.77,2.81,4.11,1.08,4.69,4.71,2.9,4.33,3.67,4.98,3.36,4.21,4.85,2.89
47-2031,Carpenters,base_00,3.32,3.8,4.74,3.62,2.97,3.04,1.7,1.78,3.62,2.73,3.9,2.57,1.66,2.64,2.68,3.7,3.53,2.93,1.35,4.26,3.43,2.54,4.92,3.63,4.22,4.48,4.37,4.55,2.97,2.59,2.57,3.04,2.72,3.34,3.91,2.98,2.57,3.9,2.08,3.59,2.95,1.98,3.09,3.46,1.44,4.6,4.07,3.37,3.92,4.43,4.93,2.81,4.26,4.48,2.07
47-2041,Carpet Installers,base_00,3.0,2.87,4.33,3.49,3.35,2.53,1.19,1.21,4.2,1.19,4.14,3.63,1.57,2.77,1.9,2.84,1.51,3.5,1.0,3.51,2.42,1.53,4.61,4.87,4.08,3.34,4.13,3.96,2.53,3.15,1.53,4.28,2.67,3.47,2.06,1.64,1.42,3.37,1.46,3.77,1.27,1.94,4.46,4.07,1.37,2.24,4.73,2.5,4.4,4.24,3.43,1.53,3.74,3.8,1.78
47-2042,"Floor Layers, Except Carpet, Wood, and Hard Tiles",base_00,1.84,2.0,4.65,3.65,3.32,2.25,1.01,1.59,4.22,1.04,4.34,3.84,1.32,2.52,1.79,3.79,1.13,2.69,1.0,3.01,1.69,1.45,4.98,4.39,3.86,2.98,4.36,4.19,2.28,2.35,1.21,3.84,3.28,2.2,1.76,1.47,1.05,3.8,1.04,4.03,1.0,1.27,4.32,3.62,1.6,2.73,4.89,2.13,4.19,3.32,2.65,2.2,3.88,3.61,1.94
47-2043,Floor Sanders and Finishers,base_00,1.9,2.89,3.95,3.5,3.12,2.35,1.66,1.82,4.34,1.76,4.9,3.23,1.24,2.32,3.14,4.01,2.03,2.86,1.1,4.56,2.55,3.81,4.74,4.45,4.05,3.56,4.38,4.37,3.38,2.76,1.42,4.23,2.77,3.22,1.85,1.95,3.07,2.96,1.3,4.69,1.94,2.56,4.56,4.57,1.79,4.12,4.88,4.2,3.95,3.97,4.53,3.51,3.99,3.66,1.78
47-2044,Tile and Stone Setters,base_00,1.72,3.11,3.81,3.12,2.56,1.82,1.05,1.26,3.86,2.06,4.2,2.97,1.07,3.12,1.53,3.29,2.23,2.9,1.0,4.25,3.12,1.58,4.55,3.6,3.4,3.07,3.53,4.54,3.01,1.6,1.05,3.34,2.87,2.94,2.81,2.44,1.75,3.36,1.14,4.28,2.1,2.81,4.47,4.37,1.43,4.05,4.9,2.53,3.48,3.57,4.91,2.04,3.23,3.75,1.79
47-2051,Cement Masons and Concrete Finishers,base_00,3.52,3.48,3.95,4.05,2.69,3.45,2.27,2.46,3.59,2.22,4.51,2.83,1.19,3.1,1.95,3.89,2.7,3.37,1.25,4.43,4.29,3.31,4.34,3.36,3.67,4.35,3.75,4.44,3.09,3.28,3.7,1.56,2.53,4.08,4.81,2.92,4.39,4.42,1.69,4.12,1.79,3.46,3.83,4.5,1.39,4.82,4.93,4.4,3.25,3.77,4.44,2.95,3.95,4.32,2.04
47-2053,Terrazzo Workers and Finishers,base_00,2.35,3.22,3.55,3.52,2.14,2.61,1.74,1.5,3.32,1.42,3.82,2.48,1.28,2.69,3.17,3.36,1.64,2.54,1.1,4.4,2.85,2.69,4.29,3.05,3.2,3.8,3.3,4.31,2.76,1.78,1.88,3.08,3.14,3.47,1.97,1.76,3.32,3.69,1.55,3.79,1.53,1.94,3.79,3.82,1.25,4.38,4.78,3.07,3.41,4.29,4.84,2.26,3.72,4.31,1.92
47-2061,Construction Laborers,base_00,2.9,3.8,4.55,3.12,2.21,2.95,1.35,1.3,3.19,1.45,4.19,3.27,1.04,3.59,2.6,4.34,2.21,2.9,1.1,4.12,4.48,2.91,4.8,3.35,3.87,3.66,3.74,3.71,2.65,3.02,3.02,1.8,3.28,2.4,4.63,3.22,3.18,3.59,1.38,2.62,1.76,1.59,2.22,2.94,1.49,4.65,4.18,2.71,4.31,4.11,4.94,2.48,3.12,4.16,1.4
47-2071,"Paving, Surfacing, and Tamping Equipment Operators",base_00,2.85,3.66,3.53,3.04,3.07,3.06,2.16,2.54,3.8,2.36,4.22,2.88,2.5,3.54,2.58,4.26,2.41,4.0,1.63,4.23,4.15,4.26,4.3,3.44,3.22,3.69,3.62,3.48,2.96,3.87,4.22,1.9,2.23,3.29,4.3,2.79,3.8,3.95,1.98,3.61,2.38,2.73,2.43,3.94,3.08,3.21,4.23,2.9,4.18,3.46,4.25,2.27,3.65,3.7,2.4
47-2072,Pile Driver Operators,base_00,2.96,4.15,4.52,4.27,2.44,2.65,1.44,1.6,3.51,2.16,4.54,3.2,1.3,3.32,2.59,4.39,3.0,3.46,1.22,4.78,4.04,3.71,4.6,4.03,4.15,4.65,4.18,4.18,3.07,3.15,3.8,1.44,2.63,3.21,4.98,2.37,3.34,3.93,2.61,3.21,1.81,1.94,2.72,3.73,3.1,3.31,4.55,2.9,3.48,3.63,4.98,2.98,4.04,4.6,2.61
47-2073,Operating Engineers and Other Construction Equipment Operators,base_00,2.82,4.86,4.65,3.52,3.49,2.83,1.23,1.32,4.16,1.34,4.51,2.4,1.15,2.91,2.74,4.69,1.75,3.36,1.05,3.83,3.63,3.94,4.84,4.01,4.83,4.33,4.56,3.91,2.39,4.01,4.35,1.2,3.1,2.92,5.0,2.41,3.99,3.79,1.9,3.07,1.51,1.95,1.79,4.19,3.16,2.79,4.65,2.02,4.08,4.04,4.98,2.59,4.37,4.04,2.38
47-2081,Drywall and Ceiling Tile Installers,base_00,2.45,2.79,3.69,3.08,2.95,2.7,1.56,1.99,3.95,1.87,3.45,3.09,1.24,2.96,1.74,3.33,3.17,2.8,1.28,4.07,3.36,1.83,4.53,4.01,3.67,3.1,3.69,4.43,3.47,1.5,2.0,2.51,3.15,3.28,3.13,2.87,2.05,3.42,2.03,3.62,3.37,2.28,3.01,4.08,1.32,4.86,4.74,3.97,4.07,3.73,4.1,2.65,3.47,3.9,2.54
47-2082,Tapers,base_00,2.49,2.3,3.34,3.1,2.23,2.26,1.06,2.01,3.93,1.35,4.12,3.33,1.34,3.25,1.67,2.54,3.72,2.75,1.03,3.71,3.24,1.37,4.55,3.98,3.63,3.73,3.41,3.7,2.38,2.76,1.56,2.43,3.64,3.25,1.91,2.32,1.64,3.19,1.27,3.64,3.2,2.53,2.87,4.24,1.2,4.78,4.7,3.77,3.66,3.91,4.1,2.67,3.29,3.79,2.3
47-2111,Electricians,base_00,3.13,3.33,4.76,4.3,3.84,3.26,1.73,1.14,4.2,3.95,4.5,4.4,1.2,3.75,4.59,4.04,3.69,4.47,1.07,4.5,4.17,2.42,4.93,4.5,4.32,4.55,4.67,4.72,3.37,3.52,3.07,3.27,4.22,3.06,4.13,3.83,2.23,2.98,1.9,4.68,4.2,3.85,3.75,4.34,1.81,4.55,4.94,4.23,4.51,4.32,4.95,3.22,4.35,4.54,1.8
47-2121,Glaziers,base_00,3.06,3.83,4.39,4.11,2.93,2.88,1.38,1.43,3.61,2.32,3.59,3.06,1.4,3.15,2.52,3.59,3.77,3.33,1.13,3.96,3.99,2.3,4.72,4.0,4.05,3.9,3.93,4.42,3.08,3.18,2.75,2.93,3.87,3.43,4.44,3.77,2.4,4.24,1.53,3.66,3.47,2.39,3.48,3.64,1.67,4.28,4.75,3.15,3.71,3.93,4.74,3.32,3.94,4.38,2.31
47-2131,"Insulation Workers, Floor, Ceiling, and Wall",base_00,2.95,2.63,3.72,3.49,2.91,2.58,1.11,1.69,3.47,1.51,4.12,3.78,1.06,2.89,2.66,2.93,3.69,3.91,1.03,3.75,4.03,1.52,4.23,3.94,3.66,3.59,3.55,3.49,2.53,3.68,1.72,1.96,3.89,2.54,3.89,3.39,2.25,3.33,1.3,3.13,3.26,2.96,3.37,3.85,1.67,4.63,4.26,3.13,3.62,4.04,3.99,4.31,3.49,3.92,1.65
47-2132,"Insulation Workers, Mechanical",base_00,2.88,2.15,3.92,3.62,3.31,2.85,1.4,1.41,4.0,2.78,3.98,3.98,1.48,3.23,2.53,2.87,3.84,3.38,1.01,3.87,3.65,1.23,4.34,4.23,3.85,3.93,3.26,3.94,2.44,1.88,1.39,2.77,3.94,3.25,3.29,2.67,1.55,3.7,1.48,3.94,4.52,2.57,3.05,4.15,1.46,4.71,4.56,3.17,4.09,4.27,4.92,3.81,3.67,4.18,2.08
47-2141,"Painters, Construction and Maintenance",base_00,3.0,2.48,4.29,3.77,3.93,3.01,1.38,1.22,4.15,3.23,4.01,3.05,1.69,2.68,2.82,2.34,3.95,2.34,1.04,3.03,3.13,1.39,4.81,4.29,3.33,3.95,3.48,4.44,3.15,1.11,1.54,3.01,2.06,3.32,2.87,2.37,2.15,3.79,1.53,3.79,4.13,3.15,3.5,3.82,1.06,4.94,4.64,3.8,4.78,4.6,3.84,2.53,3.78,4.13,3.66
47-2142,Paperhangers,base_00,2.06,2.55,3.84,2.76,2.48,2.29,1.14,1.63,4.08,1.18,3.24,2.83,1.44,2.89,2.43,2.32,3.38,2.9,1.0,3.05,2.9,1.19,3.83,4.11,3.99,3.12,3.94,3.92,2.98,2.45,1.36,2.52,2.79,3.09,2.75,2.22,1.49,2.75,1.37,3.76,4.28,2.62,3.49,4.1,1.56,4.44,4.55,3.15,3.06,4.03,4.23,3.24,3.38,3.35,2.38
47-2151,Pipelayers,base_00,2.88,3.27,4.51,4.06,3.15,2.01,1.27,1.48,3.67,2.27,3.33,3.42,1.81,2.62,2.14,3.18,1.31,2.15,1.0,4.03,4.17,2.68,4.94,3.67,4.37,4.36,4.19,4.03,2.27,2.49,3.02,1.46,1.84,2.34,4.9,2.26,3.04,4.11,2.08,3.77,2.57,2.13,2.89,3.29,1.66,4.37,3.72,3.31,3.48,3.65,5.0,2.6,3.69,4.59,2.26
47-2152,"Plumbers, Pipefitters, and Steamfitters",base_00,2.77,3.21,4.07,3.7800000000000002,3.61,2.5700000000000003,1.395,1.51,4.15,3.52,3.505,3.58,1.5899999999999999,3.4050000000000002,3.115,3.505,3.865,3.145,1.26,3.3899999999999997,3.5149999999999997,2.055,4.33,4.545,4.35,4.07,4.265,4.155,2.835,2.9749999999999996,2.14,3.1399999999999997,4.075,3.5,4.03,3.21,2.045,3.635,1.7000000000000002,3.4000000000000004,3.455,2.7350000000000003,3.26,3.095,1.8900000000000001,4.1850000000000005,4.33,3.36,4.109999999999999,4.324999999999999,4.125,3.01,3.8200000000000003,4.105,2.9699999999999998
47-2161,Plasterers and Stucco Masons,base_00,2.23,2.79,4.11,2.96,2.1,2.17,1.17,2.16,2.98,1.62,2.91,2.38,1.22,2.54,2.11,3.76,3.45,3.63,1.01,4.13,3.31,1.47,4.65,3.23,4.12,3.75,3.44,4.17,2.31,3.04,2.14,1.58,2.33,3.17,4.35,1.97,3.06,3.43,1.2,3.49,3.03,2.49,3.13,4.0,1.23,4.62,4.9,3.06,3.4,3.24,4.16,2.56,3.29,4.33,1.9
47-2171,Reinforcing Iron and Rebar Workers,base_00,2.61,3.14,4.43,4.05,2.62,3.16,1.69,1.86,3.49,2.13,3.68,3.24,1.53,2.86,3.21,3.29,3.64,4.22,2.01,4.18,4.42,1.97,4.18,3.14,3.29,4.56,3.52,3.43,3.06,1.86,2.99,1.78,2.9,3.89,4.6,2.22,2.89,3.84,2.39,4.06,2.81,2.89,3.21,4.31,1.32,4.1,4.58,3.86,3.94,4.43,4.49,3.51,4.2,4.18,2.36
47-2181,Roofers,base_00,2.97,3.11,4.5,3.78,3.37,2.92,1.5,2.06,3.96,1.81,4.31,3.05,1.17,3.37,3.82,3.81,4.9,3.71,1.29,4.11,4.19,1.64,4.64,3.79,3.88,4.23,3.7,4.28,2.86,2.97,2.37,1.58,3.83,3.95,4.98,2.2,2.59,4.09,1.65,3.76,3.3,2.31,3.65,3.67,1.68,3.87,4.09,3.51,4.57,4.18,4.46,3.24,3.72,4.16,2.75
47-2211,Sheet Metal Workers,base_00,2.62,3.86,3.68,3.23,2.96,2.86,2.03,2.7,3.78,2.06,4.41,2.77,1.19,2.4,2.95,3.66,2.22,4.11,1.49,4.28,2.88,2.23,4.1,3.4,3.2,3.98,3.21,4.44,3.28,1.6,2.15,3.22,3.56,3.35,2.51,2.42,3.53,3.42,1.67,3.74,1.72,2.26,2.46,4.0,1.48,4.84,4.57,3.36,2.08,3.98,4.95,2.72,3.79,3.71,1.64
47-2221,Structural Iron and Steel Workers,base_00,3.37,3.57,4.39,3.64,3.03,2.98,1.88,1.41,3.55,2.31,4.35,3.86,1.4,4.07,3.45,4.3,4.66,4.19,1.47,4.82,4.53,2.65,4.31,3.68,3.83,4.33,3.79,4.13,2.5,2.67,3.92,1.7,3.44,3.58,4.8,3.29,2.83,4.47,2.27,3.72,3.38,3.4,3.03,3.57,1.61,4.61,4.73,3.85,3.44,4.24,5.0,4.45,4.03,4.4,2.81
47-2231,Solar Photovoltaic Installers,base_00,3.75,4.02,4.31,4.07,3.34,2.79,1.28,1.48,4.07,3.72,3.05,3.69,1.29,3.59,4.25,4.24,4.55,3.47,1.64,3.97,4.08,2.25,4.93,4.2,4.15,4.34,3.95,4.39,3.64,4.19,2.46,2.97,3.94,2.82,4.69,3.72,2.07,4.32,3.27,3.55,3.35,4.08,3.58,3.76,2.16,4.27,4.55,3.12,4.59,3.89,4.79,3.49,4.16,4.78,2.69
47-3011,"Helpers--Brickmasons, Blockmasons, Stonemasons, and Tile and Marble Setters",base_00,2.61,3.42,3.58,3.67,3.28,2.24,1.38,2.04,3.78,1.11,4.4,3.45,1.37,3.19,2.51,4.09,4.15,3.4,1.55,4.45,3.93,2.9,4.88,3.07,3.08,4.04,3.5,3.85,3.14,1.83,3.26,1.75,3.28,3.6,4.32,2.85,3.38,3.63,1.88,3.94,3.61,2.76,3.04,4.16,1.35,4.37,4.54,3.51,3.61,4.44,4.95,3.58,3.98,4.27,1.92
47-3012,Helpers--Carpenters,base_00,3.27,3.65,4.36,3.42,2.54,2.73,1.55,1.92,4.0,2.05,3.97,3.66,1.48,3.02,2.15,4.36,3.25,3.69,1.22,4.48,3.53,3.03,4.66,4.12,3.54,4.18,3.58,4.25,2.5,2.8,2.5,2.9,3.45,3.52,4.16,2.96,2.83,4.07,1.75,3.6,3.16,2.34,3.19,3.77,1.6,4.62,4.65,3.13,3.75,4.0,4.77,3.29,3.68,4.07,1.98
47-3013,Helpers--Electricians,base_00,1.95,3.03,4.26,3.69,2.94,2.2,1.62,1.5,3.3,2.29,3.98,4.25,1.13,3.15,3.7,3.99,3.37,3.21,1.27,4.43,3.45,2.35,4.89,3.56,3.73,3.67,3.48,4.2,3.28,2.5,2.01,3.29,3.79,2.7,3.95,3.77,1.8,4.01,1.98,3.45,3.86,2.83,3.79,3.84,1.55,4.62,4.72,3.95,3.52,3.91,4.91,2.76,2.4,4.42,2.07
47-3014,"Helpers--Painters, Paperhangers, Plasterers, and Stucco Masons",base_00,2.32,2.65,4.43,3.21,2.5,2.19,1.18,1.51,3.39,1.08,2.87,2.2,1.1,2.19,2.32,2.69,3.53,1.92,1.17,3.02,2.87,1.58,4.76,3.36,3.86,3.59,3.5,3.27,3.05,1.58,1.55,2.01,2.87,2.96,3.96,2.83,2.46,3.44,2.0,3.79,3.56,2.66,3.16,4.0,1.25,4.49,4.5,2.86,3.57,3.64,4.09,2.48,3.41,4.51,1.58
47-3015,"Helpers--Pipelayers, Plumbers, Pipefitters, and Steamfitters",base_00,2.29,3.37,4.14,3.36,3.39,3.0,1.28,1.38,2.67,1.24,3.2,4.02,2.78,3.04,2.57,3.47,2.78,3.57,1.37,3.54,3.74,2.57,4.22,3.06,3.78,3.0,3.41,3.52,2.78,4.35,1.82,2.99,3.61,2.67,4.48,3.36,2.65,3.69,1.08,4.11,2.36,2.31,3.8,3.73,1.89,4.24,4.64,3.14,3.58,3.84,4.45,1.61,3.0,3.92,2.51
47-3016,Helpers--Roofers,base_00,2.39,3.53,3.5,3.6,3.01,2.93,1.81,2.85,2.79,1.79,3.94,2.75,1.18,2.7,2.86,3.32,4.51,3.5,3.02,3.55,3.93,2.29,4.35,3.21,2.85,4.33,3.76,3.95,2.64,2.26,2.27,1.65,2.93,3.25,4.5,2.97,2.34,3.47,2.3,3.94,2.7,2.57,3.98,3.84,1.75,4.57,4.68,3.66,2.62,3.1,3.89,3.02,3.17,4.14,1.85
47-4011,Construction and Building Inspectors,base_00,3.0700000000000003,3.02,4.195,3.16,4.0600000000000005,3.02,1.6600000000000001,1.895,3.935,4.895,3.075,2.96,1.3,3.395,2.085,2.56,2.89,2.145,1.0350000000000001,3.215,3.3449999999999998,1.24,4.57,4.48,4.125,3.21,3.87,3.975,2.715,4.045,1.4,3.79,3.9,2.925,4.1000000000000005,3.2199999999999998,1.5899999999999999,3.145,2.135,2.24,2.0949999999999998,2.02,2.25,2.1399999999999997,2.745,3.165,2.46,2.5999999999999996,4.7,4.09,4.04,2.16,2.915,3.965,3.585
47-4021,Elevator and Escalator Installers and Repairers,base_00,3.13,4.33,4.39,3.96,4.4,3.84,1.48,2.0,4.26,4.71,4.31,4.57,2.19,4.44,4.85,4.36,4.59,4.23,1.0,4.42,3.83,1.63,4.54,3.99,4.97,4.71,4.68,4.54,3.64,4.27,1.47,4.41,3.81,3.73,3.26,2.56,2.54,3.61,1.46,4.43,2.68,2.26,3.5,3.55,2.16,4.03,4.84,3.59,4.74,4.08,4.57,2.49,4.12,3.81,2.53
47-4031,Fence Erectors,base_00,3.22,4.11,4.34,3.75,3.66,2.27,1.87,2.39,4.5,1.45,3.29,3.28,1.36,2.82,1.98,4.24,3.83,3.12,1.13,4.34,3.77,3.26,4.71,4.23,2.74,4.76,3.32,4.07,3.45,3.84,3.7,3.06,2.54,3.75,4.76,2.78,2.35,3.94,1.91,3.94,2.98,2.69,3.64,4.14,1.68,4.46,4.17,3.95,4.35,4.52,4.94,2.6,4.54,4.03,3.06
47-4041,Hazardous Materials Removal Workers,base_00,3.18,3.25,3.97,3.56,3.37,2.54,1.97,2.1,3.16,2.79,4.14,3.28,1.72,2.64,3.08,3.24,3.14,2.84,1.9,2.99,3.45,2.65,4.78,3.32,3.35,4.35,3.44,3.75,3.16,2.96,2.73,3.43,3.69,2.86,3.58,3.32,2.79,3.68,2.25,3.1,3.11,2.59,3.13,3.49,2.25,3.87,3.85,3.62,4.12,3.88,4.58,4.52,3.7,4.09,3.16
47-4051,Highway Maintenance Workers,base_00,3.67,4.15,4.25,3.52,3.73,3.39,2.12,2.29,3.37,2.72,4.65,2.74,2.05,3.65,2.41,4.33,2.29,3.66,1.19,4.63,4.24,4.02,4.8,3.51,4.23,4.0,3.76,4.1,3.51,4.46,3.66,2.07,3.61,3.11,4.94,2.02,3.35,3.73,1.91,4.12,1.91,2.66,2.24,4.22,2.77,3.95,4.49,3.41,3.54,3.72,4.86,2.19,3.89,4.64,1.94
47-4061,Rail-Track Laying and Maintenance Equipment Operators,base_00,2.71,3.84,4.56,4.03,2.59,2.42,1.56,2.15,4.07,2.15,3.97,2.94,1.57,3.94,2.76,4.31,2.32,3.86,1.49,4.79,4.38,3.71,4.89,4.0,3.57,4.39,3.79,3.92,3.3,4.13,3.41,1.39,2.59,2.87,4.95,2.03,3.64,4.39,2.3,3.75,1.48,2.13,2.83,3.91,2.36,3.79,4.35,3.26,4.4,3.9,4.99,2.64,4.01,4.34,3.33
47-4071,Septic Tank Servicers and Sewer Pipe Cleaners,base_00,2.95,2.67,4.6,4.08,4.44,3.15,1.53,1.56,3.75,2.83,4.53,3.01,3.58,4.1,2.82,3.74,1.85,3.37,1.17,4.27,4.33,3.28,4.71,4.06,4.31,3.85,3.79,3.39,2.97,4.27,3.58,1.86,3.2,2.41,4.95,2.49,2.87,4.06,1.87,3.6,2.01,2.07,2.93,3.54,2.43,3.41,4.29,3.18,4.74,3.82,4.5,2.43,3.62,4.46,3.32
47-4091,Segmental Pavers,base_00,3.91,2.9,4.63,4.33,4.73,3.22,1.96,2.61,3.73,2.56,3.17,1.85,1.31,2.76,1.93,3.16,1.82,2.48,1.03,4.11,3.71,1.71,4.96,4.09,4.0,3.45,3.71,3.75,3.23,4.39,1.83,3.31,3.15,3.12,4.35,2.31,1.86,3.52,2.21,2.24,1.35,1.71,1.9,3.35,3.08,3.16,2.93,3.44,4.81,4.06,4.13,1.22,4.05,4.39,3.75
47-4099,Weatherization Installers and Technicians,first_detail,2.95,3.22,4.57,3.83,3.74,2.59,1.57,1.68,3.61,3.65,3.74,4.0,1.65,3.43,2.7,3.91,3.35,3.43,1.04,3.32,3.74,1.61,4.73,3.43,3.22,4.3,3.35,3.59,3.09,3.43,1.83,3.61,3.5,2.26,4.41,3.13,2.48,3.78,1.83,3.26,2.61,2.55,3.39,2.77,1.91,3.96,3.96,3.17,4.27,3.83,4.57,4.0,3.83,4.26,3.41
47-5011,"Derrick Operators, Oil and Gas",base_00,3.38,2.72,4.56,3.53,3.0,2.9,1.97,1.66,3.9,1.17,4.99,3.79,1.01,4.24,4.62,4.83,4.61,4.73,2.16,4.94,4.68,3.78,4.32,3.94,3.98,4.77,4.18,3.93,4.17,2.69,2.83,1.04,2.58,2.86,4.99,3.11,3.08,4.48,1.76,4.14,3.48,2.42,2.91,4.28,1.91,4.48,4.64,3.63,3.25,3.21,5.0,4.05,4.08,4.54,2.47
47-5012,"Rotary Drill Operators, Oil and Gas",base_00,3.29,4.46,4.36,3.86,3.26,3.16,1.53,1.83,3.97,1.56,4.71,3.29,1.28,3.42,4.2,4.38,3.83,3.64,1.85,4.86,4.45,3.91,4.94,4.21,4.51,4.84,4.64,4.61,4.39,2.91,3.74,1.07,3.28,4.37,4.97,3.71,3.79,4.18,2.55,3.36,2.72,2.02,2.07,3.72,1.75,4.36,4.53,2.85,3.6,4.1,4.98,3.4,4.58,4.86,3.05
47-5013,"Service Unit Operators, Oil and Gas",base_00,2.43,4.25,4.83,3.97,3.03,2.88,1.5,2.11,3.94,2.71,4.77,4.12,1.43,3.57,4.54,4.58,3.93,4.07,2.18,4.63,4.61,2.59,4.67,4.16,4.88,4.66,4.69,4.35,4.09,4.26,3.78,1.77,3.19,3.71,5.0,3.09,4.07,4.16,2.19,3.86,3.43,3.14,2.63,3.88,1.84,4.3,4.25,3.35,4.02,4.35,4.97,4.23,4.15,4.58,3.03
47-5022,"Excavating and Loading Machine and Dragline Operators, Surface Mining",base_00,2.35,3.77,4.4,3.6,2.21,2.45,1.18,1.73,3.9,1.62,4.38,2.62,1.21,2.93,2.56,4.07,2.47,3.06,1.14,4.04,3.71,4.39,4.51,4.06,4.13,4.01,3.63,3.8,3.27,4.04,3.66,1.78,1.96,3.4,4.1,2.15,3.9,2.59,2.02,2.49,1.88,1.7,1.79,4.1,4.04,2.45,4.72,1.97,3.26,3.58,4.94,1.67,3.25,4.47,2.31
47-5023,"Earth Drillers, Except Oil and Gas",base_00,2.23,3.95,3.99,2.84,2.61,2.35,1.36,1.87,4.07,1.71,4.24,3.26,1.3,3.5,3.34,4.41,2.93,3.64,1.13,4.37,3.61,4.05,4.53,4.51,3.76,3.72,3.85,3.62,2.64,3.34,3.72,1.81,2.2,2.54,4.36,1.89,2.95,2.67,1.41,3.25,1.98,2.12,2.24,4.21,2.13,4.13,4.67,2.96,3.6,3.0,4.77,2.18,3.36,3.26,2.51
47-5032,"Explosives Workers, Ordnance Handling Experts, and Blasters",base_00,3.13,4.17,4.38,3.33,2.96,2.54,1.29,2.18,3.58,2.86,4.38,2.3,1.17,3.48,4.83,4.13,2.86,3.05,1.0,4.21,4.25,3.38,4.79,3.75,4.29,4.67,4.29,4.5,3.38,4.05,3.82,1.68,3.25,3.35,4.92,2.09,3.3,3.63,2.0,3.39,1.5,2.09,2.87,3.48,1.82,4.27,4.52,3.3,4.52,4.35,5.0,2.59,4.33,4.29,3.42
47-5041,Continuous Mining Machine Operators,base_00,2.94,4.27,4.44,3.71,1.22,3.11,1.59,1.65,3.83,1.35,5.0,3.99,1.23,3.99,3.48,4.76,2.45,2.86,1.0,4.82,2.72,3.59,4.84,4.02,4.71,4.5,3.84,4.11,3.2,2.9,3.38,1.32,3.37,3.62,1.93,1.92,3.86,3.35,1.66,3.59,1.75,2.44,2.18,4.14,2.1,3.94,4.89,2.87,2.25,3.4,5.0,3.15,3.37,4.61,1.96
47-5043,"Roof Bolters, Mining",base_00,3.42,3.85,4.51,3.55,1.09,3.53,2.05,1.64,2.84,1.03,4.98,4.55,2.05,3.24,4.65,4.99,2.25,3.74,1.0,4.81,3.35,4.16,4.95,2.93,3.56,4.86,3.62,3.88,3.76,1.91,2.9,1.06,4.51,3.33,2.28,2.28,4.6,4.09,1.58,4.59,1.71,3.37,2.65,4.96,1.19,4.91,4.99,4.34,2.14,4.79,5.0,3.56,3.81,4.61,1.44
47-5044,"Loading and Moving Machine Operators, Underground Mining",base_00,2.65,3.58,3.67,3.27,1.65,3.35,1.39,2.16,3.6,1.27,4.78,3.93,1.18,4.08,4.45,4.5,1.38,3.18,1.09,4.11,2.59,4.33,4.55,3.14,3.47,4.15,3.18,3.46,2.53,2.24,4.19,1.43,3.43,2.6,2.12,1.91,3.79,3.18,2.04,3.83,1.72,2.09,2.13,4.04,3.27,2.75,4.62,2.73,2.11,3.68,4.67,3.21,3.4,4.45,1.95
47-5051,"Rock Splitters, Quarry",base_00,1.43,3.28,3.18,2.67,2.17,1.37,1.11,1.83,2.8,1.31,4.48,1.85,1.0,2.12,2.82,3.75,3.02,2.82,1.51,3.46,3.95,3.74,3.48,3.41,2.43,3.56,2.66,3.74,2.4,1.85,3.7,1.27,2.54,2.33,4.77,2.46,3.04,2.72,1.43,3.57,2.06,1.98,2.51,3.04,1.53,4.48,4.01,2.94,1.83,2.61,5.0,2.63,2.15,3.79,1.09
47-5071,"Roustabouts, Oil and Gas",base_00,2.4,3.62,4.58,3.23,2.86,2.62,1.14,1.92,3.56,2.67,4.05,3.24,1.14,3.15,3.35,3.7,2.69,3.14,1.29,3.59,4.6,2.3,4.86,3.94,4.51,4.05,3.85,3.74,3.31,4.3,2.78,2.2,4.21,3.05,4.98,2.65,2.81,3.94,1.63,3.76,1.88,2.69,2.97,3.7,1.77,4.16,4.69,3.09,4.51,4.28,5.0,2.65,3.98,4.44,1.63
47-5081,Helpers--Extraction Workers,base_00,3.04,3.84,4.3,4.22,2.77,3.06,1.21,1.52,4.03,1.94,4.68,3.38,1.15,3.54,4.29,4.89,3.45,3.54,1.0,4.76,4.36,3.28,4.82,4.12,4.13,4.06,4.05,3.94,3.13,4.0,4.23,2.81,4.58,3.23,4.67,2.36,3.91,4.2,2.46,3.8,2.33,2.37,2.68,4.08,2.35,3.65,4.44,3.47,3.86,3.47,5.0,3.31,3.83,4.46,2.82
49-1011,"First-Line Supervisors of Mechanics, Installers, and Repairers",base_00,2.87,2.49,4.81,4.24,3.38,2.73,1.51,1.46,4.5,4.41,3.81,2.36,1.37,2.17,2.74,3.54,2.43,2.67,1.47,3.97,3.42,1.69,4.53,4.36,4.09,4.25,4.0,4.43,3.87,3.04,2.13,3.35,3.38,2.91,3.26,2.15,1.64,3.37,2.35,3.13,1.72,1.57,2.32,2.91,3.11,3.01,3.78,2.89,4.84,3.93,3.95,1.91,4.41,4.35,2.89
49-2011,"Computer, Automated Teller, and Office Machine Repairers",base_00,3.2,2.56,4.1,3.11,4.2,2.92,1.42,2.46,4.42,4.52,3.18,3.18,1.19,2.12,2.27,1.59,1.26,2.49,1.03,2.2,2.55,1.06,4.34,4.54,4.04,2.45,3.69,4.01,3.65,3.2,1.02,4.44,2.12,2.87,2.25,1.44,1.91,3.5,1.68,2.58,1.22,1.45,2.7,2.78,2.04,3.92,4.24,2.62,4.93,4.24,2.0,1.1,2.95,3.55,2.33
49-2021,"Radio, Cellular, and Tower Equipment Installers and Repairers",base_00,2.31,3.58,4.11,3.7,3.66,2.3,1.27,1.48,3.68,4.23,2.63,2.75,1.21,2.34,1.77,2.75,3.09,2.15,1.78,2.78,3.05,1.48,4.77,3.74,3.67,3.47,3.53,4.25,2.88,3.27,2.07,3.5,3.41,2.79,3.56,2.24,1.54,3.84,1.46,2.62,2.2,1.92,2.27,2.8,2.74,2.96,4.28,2.64,4.24,3.48,3.89,2.5,3.39,4.29,2.98
49-2022,"Telecommunications Equipment Installers and Repairers, Except Line Installers",base_00,3.0,2.64,4.54,3.01,4.23,3.23,1.39,1.67,3.77,4.77,3.43,3.66,1.86,3.77,2.76,3.88,3.37,3.02,1.11,3.76,3.84,1.4,4.29,4.47,4.67,3.26,4.14,4.16,3.89,4.72,2.23,3.08,3.32,2.74,4.34,2.47,1.11,3.49,1.71,3.04,2.68,1.74,2.86,3.21,2.44,3.54,4.33,2.84,4.69,4.12,4.08,2.73,2.61,3.81,2.79
49-2091,Avionics Technicians,base_00,3.01,3.59,4.08,3.68,2.96,2.51,1.22,1.75,3.82,3.92,3.57,3.13,1.12,2.69,3.52,3.02,2.42,2.98,1.39,3.73,2.59,1.26,4.58,3.84,3.75,3.39,4.15,4.42,2.88,2.0,2.34,4.1,3.11,3.39,2.68,2.12,1.59,3.63,1.44,2.85,2.17,1.81,2.65,2.85,2.98,3.11,4.22,2.48,3.75,4.54,4.07,2.51,3.2,4.05,2.31
49-2092,"Electric Motor, Power Tool, and Related Repairers",base_00,2.88,3.55,3.93,3.91,3.16,2.86,1.22,1.51,3.92,2.74,4.59,2.91,2.02,3.01,3.86,3.97,2.27,3.8,1.0,3.99,3.42,1.63,4.68,4.11,4.31,3.38,3.95,4.51,3.25,2.55,1.88,3.14,4.25,3.29,2.62,2.34,2.94,3.39,1.55,3.06,2.0,2.25,3.02,3.68,1.91,4.4,4.64,2.9,3.79,4.04,4.67,2.46,3.34,4.03,2.64
49-2093,"Electrical and Electronics Installers and Repairers, Transportation Equipment",base_00,2.62,3.68,4.04,3.58,2.1,2.67,1.47,1.86,3.97,3.2,4.19,3.91,1.16,2.78,3.43,3.89,2.18,3.76,1.1,4.09,3.29,1.68,4.48,3.71,3.37,4.13,3.36,4.18,3.13,2.88,3.4,3.79,3.91,2.63,4.01,2.03,2.32,3.15,1.91,3.75,2.31,2.72,3.86,4.03,2.27,3.98,4.76,3.32,2.88,4.48,4.43,1.88,3.58,3.5,2.43
49-2094,"Electrical and Electronics Repairers, Commercial and Industrial Equipment",base_00,3.02,3.55,4.36,3.38,2.65,2.78,1.25,2.36,4.3,4.3,3.66,3.01,1.03,2.37,3.34,3.61,2.69,2.89,1.26,4.07,2.34,1.55,4.63,4.25,3.43,3.05,3.47,4.41,3.29,1.99,1.49,4.69,2.6,2.27,2.25,2.09,2.27,3.55,2.28,2.88,1.92,1.68,2.58,3.18,2.66,3.6,4.0,3.04,3.46,3.16,5.0,2.45,3.18,4.26,2.75
49-2095,"Electrical and Electronics Repairers, Powerhouse, Substation, and Relay",base_00,2.84,4.55,4.73,4.44,2.52,2.7,1.22,2.37,3.68,4.43,4.01,3.32,1.62,3.91,4.25,3.94,3.6,3.27,2.11,4.61,4.21,1.87,4.89,3.51,4.16,4.52,4.41,4.74,4.19,3.5,2.73,3.87,4.11,3.43,4.32,3.54,2.12,4.52,1.96,2.76,2.65,2.12,2.64,2.83,2.28,3.71,4.12,3.2,4.43,4.17,4.98,3.47,3.69,4.61,3.28
49-2096,"Electronic Equipment Installers and Repairers, Motor Vehicles",base_00,3.12,3.39,3.69,3.38,3.42,3.38,1.49,1.6,3.92,2.95,4.54,3.92,1.11,2.61,2.22,2.99,1.43,3.47,1.0,4.67,3.05,1.32,4.34,4.14,4.04,3.16,3.76,4.71,3.46,4.66,2.13,3.13,3.96,3.06,2.26,1.36,2.18,3.3,2.04,3.73,1.24,1.89,3.25,3.99,2.07,4.09,4.64,3.42,3.75,4.53,4.21,1.85,2.82,4.24,2.2
49-2097,Audiovisual Equipment Installers and Repairers,base_00,2.23,2.28,3.62,3.5,4.47,2.58,1.5,2.2,4.17,4.58,3.61,3.47,1.07,2.83,2.79,2.61,2.63,2.79,1.0,3.01,3.2,1.38,4.48,4.12,2.79,3.18,2.88,3.76,2.69,3.89,1.74,3.49,2.95,2.92,3.78,3.11,1.68,3.71,2.04,3.36,3.25,2.06,3.25,2.94,2.29,3.93,3.97,2.74,4.78,3.82,2.87,1.52,3.56,3.93,3.42
49-2098,Security and Fire Alarm Systems Installers,base_00,3.14,3.61,4.55,4.07,4.3,3.13,1.16,1.43,4.39,4.13,2.87,2.94,1.8,2.92,2.07,2.79,3.11,2.42,1.0,3.77,3.49,1.66,4.74,4.49,4.75,3.8,4.61,4.33,3.05,4.33,1.47,3.86,3.92,3.38,3.43,2.52,1.14,3.52,2.22,2.36,3.46,1.92,2.12,2.39,1.66,4.33,3.75,2.76,4.98,4.08,4.57,2.31,3.9,4.05,3.53
49-3011,Aircraft Mechanics and Service Technicians,base_00,2.98,2.94,4.45,3.57,3.17,2.41,1.29,1.27,4.11,3.71,4.47,3.87,1.39,2.91,3.9,3.53,3.33,3.27,1.4,4.73,4.12,1.48,4.69,3.97,4.51,4.05,4.24,4.69,3.71,3.2,2.74,2.92,4.7,2.48,4.02,2.37,1.99,3.99,1.66,3.51,3.11,2.91,3.21,3.51,2.5,4.0,4.59,3.52,3.41,4.24,4.66,3.07,3.69,4.13,2.2
49-3021,Automotive Body and Related Repairers,base_00,2.66,3.39,3.56,2.7,2.32,2.07,1.12,1.65,3.96,1.05,5.0,3.54,1.0,2.27,4.47,3.41,1.35,3.31,1.05,4.46,2.66,1.85,4.43,4.14,3.97,3.62,3.87,4.39,2.87,3.81,1.32,2.45,4.07,3.78,2.02,1.91,2.26,2.84,1.53,4.22,1.19,2.04,3.93,4.04,1.65,4.19,4.95,3.47,2.56,4.53,4.88,4.12,3.06,3.11,2.3
49-3022,Automotive Glass Installers and Repairers,base_00,2.47,3.02,4.52,2.46,3.79,2.52,1.35,1.07,3.08,2.46,2.59,3.48,1.03,3.52,1.54,3.33,1.86,3.66,1.02,3.35,3.86,1.19,4.86,3.43,3.59,2.88,3.36,4.12,3.17,4.64,1.56,2.87,4.13,2.58,4.75,3.86,1.44,2.99,1.07,3.19,1.67,1.73,2.23,3.51,2.18,3.93,4.1,2.73,4.84,4.41,4.98,2.1,2.71,3.6,2.65
49-3023,Automotive Service Technicians and Mechanics,base_00,3.1,3.55,4.42,3.26,3.65,3.21,1.5,1.53,4.2,3.06,4.83,4.18,1.18,2.86,4.36,4.16,1.23,3.96,1.03,4.58,3.62,1.71,4.59,4.33,4.63,3.09,4.3,4.51,3.42,4.81,1.82,2.48,3.77,3.22,2.99,2.49,1.81,3.07,1.66,3.59,1.15,2.03,3.04,3.56,1.64,4.6,4.93,2.97,3.88,4.48,4.57,1.71,2.81,3.65,2.94
49-3031,Bus and Truck Mechanics and Diesel Engine Specialists,base_00,2.39,3.45,4.27,3.7,2.91,2.93,1.01,1.55,4.29,3.05,4.8,4.35,1.65,3.24,3.49,4.29,2.88,3.83,1.03,4.58,4.2,2.38,4.72,4.07,4.23,4.52,4.33,4.44,3.2,4.62,3.1,2.77,4.52,2.99,4.29,2.97,2.36,3.06,1.91,4.41,2.38,3.09,3.95,4.14,1.76,4.4,4.79,3.68,3.81,4.07,4.76,2.83,3.89,3.84,2.38
49-3041,Farm Equipment Mechanics and Service Technicians,base_00,1.91,3.4,4.38,3.29,3.52,2.55,1.25,1.37,3.71,3.05,4.62,4.19,1.27,3.33,3.27,4.1,2.2,3.34,1.18,4.51,3.78,2.37,4.45,4.41,4.17,3.8,4.28,4.41,3.37,3.51,3.85,2.84,4.29,3.16,3.68,3.34,2.35,3.29,1.47,4.24,1.98,2.5,3.52,3.88,1.86,4.41,4.67,3.41,3.64,4.08,4.83,1.87,2.99,3.98,2.59
49-3042,"Mobile Heavy Equipment Mechanics, Except Engines",base_00,2.39,3.58,4.27,3.62,3.4,2.76,1.4,1.49,3.76,3.9,4.69,4.49,1.59,3.74,3.53,4.55,2.79,4.21,1.07,4.44,4.44,3.5,4.66,4.2,4.5,4.01,4.13,4.34,3.52,4.06,3.68,1.72,4.64,2.65,4.49,2.26,2.51,2.9,1.78,4.1,2.0,2.23,3.5,3.83,1.86,4.23,4.65,3.08,4.33,3.93,5.0,2.15,3.07,4.3,3.1
49-3043,Rail Car Repairers,base_00,2.62,3.64,3.98,3.73,2.84,2.62,1.23,1.44,3.73,2.31,4.48,3.43,1.1,4.46,3.42,4.04,3.55,3.94,1.79,4.57,4.29,1.87,4.5,4.13,3.01,3.57,3.43,3.83,2.8,3.49,3.92,1.67,4.41,2.4,4.26,2.83,2.23,3.6,1.92,3.58,2.43,2.66,3.42,3.37,1.57,4.58,4.88,3.59,2.64,3.99,4.89,3.56,2.86,4.02,2.57
49-3051,Motorboat Mechanics and Service Technicians,base_00,3.03,3.6,4.3,3.12,3.83,3.04,1.51,1.56,3.84,2.59,4.5,4.15,1.7,3.68,3.13,3.8,2.26,3.36,1.03,3.93,3.89,1.94,4.72,4.41,4.46,3.48,4.12,3.93,2.4,3.47,4.57,2.12,4.43,3.22,4.68,3.93,1.72,3.54,1.25,3.14,2.22,2.26,3.11,2.86,1.84,4.3,4.48,3.36,4.45,4.17,3.9,1.86,3.39,3.75,2.9
49-3052,Motorcycle Mechanics,base_00,3.02,4.61,4.6,3.39,3.63,3.6,1.87,1.06,4.28,3.69,4.98,3.94,1.0,2.55,3.43,3.61,1.19,3.85,1.0,4.74,3.81,2.32,4.37,4.19,4.88,4.19,4.66,4.71,3.78,2.15,3.81,3.71,2.6,3.66,3.52,2.21,1.83,2.91,1.86,4.3,1.11,1.98,3.76,3.96,1.62,4.88,5.0,3.84,3.24,4.54,4.72,1.28,2.84,4.37,3.63
49-3053,Outdoor Power Equipment and Other Small Engine Mechanics,base_00,2.34,3.3,4.42,2.61,3.57,2.31,1.06,1.36,3.7,2.36,4.34,3.02,1.11,1.78,2.81,4.3,1.41,3.12,1.0,4.19,2.66,1.25,3.67,4.38,3.43,2.79,4.13,3.76,3.07,2.0,3.9,2.73,4.18,1.75,3.58,2.33,1.32,3.13,1.23,3.16,1.26,1.28,3.16,3.1,1.65,4.49,4.65,3.08,3.85,3.66,4.41,1.3,2.29,2.92,1.96
49-3091,Bicycle Repairers,base_00,3.23,3.8,4.38,2.48,4.82,2.96,1.3,1.12,4.46,4.13,4.14,2.13,1.0,1.87,2.33,3.31,1.3,3.06,1.0,3.92,2.26,1.01,4.31,4.63,4.97,2.27,4.79,4.48,2.22,1.67,1.03,4.99,2.01,2.85,1.68,1.71,1.27,3.59,2.01,2.93,1.3,1.68,2.26,3.67,1.85,4.5,4.94,2.44,5.0,4.53,4.32,1.13,3.23,3.26,1.57
49-3092,Recreational Vehicle Service Technicians,base_00,2.4,2.86,3.8,3.03,3.39,2.57,1.23,1.71,3.65,2.51,3.37,3.46,1.63,2.85,3.06,3.92,2.91,3.59,1.0,3.2,3.34,1.18,4.61,4.1,3.81,2.19,3.54,3.62,2.33,3.56,2.81,1.5,4.54,2.28,3.76,3.28,1.28,3.15,1.88,3.19,2.43,2.14,3.61,2.77,1.94,4.15,4.01,3.52,2.84,3.46,3.56,1.33,2.2,3.27,1.61
49-3093,Tire Repairers and Changers,base_00,3.3,3.67,4.51,3.7,4.17,3.42,1.69,2.08,3.69,2.67,4.37,3.51,1.65,2.6,3.31,3.79,1.81,2.78,1.23,3.89,4.25,2.13,4.58,3.98,4.06,3.85,3.96,4.53,3.46,3.72,1.81,1.76,4.63,3.3,2.91,2.75,2.8,3.59,1.79,4.06,1.58,2.53,3.91,3.97,1.44,4.67,4.78,3.98,3.98,4.15,3.96,1.25,3.62,4.4,2.17
49-9011,Mechanical Door Repairers,base_00,1.93,2.99,4.38,3.08,3.88,2.65,1.54,1.68,4.0,2.98,3.72,3.33,1.29,3.55,2.62,4.05,4.1,3.72,1.2,3.72,4.16,1.81,4.49,4.27,4.17,2.87,4.03,3.9,3.18,4.69,2.59,2.67,3.87,3.2,4.14,3.72,1.65,3.91,2.03,3.41,3.63,2.44,3.08,3.41,2.01,4.03,4.32,2.82,4.79,4.0,4.51,2.6,3.1,3.91,2.78
49-9012,"Control and Valve Installers and Repairers, Except Mechanical Door",base_00,2.83,3.81,4.51,3.49,3.7,3.31,1.84,2.23,3.75,4.01,3.91,3.65,1.76,3.83,3.97,3.88,2.68,3.71,1.66,4.09,3.99,1.98,4.94,4.1,3.89,4.14,3.94,4.22,3.28,4.11,2.43,3.01,4.03,2.1,4.62,3.16,2.28,3.6,1.66,3.27,2.08,2.21,2.93,3.67,2.77,3.38,4.45,2.84,4.65,4.03,4.96,2.93,3.56,4.4,3.22
49-9021,"Heating, Air Conditioning, and Refrigeration Mechanics and Installers",base_00,2.31,3.62,4.61,3.68,3.89,2.51,1.28,1.97,4.27,3.89,4.08,3.88,1.75,3.36,3.59,3.8,3.89,3.45,1.24,3.57,3.95,1.59,4.43,4.3,4.35,3.88,4.22,4.15,3.49,3.25,1.25,3.44,3.94,3.08,4.05,3.13,2.12,3.53,1.78,3.34,3.15,2.54,2.82,3.1,2.02,3.9,4.4,3.09,4.68,3.8,4.6,2.53,3.91,4.21,2.93
49-9031,Home Appliance Repairers,base_00,3.04,2.59,4.84,3.25,4.65,3.56,1.49,1.81,4.12,3.57,3.87,4.1,1.49,3.09,3.06,2.87,1.42,3.89,1.16,2.55,3.87,1.26,4.73,4.54,4.43,2.63,4.01,4.22,3.04,4.2,1.27,4.04,3.71,3.14,3.49,2.89,1.83,3.68,1.66,3.27,1.4,2.37,3.45,3.08,2.4,3.22,4.59,2.73,4.89,3.74,2.43,1.11,2.97,3.58,2.7
49-9041,Industrial Machinery Mechanics,base_00,2.53,2.42,4.22,3.25,1.74,2.68,1.39,2.19,3.51,2.9,4.1,2.93,1.3,2.52,3.37,4.06,3.08,3.99,1.13,3.94,3.21,1.67,4.56,3.9,2.79,3.5,3.07,3.72,2.94,2.14,2.75,3.56,3.93,2.82,2.69,2.1,3.33,3.68,1.26,2.6,1.99,1.83,2.38,2.65,2.18,3.95,4.45,3.45,3.13,3.69,4.65,2.5,2.9,4.36,2.08
49-9043,"Maintenance Workers, Machinery",base_00,2.68,3.87,4.27,3.47,2.42,2.42,1.33,2.35,4.0,3.76,4.38,3.46,1.44,2.86,3.71,3.86,2.97,2.59,1.08,4.35,3.45,1.6,4.25,4.44,3.77,3.98,3.49,4.1,3.58,2.4,3.14,3.54,3.71,2.42,2.91,2.34,3.36,3.28,1.83,2.99,2.38,1.84,2.85,3.25,1.93,4.3,4.13,3.6,3.52,3.7,4.95,2.87,3.56,4.14,2.21
49-9044,Millwrights,base_00,3.05,4.41,4.41,3.73,2.77,2.73,1.77,1.86,3.64,3.95,4.32,4.09,1.68,4.05,3.77,4.5,3.86,3.67,1.95,4.77,4.14,2.77,4.91,3.64,4.32,4.68,4.36,4.91,3.91,3.09,3.41,2.91,4.5,3.36,4.36,3.73,3.09,4.36,2.45,3.91,2.73,2.55,3.45,3.55,1.82,4.27,4.68,3.09,4.23,4.59,5.0,4.23,3.91,4.64,2.95
49-9045,"Refractory Materials Repairers, Except Brickmasons",base_00,2.5,2.89,4.23,3.1,1.64,3.47,2.14,1.72,2.88,1.14,5.0,3.62,1.83,4.47,4.41,4.48,3.93,4.38,1.98,4.81,4.74,3.49,3.69,3.79,3.29,4.34,3.66,3.73,3.06,2.05,3.8,1.38,4.94,2.76,2.98,2.72,3.47,4.18,1.28,4.58,2.78,2.4,2.66,3.98,1.51,4.38,4.45,3.83,2.86,4.67,5.0,4.53,3.22,4.16,2.75
49-9051,Electrical Power-Line Installers and Repairers,base_00,3.23,4.06,4.56,4.14,3.68,3.14,2.13,1.48,3.94,3.93,3.74,3.62,1.17,4.43,4.93,4.75,4.82,4.33,1.49,4.54,4.32,3.22,4.91,4.27,4.75,4.86,4.52,4.56,2.79,4.5,4.39,1.49,3.93,3.34,5.0,1.9,2.77,4.15,1.63,3.4,3.1,3.17,2.3,3.37,2.13,4.19,4.3,2.45,4.42,4.11,4.99,4.69,4.41,4.86,2.31
49-9052,Telecommunications Line Installers and Repairers,base_00,3.19,3.34,4.79,3.58,3.99,3.21,1.6,1.8,4.19,3.29,4.17,3.79,2.34,3.4,3.67,4.13,4.0,3.67,1.58,3.44,4.1,2.16,4.44,4.51,4.05,3.62,3.62,4.38,3.56,4.8,2.64,3.63,4.0,3.37,4.83,3.58,2.39,3.54,2.21,3.54,3.16,2.39,2.93,3.7,2.16,3.92,4.59,3.25,4.69,4.54,4.77,3.04,2.8,4.28,3.07
49-9061,Camera and Photographic Equipment Repairers,base_00,2.3,3.25,3.44,2.64,3.13,2.37,1.23,1.21,4.38,3.85,3.14,1.4,1.0,1.79,2.18,2.19,1.0,2.41,1.0,1.96,1.22,1.0,4.38,4.39,3.37,1.59,3.05,4.63,2.96,1.11,1.0,4.62,1.83,1.83,1.14,1.14,1.04,2.53,1.13,1.56,1.04,1.36,1.36,3.34,4.17,2.31,4.74,1.46,3.7,3.67,1.99,1.0,1.86,2.69,2.88
49-9062,Medical Equipment Repairers,base_00,1.96,3.53,4.44,3.76,3.83,2.34,1.13,1.79,4.26,4.66,2.9,3.03,2.53,2.29,3.23,2.37,1.57,2.39,2.41,2.79,2.59,1.33,4.66,4.35,3.94,3.39,4.05,4.72,3.33,3.57,1.24,4.7,2.73,3.01,2.46,1.71,1.76,3.54,1.98,2.63,1.8,1.62,2.49,2.5,2.41,3.54,3.79,2.63,4.5,3.82,3.39,2.13,2.71,4.33,2.97
49-9063,Musical Instrument Repairers and Tuners,base_00,2.0,2.57,3.19,1.67,3.81,2.24,1.09,1.14,4.41,4.76,3.2,2.62,1.43,1.73,2.29,3.09,1.0,2.76,1.05,3.77,1.43,1.33,4.55,4.73,3.76,2.45,3.33,4.9,3.6,2.14,1.1,4.76,1.95,2.57,1.29,1.55,1.11,2.29,1.48,2.67,1.09,1.33,1.76,4.0,3.36,2.76,4.86,1.7,4.8,3.86,3.95,1.41,1.86,2.15,3.25
49-9064,Watch and Clock Repairers,base_00,1.86,2.33,3.67,1.97,3.27,2.35,1.01,1.05,4.66,2.89,3.17,2.07,1.03,1.05,2.1,2.49,1.0,1.9,1.0,3.07,1.0,1.0,4.34,4.61,3.52,1.68,3.3,4.86,2.52,1.25,1.0,5.0,1.0,2.25,1.0,1.0,1.13,3.63,1.14,1.86,1.14,1.16,1.39,2.72,4.68,2.22,5.0,1.52,4.17,3.81,2.22,1.01,1.36,3.19,2.56
49-9071,"Maintenance and Repair Workers, General",base_00,3.02,3.18,4.73,3.83,3.53,3.33,2.03,2.48,4.37,4.45,3.85,3.1,2.02,2.77,3.49,4.21,3.0,3.65,1.11,3.75,4.18,1.63,4.76,4.07,4.18,4.58,3.93,3.97,3.09,3.81,2.57,3.73,3.77,2.46,4.24,2.29,3.23,3.49,1.93,3.68,2.61,2.57,3.04,3.43,1.93,4.1,4.4,3.89,4.61,3.72,3.85,2.46,4.11,4.3,3.01
49-9081,Wind Turbine Service Technicians,base_00,3.29,4.76,4.67,4.4,2.41,3.52,1.28,2.12,3.68,4.75,4.54,4.8,1.13,4.29,4.91,4.58,4.97,3.49,1.14,4.53,4.64,2.54,4.87,4.19,4.37,4.62,4.13,4.29,4.18,4.54,3.04,2.12,4.77,3.57,4.75,4.44,2.71,4.48,2.62,4.57,3.77,3.7,3.62,4.44,2.19,4.14,4.84,3.22,4.04,4.21,5.0,5.0,4.02,4.51,2.98
49-9091,"Coin, Vending, and Amusement Machine Servicers and Repairers",base_00,2.52,2.28,4.12,2.84,3.58,3.55,1.62,1.88,3.99,4.39,3.03,2.77,1.29,2.61,1.65,1.81,1.28,2.49,1.02,3.24,2.86,1.02,3.66,4.81,3.65,2.08,3.65,4.05,4.05,3.77,1.6,4.12,2.96,2.58,3.3,2.67,2.0,3.32,1.36,2.8,1.21,1.47,3.26,3.49,2.26,3.34,4.05,3.3,4.21,3.03,2.72,1.45,2.11,2.76,2.32
49-9092,Commercial Divers,base_00,2.91,3.99,4.59,3.86,2.98,2.52,1.38,1.54,4.03,3.38,3.82,3.48,1.48,3.41,2.89,3.49,2.45,3.05,1.14,4.22,3.49,2.37,4.55,4.36,3.65,4.38,3.98,4.26,3.39,3.14,2.49,1.75,3.66,3.24,4.61,3.34,2.36,4.0,1.98,3.48,2.32,2.17,2.54,3.17,2.02,3.78,4.18,2.7,4.14,3.85,4.69,3.98,4.19,4.52,3.14
49-9094,Locksmiths and Safe Repairers,base_00,2.54,2.92,4.54,3.15,4.31,2.88,1.81,1.58,3.65,4.81,2.84,2.96,1.52,3.31,1.6,3.36,1.88,2.81,1.08,3.54,3.19,1.4,4.46,4.04,4.0,3.62,3.85,4.48,3.0,4.35,2.65,3.62,3.92,3.69,4.38,3.85,1.81,3.58,2.08,2.65,1.65,1.77,2.62,2.69,2.54,3.38,4.15,2.54,4.96,3.92,3.92,1.52,2.92,3.6,3.88
49-9095,Manufactured Building and Mobile Home Installers,base_00,3.79,3.2,3.75,2.56,2.46,3.3,1.99,1.05,4.22,1.15,3.75,3.93,1.05,2.86,2.82,4.91,3.4,3.84,1.02,4.54,3.97,2.92,3.76,4.23,4.49,3.83,4.3,4.33,2.65,3.33,3.08,1.88,1.87,3.35,4.43,2.09,2.64,3.92,1.02,4.67,3.53,2.86,4.66,4.25,1.09,4.81,4.39,3.42,4.09,4.24,2.26,1.09,3.93,3.81,1.48
49-9096,Riggers,base_00,3.51,3.9,4.59,4.06,3.08,3.51,1.82,1.96,3.68,2.73,4.16,3.83,1.22,3.57,2.98,4.2,3.32,3.51,1.48,4.33,4.68,2.4,4.77,3.9,4.09,4.53,4.11,4.42,3.55,3.66,3.36,2.38,4.2,3.67,4.58,2.9,3.7,3.93,3.07,3.81,2.98,2.89,3.21,3.86,1.72,4.11,4.5,3.62,4.18,4.61,4.95,2.88,4.07,4.41,3.03
49-9097,Signal and Track Switch Repairers,base_00,1.98,3.46,4.02,3.51,2.97,2.76,1.41,2.0,4.49,3.4,3.99,3.07,1.21,3.47,2.95,3.57,3.12,3.29,1.23,4.65,4.4,2.2,4.55,4.44,3.88,4.64,3.83,3.99,3.07,4.52,2.1,2.73,3.45,2.65,4.67,2.05,2.07,2.58,1.96,2.83,2.28,1.97,2.34,3.07,2.41,3.62,4.24,3.1,4.55,3.86,4.99,2.08,3.47,4.57,1.62
49-9098,"Helpers--Installation, Maintenance, and Repair Workers",base_00,2.54,3.64,3.99,3.34,3.38,2.61,1.26,2.1,3.73,3.69,4.09,3.16,1.56,3.41,3.3,3.73,3.23,3.65,1.23,4.16,3.87,1.98,4.72,3.85,3.96,3.9,4.06,3.89,3.12,3.13,3.04,2.47,4.22,2.34,3.94,2.49,2.36,3.56,1.64,3.13,2.38,2.27,2.66,2.94,2.08,3.99,4.16,3.44,3.91,3.44,4.77,3.12,3.55,4.17,2.04
49-9099,Geothermal Technicians,first_detail,2.37,3.82,4.34,4.07,2.49,2.36,1.17,3.06,3.88,4.57,4.57,2.58,1.36,3.53,4.74,3.67,3.39,3.75,1.16,4.21,4.3,1.89,4.89,4.21,4.35,4.52,3.74,3.64,3.73,4.71,3.29,3.79,4.1,2.65,4.67,3.23,2.59,2.67,2.82,2.8,2.52,2.04,2.51,3.17,2.79,3.26,3.85,2.91,4.75,3.58,4.78,3.15,3.3,4.28,3.34
51-1011,First-Line Supervisors of Production and Operating Workers,base_00,3.7,3.12,4.83,4.11,2.92,3.64,1.75,2.3,4.21,4.41,3.67,2.82,1.37,2.67,3.14,4.22,2.26,3.09,1.38,4.42,3.66,1.18,4.76,4.32,4.48,4.41,4.19,4.23,3.34,2.44,2.02,3.3,4.04,3.08,2.63,2.33,3.83,3.59,3.4,2.51,1.86,1.6,1.93,2.77,2.27,3.98,2.97,3.53,4.01,4.5,4.84,2.12,4.41,4.52,2.73
51-2011,"Aircraft Structure, Surfaces, Rigging, and Systems Assemblers",base_00,2.47,3.48,3.97,3.01,2.29,2.29,1.26,2.17,3.82,1.72,4.67,2.4,1.35,1.79,4.09,3.44,1.42,3.13,1.27,4.02,2.05,1.52,4.78,3.59,3.24,3.43,3.61,4.45,3.65,1.46,1.53,4.08,2.49,2.56,1.45,1.44,2.39,3.38,1.91,3.21,1.28,1.53,2.29,3.96,2.49,3.71,4.86,2.89,2.22,3.53,4.97,2.61,3.18,4.06,1.42
51-2021,"Coil Winders, Tapers, and Finishers",base_00,2.45,3.75,3.65,2.78,2.04,2.66,1.36,1.64,3.7,1.25,4.29,2.0,1.08,2.04,2.06,3.39,1.64,3.72,1.0,3.78,2.38,1.0,4.33,4.08,3.41,3.82,3.36,4.92,3.63,1.09,1.68,3.61,3.41,2.82,1.49,1.33,2.41,3.32,1.92,3.53,1.32,2.11,2.0,4.65,1.78,4.62,4.79,2.07,2.09,4.14,4.99,1.64,2.51,3.86,1.54
51-2022,Electrical and Electronic Equipment Assemblers,base_00,3.04,3.02,3.39,3.67,2.28,2.5,1.06,1.75,3.66,1.9,3.44,2.07,1.11,2.26,3.19,2.74,1.51,2.88,1.14,3.14,1.86,1.18,3.98,3.78,3.26,3.62,3.5,4.11,2.94,1.46,1.95,4.78,1.87,3.1,1.92,1.5,2.75,3.35,1.43,2.58,1.53,1.93,2.0,3.78,3.42,3.02,4.47,2.45,2.5,4.48,4.71,2.58,3.69,3.7,2.05
51-2023,Electromechanical Equipment Assemblers,base_00,2.28,2.5,4.02,3.24,2.35,2.2,1.17,2.29,3.48,3.22,3.28,2.46,1.26,2.23,2.93,2.61,1.52,2.16,1.02,3.15,1.41,1.02,4.94,3.65,2.49,3.9,2.25,4.16,3.55,1.03,1.17,4.98,1.22,2.78,1.11,1.02,2.31,3.34,1.49,2.55,1.34,1.54,1.8,3.5,2.73,3.28,4.29,2.38,1.73,3.78,4.98,1.46,3.34,4.19,2.61
51-2031,Engine and Other Machine Assemblers,base_00,2.43,3.42,4.15,2.98,2.79,2.81,1.32,1.87,3.6,2.52,4.1,2.86,1.01,2.71,3.13,3.86,2.02,3.37,1.16,4.3,2.91,1.67,4.73,3.67,3.84,3.98,3.47,4.49,3.01,1.75,2.43,2.99,3.73,2.67,2.1,1.75,2.66,3.75,1.82,3.74,1.85,1.92,2.21,3.72,1.89,4.23,4.67,2.94,2.59,4.31,4.88,2.32,2.84,4.21,2.27
51-2041,Structural Metal Fabricators and Fitters,base_00,2.15,2.97,4.24,2.96,1.8,2.55,1.19,2.08,3.72,1.96,4.48,3.0,1.28,2.33,3.11,3.85,2.25,3.66,1.14,4.62,3.71,1.48,4.6,3.66,3.23,3.6,2.98,4.34,2.93,1.53,2.1,1.66,4.36,2.75,2.2,1.59,2.77,3.4,2.8,2.98,1.77,2.05,2.63,3.59,1.76,4.3,4.56,2.92,2.36,4.33,5.0,2.32,3.17,3.95,2.54
51-2051,Fiberglass Laminators and Fabricators,base_00,2.22,2.78,4.19,3.27,2.4,2.69,1.83,1.76,2.57,1.2,4.7,3.18,1.11,1.48,3.78,3.2,2.32,2.55,1.01,4.5,2.8,1.4,4.59,3.04,2.43,3.83,2.83,3.75,3.59,1.29,1.79,2.54,3.32,2.08,1.67,1.34,2.92,4.47,1.96,4.11,2.3,2.0,3.63,4.2,1.63,4.96,4.43,2.81,1.55,4.59,4.95,4.74,3.84,4.36,1.71
51-2061,Timing Device Assemblers and Adjusters,base_00,1.88,1.75,4.18,3.08,1.45,2.39,1.04,1.91,4.09,3.09,2.57,1.77,1.0,1.95,2.05,2.08,1.64,2.58,1.0,2.83,1.36,1.01,4.63,4.32,3.87,1.47,3.4,3.58,2.23,1.67,1.03,4.02,1.97,2.06,1.26,1.02,1.07,2.79,1.24,1.3,1.21,1.22,1.22,1.88,3.57,2.46,2.91,1.93,3.82,2.91,2.74,1.0,2.3,3.63,2.65
51-2092,Team Assemblers,base_00,2.45,2.27,4.12,3.65,2.0,2.53,1.12,2.09,3.56,2.56,3.51,1.64,1.17,2.33,2.54,2.75,1.22,2.68,1.66,3.76,1.8,1.32,4.81,4.03,3.61,3.67,3.56,4.66,2.81,1.27,1.25,3.85,2.1,3.28,1.19,1.12,2.86,3.63,2.14,3.0,1.12,1.56,2.13,3.88,2.45,3.6,4.69,2.96,2.54,4.5,4.88,1.89,3.22,4.26,1.91
51-3011,Bakers,base_00,2.41,2.79,4.42,3.54,3.41,2.23,1.22,2.5,4.23,2.88,1.67,1.5,1.29,1.83,1.46,2.49,1.34,3.84,1.0,2.7,4.0,1.01,4.25,4.2,3.6,3.72,3.73,4.2,3.08,1.97,1.0,3.7,1.65,2.8,1.16,1.08,3.27,3.19,1.76,2.86,1.31,1.53,2.01,3.66,1.57,4.4,4.05,3.41,3.77,4.32,4.16,1.25,3.11,3.89,2.06
51-3021,Butchers and Meat Cutters,base_00,2.87,3.9,4.52,3.78,4.48,3.85,1.58,2.44,3.53,2.54,2.53,1.34,1.1,1.91,1.07,4.32,1.01,2.82,1.0,3.64,4.13,1.0,4.33,3.58,3.97,3.9,4.33,3.92,3.0,1.0,1.14,5.0,1.46,2.88,1.28,1.04,3.58,4.06,1.58,3.5,1.05,1.91,1.59,4.26,1.3,4.86,4.78,2.86,3.65,4.12,4.55,1.68,3.79,4.4,2.63
51-3022,"Meat, Poultry, and Fish Cutters and Trimmers",base_00,3.03,3.61,2.85,3.86,3.43,4.01,2.14,2.89,2.88,1.43,2.55,2.15,1.99,2.45,2.14,3.49,1.22,2.35,1.0,2.71,4.27,2.02,3.82,2.6,4.64,2.97,3.46,4.51,3.52,2.47,1.06,4.75,1.08,3.42,2.29,1.0,4.22,4.38,1.43,3.87,1.08,1.9,1.06,4.76,1.23,5.0,4.63,2.93,3.04,4.59,4.72,2.56,3.69,4.31,2.66
51-3023,Slaughterers and Meat Packers,base_00,1.71,3.53,3.93,3.55,3.3,2.06,1.09,1.9,3.43,1.42,2.86,1.72,1.7,1.74,1.04,3.03,2.05,3.65,1.08,2.97,3.15,1.07,4.12,3.12,2.87,3.93,2.78,3.79,3.07,1.58,1.34,4.17,1.97,3.0,1.67,1.16,4.2,3.9,2.1,3.07,1.67,1.16,1.45,4.28,1.13,4.34,4.66,2.22,2.05,2.97,4.84,3.05,3.4,4.56,2.31
51-3091,"Food and Tobacco Roasting, Baking, and Drying Machine Operators and Tenders",base_00,2.72,3.75,3.95,3.22,2.52,2.8,1.33,3.22,3.16,2.14,3.26,2.13,1.25,2.61,1.67,2.12,2.0,2.73,1.02,4.36,3.98,1.34,4.39,3.54,3.49,3.39,3.35,4.32,3.58,1.01,1.71,3.29,4.36,2.33,1.23,1.13,3.83,2.38,2.03,2.75,1.62,1.55,2.06,3.41,1.45,4.78,4.2,3.4,2.25,4.03,4.82,2.33,2.93,3.72,2.16
51-3092,Food Batchmakers,base_00,1.73,3.22,3.74,3.73,1.99,1.58,1.0,2.77,2.76,1.65,3.27,1.44,1.0,1.5,2.25,2.88,1.72,1.85,1.0,3.61,2.59,1.0,4.55,3.7,2.76,4.17,3.67,4.25,4.09,1.02,1.83,3.79,2.36,2.78,1.01,1.01,4.29,3.91,2.32,3.19,2.03,2.0,2.46,3.86,1.67,4.38,4.15,3.32,2.39,4.19,4.85,1.87,3.88,4.22,1.99
51-3093,Food Cooking Machine Operators and Tenders,base_00,2.42,3.65,4.4,3.34,3.0,2.29,1.13,2.89,4.75,2.02,2.94,1.85,1.0,1.12,2.73,2.5,2.53,2.64,1.0,3.46,3.64,1.0,4.49,4.59,3.55,3.6,3.51,3.69,3.03,1.26,2.03,4.74,3.37,2.29,2.82,2.74,3.49,3.75,1.39,2.09,1.25,1.27,1.7,3.61,1.65,3.95,4.61,4.29,2.76,4.14,4.26,2.86,3.39,4.56,1.62
51-4021,"Extruding and Drawing Machine Setters, Operators, and Tenders, Metal and Plastic",base_00,2.48,4.17,3.45,2.5,1.32,3.51,1.46,2.73,2.99,1.93,4.29,2.33,1.49,2.44,2.82,3.81,1.74,3.82,1.52,4.65,3.33,1.15,3.98,3.71,4.58,2.91,4.37,3.99,3.46,1.0,1.97,2.47,3.6,2.4,1.45,1.01,4.76,3.05,1.93,3.46,1.88,2.05,1.7,3.37,1.77,4.44,3.85,4.02,2.5,4.41,5.0,2.18,2.77,3.47,1.79
51-4022,"Forging Machine Setters, Operators, and Tenders, Metal and Plastic",base_00,3.01,3.53,4.33,3.58,2.02,3.05,1.41,2.96,3.52,1.97,3.34,2.9,1.05,2.67,2.21,5.0,1.73,3.73,1.17,4.43,3.85,2.7,4.73,3.8,3.72,4.14,4.18,4.02,3.56,1.9,4.06,2.52,3.69,2.95,1.9,1.55,4.06,3.6,2.76,2.6,1.52,1.98,2.07,3.54,2.06,4.43,4.2,3.41,2.84,4.47,5.0,1.85,3.76,4.34,2.6
51-4023,"Rolling Machine Setters, Operators, and Tenders, Metal and Plastic",base_00,2.24,3.24,4.37,4.01,3.18,2.16,1.03,2.68,3.76,2.12,4.04,2.31,1.03,2.45,2.84,3.85,1.85,3.67,2.11,4.24,2.96,2.07,4.55,3.55,4.03,4.11,3.96,4.39,3.7,1.25,2.29,3.15,3.6,2.89,1.36,1.3,4.12,3.34,1.83,3.42,1.8,1.98,1.93,3.75,1.71,4.31,4.15,3.78,2.53,4.36,5.0,2.07,3.63,4.7,2.75
51-4031,"Cutting, Punching, and Press Machine Setters, Operators, and Tenders, Metal and Plastic",base_00,3.03,3.65,3.12,2.26,1.71,2.86,1.86,2.42,2.94,1.07,4.74,2.34,1.23,2.57,3.06,4.33,1.24,3.89,1.47,4.64,3.12,1.04,4.04,2.36,3.05,2.68,3.01,4.37,4.13,1.02,1.47,2.69,3.77,2.27,1.42,2.43,4.71,3.45,1.17,3.2,1.23,1.46,2.03,4.46,2.57,3.73,4.62,3.04,1.18,4.14,4.86,1.24,1.68,3.16,1.07
51-4032,"Drilling and Boring Machine Tool Setters, Operators, and Tenders, Metal and Plastic",base_00,2.38,3.65,4.11,3.81,2.39,2.58,1.11,2.67,4.03,2.91,4.23,1.97,1.0,2.37,2.4,4.03,1.33,2.63,1.11,4.26,2.15,1.45,4.39,4.06,3.74,3.55,3.89,4.7,3.41,1.23,1.91,3.84,2.8,2.42,1.07,1.1,3.87,3.24,2.02,2.87,1.31,1.47,1.83,3.4,2.11,3.92,4.4,2.92,2.5,4.32,4.93,1.3,3.4,4.31,2.21
51-4033,"Grinding, Lapping, Polishing, and Buffing Machine Tool Setters, Operators, and Tenders, Metal and Plastic",base_00,2.65,3.02,3.47,3.25,2.47,2.52,1.23,2.9,4.06,2.4,3.72,1.84,1.19,2.42,1.8,3.84,1.52,2.65,1.23,3.58,2.38,1.58,3.87,3.87,3.48,3.5,3.84,4.62,3.69,1.58,1.41,4.16,2.54,2.9,1.53,1.37,4.07,3.19,1.91,2.84,1.31,1.73,1.66,3.76,1.87,4.11,4.93,2.66,2.32,4.31,5.0,1.65,3.08,3.59,2.37
51-4034,"Lathe and Turning Machine Tool Setters, Operators, and Tenders, Metal and Plastic",base_00,1.78,2.06,3.39,3.13,2.82,1.72,1.19,2.62,3.4,2.17,2.61,2.42,1.0,1.09,1.36,1.51,1.22,2.2,1.0,3.63,2.25,1.2,3.72,2.9,2.28,3.17,2.65,3.71,2.88,1.46,1.54,4.2,1.83,3.29,1.52,1.03,3.12,2.35,2.42,2.56,1.2,2.26,2.13,3.45,1.73,4.09,4.37,2.73,2.42,3.26,5.0,2.02,3.08,3.6,2.36
51-4035,"Milling and Planing Machine Setters, Operators, and Tenders, Metal and Plastic",base_00,2.83,2.94,3.49,2.63,1.88,3.36,1.43,2.24,3.35,1.67,4.12,2.76,1.01,2.43,2.61,3.55,1.95,3.47,1.0,4.34,3.4,1.63,4.26,3.49,2.44,3.26,2.72,4.63,3.28,1.51,1.88,2.24,3.59,2.5,1.27,1.08,3.89,3.28,1.38,3.42,1.97,2.39,2.23,3.7,1.48,4.5,4.5,3.75,1.77,4.1,4.89,1.58,3.14,3.53,2.25
51-4041,Machinists,base_00,2.17,3.03,3.77,3.52,2.65,1.91,1.05,3.05,3.89,2.51,3.16,1.7,1.01,1.79,1.71,3.92,1.41,3.17,1.44,3.92,2.11,1.47,4.52,4.15,3.72,3.73,3.61,4.61,3.89,1.33,1.76,4.06,1.82,3.14,1.34,1.32,4.33,3.26,1.36,3.29,1.23,1.49,1.65,4.02,1.88,4.51,4.85,2.81,2.41,4.22,4.94,1.45,3.28,3.78,2.27
51-4051,Metal-Refining Furnace Operators and Tenders,base_00,2.47,3.74,3.48,2.37,1.69,2.76,1.1,2.91,3.52,2.02,4.95,2.66,1.08,2.93,4.27,3.73,2.26,4.86,1.56,4.54,4.82,2.3,4.02,3.85,3.38,4.03,4.05,4.08,3.83,1.11,2.43,1.87,3.94,2.29,1.82,1.27,4.41,2.71,2.05,3.26,2.07,1.46,1.56,4.01,2.14,4.04,4.47,3.05,2.47,3.39,5.0,4.04,3.58,4.18,2.27
51-4052,"Pourers and Casters, Metal",base_00,2.22,3.07,3.44,2.43,1.11,2.09,1.1,2.48,3.03,1.73,3.86,1.65,1.03,1.84,2.81,3.15,1.83,4.23,1.01,3.3,3.93,1.38,4.41,3.21,2.67,2.71,2.48,3.51,2.1,1.15,1.63,1.03,4.96,2.29,1.27,1.2,3.32,2.98,1.28,3.21,1.34,1.93,1.94,3.62,1.38,4.56,3.78,3.23,1.86,3.48,5.0,2.0,2.76,3.24,1.29
51-4061,"Model Makers, Metal and Plastic",base_00,1.92,2.39,3.31,2.91,1.31,2.27,1.11,2.33,3.48,1.9,3.24,1.37,1.0,1.34,1.48,3.02,1.16,3.27,1.0,2.93,1.8,1.02,4.61,3.9,3.2,2.68,3.14,4.78,3.73,1.19,2.51,3.99,2.27,2.38,1.12,1.01,3.46,2.77,1.25,1.94,1.47,2.03,1.56,3.29,1.33,4.61,4.54,2.86,1.65,4.24,4.97,1.34,2.18,3.46,1.5
51-4062,"Patternmakers, Metal and Plastic",base_00,3.09,3.41,4.48,3.34,2.07,2.23,1.35,2.12,3.84,3.78,4.48,2.71,1.02,1.94,2.16,3.96,1.1,2.22,1.14,4.38,2.22,1.36,5.0,3.79,3.18,3.52,3.18,4.13,3.04,1.81,2.14,3.5,2.54,3.39,1.94,1.18,3.48,3.56,1.58,2.74,1.36,1.46,2.37,3.37,2.24,3.84,4.53,3.2,3.85,4.51,5.0,2.16,3.55,4.14,3.31
51-4071,Foundry Mold and Coremakers,base_00,2.32,3.18,4.31,3.19,1.89,2.8,1.56,2.24,3.96,1.56,4.88,2.06,1.0,3.48,3.92,4.33,2.41,3.84,1.0,4.41,4.74,2.45,4.27,3.99,3.52,3.51,3.75,4.18,2.96,1.08,3.29,1.13,4.94,3.24,2.51,1.31,3.72,3.41,1.67,3.08,1.58,1.62,2.03,4.03,1.25,4.6,4.25,3.26,1.41,4.2,5.0,2.77,3.83,3.94,2.41
51-4072,"Molding, Coremaking, and Casting Machine Setters, Operators, and Tenders, Metal and Plastic",base_00,2.57,3.24,3.93,2.94,1.15,2.82,1.28,2.42,3.85,2.17,4.51,2.35,1.1,2.8,3.28,4.24,1.95,3.91,1.0,4.22,3.82,1.39,4.63,3.94,2.88,3.73,3.11,4.14,3.47,1.09,2.76,2.81,3.27,3.16,1.44,1.14,3.93,3.73,1.92,3.2,1.69,2.1,2.6,3.46,1.28,4.55,4.33,3.65,2.08,3.96,4.98,1.22,3.15,3.47,1.91
51-4081,"Multiple Machine Tool Setters, Operators, and Tenders, Metal and Plastic",base_00,2.75,3.18,3.97,3.18,2.24,1.87,1.16,3.02,3.38,3.32,3.02,1.75,1.08,1.61,1.98,3.14,1.06,3.31,1.02,3.15,2.26,1.3,4.86,3.9,2.78,3.51,2.98,4.69,2.93,1.24,1.26,3.79,2.79,2.62,1.12,1.12,3.95,3.07,1.78,2.88,1.47,1.34,1.5,2.89,1.81,4.36,4.24,3.0,2.05,4.46,4.96,1.65,3.02,3.78,2.73
51-4111,Tool and Die Makers,base_00,2.31,3.87,4.2,2.99,1.84,2.13,1.1,1.8,4.42,3.23,3.77,2.31,1.0,2.82,2.01,4.32,1.17,3.43,1.02,4.1,2.14,1.41,4.67,4.76,3.98,3.16,3.83,4.8,2.87,1.07,1.86,3.2,3.1,2.56,1.32,1.14,3.24,2.66,1.7,2.52,1.03,1.51,2.08,2.9,1.78,4.13,4.31,2.96,2.71,4.29,5.0,2.02,3.22,3.99,2.47
51-4121,"Welders, Cutters, Solderers, and Brazers",base_00,2.4,3.25,3.79,2.99,1.99,2.23,1.19,1.76,3.38,1.88,4.03,2.64,1.09,3.07,2.82,3.15,1.79,3.47,1.49,3.96,3.19,1.23,4.35,3.31,3.34,3.37,3.45,4.36,3.16,1.49,1.78,2.67,3.53,2.78,1.52,1.39,2.64,3.31,1.46,3.02,1.46,1.83,2.09,3.46,2.52,3.52,4.51,2.79,2.14,4.51,4.65,2.31,3.08,3.85,2.23
51-4122,"Welding, Soldering, and Brazing Machine Setters, Operators, and Tenders",base_00,2.58,3.88,3.71,3.99,2.09,1.97,1.1,2.41,3.19,2.48,4.25,2.84,1.24,3.01,3.31,3.29,1.8,4.06,2.25,4.54,3.89,1.35,4.69,3.47,3.76,4.21,3.86,4.38,3.26,1.21,1.76,2.54,3.92,3.42,1.69,1.58,3.35,2.6,1.57,2.88,1.32,1.6,2.29,4.22,2.19,4.26,4.17,3.29,2.43,4.28,4.92,3.24,3.55,4.17,2.11
51-4191,"Heat Treating Equipment Setters, Operators, and Tenders, Metal and Plastic",base_00,2.79,2.77,4.01,3.17,1.63,2.92,1.25,1.91,3.58,1.91,4.44,2.85,1.1,2.69,3.31,3.52,2.34,3.49,1.25,4.26,3.96,1.22,4.11,3.29,3.55,4.06,3.25,4.15,4.14,1.04,2.93,3.02,4.07,2.69,1.51,1.04,4.01,3.42,1.42,2.96,1.47,1.75,2.1,3.9,1.73,4.54,4.47,3.78,2.91,4.6,4.79,2.12,3.68,4.01,3.24
51-4192,"Layout Workers, Metal and Plastic",base_00,2.91,3.25,3.77,3.39,2.21,2.5,1.15,2.01,3.33,2.32,4.65,2.92,1.5,3.7,3.19,4.03,2.56,3.85,1.54,4.62,4.24,2.15,4.59,3.48,3.14,3.56,3.55,4.69,2.87,1.27,2.03,2.22,4.45,2.98,2.21,2.43,2.6,3.26,1.83,3.44,2.07,2.28,2.79,3.68,1.91,4.28,4.29,3.92,1.92,4.64,5.0,2.87,3.06,3.47,2.3
51-4193,"Plating Machine Setters, Operators, and Tenders, Metal and Plastic",base_00,2.2,3.41,3.91,3.52,2.17,2.99,1.44,2.23,3.21,1.65,4.71,2.0,1.1,3.0,4.2,3.22,2.22,3.34,1.0,4.57,3.85,1.09,4.58,3.9,3.36,3.62,2.78,4.22,3.49,1.4,2.36,2.23,4.14,2.54,1.46,1.27,3.43,3.37,1.3,2.81,1.41,1.63,2.01,3.47,1.75,4.27,4.4,3.57,1.87,4.94,4.79,2.71,4.07,4.15,1.83
51-4194,"Tool Grinders, Filers, and Sharpeners",base_00,2.45,2.63,3.64,3.64,2.13,2.55,1.1,2.16,3.76,1.97,4.06,2.19,1.0,2.46,2.23,3.66,1.24,3.89,1.0,3.6,2.66,2.15,4.49,3.77,3.77,3.95,3.41,4.61,2.79,1.48,1.3,2.51,3.69,3.26,1.91,1.01,4.12,2.86,1.55,3.22,1.37,1.69,2.46,4.07,1.51,4.67,4.92,3.34,2.19,4.05,4.99,2.39,3.36,3.94,2.05
51-5111,Prepress Technicians and Workers,base_00,2.56,2.83,4.1,3.15,2.6,3.02,1.42,3.08,3.84,4.46,3.21,1.33,1.0,1.46,1.81,1.51,1.0,1.78,1.23,3.42,1.21,1.0,4.69,3.95,3.01,1.92,2.91,4.64,3.72,1.29,1.0,4.62,1.48,2.45,1.18,1.07,2.43,3.22,1.18,1.44,1.0,1.05,1.33,3.64,4.21,2.34,3.55,2.02,4.37,4.92,1.36,1.0,2.91,3.96,2.43
51-5112,Printing Press Operators,base_00,2.4,3.1,4.02,3.84,3.05,2.35,1.48,2.61,4.02,2.34,4.45,2.6,1.0,1.66,3.58,3.77,1.96,2.87,1.02,3.95,1.75,1.11,4.6,4.14,4.21,3.86,3.74,4.7,3.61,1.6,1.65,5.0,1.17,2.67,1.13,1.0,4.04,2.98,1.55,3.31,1.53,1.24,2.75,3.82,1.67,4.4,4.72,3.91,2.56,4.8,3.97,1.39,3.22,4.28,2.4
51-5113,Print Binding and Finishing Workers,base_00,2.28,3.09,3.57,3.29,2.51,2.23,1.18,2.7,3.46,1.57,3.71,2.47,1.0,1.24,2.44,3.71,1.15,2.57,1.0,3.95,1.48,1.03,4.7,3.42,3.6,3.55,3.76,4.31,3.6,1.19,1.47,4.28,1.87,2.68,1.1,1.05,3.57,3.21,1.12,2.96,1.17,1.48,1.77,4.19,1.54,4.71,4.29,3.25,1.98,3.87,3.93,1.16,3.41,4.55,1.72
51-6011,Laundry and Dry-Cleaning Workers,base_00,2.09,1.92,3.23,2.82,2.49,2.57,1.49,3.27,3.18,1.37,2.99,1.32,3.19,1.61,2.13,1.51,1.16,1.89,1.38,2.01,1.93,1.42,3.85,2.92,2.83,4.26,3.49,3.93,3.07,1.04,1.18,3.5,1.69,3.43,1.59,1.49,4.12,3.12,1.8,3.39,1.16,2.14,2.3,4.13,1.38,4.62,3.99,3.68,2.03,3.91,4.09,2.3,3.74,3.72,1.62
51-6021,"Pressers, Textile, Garment, and Related Materials",base_00,2.05,2.31,3.43,2.24,2.58,2.65,1.35,2.55,3.95,1.47,2.56,1.69,1.15,1.45,1.79,2.16,1.15,3.75,1.15,2.61,2.83,1.15,4.08,2.69,1.47,3.31,2.08,4.07,2.84,1.0,1.0,3.04,2.47,3.38,1.58,1.29,4.19,2.4,1.9,3.43,1.15,1.29,1.46,3.68,1.55,4.28,4.24,2.74,1.88,3.94,1.75,1.18,2.9,3.46,1.51
51-6031,Sewing Machine Operators,base_00,2.05,1.89,3.55,2.32,1.48,2.66,1.07,1.88,3.29,1.34,2.81,1.56,1.0,1.76,1.49,1.74,1.1,1.64,1.0,2.73,1.82,1.21,3.52,3.0,2.68,2.47,2.96,3.98,2.61,1.0,1.0,3.57,2.11,2.59,1.0,1.0,3.03,3.49,1.79,3.28,1.02,1.49,1.5,4.44,4.44,1.82,4.68,1.65,1.64,3.76,2.87,1.36,2.63,3.42,1.42
51-6041,Shoe and Leather Workers and Repairers,base_00,2.21,2.67,4.25,2.25,3.51,2.75,1.01,2.01,4.29,2.21,4.46,1.83,1.0,1.2,1.58,4.4,1.0,2.7,1.0,4.08,1.34,1.04,4.72,4.33,3.56,2.46,3.35,4.19,2.39,1.0,1.0,4.32,1.77,3.04,1.0,1.09,2.82,2.96,1.02,2.54,1.09,1.1,1.45,4.29,2.05,4.3,5.0,3.13,3.92,4.03,2.17,1.49,2.58,2.51,1.61
51-6042,Shoe Machine Operators and Tenders,base_00,2.61,1.72,4.23,3.08,1.68,3.26,1.93,1.47,3.82,2.02,3.34,2.13,1.01,1.9,2.31,3.8,1.0,2.18,1.0,3.8,2.23,1.0,4.21,3.52,3.63,2.82,3.57,4.41,3.75,1.65,1.01,3.72,3.13,2.57,1.02,1.02,3.71,3.28,1.53,3.15,1.0,1.87,1.51,4.85,3.3,3.26,5.0,2.18,1.74,3.89,4.38,1.0,3.46,3.87,1.8
51-6051,"Sewers, Hand",base_00,2.08,2.59,3.36,3.51,3.15,1.95,1.16,2.12,4.19,2.47,2.43,1.53,1.32,1.48,1.0,2.49,1.0,1.7,1.0,3.38,1.11,1.0,4.47,2.88,2.59,3.07,2.72,4.75,3.13,1.53,1.0,2.12,3.0,3.12,1.05,1.0,3.82,2.85,1.87,2.84,1.0,1.35,1.32,4.3,2.65,3.74,3.6,2.23,2.83,3.21,1.59,1.0,2.61,4.13,2.39
51-6052,"Tailors, Dressmakers, and Custom Sewers",base_00,2.0,3.01,3.8,3.24,3.98,2.42,1.16,2.13,3.9,2.65,1.84,1.03,1.06,1.16,1.0,1.82,1.03,2.15,1.0,2.32,1.52,1.05,3.74,4.4,3.83,3.16,4.14,4.53,3.17,1.34,1.0,4.37,1.47,2.74,1.14,1.15,3.71,3.58,1.65,2.72,1.05,1.12,1.67,3.58,3.82,2.6,4.83,2.09,4.05,4.53,1.98,1.0,3.53,3.67,2.63
51-6061,Textile Bleaching and Dyeing Machine Operators and Tenders,base_00,1.97,3.0,4.17,2.94,2.08,2.64,1.23,2.7,3.29,1.78,4.7,2.31,1.07,2.79,4.0,3.87,2.18,3.2,1.03,3.97,4.06,1.0,4.58,3.76,3.84,3.94,3.6,4.19,3.51,1.48,1.99,1.96,4.6,3.04,1.17,1.2,4.29,3.31,1.81,2.88,1.97,1.61,2.03,3.31,1.58,4.63,3.98,4.07,2.86,3.82,4.52,1.72,3.22,4.05,1.5
51-6062,"Textile Cutting Machine Setters, Operators, and Tenders",base_00,2.48,3.26,3.35,2.43,1.54,3.14,1.1,2.56,2.34,1.73,3.69,2.12,1.0,2.06,1.63,3.5,2.0,2.83,1.0,4.04,2.75,1.0,4.7,3.07,2.68,2.3,2.82,4.36,3.27,1.13,1.75,2.84,3.72,2.09,1.42,1.05,4.1,3.16,1.04,2.66,1.56,1.3,1.98,3.39,1.81,4.37,4.29,3.57,1.88,3.88,2.13,1.0,2.58,3.53,1.7
51-6063,"Textile Knitting and Weaving Machine Setters, Operators, and Tenders",base_00,2.19,2.27,3.75,2.62,1.44,2.38,1.04,1.87,3.55,1.73,3.47,1.67,1.33,1.43,1.37,2.82,1.0,3.02,1.0,4.41,1.24,1.0,4.25,3.79,2.91,3.6,3.06,3.98,3.48,1.18,1.39,3.62,2.27,2.68,1.0,1.0,4.2,3.33,1.87,2.94,1.1,1.82,2.21,3.5,2.07,4.03,4.81,3.94,1.77,4.06,4.59,1.22,3.38,3.65,1.88
51-6064,"Textile Winding, Twisting, and Drawing Out Machine Setters, Operators, and Tenders",base_00,1.98,2.83,3.67,2.58,1.65,2.54,1.28,2.58,2.9,1.28,3.46,1.84,1.21,3.02,1.55,2.5,1.06,3.03,1.17,4.48,2.82,1.37,3.8,3.07,2.34,3.06,2.68,3.87,3.36,1.09,1.34,3.36,3.24,2.42,1.18,1.09,4.17,3.54,1.62,3.26,1.15,1.77,2.05,4.11,1.43,4.62,4.65,4.73,1.49,3.27,4.19,1.53,2.75,4.01,2.11
51-6091,"Extruding and Forming Machine Setters, Operators, and Tenders, Synthetic and Glass Fibers",base_00,3.08,3.77,4.45,3.63,2.21,2.81,1.18,3.11,3.61,3.65,4.65,2.3,1.12,2.06,2.57,3.33,2.09,3.0,1.28,4.66,4.22,1.26,4.92,3.67,4.19,3.79,3.89,4.04,3.31,1.7,2.56,4.46,3.25,3.1,1.73,1.12,3.61,3.19,2.35,2.61,1.64,1.52,1.71,3.01,2.24,3.35,3.88,2.94,4.01,3.88,5.0,1.81,3.74,4.56,3.09
51-6092,Fabric and Apparel Patternmakers,base_00,2.88,3.29,4.52,4.24,2.54,2.34,1.06,2.21,4.21,3.67,2.24,1.48,1.05,1.36,1.0,1.78,1.19,1.84,1.05,2.53,1.17,1.0,4.78,4.27,4.19,2.27,3.81,4.72,3.24,1.1,1.05,3.95,1.55,2.13,1.05,1.0,1.66,2.97,1.52,2.2,1.05,1.45,1.75,3.64,3.06,3.17,3.78,2.07,4.03,4.07,1.7,1.0,3.51,4.53,3.44
51-6093,Upholsterers,base_00,2.38,2.3,3.65,3.15,2.59,2.78,1.54,1.2,3.65,1.05,3.04,2.34,1.09,1.85,2.18,2.93,1.11,3.54,1.0,3.25,1.75,1.11,3.79,3.21,3.18,2.84,3.46,4.33,2.21,1.29,1.31,3.59,2.56,3.71,1.2,1.2,2.3,3.46,1.53,3.8,1.28,1.96,2.64,4.14,1.61,4.63,4.89,3.44,2.12,3.86,3.93,1.31,3.17,3.08,1.46
51-7011,Cabinetmakers and Bench Carpenters,base_00,2.27,2.5,4.03,3.39,3.23,3.25,1.0,2.13,3.57,1.0,3.81,2.24,1.01,1.93,2.96,4.16,1.8,2.75,1.0,3.39,2.96,1.25,4.88,3.64,3.61,3.4,3.77,4.11,2.67,1.57,1.93,2.53,4.42,3.01,1.86,1.74,2.31,3.21,1.21,3.43,1.83,1.63,2.51,3.48,1.49,4.64,4.29,3.4,2.95,4.11,4.76,1.8,2.49,3.85,2.84
51-7021,Furniture Finishers,base_00,2.83,2.33,3.3,3.18,1.45,2.39,1.18,1.36,3.03,1.4,4.66,1.23,1.09,2.1,4.01,2.34,1.18,1.63,1.0,3.65,2.33,1.09,3.88,3.81,3.58,3.22,3.57,4.22,2.08,1.51,1.26,2.47,3.49,2.45,1.3,1.32,2.07,3.17,1.77,3.28,1.18,1.75,2.36,3.63,1.52,4.65,4.84,3.59,1.96,3.82,4.93,2.63,3.82,3.75,1.75
51-7031,"Model Makers, Wood",base_00,2.47,2.49,3.77,3.26,2.26,2.16,1.4,1.87,3.75,3.02,3.71,2.17,1.01,1.49,1.31,4.36,1.57,1.26,1.0,4.02,2.38,1.7,4.21,3.32,3.81,3.47,3.35,4.24,3.3,2.16,1.15,2.0,4.08,2.41,1.48,1.41,2.78,2.98,1.54,2.81,1.38,1.62,1.81,2.61,1.94,4.1,3.99,2.61,3.33,4.16,4.91,1.4,3.55,3.51,1.18
51-7032,"Patternmakers, Wood",base_00,3.0,2.92,4.2,3.82,3.36,2.37,1.38,2.19,4.15,3.68,3.95,1.99,1.2,1.55,1.89,4.15,1.4,2.72,1.0,3.81,2.52,1.13,4.4,4.33,4.01,3.34,3.87,4.7,3.71,2.22,2.02,3.41,3.51,3.43,2.39,2.11,3.1,3.62,2.01,2.6,1.32,1.75,1.99,2.92,2.1,4.02,4.43,2.7,3.65,4.14,4.57,2.18,3.52,4.14,2.56
51-7041,"Sawing Machine Setters, Operators, and Tenders, Wood",base_00,2.03,2.64,3.94,3.17,1.2,2.21,1.15,2.52,4.05,1.68,4.77,2.53,1.22,2.23,2.01,4.91,1.94,2.9,1.0,4.68,3.71,1.49,4.3,4.21,3.22,3.59,3.44,4.6,2.85,1.43,1.73,1.97,4.5,2.78,2.04,1.8,4.21,3.28,1.41,3.75,1.28,1.55,2.33,3.85,1.52,4.48,4.44,3.09,2.19,4.18,5.0,1.09,3.55,3.73,1.66
51-7042,"Woodworking Machine Setters, Operators, and Tenders, Except Sawing",base_00,2.58,2.8,3.64,3.18,2.28,2.76,1.23,2.13,3.7,1.57,4.99,2.99,1.03,2.45,2.69,4.54,1.6,3.34,1.04,4.78,3.51,1.25,4.85,3.75,3.58,3.32,3.38,4.4,3.68,1.44,1.73,1.59,4.68,2.64,1.7,1.38,3.17,3.05,1.55,3.83,1.3,1.74,2.57,4.34,1.39,4.74,4.81,3.3,2.61,3.96,4.32,1.99,3.41,4.19,1.92
51-8011,Nuclear Power Reactor Operators,base_00,3.48,4.61,4.69,4.4,2.13,2.89,1.12,3.04,3.05,4.88,2.54,1.94,1.11,2.39,2.74,2.39,2.06,1.61,3.64,3.42,2.35,1.39,5.0,3.03,4.26,4.49,4.5,4.91,4.09,1.37,1.06,4.99,2.51,2.5,2.16,1.85,2.14,3.9,2.99,1.79,1.7,1.43,1.64,2.44,3.62,2.46,3.36,1.99,4.97,4.28,4.53,2.31,4.04,4.89,3.23
51-8012,Power Distributors and Dispatchers,base_00,2.9,4.74,4.61,4.15,3.58,2.93,1.57,2.78,4.23,4.55,2.4,2.1,1.42,2.32,2.5,2.14,2.91,2.15,1.0,3.74,2.26,1.7,4.44,4.3,4.42,4.51,4.68,4.6,4.35,2.67,2.0,4.25,2.28,3.54,2.8,2.23,2.16,3.78,1.91,2.12,2.37,1.71,1.85,3.3,3.44,2.96,3.73,2.28,5.0,3.94,2.84,2.4,4.15,4.24,2.85
51-8013,Power Plant Operators,base_00,2.893333333333333,4.06,4.416666666666667,3.78,2.5,2.9066666666666663,1.2033333333333334,2.8033333333333332,3.9233333333333333,4.25,3.923333333333334,3.0566666666666666,1.4400000000000002,3.85,4.456666666666666,4.123333333333334,3.956666666666667,3.6700000000000004,1.1266666666666667,4.5,4.1066666666666665,1.9533333333333331,4.773333333333333,4.14,3.973333333333333,4.3566666666666665,4.010000000000001,3.9466666666666668,3.6033333333333335,3.51,2.73,3.9333333333333336,3.9633333333333334,2.7733333333333334,3.8000000000000003,3.26,2.9766666666666666,3.5066666666666664,1.4799999999999998,2.53,2.5166666666666666,1.8133333333333332,2.2466666666666666,2.78,2.9633333333333334,3.106666666666667,3.643333333333333,3.126666666666667,4.173333333333333,3.4299999999999997,4.986666666666667,2.7900000000000005,3.7266666666666666,4.55,3.2266666666666666
51-8021,Stationary Engineers and Boiler Operators,base_00,3.26,4.07,4.73,4.23,3.36,3.28,2.29,2.73,4.19,4.57,4.47,3.38,2.35,3.41,4.29,3.99,3.66,3.4,1.13,4.6,4.08,1.36,4.64,4.21,3.94,4.66,3.85,4.25,3.94,2.71,2.72,3.8,4.55,3.01,4.26,3.06,3.11,3.41,2.15,2.62,2.36,2.42,2.52,2.71,2.59,3.58,3.55,3.23,4.8,3.74,4.28,2.38,4.02,4.67,3.91
51-8031,Water and Wastewater Treatment Plant and System Operators,base_00,2.54,3.71,4.0,3.26,3.46,2.61,1.58,3.04,4.0,4.83,4.29,3.39,3.29,3.08,4.17,3.88,2.71,2.79,1.08,4.21,3.61,2.43,4.81,4.12,3.83,4.08,3.62,4.04,3.71,4.58,3.26,4.17,4.5,2.5,4.65,3.92,2.79,3.7,2.08,2.5,2.17,2.21,2.21,2.5,2.54,3.38,3.46,2.83,4.82,4.0,4.54,2.58,3.48,4.09,3.57
51-8091,Chemical Plant and System Operators,base_00,2.41,4.13,4.36,3.81,1.68,2.77,1.21,3.64,3.57,3.54,4.85,3.34,1.3,3.3,4.94,3.65,3.7,3.82,1.19,4.8,4.07,1.67,4.99,4.2,4.66,4.47,3.96,4.46,4.04,2.93,2.38,4.54,4.76,2.7,4.54,4.17,4.41,3.55,1.34,2.44,2.12,1.65,2.05,2.99,2.7,3.28,3.9,3.12,4.59,4.11,4.98,3.24,3.59,4.1,3.39
51-8092,Gas Plant Operators,base_00,2.75,4.27,4.2,3.72,2.81,2.44,1.14,3.24,4.1,4.6,4.01,2.64,1.0,2.7,4.06,3.28,2.32,2.07,1.07,4.39,3.6,1.35,4.49,4.2,4.08,4.26,4.27,4.52,3.86,3.66,2.82,3.66,3.44,2.62,4.29,3.3,3.13,3.17,1.81,2.53,1.72,1.93,1.92,2.77,2.88,3.01,3.71,2.92,4.86,3.6,4.44,2.18,3.79,4.41,2.71
51-8093,"Petroleum Pump System Operators, Refinery Operators, and Gaugers",base_00,2.52,4.22,4.28,3.86,2.63,2.62,1.13,3.31,4.2,3.9,4.7,2.75,1.04,3.81,4.76,3.69,4.33,3.52,1.54,4.35,4.69,1.92,4.44,3.74,4.15,4.03,4.07,4.05,3.79,3.37,3.29,3.83,3.58,2.67,4.84,3.88,3.48,3.28,1.42,2.7,2.48,1.92,2.07,2.94,3.32,3.0,3.86,2.92,4.34,3.75,5.0,2.46,3.65,4.5,3.67
51-8099,Biofuels Processing Technicians,first_detail,2.54,4.06,4.73,3.69,2.65,2.94,1.21,3.57,4.08,3.33,4.82,3.12,1.2,3.15,4.8,3.49,4.07,3.3,1.17,4.45,4.45,1.78,4.87,4.27,4.24,4.33,4.34,4.39,3.89,2.98,3.66,4.67,4.19,2.93,4.28,3.64,4.3,2.96,1.74,2.32,2.59,1.56,2.01,2.82,2.84,3.31,3.65,3.17,3.86,3.93,5.0,2.94,3.17,4.67,3.4
51-9011,Chemical Equipment Operators and Tenders,base_00,2.82,3.98,4.15,4.03,1.68,2.86,1.58,2.88,3.82,4.41,4.69,3.47,1.6,2.92,4.55,3.84,3.49,3.55,1.18,4.37,4.25,1.57,4.71,3.98,3.71,4.46,3.75,4.28,3.86,1.7,2.4,2.68,4.2,3.08,4.12,2.64,4.15,3.03,1.4,2.61,2.42,2.12,2.25,3.06,2.7,3.72,3.66,3.68,3.78,4.02,5.0,3.82,3.95,4.41,3.17
51-9012,"Separating, Filtering, Clarifying, Precipitating, and Still Machine Setters, Operators, and Tenders",base_00,3.52,4.13,3.21,3.0,1.39,3.43,1.52,3.5,3.99,1.86,4.64,3.03,1.18,3.09,3.49,3.51,3.3,3.51,1.57,4.35,3.83,1.7,4.57,4.27,3.59,3.61,3.99,3.66,2.99,1.28,1.51,3.27,4.16,2.2,1.63,1.37,3.33,2.91,1.4,2.52,1.94,1.99,1.7,2.89,2.51,3.34,3.94,3.23,3.84,2.95,4.91,2.13,3.12,3.82,3.06
51-9021,"Crushing, Grinding, and Polishing Machine Setters, Operators, and Tenders",base_00,2.07,3.97,3.47,3.29,2.24,1.75,1.04,2.67,3.99,2.19,3.77,2.68,1.15,1.76,3.38,3.49,2.83,2.08,1.0,3.77,3.06,2.0,4.83,4.07,3.28,4.04,3.62,3.7,3.28,2.61,2.2,2.57,3.47,2.97,3.4,2.81,4.03,2.94,1.99,2.48,1.8,1.93,2.2,3.18,2.24,3.93,4.28,3.59,2.61,3.72,5.0,3.65,3.7,3.55,2.06
51-9022,"Grinding and Polishing Workers, Hand",base_00,2.49,3.43,3.92,2.38,2.03,1.99,1.18,2.18,3.16,1.84,4.53,1.36,1.02,1.8,1.94,4.83,1.47,3.47,1.0,4.48,3.25,1.09,4.64,3.78,2.23,3.1,2.9,4.21,3.57,1.67,2.36,3.58,3.49,2.07,2.53,1.51,3.04,3.47,1.19,3.13,1.34,1.4,1.43,3.86,2.29,3.91,4.83,2.32,2.67,4.05,4.83,2.32,2.04,3.68,2.56
51-9023,"Mixing and Blending Machine Setters, Operators, and Tenders",base_00,2.77,3.67,3.92,4.25,1.69,2.7,1.1,2.53,3.46,1.65,4.62,1.97,1.0,2.55,4.53,3.77,2.99,2.02,1.04,4.18,3.06,1.19,4.63,3.65,4.29,4.53,4.03,4.62,4.24,1.23,3.17,3.63,2.44,2.87,2.49,2.06,4.09,2.67,1.42,3.63,1.72,1.69,2.07,3.78,1.63,4.69,4.5,3.4,2.07,4.68,5.0,3.28,4.26,4.47,2.31
51-9031,"Cutters and Trimmers, Hand",base_00,1.42,2.13,3.39,2.99,1.16,1.24,1.02,2.22,3.44,1.09,2.13,1.04,1.03,1.5,1.14,2.24,1.04,1.77,1.02,1.88,2.14,1.02,2.89,3.16,2.05,2.23,2.28,4.57,2.6,1.0,1.26,4.63,1.99,1.86,1.02,1.0,2.7,2.37,1.28,2.88,1.02,1.32,1.71,4.04,1.5,4.56,4.66,2.35,1.05,3.75,2.65,1.94,3.22,3.47,2.33
51-9032,"Cutting and Slicing Machine Setters, Operators, and Tenders",base_00,2.59,3.23,3.75,3.66,1.8,2.6,1.33,2.92,3.61,2.6,3.78,2.35,1.22,1.7,1.9,4.11,1.65,2.46,1.34,4.33,3.01,1.08,4.54,3.59,3.69,4.0,3.99,4.53,3.84,1.34,2.04,3.28,3.2,2.62,1.7,1.77,3.97,3.27,1.35,3.52,1.47,1.99,2.33,4.07,1.53,4.77,4.36,3.82,2.82,3.93,4.84,1.48,3.66,4.21,1.88
51-9041,"Extruding, Forming, Pressing, and Compacting Machine Setters, Operators, and Tenders",base_00,2.73,3.2,4.05,3.06,2.15,3.02,1.29,3.23,3.12,1.55,4.28,2.84,1.67,2.35,2.36,3.52,2.69,3.64,1.05,4.43,4.04,1.21,4.36,3.54,3.78,3.59,3.62,4.2,3.66,1.04,1.67,3.03,3.33,2.64,1.13,1.17,4.34,3.64,1.65,2.83,1.68,1.66,2.03,3.32,1.72,4.55,4.09,3.55,2.88,3.92,5.0,2.33,3.35,4.16,2.01
51-9051,"Furnace, Kiln, Oven, Drier, and Kettle Operators and Tenders",base_00,1.93,4.05,3.65,2.87,1.46,2.47,1.03,2.82,3.67,1.41,4.46,2.53,1.55,2.72,2.55,3.62,2.61,4.13,1.39,4.61,4.58,1.9,4.38,3.55,3.49,4.44,3.87,3.99,3.37,1.39,1.98,2.38,4.44,2.83,1.76,1.92,3.55,3.45,1.47,3.2,1.78,1.37,1.65,3.51,2.25,3.87,4.28,2.99,1.92,2.84,5.0,2.41,3.99,3.81,2.28
51-9061,"Inspectors, Testers, Sorters, Samplers, and Weighers",base_00,2.84,2.46,4.54,3.97,2.96,2.82,1.49,2.15,3.98,4.18,4.27,2.65,1.02,2.64,3.01,3.39,2.07,2.44,1.0,4.16,3.21,1.07,4.9,4.12,3.75,3.87,3.66,4.55,3.63,1.68,1.62,3.24,4.42,2.52,1.94,1.66,3.13,3.43,2.13,2.4,1.42,1.89,2.29,3.17,2.37,3.82,3.75,3.51,3.73,3.72,4.93,1.75,3.94,4.5,3.21
51-9071,Jewelers and Precious Stone and Metal Workers,base_00,3.0,2.005,4.495,3.9050000000000002,3.94,2.5549999999999997,1.395,2.035,3.89,4.175,3.825,1.385,1.15,1.205,2.6950000000000003,2.375,1.19,2.2199999999999998,1.135,3.05,1.5,1.105,4.765,3.79,3.825,2.7350000000000003,4.375,4.8149999999999995,4.02,1.66,1.0,4.835,1.285,2.575,1.545,1.1400000000000001,1.35,2.9850000000000003,1.835,1.535,1.105,1.025,1.23,3.5,4.42,1.7349999999999999,4.51,1.605,4.455,4.17,2.605,1.64,2.8600000000000003,4.255,3.855
51-9081,Dental Laboratory Technicians,base_00,2.12,2.85,3.24,3.36,2.63,2.38,1.0,1.97,4.43,2.92,4.54,1.34,3.64,1.26,3.46,3.18,1.05,3.61,1.07,3.34,1.73,1.0,4.4,4.21,3.18,2.71,3.75,4.79,3.75,1.92,1.07,4.73,1.27,3.22,1.03,1.03,2.69,3.21,1.55,1.92,1.0,1.29,1.2,4.09,4.44,2.05,4.72,2.0,3.33,4.81,4.4,1.95,3.51,4.06,3.09
51-9082,Medical Appliance Technicians,base_00,2.74,3.17,4.27,3.81,3.76,2.72,1.82,1.78,4.29,3.79,4.74,2.09,2.91,1.14,3.34,4.32,1.38,3.26,1.85,4.24,1.67,1.15,4.39,3.86,4.39,3.75,3.89,4.39,3.21,1.65,1.39,4.85,1.29,3.34,1.18,1.02,2.04,3.84,2.53,2.92,1.12,1.83,1.96,3.51,1.96,4.34,4.48,2.91,4.21,4.39,4.57,2.75,3.85,3.94,2.89
51-9083,Ophthalmic Laboratory Technicians,base_00,2.82,2.0,3.4,3.22,3.31,3.48,1.3,3.18,4.33,2.82,3.84,1.63,2.16,1.32,1.61,2.07,1.02,2.81,1.01,3.48,1.25,1.13,4.18,3.99,3.73,2.69,3.56,4.26,4.14,1.02,1.0,4.97,1.39,2.64,1.01,1.0,3.9,3.53,1.43,2.47,1.07,1.69,2.12,4.18,2.13,3.87,4.58,3.22,3.53,4.58,2.12,1.28,3.03,4.06,2.34
51-9111,Packaging and Filling Machine Operators and Tenders,base_00,2.51,3.38,4.4,3.77,1.95,3.29,1.4,2.56,3.59,1.89,4.52,2.56,1.15,1.49,2.03,4.09,2.1,3.12,1.13,4.01,2.75,1.18,4.18,3.59,4.15,4.38,3.92,4.41,3.97,1.07,2.81,4.13,2.63,3.42,1.72,1.21,4.6,3.37,1.81,3.91,2.02,2.29,2.17,4.11,1.55,4.57,4.55,3.87,1.55,4.44,4.24,2.05,3.69,4.04,1.85
51-9123,"Painting, Coating, and Decorating Workers",base_00,2.02,1.83,3.77,3.68,3.21,2.1,1.11,2.19,3.91,2.9,4.0,2.08,1.02,2.12,3.22,1.14,1.16,1.27,1.16,3.81,1.84,1.0,4.76,3.65,2.82,2.11,2.95,3.85,2.43,1.0,1.01,2.79,3.41,2.49,1.23,1.25,2.31,3.32,1.6,2.34,1.21,1.17,1.9,3.83,2.58,3.38,4.4,2.42,3.09,2.86,2.66,2.26,2.45,3.95,2.74
51-9124,"Coating, Painting, and Spraying Machine Setters, Operators, and Tenders",base_00,2.37,2.32,3.52,3.28,2.01,2.35,1.23,1.82,2.87,1.39,4.35,2.3,1.72,2.34,3.67,2.48,2.2,3.09,1.11,4.66,4.04,1.26,4.48,3.79,4.19,3.69,3.26,3.96,2.73,1.74,1.44,2.81,3.22,2.64,2.11,1.57,3.42,3.77,1.89,3.36,1.43,1.96,2.32,4.61,1.31,4.28,4.83,3.8,1.63,4.23,4.25,3.84,3.29,4.1,2.22
51-9141,Semiconductor Processing Technicians,base_00,2.77,3.93,3.73,3.75,1.72,2.8,1.16,2.83,3.18,2.54,4.08,2.69,1.0,2.54,4.09,2.31,1.14,1.88,1.57,3.61,1.93,1.0,3.92,3.34,3.2,3.75,3.18,4.25,3.79,1.8,1.52,4.98,1.16,3.05,1.28,1.01,3.49,3.39,1.6,2.16,1.47,1.24,1.54,3.14,2.85,3.56,3.9,3.35,3.75,3.86,4.57,3.09,3.39,4.01,2.26
51-9151,Photographic Process Workers and Processing Machine Operators,base_00,2.84,2.54,4.27,2.91,4.03,3.11,1.47,3.22,3.71,3.14,4.0,2.39,2.64,1.96,3.22,2.24,1.82,1.74,1.0,2.83,2.93,1.0,4.86,3.51,3.23,3.19,3.03,3.73,3.25,1.41,1.04,4.08,1.69,3.3,2.23,1.76,1.77,3.33,1.77,2.98,2.02,2.23,2.24,3.22,2.47,3.9,3.93,3.44,4.43,4.01,1.95,1.18,3.34,3.8,3.28
51-9161,Computer Numerically Controlled Tool Operators,base_00,2.6,3.4,4.03,3.48,1.91,2.41,1.28,3.26,3.51,2.37,4.12,1.69,1.1,1.63,2.54,4.07,1.22,3.38,1.34,4.28,2.07,1.15,4.22,4.04,3.52,2.59,3.93,4.79,4.01,1.29,2.44,3.8,2.7,2.8,1.27,1.25,3.94,2.98,1.66,2.83,1.24,1.88,1.57,3.33,1.6,4.6,4.22,3.07,2.19,4.41,4.99,1.49,2.51,3.75,2.25
51-9162,Computer Numerically Controlled Tool Programmers,base_00,2.62,3.2,3.44,3.28,2.22,2.54,1.15,2.79,4.03,4.01,3.34,1.93,1.31,1.36,2.81,3.21,1.68,2.4,1.0,4.0,2.4,1.32,4.55,3.9,4.23,3.07,4.09,4.43,3.97,1.5,1.83,3.84,2.76,3.21,1.38,1.15,3.81,2.82,1.73,2.65,1.37,1.19,1.96,2.92,2.83,3.19,4.5,2.67,3.45,4.2,4.88,1.37,3.25,3.74,2.57
51-9191,Adhesive Bonding Machine Operators and Tenders,base_00,2.82,3.82,4.61,3.27,2.32,2.99,2.08,2.84,3.31,2.58,4.78,2.92,1.34,2.13,2.94,3.87,1.75,2.88,1.6,4.21,2.76,1.41,4.43,4.14,3.76,3.82,3.91,3.88,3.65,1.0,2.43,3.91,2.34,2.59,1.22,1.26,4.0,3.79,2.36,3.22,1.57,2.23,2.9,3.73,1.47,4.58,4.64,3.8,2.43,4.11,4.54,2.3,3.98,3.74,3.3
51-9192,"Cleaning, Washing, and Metal Pickling Equipment Operators and Tenders",base_00,2.5,3.02,3.69,2.97,1.25,2.6,1.05,2.44,3.41,1.36,3.32,2.49,1.53,1.95,2.85,2.14,1.97,2.68,1.02,4.44,3.33,1.03,4.25,3.25,3.23,3.59,3.53,3.2,3.07,1.0,2.08,3.15,3.35,2.11,2.53,1.43,3.61,2.29,1.96,2.98,2.14,1.89,2.62,3.44,1.97,4.7,3.87,4.35,1.8,4.09,5.0,2.57,2.76,4.11,2.84
51-9193,Cooling and Freezing Equipment Operators and Tenders,base_00,2.27,2.91,3.83,3.74,1.96,2.22,1.05,2.98,3.96,2.26,3.56,2.58,1.01,2.83,3.44,3.6,2.82,2.85,1.0,4.52,4.05,1.3,4.69,3.89,3.89,4.16,4.05,4.09,3.74,2.03,2.8,4.33,3.53,3.2,3.21,2.25,3.87,2.95,2.13,2.27,2.05,2.09,2.01,2.4,2.39,4.32,3.82,3.41,1.83,4.06,4.99,3.54,3.67,4.02,3.61
51-9194,Etchers and Engravers,base_00,1.98,3.03,3.41,3.03,2.76,2.25,1.14,2.28,4.19,3.32,4.25,2.19,1.0,1.68,2.63,2.96,1.2,2.19,1.4,3.65,2.17,1.03,4.93,4.09,3.16,2.97,2.92,4.43,3.35,1.59,1.17,4.39,2.11,2.6,1.33,1.08,2.69,2.82,1.2,2.32,1.25,1.33,1.79,3.01,2.75,3.41,4.38,2.54,3.95,4.25,3.66,1.87,2.81,3.36,2.8
51-9195,"Molders, Shapers, and Casters, Except Metal and Plastic",base_00,2.19,3.255,3.5825,3.0425,2.9074999999999998,1.9825,1.1625,2.3225,3.765,2.0599999999999996,4.2675,1.9875,1.1025,2.365,2.4525,3.1550000000000002,1.395,3.4775,1.0125,3.87,3.2275,1.37,4.1625,3.8275,3.33,3.3425000000000002,3.4525,4.17,3.42,1.45,1.65,2.72,3.3975,2.7875,1.77,1.8425,2.95,3.0700000000000003,1.6949999999999998,3.0175,1.3225,1.565,1.87,4.1,2.0675,3.9825,4.455,2.8375,2.4,3.6775,4.1975,2.2875,3.2575000000000003,3.73,2.325
51-9196,"Paper Goods Machine Setters, Operators, and Tenders",base_00,2.91,2.94,4.43,3.52,2.2,2.5,1.15,2.36,3.17,1.65,3.93,3.22,1.13,2.54,2.75,3.94,2.15,3.44,1.0,4.89,3.38,1.37,4.72,3.43,4.42,4.33,4.13,4.12,3.43,1.06,1.25,3.0,3.54,3.53,1.12,1.06,4.11,3.42,2.66,3.51,1.76,1.73,2.34,3.62,1.46,4.68,4.65,3.0,1.63,4.27,4.78,1.11,3.48,4.52,2.46
51-9197,Tire Builders,base_00,2.82,3.29,3.79,2.12,2.09,2.86,1.6,2.09,2.43,1.28,4.47,2.28,1.14,2.12,3.97,4.31,2.44,3.75,1.27,4.64,2.85,1.28,4.4,2.68,3.37,2.89,3.65,3.53,3.75,1.42,2.83,3.41,3.35,2.24,1.81,1.38,3.67,3.52,1.37,4.45,1.62,2.63,2.04,4.66,1.09,5.0,4.87,3.06,1.74,4.15,4.77,1.06,3.62,2.98,2.49
51-9198,Helpers--Production Workers,base_00,2.15,3.13,3.84,2.99,1.99,2.1,1.39,2.62,3.39,1.71,3.51,2.9,1.02,2.17,2.12,3.47,2.19,3.47,1.11,4.17,3.17,1.78,4.31,3.69,3.52,3.38,2.98,3.88,3.21,1.55,2.87,1.83,3.74,2.76,2.12,1.62,3.87,3.17,1.58,3.54,2.05,1.59,2.18,4.06,2.03,3.75,4.62,3.17,1.71,4.09,4.94,2.57,2.88,3.89,2.16
53-1041,Aircraft Cargo Handling Supervisors,base_00,4.03,3.65,4.89,3.97,4.25,3.73,1.99,2.56,4.48,4.98,3.46,2.67,1.39,2.52,2.24,3.59,2.2,1.98,1.21,4.62,3.39,1.36,4.94,4.47,4.67,4.56,4.61,4.57,3.88,4.23,3.95,4.07,4.46,2.85,4.38,2.86,2.75,3.73,2.73,2.96,1.81,1.78,2.23,3.14,2.48,3.52,3.32,3.11,4.95,4.69,4.36,1.62,4.39,4.85,3.63
53-1042,"First-Line Supervisors of Helpers, Laborers, and Material Movers, Hand",base_00,3.425,2.8899999999999997,4.8100000000000005,4.225,4.154999999999999,3.235,1.5350000000000001,2.4699999999999998,4.535,4.869999999999999,3.45,1.625,1.67,2.685,2.255,2.96,1.285,1.9649999999999999,1.05,3.565,3.225,1.335,4.93,4.605,4.66,4.355,4.3,4.205,3.395,3.185,2.055,3.6799999999999997,3.44,3.05,3.6049999999999995,2.6849999999999996,2.4050000000000002,3.1550000000000002,2.7800000000000002,1.825,1.2650000000000001,1.455,1.4849999999999999,2.545,3.2800000000000002,3.12,2.155,2.59,4.865,4.1049999999999995,3.46,1.505,4.365,4.66,3.63
53-1043,First-Line Supervisors of Material-Moving Machine and Vehicle Operators,base_00,4.01,3.86,4.89,4.05,4.6,3.83,1.51,2.4,4.6,5.0,3.43,2.04,1.43,1.81,1.66,3.02,1.77,2.25,1.1,3.67,3.61,1.64,4.96,4.16,4.59,4.02,4.82,4.64,3.62,3.09,2.9,2.91,3.79,4.22,3.85,1.82,3.45,3.39,2.64,2.33,1.38,1.36,2.08,2.35,2.76,3.62,3.51,3.77,4.71,3.97,3.34,1.88,4.7,4.66,3.92
53-2011,"Airline Pilots, Copilots, and Flight Engineers",base_00,3.47,4.37,4.43,3.68,3.34,3.14,1.63,3.58,3.64,4.03,3.5,2.85,2.05,3.65,2.78,2.75,3.62,1.66,3.51,4.41,3.59,2.21,4.62,4.33,4.12,4.44,4.43,4.84,3.97,4.57,1.41,3.77,2.39,4.05,3.42,1.61,3.4,4.05,3.73,1.86,1.57,1.43,1.36,3.01,4.74,1.94,4.6,1.99,3.45,4.54,3.59,1.97,3.88,4.55,2.47
53-2012,Commercial Pilots,base_00,2.94,3.81,4.39,3.9,2.89,2.79,1.2,2.06,4.8,4.94,3.61,3.09,2.43,3.3,3.41,3.75,2.87,2.42,2.44,3.73,3.16,1.86,4.39,4.81,4.36,4.68,4.67,4.63,3.67,3.96,2.26,3.55,2.34,3.06,3.72,3.24,1.98,4.23,2.0,2.65,1.91,1.78,2.05,2.68,4.34,1.99,3.56,2.17,4.3,3.77,3.68,2.39,3.47,4.68,3.05
53-2021,Air Traffic Controllers,base_00,4.4,4.18,4.71,4.14,4.25,3.49,1.36,3.58,3.92,2.68,2.17,1.29,1.28,2.53,1.16,1.18,2.07,1.13,1.69,3.51,1.39,1.13,4.12,4.29,4.93,2.63,4.82,4.83,4.67,1.2,1.13,4.89,1.24,3.08,1.13,1.14,2.28,4.28,1.94,1.52,1.17,1.13,1.22,3.52,4.44,2.27,4.17,1.57,3.83,3.41,1.13,1.13,3.51,4.81,3.34
53-2022,Airfield Operations Specialists,base_00,3.62,4.79,4.92,4.37,4.77,3.66,1.69,2.61,4.64,4.7,3.98,2.25,1.6,3.51,2.95,3.03,2.59,1.75,1.14,4.3,3.65,1.61,4.86,4.79,4.38,4.23,4.64,4.67,4.45,4.41,2.23,3.91,3.28,2.84,4.21,1.87,2.13,3.83,2.66,2.56,1.87,1.55,1.67,2.87,3.06,3.31,3.41,3.12,4.9,4.1,3.99,1.72,3.86,4.75,3.57
53-2031,Flight Attendants,base_00,4.39,4.46,4.87,3.99,4.87,4.6,2.79,2.3,3.9,4.43,4.41,4.18,4.04,3.35,3.32,3.08,4.5,2.27,4.28,4.85,3.27,3.3,4.73,4.53,4.57,4.96,4.47,4.14,3.8,4.17,1.07,4.89,1.84,2.67,2.7,1.77,2.43,4.72,4.94,3.68,1.4,3.05,2.9,3.34,2.39,4.07,3.05,3.87,3.16,4.46,2.9,2.21,4.19,4.53,2.32
53-3011,"Ambulance Drivers and Attendants, Except Emergency Medical Technicians",base_00,2.93,3.99,4.66,3.81,4.06,3.61,2.51,2.24,4.11,3.49,3.6,3.39,3.89,2.32,2.62,2.69,1.69,2.55,1.86,3.06,3.34,1.52,4.3,4.08,4.31,4.77,4.38,4.4,3.86,4.1,1.54,2.73,2.92,3.05,4.23,3.56,1.59,4.61,2.35,3.44,1.54,2.21,2.6,2.98,3.22,3.04,3.84,2.76,3.9,3.78,4.26,1.63,3.3,4.17,3.14
53-3031,Driver/Sales Workers,base_00,2.85,3.11,4.37,2.55,4.3,3.35,1.19,2.13,3.98,2.19,3.46,3.39,1.36,3.72,1.61,2.22,1.84,2.59,1.0,3.71,4.82,1.29,4.6,3.43,3.59,3.31,3.65,4.18,4.41,4.1,2.47,3.21,2.79,3.01,5.0,2.37,2.25,2.91,2.92,4.17,2.27,3.38,3.33,4.24,2.9,3.61,4.61,3.83,3.77,4.92,3.54,1.29,2.16,3.28,3.1
53-3032,Heavy and Tractor-Trailer Truck Drivers,base_00,2.47,4.03,4.17,3.06,3.75,3.17,1.63,1.79,3.88,3.31,3.86,2.43,1.15,3.11,2.45,2.46,2.1,2.53,1.19,3.61,4.24,2.73,4.06,4.26,4.64,3.74,4.49,3.99,3.54,4.95,2.05,1.96,2.38,3.27,4.76,2.81,2.93,2.61,1.8,2.56,1.75,1.75,1.75,3.65,4.16,2.21,4.42,2.18,3.97,4.24,4.35,1.81,2.7,3.6,2.28
53-3033,Light Truck Drivers,base_00,2.25,3.08,4.56,3.06,4.08,2.6,1.1,2.67,3.09,3.27,3.08,2.11,1.45,2.71,1.99,1.93,1.62,1.91,1.0,2.39,3.48,1.09,3.68,3.34,3.98,3.13,3.83,4.34,3.43,4.61,1.84,2.43,2.82,3.04,4.15,2.58,2.4,3.0,1.88,3.05,1.23,1.54,1.84,2.76,3.56,2.81,4.19,3.34,4.24,4.19,3.47,1.07,3.31,3.47,1.57
53-3051,"Bus Drivers, School",base_00,3.01,3.5,4.26,2.69,3.3,2.75,1.62,1.67,3.33,2.3,3.11,1.8,2.15,2.23,1.96,1.83,1.14,1.58,1.45,3.86,3.46,1.78,4.13,4.01,4.5,3.69,3.51,4.11,2.51,4.84,1.86,1.66,2.56,1.61,3.9,2.11,2.62,4.0,1.46,2.31,1.28,1.63,1.49,3.85,4.27,1.78,4.39,1.75,2.53,3.77,1.63,1.54,2.68,3.42,2.3
53-3052,"Bus Drivers, Transit and Intercity",base_00,3.15,3.91,4.53,2.71,3.87,3.61,2.17,2.27,2.81,2.13,3.52,2.0,2.88,2.94,1.13,1.92,1.0,1.69,1.1,4.03,2.82,1.67,3.93,3.68,4.26,2.96,4.22,3.82,3.06,4.64,1.4,2.71,1.62,2.16,3.16,2.1,2.73,4.11,2.1,2.09,1.0,1.22,1.58,3.89,4.85,1.76,4.47,1.61,2.87,3.84,1.78,1.0,2.52,3.2,2.28
53-3053,Shuttle Drivers and Chauffeurs,base_00,3.2,4.02,4.27,2.89,4.38,3.48,2.24,1.48,3.43,2.66,2.87,1.88,2.37,2.22,1.09,1.59,1.15,1.56,1.17,3.84,3.21,1.28,3.71,4.09,4.01,3.7,4.07,4.12,3.26,4.96,1.29,2.49,1.74,2.31,4.35,1.87,2.42,4.52,1.69,2.84,1.04,1.72,2.02,3.33,4.02,2.65,3.91,2.09,3.28,4.13,2.65,2.05,2.81,3.86,2.98
53-4011,Locomotive Engineers,base_00,3.17,4.07,4.6,4.34,3.23,3.13,2.02,1.75,3.88,2.75,4.36,3.47,1.5,3.7,3.3,3.99,2.15,2.96,1.75,4.86,4.45,3.94,4.79,4.37,4.36,4.78,3.97,4.48,3.61,4.74,2.63,1.49,3.37,2.58,4.44,2.16,2.81,2.99,1.87,2.82,2.51,1.77,1.42,3.92,4.37,2.4,4.61,2.11,4.46,4.38,4.85,1.24,3.84,4.76,3.34
53-4013,"Rail Yard Engineers, Dinkey Operators, and Hostlers",base_00,3.07,4.49,4.31,4.16,2.66,2.81,1.18,1.88,3.33,2.65,4.31,2.88,1.0,3.4,2.41,3.35,1.9,2.78,1.0,4.48,4.15,3.14,4.7,3.96,3.52,4.75,4.17,3.54,3.27,3.92,2.32,1.41,3.69,1.8,4.68,1.96,2.02,2.87,2.28,2.95,2.31,1.98,1.98,3.85,3.74,2.25,4.32,2.39,3.36,3.48,4.95,1.45,4.1,4.89,2.96
53-4022,"Railroad Brake, Signal, and Switch Operators and Locomotive Firers",base_00,2.79,4.43,4.28,3.5,2.6,2.75,1.79,1.8,3.57,1.69,4.79,3.21,1.5,4.3,4.0,4.37,3.1,2.92,1.06,4.93,4.05,4.1,4.7,4.3,4.15,4.39,4.29,4.05,3.66,4.56,2.65,1.43,3.12,2.02,4.72,1.96,2.73,2.72,1.36,2.98,2.52,2.23,2.11,3.92,3.74,2.46,4.43,2.53,4.08,4.15,4.71,1.27,3.56,4.36,3.17
53-4031,Railroad Conductors and Yardmasters,base_00,3.09,4.3,4.52,3.96,3.27,2.77,1.51,2.21,3.37,3.17,4.32,2.8,1.6,3.81,3.25,3.7,2.62,3.11,1.14,4.65,4.13,3.04,4.91,3.84,4.32,4.17,4.0,4.06,3.68,4.34,2.01,2.09,3.33,2.43,4.7,1.74,2.87,3.52,1.3,2.5,2.06,2.29,1.99,3.0,3.91,2.54,3.15,2.61,4.3,3.41,4.82,1.15,3.77,4.49,3.03
53-4041,Subway and Streetcar Operators,base_00,3.47,4.16,4.39,2.9,4.36,4.25,3.24,2.06,2.5,1.68,3.83,2.4,2.99,3.5,3.8,2.95,2.19,2.77,1.24,3.7,3.64,2.35,3.46,2.78,4.32,4.19,4.18,4.42,4.0,5.0,1.88,2.4,2.06,2.47,4.04,2.32,3.73,3.47,2.38,3.02,1.47,2.26,1.68,4.39,4.24,2.61,4.92,2.55,2.46,3.82,4.33,1.2,2.88,3.98,2.44
53-5011,Sailors and Marine Oilers,base_00,2.82,4.22,4.41,3.6,2.81,3.08,1.62,1.52,3.68,3.23,4.6,3.63,1.74,3.12,3.26,3.67,3.05,3.82,1.99,4.96,4.93,3.04,4.33,3.07,3.64,4.46,3.64,4.32,3.42,1.39,1.61,2.4,2.47,2.82,5.0,1.84,3.03,3.75,2.08,3.86,2.47,3.05,2.69,3.64,1.91,4.2,4.35,3.68,2.38,4.0,5.0,2.69,4.13,4.05,2.6
53-5021,"Captains, Mates, and Pilots of Water Vessels",base_00,3.21,4.31,4.58,3.91,3.49,2.93,1.61,1.8,4.35,3.73,3.88,2.98,1.67,4.07,2.98,3.18,2.94,3.21,1.36,4.43,3.54,3.39,4.81,4.54,4.63,4.47,4.61,4.09,3.57,4.22,3.24,2.87,3.81,3.39,4.34,3.04,2.82,3.86,2.54,2.87,2.38,2.82,1.85,3.09,2.86,3.41,4.31,2.46,4.38,3.98,4.31,2.06,4.08,4.43,3.12
53-5022,Motorboat Operators,base_00,2.81,2.65,4.29,3.91,4.38,3.51,1.7,2.19,4.42,2.35,3.53,2.02,1.51,3.33,2.99,2.48,2.14,2.39,1.03,3.13,3.7,2.0,4.47,4.96,4.99,4.43,4.54,4.39,3.61,2.88,3.52,1.58,2.34,2.53,4.26,3.22,2.45,4.02,2.69,2.37,1.8,2.16,1.62,2.63,2.8,2.94,3.62,2.34,3.36,4.13,4.1,1.14,4.06,3.86,1.95
53-5031,Ship Engineers,base_00,3.11,4.47,3.97,3.65,2.84,2.83,1.29,2.28,3.94,3.41,4.19,4.07,1.32,3.59,3.96,4.27,2.67,3.09,1.22,4.66,4.03,3.46,4.53,3.98,4.19,4.7,4.51,3.62,3.86,3.41,2.54,3.26,4.39,2.72,4.39,3.74,2.55,3.77,1.67,2.96,2.26,2.87,2.39,2.87,2.56,3.31,4.19,2.67,3.89,3.81,4.55,2.25,3.6,4.36,2.76
53-6011,Bridge and Lock Tenders,base_00,2.16,4.16,4.2,2.63,3.55,2.63,1.15,2.89,3.85,3.8,2.0,1.8,1.16,2.95,1.79,2.6,3.2,1.95,1.0,2.55,2.42,1.37,3.89,4.15,3.63,3.8,3.85,3.95,3.53,2.5,2.21,4.47,2.95,2.26,3.37,2.65,2.26,2.26,1.65,1.89,1.8,1.47,1.6,2.6,3.2,2.84,3.2,2.11,4.32,3.1,3.37,1.95,2.21,3.47,3.21
53-6021,Parking Attendants,base_00,2.72,3.46,4.6,3.54,4.25,3.53,1.34,2.59,3.41,1.55,3.51,1.37,1.58,1.79,1.01,2.05,1.0,1.17,1.13,3.42,3.42,1.0,4.26,2.91,3.24,3.21,3.59,3.95,3.17,3.97,1.75,3.46,2.0,2.34,3.61,3.45,2.23,3.93,2.23,3.36,1.0,1.72,1.08,3.79,3.06,3.07,4.21,3.87,3.74,2.99,1.89,1.14,2.89,3.8,2.67
53-6031,Automotive and Watercraft Service Attendants,base_00,3.43,3.71,4.51,3.34,4.41,3.64,1.43,1.68,3.75,2.59,4.57,2.99,1.14,2.59,3.01,4.45,1.62,4.13,1.01,4.0,3.55,1.44,4.96,4.4,4.53,3.67,4.5,4.48,2.68,3.43,1.98,1.1,4.0,3.27,4.45,3.09,2.15,3.4,2.09,3.08,1.6,2.31,3.75,3.79,2.04,4.59,4.72,4.07,4.84,4.6,4.75,1.13,3.49,4.13,2.14
53-6041,Traffic Technicians,base_00,2.69,2.15,3.82,3.66,3.82,2.59,1.16,2.57,3.64,4.6,2.73,1.61,1.0,2.04,1.75,3.58,1.64,2.03,1.02,2.67,3.0,1.11,4.27,4.0,3.89,2.94,3.82,4.39,3.82,4.35,1.39,4.28,2.25,2.61,4.0,1.26,2.08,2.93,1.74,2.08,1.37,1.84,1.78,3.13,3.56,2.43,3.11,2.25,4.11,4.23,3.92,1.6,3.2,4.07,3.07
53-6051,Transportation Inspectors,base_00,2.9433333333333334,3.8066666666666666,4.533333333333333,3.823333333333333,3.5233333333333334,2.8200000000000003,1.3499999999999999,2.17,4.29,3.9966666666666666,3.716666666666667,3.216666666666667,1.6166666666666665,3.2600000000000002,3.1333333333333333,3.11,2.763333333333333,3.073333333333333,1.26,4.12,3.3833333333333333,1.7666666666666666,4.63,4.293333333333333,4.496666666666667,3.7966666666666664,4.413333333333333,4.483333333333333,3.683333333333333,3.643333333333333,2.2066666666666666,3.3533333333333335,3.7399999999999998,3.3333333333333335,3.8033333333333332,3.046666666666667,2.06,3.75,1.83,2.86,1.92,1.8099999999999998,2.4666666666666663,2.783333333333333,2.4966666666666666,3.67,3.17,3.0366666666666666,4.463333333333334,4.043333333333333,4.14,2.1633333333333336,3.8466666666666662,3.7900000000000005,3.2600000000000002
53-6061,Passenger Attendants,base_00,2.54,2.4,4.14,1.9,3.23,4.03,2.58,2.06,2.53,1.56,3.61,1.82,2.06,1.4,1.13,1.56,1.21,2.09,1.0,3.22,3.83,1.11,3.65,2.84,3.7,3.24,2.87,3.42,2.42,3.44,1.14,1.27,2.47,2.21,3.17,2.42,1.37,4.7,1.39,2.16,1.07,1.47,1.55,2.72,3.8,2.51,3.07,2.52,1.77,2.92,1.55,1.14,2.51,3.38,2.03
53-7011,Conveyor Operators and Tenders,base_00,2.65,3.28,3.43,3.53,1.76,2.29,1.41,2.62,4.03,1.64,4.37,2.15,1.21,2.31,1.84,3.18,2.25,2.48,1.11,4.35,3.94,1.8,3.48,3.16,3.92,4.17,4.18,4.42,3.0,2.18,3.39,1.99,2.97,3.43,3.85,3.48,4.58,2.48,2.7,2.82,1.95,1.66,1.9,2.97,2.65,3.73,4.36,2.68,3.03,4.05,5.0,2.79,2.9,4.09,2.59
53-7021,Crane and Tower Operators,base_00,2.57,3.99,4.55,3.37,2.21,2.64,1.08,2.13,3.97,2.61,4.22,2.82,1.07,3.36,2.46,4.0,3.74,2.64,1.03,4.43,3.83,2.67,4.54,4.0,4.17,4.73,3.99,4.54,2.96,3.77,3.07,2.78,4.2,2.16,3.79,3.19,3.77,2.92,1.91,2.6,2.22,1.22,1.83,3.61,3.38,2.5,4.26,2.1,3.61,3.8,4.95,2.48,3.71,4.36,3.32
53-7031,Dredge Operators,base_00,2.53,3.19,4.26,2.86,1.5,1.58,1.14,3.0,3.44,1.38,2.65,2.13,1.05,2.76,2.28,3.93,2.35,3.63,1.05,4.37,4.11,2.81,4.91,3.78,4.17,3.13,3.76,3.09,2.41,2.67,2.97,2.19,2.49,2.51,4.45,3.63,2.35,2.09,1.6,1.76,1.65,1.6,1.39,3.8,3.51,2.91,4.68,2.27,3.08,3.01,4.92,1.55,3.19,3.88,2.42
53-7041,Hoist and Winch Operators,base_00,3.2,4.51,4.08,3.36,2.51,3.37,1.72,2.58,4.57,1.2,4.67,4.2,1.01,3.33,4.1,4.67,4.59,2.89,1.04,4.99,3.76,3.78,4.76,4.71,4.59,4.81,4.61,4.79,3.37,4.17,3.14,1.29,3.68,2.92,3.07,2.32,4.32,3.31,1.3,4.33,1.84,3.12,1.74,4.56,3.45,2.6,4.89,3.18,2.75,4.75,5.0,2.67,3.14,4.74,2.27
53-7051,Industrial Truck and Tractor Operators,base_00,2.14,4.27,4.08,3.68,2.48,2.56,1.36,1.98,4.04,1.78,3.94,2.96,1.08,1.96,1.95,3.29,2.01,3.11,1.15,3.5,4.43,2.37,4.42,4.2,4.26,4.16,4.18,4.65,2.97,1.8,4.4,2.07,4.21,3.59,3.55,2.63,3.64,3.19,1.61,3.63,1.34,2.66,2.02,4.2,2.45,3.69,4.71,2.96,2.79,4.49,5.0,2.72,3.41,3.98,1.86
53-7061,Cleaners of Vehicles and Equipment,base_00,2.71,3.04,3.57,2.9,2.45,2.0,1.23,1.65,4.1,2.31,4.77,3.12,1.64,2.24,3.16,2.73,1.34,2.51,1.01,3.96,3.85,1.41,4.05,4.24,3.14,3.66,3.35,3.82,3.12,4.94,2.6,2.54,4.28,2.61,2.89,3.87,1.95,3.23,1.27,3.77,1.56,1.92,3.14,4.43,1.97,4.18,4.38,3.94,2.81,4.2,4.65,2.49,3.49,3.72,1.94
53-7062,"Laborers and Freight, Stock, and Material Movers, Hand",base_00,2.255,3.3150000000000004,3.8899999999999997,3.4000000000000004,2.58,2.675,1.25,2.0599999999999996,3.77,1.4700000000000002,4.465,2.9400000000000004,1.48,2.765,2.795,3.625,1.695,3.24,1.04,3.74,4.065,1.965,4.01,3.6399999999999997,3.51,3.5949999999999998,3.44,3.715,3.3449999999999998,2.955,3.755,1.8,3.49,2.88,4.3100000000000005,3.765,3.205,2.77,2.115,3.415,1.56,1.8199999999999998,2.145,3.965,2.255,4.1899999999999995,4.375,3.19,2.5,3.62,4.635,2.55,2.99,3.9,2.16
53-7063,Machine Feeders and Offbearers,base_00,2.54,2.99,3.87,3.21,1.87,2.51,1.33,2.89,3.13,1.55,3.71,1.92,1.08,1.55,1.89,3.0,1.75,2.25,1.02,4.16,2.6,1.25,4.06,2.98,2.67,3.4,2.54,3.99,3.18,1.23,1.64,3.15,2.7,2.72,1.72,1.44,4.11,2.86,1.96,3.05,1.39,1.68,1.89,3.68,1.66,4.46,4.33,3.31,1.8,3.71,4.76,1.78,3.2,3.85,1.95
53-7064,"Packers and Packagers, Hand",base_00,1.93,2.58,4.26,3.64,2.69,2.19,1.59,2.12,3.36,3.32,3.69,1.65,1.85,1.74,2.04,3.11,1.77,2.31,1.18,3.33,2.96,1.52,4.56,3.24,3.63,3.65,3.3,4.32,3.87,1.47,1.93,3.04,4.26,2.97,1.92,1.61,3.04,3.33,1.77,3.34,1.73,1.25,2.31,3.88,1.88,4.27,4.06,3.21,3.05,4.22,4.38,2.13,3.59,4.03,2.4
53-7065,Stockers and Order Fillers,base_00,2.5,2.21,4.5,3.4,4.09,3.31,1.49,1.98,3.84,3.37,2.06,1.7,1.56,1.53,1.21,1.38,1.43,1.54,1.0,2.23,1.83,1.1,4.87,3.85,3.42,2.81,3.37,3.96,3.68,1.53,1.23,4.32,2.28,2.33,1.74,1.41,1.47,3.48,2.28,2.8,1.56,1.8,2.12,3.46,2.4,3.9,3.06,3.34,3.89,3.44,1.76,1.24,2.6,4.18,2.76
53-7071,Gas Compressor and Gas Pumping Station Operators,base_00,2.59,4.41,4.07,3.42,2.36,2.5,1.17,2.77,4.31,4.81,4.63,2.81,1.15,3.08,4.12,4.44,2.98,2.97,1.44,4.7,4.51,2.41,4.45,4.3,3.91,4.76,4.01,4.17,3.74,4.42,2.65,3.34,3.77,3.11,4.83,4.04,3.61,3.64,2.45,2.33,2.13,1.83,2.03,2.49,3.06,3.0,3.65,3.1,4.76,3.76,5.0,2.33,3.61,4.51,2.73
53-7072,"Pump Operators, Except Wellhead Pumpers",base_00,1.92,3.59,4.25,3.11,2.9,2.21,1.15,2.11,4.09,2.51,4.85,2.62,1.0,2.94,3.59,4.23,3.24,2.4,1.24,3.67,4.22,1.95,4.58,3.96,4.28,4.45,4.18,3.84,4.0,4.74,2.64,1.74,3.34,2.78,4.69,2.55,2.64,3.07,1.62,2.57,1.86,2.07,2.17,3.7,2.52,3.44,4.11,2.33,4.48,3.31,4.99,1.55,3.03,3.85,2.38
53-7073,Wellhead Pumpers,base_00,2.62,3.67,4.12,3.13,3.43,2.52,1.38,2.0,4.59,3.96,5.0,3.23,1.23,3.55,4.76,3.95,3.13,4.08,1.32,4.3,4.51,1.36,4.34,4.51,4.37,3.09,3.97,3.74,3.55,4.97,2.37,2.41,3.22,3.2,4.97,2.32,2.35,1.74,1.59,2.48,1.73,1.48,1.88,2.71,2.72,2.95,3.38,2.59,4.95,3.52,5.0,1.59,3.24,3.81,3.2
53-7081,Refuse and Recyclable Material Collectors,base_00,2.44,3.17,3.61,2.56,2.78,2.91,1.34,2.33,3.68,1.31,4.3,1.86,2.92,3.0,1.75,3.73,1.37,2.92,1.23,3.58,4.22,2.3,3.73,3.91,2.95,2.92,3.28,2.96,3.41,4.68,2.78,1.34,2.23,2.65,4.89,1.99,2.78,2.59,1.06,3.17,1.6,2.29,2.17,4.32,3.47,3.09,4.15,2.66,2.8,3.74,4.99,1.42,2.21,2.93,1.62
53-7121,"Tank Car, Truck, and Ship Loaders",base_00,3.71,4.74,4.47,4.07,3.05,2.82,1.3,1.87,3.89,3.97,4.73,3.6,1.12,3.67,4.65,4.22,4.2,2.92,1.23,4.58,4.27,2.75,4.84,3.92,4.4,4.52,4.15,4.46,4.45,4.24,2.97,2.63,3.91,2.97,4.76,2.93,3.56,3.46,2.11,3.14,2.97,2.06,2.6,3.8,2.48,3.62,4.31,3.49,4.39,4.47,4.94,4.18,3.67,4.61,3.09
